,SEG,BU,Platform,Product Category,Product Line,Product Set
338,BDM,PS,Prefillable Systems,Glass Container,Hypak for Vaccine,SCF Luer PRTC
349,BDM,PS,Prefillable Systems,Stopper,Stopper Low Tier,TSCF/TCF
396,BDM,MDS,Flush & Caps,Prefilled Flush Devices -Conventional,Saline Flush Devices SP,PosiFlush â Yixing
442,BDM,MDS,Hypodermic Products,Conventional Hypodermic Products,2-Piece Conventional - COMBOS,2ml Syringe with Ndl
548,BDM,MDS,Flush & Caps,Prefilled Flush Devices -Conventional,Saline Flush Devices SP,PosiFlush â Yixing
595,BLS,DS,Molecular Diagnostics,Molecular Diagnostics - PC Adjustment,Molecular Diagnostics - PC Adjustment,Molecular Diagnostics - PC Adjustment
660,BDM,PS,Prefillable Systems,Glass Container,Hypak for Biotech,SCF Needle
678,BDM,PS,PS Safety,Component,Ultrasafe,Plus Passive Plunger Rod
749,BDM,PS,Prefillable Systems,Glass Container,Hypak for Vaccine,SCF Needle
808,BDM,PS,Prefillable Systems,Glass Container,Hypak for Vaccine,SCF Luer PRTC
823,BDM,PS,PS Safety,Component,Ultrasafe,Plus Passive Plunger Rod
906,BDM,PS,PS Safety,Component,Ultrasafe,Plus Passive Plunger Rod
909,BDM,PS,Prefillable Systems,Component,PFS Component,Bulk Plunger Rod
926,BDM,MDS,Hypodermic Products,Conventional Hypodermic Products,2-Piece Conventional - COMBOS,2ml Syringe with Ndl
931,BDM,PS,Prefillable Systems,Glass Container,Neopak,SCF Needle RNS
1071,BLS,SM,Specimen Acquisition,Needles,Conventional Needles,NEEDLES CONVENTIONAL
1075,BDM,PS,Prefillable Systems,Glass Container,Neopak,SCF Needle RNS
1146,BDM,PS,Prefillable Systems,Glass Container,Hypak for Acute,SCF Luer PRTC
1225,BDM,PS,PS Safety,Component,Ultrasafe,Passive Plunger Rod
1295,BDM,MDS,Hypodermic Products,Conventional Hypodermic Products,3pc Conventional Large - SYRINGE ONLY,Cust Spec Syr Only
1321,BDM,PS,Prefillable Systems,Stopper,Stopper High Tier,TSCF/TCF Visio
1335,BDM,PS,PS Safety,Component,Ultrasafe,Plus Passive Plunger Rod
1364,BDM,MDS,IPD OEM,IVA OEM,IVA OEM Components,KippMed
1384,BDM,PS,SAIS,Device,Pen Vystra,Body Subassembly
1389,BDM,PS,PS Safety,Component,Ultrasafe,Passive Plunger Rod Color
1414,BDM,MDS,Advanced Access Devices,Port Access,Port Access Needles,MiniLoc_Standalone
1417,BDM,MDS,Advanced Access Devices,Port Access,Port Access Needles,PowerLoc_Standalone
1466,BDM,PS,Prefillable Systems,Stopper,Stopper Mid Tier,TSCF/TCF
1495,BDM,PS,Prefillable Systems,Component,PFS Component,Bulk Plunger Rod
1542,BDI,UCC,Total BD UCC Other,Wound Drainage,Closed Wound Suction,100cc EVAC
1547,BDM,PS,Prefillable Systems,Glass Container,Hypak for Acute,SCF Luer EZGTC
1558,BDM,PS,PS Safety,Component,Ultrasafe,Plus Passive Plunger Rod
1576,BDM,PS,Prefillable Systems,Glass Container,Hypak for Acute,SCF Luer PRTC
1584,BDM,PS,Prefillable Systems,Stopper,Stopper Mid Tier,TSCF/TCF
1615,BDM,PS,PS Safety,Component,Ultrasafe,Plus Passive Plunger Rod
1619,BDM,PS,Prefillable Systems,Component,PFS Component,Bulk Backstop
1644,BDM,MDS,IPD OEM,IVA OEM,IVA OEM Components,KippMed
1648,BDM,PS,PS Safety,Component,Ultrasafe,Plus Passive Plunger Rod
1729,BDM,PS,Prefillable Systems,Glass Container,Hypak for Acute,SCF Luer PRTC
1730,BDM,PS,Prefillable Systems,Glass Container,Hypak for Vaccine,SCF Luer PRTC
1731,BDM,MDS,Skin Prep & Securement,Skin Prep,ChloraPrep Single Swabstick,Single Swabstick 1.75 ml
1738,BDM,PS,Prefillable Systems,Glass Container,Hypak for Acute,SCF Luer
1740,BDM,PS,Prefillable Systems,Glass Container,Hypak for Acute,SCF Luer PRTC
1753,BDI,UCC,Total Home Care Sales,Urology Home Care,Red Rubber Coude,Bard Red Rubber Coude 2
1767,BDM,MDS,Flush & Caps,Prefilled Flush Devices -Conventional,Saline Flush Devices SP,PosiFlush â Yixing
1778,BDM,PS,SAIS,Device,Pen Vystra,Cap
1809,BDM,PS,SAIS,Device,Autoinjector Physioject,TSA
1832,BDI,PI,End Stage Kidney Disease,Fabrics and Meshes,Fabrics,Fabrics
1835,BDM,PS,PS Safety,Component,Ultrasafe,Plus Passive Plunger Rod
1873,BDM,PS,Prefillable Systems,Glass Container,Neopak,SCF Needle RNS
1874,BDM,PS,Prefillable Systems,Glass Container,Hypak for Biotech,SCF Needle RNS
1875,BDM,PS,Prefillable Systems,Glass Container,Hypak for Antico,SCF Needle RNS
1983,BDM,PS,PS Safety,Component,Ultrasafe,Plus Passive Plunger Rod
1984,BDM,PS,PS Safety,Component,Ultrasafe,Plus Passive Plunger Rod
1999,BDM,PS,Prefillable Systems,Plastic Container,Sterifill Advance,SCF Luer
2010,BDM,PS,Prefillable Systems,Stopper,Stopper Mid Tier,TSCF/TCF
2022,BDM,PS,Prefillable Systems,Glass Container,Hypak for Acute,SCF Luer EZGTC
2072,BDI,UCC,Total Home Care Sales,Urology Home Care,Red Rubber Coude,Bard Red Rubber Coude 2
2073,BDM,MDS,Advanced Access Devices,Port Access,Port Access Needles,MiniLoc_Standalone
2119,BDM,MDS,Advanced Access Devices,Port Access,Port Access Needles,MiniLoc_Standalone
2123,BDM,PS,PS Safety,Component,Ultrasafe,Passive Plunger Rod Color
2124,BDM,PS,Prefillable Systems,Component,PFS Component,Bulk Plunger Rod
2150,BDM,PS,PS Safety,Component,Ultrasafe,Plus Passive Plunger Rod
2169,BDM,MDS,Advanced Access Devices,Port Access,Port Access Needles,PowerLoc Max_Standalone
2177,BDM,PS,SAIS,Device,Pen Vystra,Body Subassembly
2195,BDI,UCC,Total Acute Urology,Urological Drainage,Urethral Cath - Hospital Sales,Bard Cath Kits
2197,BDM,PS,Prefillable Systems,Stopper,Stopper High Tier,TSCF/TCF Visio
2224,BDM,PS,PS Safety,Component,Ultrasafe,Plus Passive Plunger Rod
2228,BDM,MDS,Advanced Access Devices,Port Access,Port Access Needles,PowerLoc_Standalone
2277,BDI,UCC,Total BD UCC Other,Airway,NG Tubes,NG Tubes with Filters
2278,BDM,PS,PS Safety,Component,Ultrasafe,Plus Passive Plunger Rod
2286,BDM,PS,Prefillable Systems,Stopper,Stopper High Tier,TSCF/TCF PremiumCoat
2289,BDM,PS,PS Safety,Component,Ultrasafe,Plus Passive Plunger Rod
2302,BDM,MDS,Hypodermic Products,Resuse Prevention Hypodermic Products,Emerald PRO-Combos,Low Cost RUP Syringe
2311,BDM,MDS,Hazardous Drug Solutions,Texium Systems,Vial Access Device,Vial Access Device
2326,BDI,UCC,Total BD UCC Other,Airway,NG Tubes,NG Tubes with Filters
2340,BDI,UCC,Total Acute Urology,Urological Drainage,Urethral Cath - Hospital Sales,Bard Cath Kits
2341,BLS,SM,Lab Specimen Management,Lab Specimen Management - PC Adjustment,Lab Specimen Management - PC Adjustment,Lab Specimen Management - PC Adjustment
2352,BDI,UCC,Total Home Care Sales,PureWick Home Care,PureWick Disposables Home Care,PureWick Female External
2356,BDM,PS,PS Safety,Device,Ultrasafe,Manual device Color
2363,BDM,MDS,IV Access,IVA SmartSite,IVA Extension Sets - SmartSite,SmartSite
2365,BDM,PS,PS Safety,Component,Ultrasafe,Plus Passive Plunger Rod
2405,BDM,PS,Prefillable Systems,Glass Container,Hypak legacy - Biotech,SCF Needle RNS
2408,BDM,PS,Prefillable Systems,Glass Container,Hypak for Biotech,SCF Needle
2430,BDM,MDS,Hypodermic Products,Conventional Hypodermic Products,Conventional Needles,Small Bore Needles
2434,BDM,MDS,Advanced Access Devices,Port Access,Port Access Needles,PowerLoc_Standalone
2435,BDM,MDS,IV Access,IVA SmartSite,IVA Extension Sets - SmartSite,SmartSite
2443,BDM,PS,PS Safety,Component,Ultrasafe,Plus Passive Plunger Rod
2468,BDM,PS,Prefillable Systems,Stopper,Stopper High Tier,TSCF/TCF Visio
2519,BDM,MDS,Advanced Access Devices,Port Access,Port Access Needles,MiniLoc_Standalone
2566,BDM,PS,Prefillable Systems,Stopper,Stopper Mid Tier,TSCF/TCF Visio
2569,BDM,PS,Prefillable Systems,Glass Container,Neopak,SCF Needle RNS
2580,BDI,UCC,Total BD UCC Other,Airway,NG Tubes,NG Tubes 2
2590,BDM,MDS,Peripherally Inserted Intravenous Catheters,PIVC - Value-Driven,Venflon Pro with Instaflash,Venflon Pro with Instaflash
2605,BDM,MDS,Advanced Access Devices,Port Access,Port Access Needles,PowerLoc Max_Standalone
2614,BDM,PS,Prefillable Systems,Glass Container,Hylok,SCF Luer
2634,BDM,MDS,Peripherally Inserted Intravenous Catheters,PIVC - Specialty Access,EXT Kit/Set,EXT Basic
2649,BDI,UCC,Total BD UCC Other,Wound Drainage,Closed Wound Suction,CWS 400 Kits
2687,BDM,MDS,IV Access,IVA MaxPlus,IVA Extension Sets - MaxPlus,MaxPlus Clear
2713,BDM,PS,SAIS,Device,Pen Vystra,Body Subassembly
2747,BDM,PS,Prefillable Systems,Component,PFS Component,Bulk Plunger Rod
2753,BDM,PS,PS Safety,Component,Ultrasafe,Plus Passive Plunger Rod White
2754,BDM,MDS,Advanced Access Devices,PICC Other,PICC Accessories,Micro-EZ
2759,BDM,PS,Prefillable Systems,Glass Container,Neopak,SCF Needle RNS
2761,BDM,PS,Prefillable Systems,Others,Other Pharma,Other
2772,BDI,UCC,Total BD UCC Other,Airway,NG Tubes,NG Tubes with Filters
2773,BDM,PS,Prefillable Systems,Glass Container,Hypak for Acute,SCF Luer PRTC
2792,BDI,UCC,Total Acute Urology,Urological Drainage,Urethral Cath - Hospital Sales,Bard Cath Kits
2802,BDM,PS,Prefillable Systems,Glass Container,Neopak,SCF Needle RNS XSi
2858,BLS,DS,Microbiology,Other Core Micro,Transport,UVT
2862,BDM,PS,PS Safety,Component,Ultrasafe,Plus Passive Plunger Rod
2900,BDI,UCC,Total BD UCC Other,Airway,NG Tubes,NG Tubes
2927,BDM,MDS,Gravity and Syringe Delivery,GSD Primary Sets,GSD Primary Sets - Advanced Non-ARD,General
2933,BDM,MDS,Advanced Access Devices,Port Access,Port Access Needles,MiniLoc_Standalone
2969,BDM,MDS,Advanced Access Devices,Port Access,Port Access Needles,PowerLoc_Standalone
2993,BDI,UCC,Total Home Care Sales,Urology Home Care,Male External - OEM (US),Hollister
3071,BDI,UCC,Total BD UCC Other,Wound Drainage,Channel Drains,Channel Drains
3098,BDM,PS,Prefillable Systems,Stopper,Stopper Low Tier,Bulk Stopper
3102,BLS,DS,Microbiology,ID/AST,Phoenix Reagents,Phoenix AST Panel
3121,BDM,MDS,Hazardous Drug Solutions,Texium Systems,Vial Access Device,Vial Access Device
3136,BDM,MDS,Gravity and Syringe Delivery,GSD Extension Sets,GSD Extension Sets - Basic,General
3179,BDM,PS,Prefillable Systems,Glass Container,Hypak for Acute,SCF Luer EZGTC
3188,BDI,UCC,Total BD UCC Other,Airway,NG Tubes,NG Tubes
3191,BDI,PI,End Stage Kidney Disease,Fabrics and Meshes,Fabrics,Fabrics
3200,BDM,MDS,Hypodermic Products,Conventional Hypodermic Products,Conventional Needles,Customer Special Ndl
3216,BDM,MDS,Skin Prep & Securement,Securement,Statlock - CVC,Statlock CV Stand Alone
3220,BDI,UCC,Total BD UCC Other,Airway,NG Tubes,NG Tubes with Filters
3235,BDM,MDS,Hazardous Drug Solutions,Texium Systems,Vial Access Device,Vial Access Device
3241,BDI,UCC,Total BD UCC Other,Wound Drainage,Channel Drains,Channel Drains
3245,BDM,PS,SAIS,Device,Pen Vystra,Body Subassembly
3257,BDM,PS,PS Safety,Component,Ultrasafe,Plus Passive Plunger Rod
3258,BDM,MDS,IV Access,IVA MaxZero,IVA Extension Sets - MaxZero,MaxZero
3259,BDM,PS,PS Safety,Component,Ultrasafe,Plus Passive Plunger Rod
3292,BDI,UCC,Total Home Care Sales,PureWick Home Care,PureWick Disposables Home Care,PureWick Female External
3304,BDI,UCC,Total BD UCC Other,Wound Drainage,Channel Drains,Channel Drains
3308,BDM,MDS,Gravity and Syringe Delivery,GSD Primary Sets,GSD Primary Sets - Advanced Non-ARD,General
3344,BDI,UCC,Total Home Care Sales,Urology Home Care,Red Rubber Coude,Bard Red Rubber Coude 2
3359,BDM,MDS,Advanced Access Devices,Port Access,Port Access Needles,PowerLoc_Standalone
3372,BDM,MDS,Hazardous Drug Solutions,Texium Systems,Vial Access Device,Vial Access Device
3378,BDM,PS,SAIS,Device,Pen Vystra,Body Subassembly
3390,BDM,MDS,Gravity and Syringe Delivery,GSD Primary Sets,GSD Primary Sets - Basic,General
3397,BDM,MDS,Peripherally Inserted Intravenous Catheters,PIVC - Value-Driven,Intima II Catheters,INTIMA II
3408,BDM,PS,Prefillable Systems,Glass Container,Neopak,SCF Needle RNS
3409,BDM,MDS,IPD OEM,IVA OEM,IVA OEM Others,Villamarzana
3442,BDM,MDS,IPD OEM,IVA OEM,IVA OEM Components,KippMed
3462,BDM,MDS,Advanced Access Devices,Port Access,Port Access Needles,PowerLoc_Standalone
3471,BDM,MDS,Advanced Access Devices,Port Access,Port Access Needles,PowerLoc_Standalone
3499,BDM,MDS,Advanced Access Devices,Port Access,Port Access Needles,PowerLoc_Standalone
3513,BDM,MDS,Advanced Access Devices,Port Access,Port Access Needles,MiniLoc_Standalone
3545,BDI,UCC,Total Home Care Sales,Urology Home Care,Red Rubber Coude,Bard Red Rubber Coude 2
3547,BDI,UCC,Total Home Care Sales,Urology Home Care,Red Rubber Coude,Bard Red Rubber Coude 2
3580,BDM,PS,PS Safety,Component,Ultrasafe,Passive Plunger Rod Color
3607,BDI,UCC,Total Home Care Sales,PureWick Home Care,PureWick Male HC DTC VA,PureWick Male HC DTC VA
3612,BDM,MDS,Advanced Access Devices,Port Access,Port Access Needles,PowerLoc Max_Standalone
3615,BDI,UCC,Total Acute Urology,Urological Drainage,Urethral Cath - Hospital Sales,Bard Cath Kits
3633,BDI,UCC,Total BD UCC Other,Wound Drainage,Closed Wound Suction,Silicone Flat Drains
3697,BDM,MDS,IPD OEM,HDS OEM,HDS OEM Texium,Texium
3706,BDI,UCC,Total Acute Urology,Urological Drainage,Urethral Cath - Hospital Sales,Bardex Int Cath
3714,BDI,UCC,Total BD UCC Other,Wound Drainage,Channel Drains,Channel Drains
3722,BDM,PS,PS Safety,Component,Ultrasafe,Passive Plunger Rod
3756,BDM,PS,Prefillable Systems,Stopper,Stopper Low Tier,BSCF/BCF/BCA
3778,BDI,UCC,Total BD UCC Other,Wound Drainage,Channel Drains,Channel Drains
3785,BDM,PS,PS Safety,Component,Ultrasafe,Plus Passive Plunger Rod
3801,BDM,PS,PS Safety,Component,Ultrasafe,Passive Finger Flange Color
3804,BDI,UCC,Total BD UCC Other,Airway,NG Tubes,NG Tubes
3807,BLS,SM,Lab Specimen Management,Urine,Bulk Tubes,BULK TUBES
3820,BDM,MDS,Advanced Access Devices,Port Access,Port Access Needles,PowerLoc Max_Standalone
3827,BDI,UCC,Total BD UCC Other,Wound Drainage,Closed Wound Suction,Silicone Flat Drains
3870,BDM,MDS,Peripherally Inserted Intravenous Catheters,PIVC - Value-Driven,Venflon Pro with Instaflash,Venflon Pro with Instaflash
3878,BDM,PS,Prefillable Systems,Glass Container,Hypak for Acute,SCF Luer
3885,BDM,PS,Prefillable Systems,Glass Container,Hypak for Acute,SCF Luer
3896,BDM,MDS,Advanced Access Devices,Port Access,Port Access Needles,PowerLoc Max_Standalone
3925,BDM,MDS,Anesthesia Systems,Other Anesthesia Products,Other Anesthesia Products,Spinal Introducer-SSU&BNS
3966,BDI,PI,End Stage Kidney Disease,Fabrics and Meshes,Fabrics,Fabrics
3969,BDM,PS,PS Safety,Component,Ultrasafe,Plus Passive Plunger Rod
3971,BDM,PS,PS Safety,Component,Ultrasafe,Plus Passive Finger Flange Color
3972,BDM,PS,PS Safety,Component,Ultrasafe,Plus Passive Plunger Rod
4008,BDI,UCC,Total Acute Urology,Urological Drainage,Urethral Cath - Hospital Sales,Bardex Int Cath
4033,BDM,PS,SAIS,Device,Pen Vystra,Cap
4034,BDM,PS,PS Safety,Component,Ultrasafe,Plus Passive Plunger Rod Color
4064,BDI,UCC,Total Home Care Sales,Urology Home Care,Red Rubber Coude,Bard Red Rubber Coude 2
4149,BLS,DS,Microbiology,ID/AST,Phoenix Reagents,Phoenix AST Panel
4165,BDI,UCC,Total BD UCC Other,Wound Drainage,Channel Drains,Channel Drains
4203,BDM,MDS,Peripherally Inserted Intravenous Catheters,PIVC - Outcome-Driven,Saf-T Intima,DOA
4254,BDM,MDS,Peripherally Inserted Intravenous Catheters,PIVC - Value-Driven,Venflon Pro with Instaflash,Venflon Pro with Instaflash
4264,BLS,SM,Lab Specimen Management,Tubes - Chemistry,PT Glucose,GLUCOSE PLASTIC HEMO
4272,BDM,MDS,Advanced Access Devices,Port Access,Port Access Needles,MiniLoc_Standalone
4298,BDM,PS,SAIS,Device,Pen Vystra,Body Subassembly
4330,BDI,SUR,Performance Irrigation and Other Surgery,Performance Irrigation,Laparoscopic,Hydro-Surg Plus
4344,BDM,MDS,Hazardous Drug Solutions,Optima Pharmacy Solutions,Optima Bag Access,Optima Bag Access
4391,BDM,MMS,IV Solutions,IV Solutions,FreeFlex,Dextrose
4439,BDM,MDS,Gravity and Syringe Delivery,GSD Secondary Sets,GSD Secondary Sets - Basic,General
4447,BDI,UCC,Total Acute Urology,Urological Drainage,Urethral Cath - Hospital Sales,Bardex Int Cath
4448,BDI,SUR,Hernia,Groin Hernia,Groin Lap,3D Max Enhancement
4464,BDI,UCC,Total Home Care Sales,Urology Home Care,Home Care Non Bard,UK DAC Sales (Non Bard)
4467,BDM,MDS,Advanced Access Devices,Port Access,Port Access Needles,MiniLoc_Standalone
4509,BDM,MDS,IPD OEM,IVA OEM,IVA OEM Components,KippMed
4518,BDI,UCC,Total BD UCC Other,Wound Drainage,Channel Drains,Channel Drains
4530,BDI,PI,End Stage Kidney Disease,Fabrics and Meshes,Fabrics,Fabrics
4542,BDM,PS,Prefillable Systems,Glass Container,Hypak for Acute,SCF Luer
4554,BDI,UCC,Total Home Care Sales,Urology Home Care,Home Care Non Bard,UK DAC Sales (Non Bard)
4557,BDM,MDS,Peripherally Inserted Intravenous Catheters,PIVC - Outcome-Driven,Saf-T Intima,DEHP
4578,BDI,UCC,Total BD UCC Other,Wound Drainage,Other Drains - BMD,T-Tube / Bile Bags
4589,BDI,UCC,Total BD UCC Other,Wound Drainage,Closed Wound Suction,Silicone Round Drains
4590,BDI,SUR,Hernia,Groin Hernia,Groin Lap,3D Max Enhancement
4615,BDI,UCC,Total BD UCC Other,Wound Drainage,Channel Drains,Channel Drains
4638,BDM,MDS,Advanced Access Devices,Port Access,Port Access Needles,PowerLoc Max_Standalone
4649,BDI,UCC,Total BD UCC Other,Airway,NG Tubes,NG Tubes with Filters
4657,BDI,UCC,Total Acute Urology,Urological Drainage,Urethral Cath - Hospital Sales,Bardex Int Cath
4669,BDM,MDS,IV Access,IVA Extension Sets - Other,IVA Extension Sets - Other,Other Conventional
4692,BDM,MDS,Advanced Access Devices,Port Access,Port Access Needles,PowerLoc Max_Standalone
4699,BDM,MDS,Skin Prep & Securement,Securement,Statlock - CVC,Statlock CV Stand Alone
4753,BDI,UCC,Total Acute Urology,PureWick Acute Care,PureWick Disposable,PureWick Disposable
4762,BDM,MDS,Gravity and Syringe Delivery,GSD Extension Sets,GSD Extension Sets - Specialty Non-Chemo,Anesthesia
4783,BDI,UCC,Total BD UCC Other,Wound Drainage,Channel Drains,Channel Drains
4786,BDI,UCC,Total BD UCC Other,Wound Drainage,Channel Drains,Channel Drains
4832,BDM,MDS,Advanced Access Devices,Port Access,Port Access Needles,MiniLoc_Standalone
4854,BDI,UCC,Total BD UCC Other,Wound Drainage,Channel Drains,Channel Drains
4888,BDM,MDS,Advanced Access Devices,Port Access,Port Access Needles,MiniLoc_Standalone
4906,BDM,PS,Prefillable Systems,Glass Container,Hypak for Biotech,SCF Needle RNS
5015,BDM,MDS,IV Access,IVA MaxPlus,IVA Extension Sets - MaxPlus,MaxPlus Clear
5048,BDI,UCC,Total Acute Urology,Urological Drainage,Urethral Cath - Hospital Sales,Bardex Int Cath
5060,BDM,MDS,Hazardous Drug Solutions,Texium Systems,Bag Access,Bag Access
5091,BDI,UCC,Total BD UCC Other,Wound Drainage,Channel Drains,Channel Drains
5095,BDM,MDS,Gravity and Syringe Delivery,GSD Extension Sets,GSD Extension Sets - Specialty Non-Chemo,Anesthesia
5124,BDI,UCC,Total BD UCC Other,Wound Drainage,Channel Drains,Channel Drains
5132,BDI,UCC,Total Acute Urology,Urological Drainage,Urethral Cath - Hospital Sales,Bardex Int Cath
5137,BDM,MDS,Advanced Access Devices,Port Access,Port Access Needles,MiniLoc_Standalone
5142,BDI,UCC,Total BD UCC Other,Wound Drainage,Closed Wound Suction,Silicone Flat Drains
5151,BDM,MDS,Hazardous Drug Solutions,Texium Systems,Vial Access Device,Vial Access Device
5168,BDI,UCC,Total BD UCC Other,Wound Drainage,Channel Drains,Channel Drains
5181,BDI,PI,End Stage Kidney Disease,Fabrics and Meshes,Fabrics,Fabrics
5182,BDI,SUR,Hernia,Groin Hernia,Groin Lap,3D Max Enhancement
5211,BLS,DS,Microbiology,ID/AST,Phoenix Reagents,Phoenix AST Panel
5212,BDI,UCC,Total BD UCC Other,Wound Drainage,Closed Wound Suction,CWS 400 Kits
5221,BDI,UCC,Total BD UCC Other,Wound Drainage,Channel Drains,Channel Drains
5225,BLS,DS,Microbiology,ID/AST,Phoenix Reagents,Phoenix Combo Panel
5238,BDM,MDS,Sharps Disposal Systems,Sharps Disposal Systems,Infectious Waste Collectors,Phlebotomy
5255,BDM,MMS,Alaris System,Service,Alaris System Service Parts,Medley
5275,BDM,PS,PS Safety,Component,Ultrasafe,Plus Passive Plunger Rod
5279,BDM,MDS,Advanced Access Devices,Port Access,Port Access Needles,PowerLoc_Standalone
5291,BLS,DS,Microbiology,ID/AST,Phoenix Reagents,Phoenix AST Panel
5292,BDI,UCC,Total BD UCC Other,Airway,NG Tubes,NG Tubes
5301,BDM,MDS,Advanced Access Devices,Port Access,Port Access Needles,PowerLoc_Standalone
5334,BDM,PS,SAIS,Device,Pen Vystra,Body Subassembly
5343,BDM,MDS,Gravity and Syringe Delivery,GSD Primary Sets,GSD Primary Sets - Specialty Non-Chemo,Anesthesia
5353,BDI,UCC,Total Acute Urology,Fecal Drainage,Fecal Rectal Tubes,Rectal Tubes
5358,BDI,UCC,Total BD UCC Other,Wound Drainage,Closed Wound Suction,100cc EVAC
5364,BDI,SUR,Hernia,Groin Hernia,Groin Lap,3D Max Enhancement
5365,BDM,MDS,Hypodermic Products,Conventional Hypodermic Products,3pc Conventional - COMBOS,3cc Needle on Side
5376,BDM,PS,SAIS,Device,Pen Vystra,Body Subassembly
5386,BDM,MDS,Peripherally Inserted Intravenous Catheters,PIVC - Outcome-Driven,Saf-T Intima,DEHP
5389,BDM,MDS,Advanced Access Devices,Port Access,Port Access Needles,MiniLoc_Standalone
5452,BDM,MDS,Skin Prep & Securement,Skin Prep,ChloraPrep Single Swabstick,Single Swabstick 1.75 ml
5464,BDI,UCC,Total BD UCC Other,Airway,NG Tubes,NG Tubes with Filters
5469,BDI,UCC,Total Acute Urology,PureWick Acute Care,PureWick Disposable,PureWick Disposable
5481,BDM,MDS,Advanced Access Devices,Port Access,Port Access Needles,MiniLoc_Standalone
5503,BDI,UCC,Total BD UCC Other,Wound Drainage,Closed Wound Suction,Silicone Round Drains
5506,BDI,UCC,Total Home Care Sales,Urology Home Care,Red Rubber Coude,Bard Red Rubber Coude 2
5521,BDI,UCC,Total BD UCC Other,Wound Drainage,Closed Wound Suction,100cc EVAC
5523,BDI,UCC,Total BD UCC Other,Wound Drainage,Closed Wound Suction,Silicone Round Drains
5554,BDI,UCC,Total Home Care Sales,PureWick Home Care,PureWick Disposables Home Care,PureWick Female External
5586,BDI,UCC,Total Acute Urology,Urological Drainage,Other Urology,Catheter Plugs/Misc
5623,BDM,PS,PS Safety,Component,Ultrasafe,Plus Passive Plunger Rod
5662,BDM,MDS,Gravity and Syringe Delivery,GSD Blood Sets,GSD Blood Sets - Basic,General
5669,BDI,UCC,Total BD UCC Other,Airway,NG Tubes,NG Tubes
5677,BDM,MDS,IPD OEM,IVA OEM,IVA OEM Components,KippMed
5679,BDM,MDS,Hypodermic Products,Conventional Hypodermic Products,Conventional Needles,Large Bore Needles
5704,BDM,MDS,Peripherally Inserted Intravenous Catheters,PIVC - Value-Driven,Venflon Pro with Instaflash,Venflon Pro with Instaflash
5737,BDM,MDS,Peripherally Inserted Intravenous Catheters,PIVC - Value-Driven,Intima II Safety Catheter,Intima II Safety
5740,BDI,PI,End Stage Kidney Disease,Fabrics and Meshes,Fabrics,Fabrics
5745,BDM,MDS,Hazardous Drug Solutions,Texium Systems,Vial Access Device,Vial Access Device
5765,BDI,UCC,Total Home Care Sales,Urology Home Care,Red Rubber Coude,Bard Red Rubber Coude 2
5769,BDI,UCC,Total BD UCC Other,Wound Drainage,Channel Drains,Channel Drains
5777,BDI,SUR,Hernia,Groin Hernia,Groin Open,Preshapes
5791,BDI,UCC,Total Acute Urology,Urological Drainage,Urethral Cath - Hospital Sales,Bardex Int Cath
5805,BDM,MDS,Hypodermic Products,Conventional Hypodermic Products,Conventional Needles,Customer Special Ndl
5839,BDI,UCC,Total Acute Urology,Urological Drainage,Urethral Cath - Hospital Sales,Bardex Int Cath
5860,BDI,UCC,Total BD UCC Other,Wound Drainage,Closed Wound Suction,Silicone Round Drains
5868,BDI,UCC,Total Home Care Sales,Urology Home Care,Red Rubber Coude,Bard Red Rubber Coude 2
5883,BLS,DS,Microbiology,ID/AST,Phoenix Reagents,Phoenix AST Panel
5884,BDI,UCC,Total Home Care Sales,Urology Home Care,Magic 3 Go,Magic 3 Go
5917,BDI,UCC,Total BD UCC Other,Wound Drainage,Closed Wound Suction,Silicone Flat Drains
5936,BDI,PI,End Stage Kidney Disease,Fabrics and Meshes,Fabrics,Fabrics
5956,BDI,UCC,Total BD UCC Other,Airway,NG Tubes,NG Tube W/Lopez Valve
5959,BDI,UCC,Total BD UCC Other,Wound Drainage,Closed Wound Suction,CWS 400 Kits
5960,BDI,PI,End Stage Kidney Disease,Fabrics and Meshes,Fabrics,Fabrics
5961,BDM,MDS,Gravity and Syringe Delivery,GSD Primary Sets,GSD Primary Sets - Advanced Non-ARD,General
5969,BDM,MDS,Anesthesia Systems,Anesthesia Systems - Conventional,Regional Anesthesia - Spinal Needles,Non-Sterile Disp Whitacre
5977,BDM,MMS,Alaris Plus,IV Pump Delivery,Alaris Plus Syringe Sets,Enteral
5989,BDI,UCC,Total BD UCC Other,Wound Drainage,Closed Wound Suction,Miscellaneous Reliavac
6001,BDI,UCC,Total Acute Urology,Urological Drainage,Other Urology,Catheter Plugs/Misc
6005,BDI,PI,End Stage Kidney Disease,Fabrics and Meshes,Fabrics,Fabrics
6027,BDI,UCC,Total BD UCC Other,Wound Drainage,Closed Wound Suction,Silicone Round Drains
6033,BDI,SUR,Hernia,Groin Hernia,Groin Lap,Light 3D Max Mesh
6039,BDI,UCC,Total BD UCC Other,Wound Drainage,Closed Wound Suction,Silicone 400 Kits
6051,BDM,MDS,IPD OEM,IVA OEM,IVA OEM Others,Villamarzana
6057,BDM,MDS,Advanced Access Devices,PICC Other,PICC Accessories,Micro-EZ
6078,BDI,SUR,Hernia,Groin Hernia,Groin Open,Preshapes
6090,BDI,UCC,Total Acute Urology,Fecal Drainage,Fecal Rectal Tubes,Rectal Tubes
6092,BDM,MMS,IV Solutions,IV Solutions,FreeFlex,Lactated Ringers
6115,BDI,UCC,Total BD UCC Other,Wound Drainage,Channel Drains,Channel Drains
6122,BDM,MDS,Anesthesia Systems,Other Anesthesia Products,Other Anesthesia Products,Spinal Introducer-SSU&BNS
6127,BDI,UCC,Total BD UCC Other,Wound Drainage,Channel Drains,Channel Drains
6134,BDM,MDS,Advanced Access Devices,Port Access,Port Access Needles,PowerLoc_Standalone
6135,BDI,UCC,Total BD UCC Other,Wound Drainage,Closed Wound Suction,100cc EVAC
6182,BDI,UCC,Total BD UCC Other,Airway,NG Tubes,NG Tube W/Lopez Valve
6207,BLS,DS,Microbiology,Blood Culture,Blood Culture Other,Other Blood Culture
6239,BDI,UCC,Total BD UCC Other,Wound Drainage,Channel Drains,Channel Drains
6274,BDI,UCC,Total BD UCC Other,Wound Drainage,Channel Drains,Channel Drains
6332,BDM,MDS,Peripherally Inserted Intravenous Catheters,PIVC - Value-Driven,Venflon Pro with Instaflash,Venflon Pro with Instaflash
6343,BDI,UCC,Total BD UCC Other,Wound Drainage,Closed Wound Suction,100cc EVAC
6351,BDI,SUR,Hernia,Groin Hernia,Groin Lap,Light 3D Max Mesh
6365,BLS,BDB,Clinical Reagents,Other Reagents,Other Reagents,Other Clinical
6380,BDI,UCC,Total BD UCC Other,Wound Drainage,Closed Wound Suction,CWS 400 Kits
6429,BDM,MDS,Gravity and Syringe Delivery,GSD Extension Sets,GSD Extension Sets - Specialty Non-Chemo,Anesthesia
6437,BDM,MDS,Advanced Access Devices,Port Access,Port Access Needles,MiniLoc_Standalone
6451,BDM,MDS,Advanced Access Devices,Port Access,Port Access Needles,PowerLoc_Standalone
6459,BDM,MDS,Skin Prep & Securement,Securement,Statlock - PICC,Statlock PICC Stand Alone
6461,BDM,MDS,Hazardous Drug Solutions,Texium Systems,Vial Access Device,Vial Access Device
6476,BDI,UCC,Total BD UCC Other,Wound Drainage,Closed Wound Suction,CWS 400 Kits
6538,BDI,UCC,Total BD UCC Other,Wound Drainage,Closed Wound Suction,100cc EVAC
6548,BDI,UCC,Total BD UCC Other,Wound Drainage,Channel Drains,Channel Drains
6563,BDI,SUR,Hernia,Groin Hernia,Groin Open,Onflex
6590,BDI,UCC,Total Home Care Sales,Urology Home Care,Home Care Non Bard,UK DAC Sales (Non Bard)
6592,BDI,SUR,Hernia,Fixation,Absorbable Fixation,Optifix AT
6595,BDM,MDS,Advanced Access Devices,Port Access,Port Access Needles,PowerLoc Max_Standalone
6600,BDM,MDS,Gravity and Syringe Delivery,GSD Primary Sets,GSD Primary Sets - Advanced Non-ARD,General
6636,BDI,SUR,Performance Irrigation and Other Surgery,Performance Irrigation,Pulsed Lavage,Solo Simpulse
6655,BDI,UCC,Total BD UCC Other,Wound Drainage,Closed Wound Suction,Silicone Round Drains
6656,BDM,MDS,Advanced Access Devices,Port Access,Port Access Needles,MiniLoc_Standalone
6665,BDM,MDS,Peripherally Inserted Intravenous Catheters,PIVC - Value-Driven,Intima II Safety Catheter,Intima II Safety
6668,BDM,PS,Prefillable Systems,Component,PFS Component,Bulk Backstop
6702,BDM,MDS,Gravity and Syringe Delivery,GSD Extension Sets,GSD Extension Sets - Basic,General
6705,BDI,UCC,Total Home Care Sales,Urology Home Care,Tubing,Tubing
6710,BDI,UCC,Total Home Care Sales,Urology Home Care,Home Care Non Bard,UK DAC Sales (Non Bard)
6731,BDI,PI,BD PI Other,OEM,Guidewires OEM,Guidewires OEM
6759,BDI,UCC,Total BD UCC Other,Wound Drainage,Closed Wound Suction,Silicone Round Drains
6762,BDM,PS,SAIS,Others,Other Pharma,Pen Needle
6775,BDM,MDS,Peripherally Inserted Intravenous Catheters,PIVC - Value-Driven,Venflon Pro with Instaflash,Venflon Pro with Instaflash
6791,BDI,UCC,Total BD UCC Other,Wound Drainage,Channel Drains,Channel Drains
6830,BDM,MDS,Advanced Access Devices,Port Access,Port Access Needles,PowerLoc Max_Standalone
6845,BDI,UCC,Total Home Care Sales,Urology Home Care,BD Uncoated,DUMMY - BD Uncoated
6851,BDM,MDS,Advanced Access Devices,Midlines,PowerGlide Pro RT,3M CHG
6857,BDI,UCC,Endourology,Stone Disposables,Percutaneous Drainage,Malecots
6859,BDM,MDS,Skin Prep & Securement,IV Kits,PIV Start Kits,StatLock IV Start Kit
6877,BDM,MDS,Hazardous Drug Solutions,Optima Pharmacy Solutions,Optima Protector,Optima Protector
6887,BDM,MDS,IV Access,IVA SmartSite,IVA Extension Sets - SmartSite,SmartSite
6895,BDM,MDS,Skin Prep & Securement,Skin Prep,ChloraPrep Single Swabstick,Single Swabstick 1.75 ml
6903,BLS,DS,Microbiology,ID/AST,Phoenix Reagents,Phoenix Combo Panel
6948,BDI,UCC,Endourology,Stone Disposables,Percutaneous Drainage,Malecots
6961,BDI,UCC,Total Home Care Sales,Urology Home Care,Home Care Non Bard,UK DAC Sales (Non Bard)
6991,BDI,PI,Oncology,Catheter Group,Chronic CVC Catheters,Powerline Catheters
7007,BDI,SUR,Hernia,Groin Hernia,Plugs,Plugs
7012,BDM,MDS,Advanced Access Devices,Port Access,Port Access Needles,MiniLoc_Standalone
7021,BDM,MDS,Advanced Access Devices,Port Access,Port Access Needles,PowerLoc Max_Standalone
7049,BDI,UCC,Total BD UCC Other,Wound Drainage,Channel Drains,Channel Drains
7055,BDM,MDS,Anesthesia Systems,Other Anesthesia Products,Specialty Syringes,LOR Syringe-BNS
7061,BDI,PI,End Stage Kidney Disease,Fabrics and Meshes,Fabrics,Fabrics
7072,BDM,MDS,Advanced Access Devices,Port Access,Port Access Needles,PowerLoc Max_Standalone
7073,BDM,MDS,Hazardous Drug Solutions,Optima Pharmacy Solutions,Optima Bag Access,Optima Bag Access
7097,BDM,MDS,Gravity and Syringe Delivery,GSD Primary Sets,GSD Primary Sets - Advanced Non-ARD,General
7131,BDI,SUR,Hernia,Groin Hernia,Groin Open,Soft Mesh
7157,BDI,SUR,Hernia,Groin Hernia,Plugs,Light Plug
7180,BDI,SUR,Hernia,Groin Hernia,Groin Lap,3D Max Enhancement
7197,BDI,UCC,Total BD UCC Other,Wound Drainage,Closed Wound Suction,100cc EVAC
7201,BDM,MDS,IPD OEM,GSD OEM,GSD OEM SmarSite Bag,SmartSite Bag
7229,BDM,MMS,Alaris System,POC Systems,Alaris System EtCO2,Monitoring
7232,BDM,MDS,IV Access,IVA Extension Sets - Other,IVA Extension Sets - Other,Other Safety
7237,BDI,PI,BD PI Other,OEM,Guidewires OEM,Guidewires OEM
7244,BDM,MDS,Advanced Access Devices,PICC Other,PICC Accessories,Micro-EZ
7245,BDI,PI,BD PI Other,OEM,Guidewires OEM,Guidewires OEM
7252,BDI,UCC,Total Home Care Sales,Urology Home Care,Home Care Non Bard,UK DAC Sales (Non Bard)
7264,BDM,MDS,Advanced Access Devices,Port Access,Port Access Needles,PowerLoc_Standalone
7279,BDI,SUR,Hernia,Groin Hernia,Groin Open,Preshapes
7283,BDI,UCC,Endourology,Stone Disposables,Percutaneous Drainage,Malecots
7285,BDM,MDS,Advanced Access Devices,Port Access,Port Access Needles,SafeStep_Custom
7286,BDI,UCC,Total BD UCC Other,Wound Drainage,Channel Drains,Channel Drains
7329,BDI,SUR,Hernia,Groin Hernia,Groin Lap,3D Max Enhancement
7349,BDM,MDS,IPD OEM,GSD OEM,GSD OEM SmarSite Bag,SmartSite Bag
7365,BDI,UCC,Endourology,Stone Disposables,Percutaneous Drainage,Malecots
7385,BDI,SUR,Hernia,Groin Hernia,Groin Open,Modified Kugel Patch
7391,BDM,MDS,Skin Prep & Securement,Skin Prep,ChloraPrep Single Swabstick,Single Swabstick 1.75 ml
7417,BDI,UCC,Total BD UCC Other,Wound Drainage,Channel Drains,Channel Drains
7473,BDM,MDS,Advanced Access Devices,Port Access,Port Access Needles,MiniLoc_Standalone
7474,BDI,UCC,Total Acute Urology,Urological Drainage,Other Urology,Urine Tubing
7500,BDI,SUR,Hernia,Groin Hernia,Groin Lap,3D Max Mesh
7506,BLS,DS,Veritor Cov,Veritor Cov,COV19 Antigen (Veritor),COV19 Antigen (Veritor)
7508,BLS,DS,Microbiology,Industrial Microbiology,Liquid Media - Industrial,Industrial Bottled Media
7510,BDM,MDS,Advanced Access Devices,PICC,PowerPICC,Basic
7530,BDI,SUR,Hernia,Groin Hernia,Plugs,Plugs
7537,BDM,MDS,Advanced Access Devices,Port Access,Port Access Needles,PowerLoc_Standalone
7538,BDM,MDS,Advanced Access Devices,Port Access,Port Access Needles,MiniLoc_Standalone
7552,BDI,UCC,Total Home Care Sales,Urology Home Care,Home Care Non Bard,UK DAC Sales (Non Bard)
7560,BDM,MDS,Anesthesia Systems,Anesthesia Systems - Conventional,Regional Anesthesia - Spinal Needles,Non-Sterile Disp Whitacre
7568,BDI,PI,Oncology,Catheter Group,Chronic CVC Catheters,Powerhickman Catheters
7582,BDM,PS,Prefillable Systems,Component,PFS Other,Bulk Packaging
7590,BLS,DS,Microbiology,Industrial Microbiology,Plated Media - Industrial,Refrigerated Plates
7599,BDI,PI,End Stage Kidney Disease,Fabrics and Meshes,Fabrics,Fabrics
7602,BDI,UCC,Total Acute Urology,Urological Drainage,Other Urology,Clamps
7610,BLS,DS,Microbiology,Clinical Media,Tubed Media - Clinical,Tubed/Bottled Media
7660,BDM,MMS,Alaris System,Service,Alaris System Service Parts,Medley NONCATALOG
7669,BDI,UCC,Endourology,Stone Disposables,Dilation Products,Heyman Followers
7673,BDI,UCC,Endourology,Stone Disposables,Percutaneous Drainage,Malecots
7682,BDI,UCC,Endourology,Stone Disposables,Dilation Products,Heyman Followers
7691,BDI,UCC,Total BD UCC Other,Airway,Specialty Tubes,Esph Tubes
7697,BDI,UCC,Endourology,Stone Disposables,Dilation Products,Heyman Followers
7702,BDI,UCC,Endourology,Stone Disposables,Percutaneous Drainage,Malecots
7731,BDM,PS,Prefillable Systems,Others,Other Pharma,Syringe
7740,BLS,SM,Specimen Acquisition,Needles,Conventional Needles,NEEDLES CONVENTIONAL
7762,BDI,UCC,Endourology,Stone Disposables,Percutaneous Drainage,Malecots
7764,BDM,MDS,Advanced Access Devices,PICC,PowerPICC Solo,Basic
7768,BDI,UCC,Endourology,Stone Disposables,Dilation Products,Heyman Followers
7794,BDI,SUR,Hernia,Groin Hernia,Groin Lap,3D Max Mesh
7808,BDM,MDS,Anesthesia Systems,Anesthesia Systems - Conventional,Regional Anesthesia - Spinal Needles,Non-Sterile Disp Quincke
7812,BDI,UCC,Endourology,Stone Disposables,Dilation Products,Heyman Followers
7824,BDM,MDS,Advanced Access Devices,PICC Other,PICC Accessories,Micro-EZ
7841,BDM,MDS,Hazardous Drug Solutions,Optima Pharmacy Solutions,Optima Connector,Optima Connector
7866,BDI,UCC,Endourology,Stone Disposables,Percutaneous Drainage,Malecots
7878,BDM,MDS,Gravity and Syringe Delivery,GSD Extension Sets,GSD Extension Sets - Specialty Non-Chemo,Anesthesia
7882,BDM,PS,Prefillable Systems,Stopper,Stopper High Tier,BSCF/BCF/BCA PremiumCoat visio
7891,BDI,UCC,Total BD UCC Other,Wound Drainage,Channel Drains,Channel Drains
7898,BDI,UCC,Total Home Care Sales,Urology Home Care,Magic 3 Go,Magic 3 Go
7915,BDM,MDS,Advanced Access Devices,Port Access,Port Access Needles,PowerLoc_Standalone
7922,BDI,SUR,Hernia,Groin Hernia,Groin Open,Soft Mesh
7925,BDI,SUR,Hernia,Ventral,Umbilical Ventral,Ventralex
7941,BDI,UCC,Endourology,Stone Disposables,Percutaneous Drainage,Malecots
7948,BDI,SUR,Hernia,Groin Hernia,Groin Open,Onflex
7950,BLS,DS,Microbiology,Industrial Microbiology,DCM,Custom DCM
7951,BDI,UCC,Total BD UCC Other,Wound Drainage,Closed Wound Suction,100cc EVAC
7962,BDM,MDS,Advanced Access Devices,Port Access,Port Access Needles,PowerLoc Max_Standalone
7986,BDI,UCC,Total BD UCC Other,Wound Drainage,Closed Wound Suction,100cc EVAC
7987,BDM,MMS,IV Solutions,IV Solutions,FreeFlex,Sodium Chloride
8009,BDI,UCC,Total BD UCC Other,Airway,NG Tubes,NG Tube W/Lopez Valve
8027,BDI,SUR,Hernia,Groin Hernia,Plugs,Plugs
8061,BDI,UCC,Total BD UCC Other,Wound Drainage,Other Drains - BMD,T-Tube / Bile Bags
8065,BDM,MDS,IPD OEM,GSD OEM,GSD OEM SmarSite Bag,SmartSite Bag
8076,BDM,MDS,Advanced Access Devices,Midlines,PowerGlide Pro RT,3M CHG
8078,BDI,PI,Oncology,Catheter Group,Chronic CVC Catheters,Trifusion Apheresis Catheters
8116,BDM,MDS,Skin Prep & Securement,Securement,Statlock - PICC,Statlock PICC Bulk Nonsterile
8117,BDM,MDS,IV Access,IVA MaxZero,IVA Extension Sets - MaxZero,MaxZero
8130,BDM,MDS,Advanced Access Devices,Port Access,Port Access Needles,PowerLoc_Standalone
8133,BDI,UCC,Total BD UCC Other,Airway,Specialty Tubes,Esph Tubes
8139,BDI,UCC,Total BD UCC Other,Wound Drainage,Closed Wound Suction,100cc EVAC
8148,BDI,SUR,Hernia,Groin Hernia,Plugs,Light Plug
8152,BDI,PI,Oncology,Markers,UltraClip Markers,Twirl Marker
8163,BDI,UCC,Endourology,Stone Disposables,Dilation Products,Heyman Followers
8169,BDI,SUR,Infection Prevention - Surgical,ChloraPrep,ChloraPrep Surgical,10.5 ml
8185,BDI,PI,Oncology,Catheter Group,Chronic CVC Catheters,Trifusion Apheresis Catheters
8187,BDI,UCC,Total BD UCC Other,Wound Drainage,Closed Wound Suction,CWS 400 Kits
8199,BDI,UCC,Total Acute Urology,Urological Drainage,Other Urology,Urine Tubing
8207,BDI,SUR,Hernia,Groin Hernia,Groin Open,Mesh Flats
8249,BDM,MDS,Advanced Access Devices,Midlines,Poly Midline,Custom
8253,BDI,SUR,Hernia,Groin Hernia,Groin Open,Modified Kugel Patch
8256,BDI,UCC,Endourology,Stone Disposables,Percutaneous Drainage,Malecots
8268,BDI,UCC,Endourology,Stone Disposables,Percutaneous Drainage,Malecots
8307,BDM,MDS,Advanced Access Devices,Port Access,Port Access Needles,PowerLoc Max_Custom
8338,BDM,MDS,Hazardous Drug Solutions,Optima Pharmacy Solutions,Optima Protector,Optima Protector
8356,BDM,MDS,Advanced Access Devices,Port Access,Port Access Needles,PowerLoc Max_APPAS_3M CHG
8416,BDM,MMS,Alaris Plus,IV Pump Delivery,Alaris Plus Syringe Sets,Enteral
8417,BDM,MDS,Gravity and Syringe Delivery,GSD Blood Sets,GSD Blood Sets - Basic,General
8431,BDI,PI,End Stage Kidney Disease,Fabrics and Meshes,Fabrics,Fabrics
8488,BDI,UCC,Total BD UCC Other,Wound Drainage,Closed Wound Suction,100cc EVAC
8498,BDI,UCC,Endourology,Stone Disposables,Dilation Products,Heyman Followers
8505,BDI,SUR,Hernia,Groin Hernia,Groin Open,Adhesix
8517,BDI,SUR,Hernia,Groin Hernia,Groin Open,Kugel Patch
8549,BDM,MMS,BD Nexus,POC Systems,BD Nexus V700 Pumps - Placement,BD Nexus V700 Pumps - Placement
8551,BDI,SUR,Infection Prevention - Surgical,ChloraPrep,ChloraPrep Sterile Solution,26 ml
8558,BDI,UCC,Endourology,Stone Disposables,Dilation Products,Heyman Followers
8559,BDI,UCC,Total BD UCC Other,Wound Drainage,Closed Wound Suction,Silicone Round Drains
8562,BDM,MMS,Alaris System,Service,Alaris System Service Parts,Medley
8572,BDM,MDS,Advanced Access Devices,Port Access,Port Access Needles,MiniLoc_Standalone
8583,BDI,UCC,Total Home Care Sales,Urology Home Care,BD Uncoated,DUMMY - BD Uncoated
8598,BDM,MMS,IV Solutions,IV Solutions - PC Adjustment,IV Solutions - PC Adjustment,IV Solutions - PC Adjustment
8602,BDI,UCC,Total Home Care Sales,Urology Home Care,Home Care Non Bard,UK DAC Sales (Non Bard)
8636,BDI,UCC,Total Home Care Sales,Urology Home Care,Red Rubber Coude,Bard Red Rubber Coude 2
8656,BDI,UCC,Endourology,Stone Disposables,Dilation Products,Heyman Followers
8662,BDI,PI,End Stage Kidney Disease,Fabrics and Meshes,Fabrics,Fabrics
8666,BDI,SUR,Hernia,Groin Hernia,Groin Open,Modified Onflex
8692,BDM,MDS,Advanced Access Devices,Port Access,Port Access Needles,PowerLoc Max_Standalone
8701,BDI,PI,Oncology,Catheter Group,Chronic CVC Catheters,Catheter Accessories
8709,BDM,MDS,Advanced Access Devices,IO Device,Intraosseous Needle,Intraosseous Needle
8710,BDI,UCC,Endourology,Stone Disposables,Percutaneous Drainage,Malecots
8717,BDM,MDS,Advanced Access Devices,Port Access,Port Access Needles,PowerLoc_APPAS_3M CHG
8742,BDI,UCC,Endourology,Stone Disposables,Guidewires,Endourology Guidewires
8754,BDI,UCC,Endourology,Endourology Other,Urology Miscellaneous,Wov Ureth Coude
8786,BDI,UCC,Endourology,Stone Disposables,Percutaneous Drainage,Malecots
8794,BDI,SUR,Hernia,Ventral,Umbilical Ventral,Ventralex
8805,BDI,UCC,Total Acute Urology,Urological Drainage,Other Urology,Stylets
8812,BDM,MDS,Gravity and Syringe Delivery,GSD Primary Sets,GSD Primary Sets - Advanced Non-ARD,General
8818,BDI,PI,End Stage Kidney Disease,Fabrics and Meshes,Fabrics,Fabrics
8820,BDM,MDS,Advanced Access Devices,Midlines,Provena,3M CHG
8827,BDI,PI,Oncology,Catheter Group,Chronic CVC Catheters,Powerhickman Catheters
8828,BDI,UCC,Total BD UCC Other,Wound Drainage,Channel Drains,Channel Drains
8843,BDI,UCC,Total BD UCC Other,Wound Drainage,Channel Drains,Channel Drains
8890,BDI,UCC,Total Home Care Sales,Urology Home Care,Magic 3 Go,Magic 3 Go
8924,BLS,DS,Diagnostic Solutions Other,Diagnostic Systems Other,Infection Prevention & Mgmt NP,WW Infection Prev&Mgmt Oper Exps-Ex BDMS
8926,BDI,SUR,Performance Irrigation and Other Surgery,Performance Irrigation,Pulsed Lavage,Simpulse Plus
8927,BDI,UCC,Endourology,Stone Disposables,Guidewires,Endourology Guidewires
8950,BDI,UCC,Endourology,Stone Disposables,Stone Removal,Nitinol Disposable
8957,BDI,SUR,Hernia,Groin Hernia,Groin Open,Modified Kugel Patch
8973,BDI,SUR,Hernia,Groin Hernia,Groin Lap,Light 3D Max Mesh
8978,BDI,UCC,Total BD UCC Other,Wound Drainage,Channel Drains,Channel Drains
8989,BDI,UCC,Total Acute Urology,Urological Drainage,Urethral Cath - Hospital Sales,Bard Red Rubber Hsp
9001,BDI,SUR,Hernia,Groin Hernia,Plugs,Plugs
9007,BDM,MDS,Anesthesia Systems,Anesthesia Systems - Conventional,Regional Anesthesia - Spinal Needles,Non-Sterile Disp Whitacre
9043,BDI,PI,Oncology,Markers,UltraClip Markers,Twirl Marker
9044,BDI,UCC,Endourology,Stone Disposables,Dilation Products,Heyman Followers
9045,BDI,UCC,Endourology,Stone Disposables,Dilation Products,Heyman Followers
9082,BDM,MDS,Advanced Access Devices,Port Access,Port Access Needles,SafeStep_APPAS
9085,BLS,DS,Microbiology,Industrial Microbiology,Plated Media - Industrial,Refrigerated Plates
9093,BDM,MDS,Advanced Access Devices,Port Access,Port Access Needles,SafeStep_APPAS
9099,BDI,PI,Peripheral Vascular Disease,Drug Coated Balloons PVD,Lutonix,Lutonix SFA
9103,BDM,MDS,Advanced Access Devices,PICC Other,PICC Accessories,Micro-EZ
9120,BDM,MDS,Skin Prep & Securement,Skin Prep,ChloraPrep Single Swabstick,Single Swabstick 1.75 ml
9132,BDI,UCC,Total Acute Urology,Urological Drainage,Non-IC Specialty Foleys,75cc
9163,BDI,UCC,Endourology,Stone Disposables,Dilation Products,Heyman Followers
9187,BDI,PI,BD PI Other,OEM,Textiles OEM,Textiles OEM
9189,BDM,MDS,Advanced Access Devices,PICC Other,PICC Accessories,Micro-EZ
9219,BDI,SUR,Hernia,Groin Hernia,Groin Open,Soft Mesh
9221,BDM,MDS,Advanced Access Devices,Port Access,Port Access Needles,PowerLoc Max_APPAS_3M CHG
9222,BDI,UCC,Total BD UCC Other,Wound Drainage,Closed Wound Suction,100cc EVAC
9240,BDI,UCC,Total Home Care Sales,Urology Home Care,Red Rubber Coude,Bard Red Rubber Coude 2
9251,BDI,UCC,Total Acute Urology,Urological Drainage,Urethral Cath - Hospital Sales,Bard Red Rubber Hsp
9262,BLS,DS,Microbiology,ID/AST,Phoenix Reagents,Phoenix Combo Panel
9265,BDI,UCC,Endourology,Stone Disposables,Stents,Silicone Stents
9280,BDI,PI,End Stage Kidney Disease,Drug Coated Balloons ESKD,Lutonix 035 (AV),Lutonix AV
9281,BDI,PI,Peripheral Vascular Disease,Drug Coated Balloons PVD,Lutonix,Lutonix SFA
9284,BDI,UCC,Total BD UCC Other,Wound Drainage,Closed Wound Suction,Silicone 400 Kits
9361,BDI,UCC,Total Acute Urology,Urological Drainage,Other Urology,Airways/ Miscellaneous
9367,BDI,SUR,Hernia,Fixation,Absorbable Fixation,Optifix AT
9368,BDM,MDS,Advanced Access Devices,PICC,PowerPICC,Basic
9389,BDI,UCC,Endourology,Stone Disposables,Dilation Products,Heyman Followers
9412,BDM,MDS,Advanced Access Devices,PICC,Provena 4FR DL / 3FR SL,3M CHG
9432,BDI,UCC,Total BD UCC Other,Wound Drainage,Closed Wound Suction,Miscellaneous Reliavac
9446,BDI,PI,Oncology,Catheter Group,Chronic CVC Catheters,Broviac Hickman Leonard Catheters
9452,BDI,PI,BD PI Other,OEM,Guidewires OEM,Guidewires OEM
9463,BDI,SUR,Hernia,Groin Hernia,Groin Lap,Light 3D Max Mesh
9467,BDM,MDS,Advanced Access Devices,Port Access,Port Access Needles,MiniLoc_APPAS_3M CHG
9493,BDI,UCC,Total Acute Urology,Urological Drainage,Urethral Cath - Hospital Sales,Bard Red Rubber Hsp
9525,BDM,MMS,Alaris Plus,IV Pump Delivery,Alaris Plus Syringe Sets,Enteral
9561,BDI,SUR,Hernia,Groin Hernia,Groin Open,Adhesix
9593,BDI,UCC,Endourology,Stone Disposables,Dilation Products,Heyman Followers
9621,BDI,UCC,Endourology,Stone Disposables,Percutaneous Drainage,Polureth Olive
9633,BDI,SUR,Hernia,Groin Hernia,Groin Open,Adhesix
9657,BDI,UCC,Endourology,Stone Disposables,Percutaneous Drainage,Malecots
9659,BDI,UCC,Total BD UCC Other,Wound Drainage,Closed Wound Suction,Miscellaneous Reliavac
9667,BDI,PI,Oncology,CHRONIC DRAINAGE,PERITX,PERITX BAGS
9669,BDI,UCC,Endourology,Stone Disposables,Dilation Products,Heyman Followers
9671,BDI,UCC,Total Acute Urology,Urological Drainage,Silicone Trays,Surestep W/All Sil W/Bag
9687,BLS,DS,Microbiology,Clinical Media,Tubed Media - Clinical,Tubed/Bottled Media
9711,BDM,MDS,Advanced Access Devices,Port Access,Port Access Needles,SafeStep_APPAS_3M CHG
9729,BDI,UCC,Total Home Care Sales,Urology Home Care,Home Care Non Bard,UK DAC Sales (Non Bard)
9751,BDI,SUR,Performance Irrigation and Other Surgery,Performance Irrigation,Pulsed Lavage,Varicare
9775,BDM,MDS,Anesthesia Systems,Anesthesia Systems - Conventional,NRFit Plastic Syringes,NRFit Plastic Syringes
9778,BDM,MDS,Advanced Access Devices,PICC,PowerPICC Solo,Basic
9779,BDM,MDS,Advanced Access Devices,PICC,Provena Solo 4FR DL / 3FR SL,3M CHG
9785,BDM,MDS,Advanced Access Devices,IO Device,Intraosseous Drill,Intraosseous Drill
9791,BDI,UCC,Total Home Care Sales,Urology Home Care,Home Care Non Bard,UK DAC Sales (Non Bard)
9795,BDI,SUR,Hernia,Fixation,Permanent Fixation,Permafix
9798,BDI,UCC,Endourology,Stone Disposables,Percutaneous Drainage,Polureth Olive
9804,BDM,MDS,Advanced Access Devices,Midlines,PowerGlide Pro RT,3M CHG
9810,BDI,PI,Oncology,Vacuum Assisted,Encor Probes,Encor GP Probes
9816,BDI,SUR,Performance Irrigation and Other Surgery,Performance Irrigation,Laparoscopic,Hydro-Surg Plus
9824,BDI,UCC,Endourology,Stone Disposables,Dilation Products,Heyman Followers
9880,BDM,MDS,Advanced Access Devices,Port Access,Port Access Needles,SafeStep_APPAS_3M CHG
9901,BDI,UCC,Endourology,Stone Disposables,Percutaneous Drainage,Polureth Olive
9903,BDI,UCC,Total Acute Urology,Urological Drainage,Other Urology,Airways/ Miscellaneous
9906,BDM,MDS,Hazardous Drug Solutions,Texium Systems,Vial Access Device,Vial Access Device
9923,BDI,UCC,Endourology,Stone Disposables,Percutaneous Drainage,Polureth Olive
9926,BDI,SUR,Hernia,Groin Hernia,Groin Open,Preshapes
9930,BDI,UCC,Total BD UCC Other,Wound Drainage,Closed Wound Suction,CWS 400 Kits
9938,BDI,PI,Oncology,Catheter Group,Chronic CVC Catheters,Powerhickman Catheters
9942,BDI,PI,Oncology,Catheter Group,Chronic CVC Catheters,Catheter Accessories
9943,BDM,MDS,Advanced Access Devices,Port Access,Port Access Needles,MiniLoc_APPAS_3M CHG
9948,BDI,UCC,Total BD UCC Other,Airway,Specialty Tubes,Esph Tubes
9952,BDI,SUR,Hernia,Ventral,Umbilical Ventral,Phasix ST Umbilical
9957,BDI,PI,Oncology,Catheter Group,Chronic CVC Catheters,Powerhickman Catheters
9959,BDI,SUR,Hernia,Groin Hernia,Plugs,Light Plug
9966,BDI,UCC,Total Home Care Sales,Urology Home Care,Home Care Non Bard,UK DAC Sales (Non Bard)
9984,BDI,UCC,Endourology,Endourology Other,Urology Miscellaneous,Wov Ureth Coude
9985,BDI,UCC,Total BD UCC Other,Wound Drainage,Closed Wound Suction,Silicone Round Drains
10003,BDM,PS,Prefillable Systems,Component,PFS Other,Bulk Packaging
10009,BDI,SUR,Hernia,Ventral,Umbilical Ventral,Phasix ST Umbilical
10046,BDM,MDS,Advanced Access Devices,PICC Other,PICC Accessories,Micro-EZ
10047,BDI,UCC,Endourology,Stone Disposables,Dilation Products,Heyman Followers
10051,BDI,SUR,Hernia,Groin Hernia,Groin Open,Modified Kugel Patch
10057,BLS,DS,Microbiology,ID/AST,Sensi Disc,Sensi Disc Specials
10086,BDM,MDS,Advanced Access Devices,PICC Other,PICC Accessories,Micro-EZ
10093,BDI,PI,Oncology,Catheter Group,Chronic CVC Catheters,Powerline Catheters
10103,BDM,MDS,Advanced Access Devices,PICC Other,PICC Accessories,Micro-EZ
10117,BDI,PI,BD PI Other,OEM,Guidewires OEM,Guidewires OEM
10121,BDI,PI,End Stage Kidney Disease,Drug Coated Balloons ESKD,Lutonix 035 (AV),Lutonix AV
10122,BDI,UCC,Endourology,Stone Disposables,Percutaneous Drainage,Malecots
10138,BDM,MDS,Advanced Access Devices,Midlines,Provena,3M CHG
10156,BDM,MMS,Alaris Plus,IV Pump Delivery,Alaris Plus Syringe Sets,Enteral
10161,BDM,MDS,Advanced Access Devices,PICC,Provena 4FR DL / 3FR SL,3M CHG
10162,BLS,BDB,Advanced Bioprocessing,Peptones,Peptones AO,AO Peptones
10164,BDI,PI,End Stage Kidney Disease,Drug Coated Balloons ESKD,Lutonix 035 (AV),Lutonix AV
10171,BDM,MMS,Alaris System,Service,Alaris System Service Parts,Medley
10184,BDI,SUR,Performance Irrigation and Other Surgery,Performance Irrigation,Pulsed Lavage,Solo Simpulse
10215,BDM,MDS,IV Access,IVA MaxZero,IVA Extension Sets - MaxZero,MaxZero
10237,BDI,PI,Oncology,Catheter Group,Chronic CVC Catheters,Catheter Accessories
10251,BDM,MDS,Gravity and Syringe Delivery,GSD Accessories,GSD Accessories - Other Add-on,General
10253,BDM,MDS,Anesthesia Systems,Anesthesia Systems - Conventional,NRFit Plastic Syringes,NRFit Plastic Syringes
10263,BDI,PI,Oncology,Ports,Ports,Non-Power Ports
10297,BDI,UCC,Endourology,Stone Disposables,Dilation Products,Heyman Followers
10350,BDI,PI,BD PI Other,OEM,Guidewires OEM,Guidewires OEM
10372,BDI,UCC,Total Home Care Sales,Urology Home Care,Home Care Non Bard,UK DAC Sales (Non Bard)
10388,BDI,SUR,Performance Irrigation and Other Surgery,Performance Irrigation,Pulsed Lavage,Solo Simpulse
10404,BDI,UCC,Total Acute Urology,Urological Drainage,IC Temp Sensing Silicone Strips,IC Temp Sensing Silicone Strip
10409,BDI,SUR,Hernia,Groin Hernia,Groin Open,Adhesix
10434,BDI,UCC,Total Home Care Sales,Urology Home Care,Male External - Branded,LHB
10441,BDI,UCC,Total Acute Urology,Urological Drainage,Other Urology,Stylets
10456,BDI,SUR,Hernia,Ventral,Umbilical Ventral,Phasix ST Umbilical
10477,BDI,PI,Peripheral Vascular Disease,Drug Coated Balloons PVD,Lutonix,Lutonix SFA
10494,BDI,UCC,Total Home Care Sales,Urology Home Care,Home Care Non Bard,UK DAC Sales (Non Bard)
10544,BDI,UCC,Endourology,Endourology Other,Urology Miscellaneous,Wov Ureth Coude
10559,BDI,SUR,Hernia,Groin Hernia,Groin Open,Modified Kugel Patch
10564,BDI,PI,BD PI Other,OEM,Guidewires OEM,Guidewires OEM
10602,BDM,MDS,Advanced Access Devices,PICC,Provena 5FR TL,3M CHG
10604,BDM,MDS,Advanced Access Devices,PICC Other,PICC Accessories,Micro-EZ
10625,BLS,SM,Lab Specimen Management,Urine,Bulk Tubes,BULK TUBES
10628,BDI,SUR,Hernia,Groin Hernia,Groin Open,Mesh Flats
10631,BDM,MMS,BD Nexus,POC Systems,BD Nexus DS 700 - Placement,BD Nexus DS 700 - Placement
10639,BLS,DS,Microbiology,ID/AST,Sensi Disc,Sensi Disc Specials
10663,BDI,PI,End Stage Kidney Disease,Fabrics and Meshes,Fabrics,Fabrics
10678,BDM,MDS,Advanced Access Devices,Port Access,Port Access Needles,PowerLoc Max_Standalone
10708,BDI,UCC,Endourology,Stone Disposables,Percutaneous Drainage,Polureth Olive
10717,BDI,PI,Peripheral Vascular Disease,Drug Coated Balloons PVD,Lutonix,Lutonix SFA
10749,BDM,MDS,Advanced Access Devices,Port Access,Port Access Needles,SafeStep_APPAS_3M CHG
10754,BDI,UCC,Endourology,Stone Disposables,Percutaneous Drainage,Malecots
10772,BDI,PI,Peripheral Vascular Disease,Drug Coated Balloons PVD,Lutonix,Lutonix SFA
10773,BDI,PI,BD PI Other,OEM,Guidewires OEM,Guidewires OEM
10796,BDI,UCC,Endourology,Stone Disposables,Percutaneous Drainage,Polureth Olive
10824,BDI,UCC,Endourology,Stone Disposables,Percutaneous Drainage,Polureth Olive
10843,BLS,DS,Microbiology,Industrial Microbiology,Misc Industrial Microbiology,Lee Labs-Direct
10848,BDM,MDS,Anesthesia Systems,Anesthesia Systems - Conventional,NRFit Plastic Syringes,NRFit Plastic Syringes
10853,BDM,MDS,Hypodermic Products,Conventional Hypodermic Products,3pc Conventional Small - SYRINGE ONLY,2CC SYRINGES ONLY
10898,BDM,MDS,Advanced Access Devices,Midlines,PowerGlide Pro RT,3M CHG
10899,BDM,MDS,Advanced Access Devices,PICC Other,PICC Accessories,Micro-EZ
10918,BDM,MDS,Advanced Access Devices,Port Access,Port Access Needles,PowerLoc Max_Custom
10922,BDI,PI,Peripheral Vascular Disease,Drug Coated Balloons PVD,Lutonix,Lutonix SFA
10949,BDI,UCC,Total BD UCC Other,Wound Drainage,Closed Wound Suction,Miscellaneous Reliavac
10950,BDM,MDS,Skin Prep & Securement,Skin Prep,ChloraPrep Single Swabstick,Single Swabstick 1.75 ml
10951,BDI,SUR,Infection Prevention - Surgical,Infection Prevention - PC Adjustment,Infection Prevention - PC Adjustment,Infection Prevention - PC Adjustment
10975,BDM,MDS,Advanced Access Devices,PICC,PowerPICC Solo,3M CHG
10993,BDI,UCC,Endourology,Stone Disposables,Percutaneous Drainage,Polureth Olive
11001,BDM,MDS,Advanced Access Devices,Port Access,Port Access Needles,PowerLoc Max_APPAS_3M CHG
11004,BDM,MDS,Advanced Access Devices,Port Access,Port Access Needles,MiniLoc_Standalone
11011,BDI,UCC,Endourology,Stone Disposables,Percutaneous Drainage,Polureth Olive
11032,BDI,UCC,Total Home Care Sales,Urology Home Care,Home Care Non Bard,UK DAC Sales (Non Bard)
11066,BLS,SM,Lab Specimen Management,Lab Specimen Management - PC Adjustment,Lab Specimen Management - PC Adjustment,Lab Specimen Management - PC Adjustment
11070,BDI,PI,Peripheral Vascular Disease,Drug Coated Balloons PVD,Lutonix,Lutonix SFA
11080,BDM,MDS,Advanced Access Devices,PICC Other,PICC Accessories,Micro-EZ
11097,BDI,PI,Oncology,Catheter Group,Chronic CVC Catheters,Trifusion Apheresis Catheters
11114,BDI,UCC,Endourology,Stone Disposables,Percutaneous Drainage,Polureth Olive
11129,BDM,MDS,Advanced Access Devices,PICC,Provena Solo 4FR DL / 3FR SL,3M CHG
11140,BDI,PI,Oncology,Catheter Group,Chronic CVC Catheters,Catheter Accessories
11149,BDM,MDS,Advanced Access Devices,Port Access,Port Access Needles,PowerLoc Max_APPAS_3M CHG
11172,BDI,UCC,Total BD UCC Other,Wound Drainage,Closed Wound Suction,100cc EVAC
11181,BDI,PI,End Stage Kidney Disease,Fabrics and Meshes,Fabrics,Fabrics
11192,BDI,PI,End Stage Kidney Disease,Fabrics and Meshes,Fabrics,Fabrics
11210,BDI,PI,Peripheral Vascular Disease,Drug Coated Balloons PVD,Lutonix,Lutonix SFA
11213,BDI,PI,Oncology,Catheter Group,Chronic CVC Catheters,Catheter Accessories
11222,BDI,SUR,Hernia,Groin Hernia,Plugs,Light Plug
11243,BDI,PI,Peripheral Vascular Disease,Drug Coated Balloons PVD,Lutonix,Lutonix SFA
11249,BDM,MDS,Advanced Access Devices,PICC,Provena Solo 4FR DL / 3FR SL,3M CHG
11270,BDI,PI,Peripheral Vascular Disease,Drug Coated Balloons PVD,Lutonix,Lutonix SFA
11279,BLS,BDB,Advanced Bioprocessing,Peptones,Peptones AO,AO Peptones
11283,BDI,PI,End Stage Kidney Disease,Drug Coated Balloons ESKD,Lutonix 035 (AV),Lutonix AV
11289,BDM,MDS,Advanced Access Devices,Port Access,Port Access Needles,PowerLoc_Standalone
11296,BDI,UCC,Total BD UCC Other,Wound Drainage,Closed Wound Suction,Silicone 400 Kits
11297,BDI,UCC,Total BD UCC Other,Wound Drainage,Channel Drains,Channel Drains
11311,BDM,MDS,Advanced Access Devices,Midlines,PowerMidline,3M CHG
11315,BDI,SUR,Hernia,Groin Hernia,Groin Open,Adhesix
11322,BDM,MDS,Advanced Access Devices,PICC Other,PICC Accessories,Micro-EZ
11323,BDI,UCC,Endourology,Stone Disposables,Guidewires,Endourology Guidewires
11343,BDI,PI,Oncology,Catheter Group,Chronic CVC Catheters,Trifusion Apheresis Catheters
11376,BDI,PI,Peripheral Vascular Disease,Drug Coated Balloons PVD,Lutonix,Lutonix SFA
11380,BDI,PI,Peripheral Vascular Disease,Drug Coated Balloons PVD,Lutonix,Lutonix SFA
11388,BDI,UCC,Endourology,Endourology Other,Urology Miscellaneous,Wov Ureth Coude
11407,BDI,PI,Peripheral Vascular Disease,Drug Coated Balloons PVD,Lutonix,Lutonix SFA
11429,BLS,SM,Lab Specimen Management,Microtainer,Microtainer Map,MICROTAINER MAP
11442,BDI,PI,End Stage Kidney Disease,Drug Coated Balloons ESKD,Lutonix 035 (AV),Lutonix AV
11443,BDM,MDS,Advanced Access Devices,PICC,Provena Solo 5FR TL,3M CHG
11444,BDI,UCC,Endourology,Stone Disposables,Percutaneous Drainage,Polureth Olive
11448,BDM,MDS,Advanced Access Devices,Port Access,Port Access Needles,PowerLoc_APPAS
11472,BDI,PI,Oncology,Catheter Group,Chronic CVC Catheters,Catheter Accessories
11481,BDI,UCC,Endourology,Stone Disposables,Percutaneous Drainage,Polureth Olive
11483,BDM,MDS,Advanced Access Devices,Port Access,Port Access Needles,PowerLoc_Standalone
11488,BDI,PI,Oncology,Ports,Ports,Non-Power Ports
11502,BDI,SUR,Hernia,Groin Hernia,Groin Lap,Light 3D Max Mesh
11503,BDM,MDS,Advanced Access Devices,PICC,Provena Solo 5FR TL,3M CHG
11508,BDI,UCC,Endourology,Stone Disposables,Stone Removal,Nitinol Disposable
11522,BDI,PI,BD PI Other,OEM,Guidewires OEM,Guidewires OEM
11538,BDI,PI,Oncology,Catheter Group,Chronic CVC Catheters,Powerline Catheters
11541,BLS,BDB,Advanced Bioprocessing,Peptones,Peptones AO,AO Peptones
11561,BDM,MDS,Advanced Access Devices,Port Access,Port Access Needles,MiniLoc_Standalone
11584,BDI,PI,Peripheral Vascular Disease,Drug Coated Balloons PVD,Lutonix,Lutonix SFA
11590,BDM,MDS,IV Access,IVA MaxZero,IVA Extension Sets - MaxZero,MaxZero
11691,BDI,UCC,Total Home Care Sales,Urology Home Care,Home Care Non Bard,UK DAC Sales (Non Bard)
11700,BLS,DS,Microbiology,ID/AST,Sensi Disc,Sensi Disc 3M Prompt
11703,BLS,DS,Microbiology,ID/AST,Sensi Disc,Sensi Disc 3M Prompt
11712,BDM,MDS,Advanced Access Devices,Midlines,Provena,3M CHG
11713,BDI,UCC,Total Home Care Sales,PureWick Home Care,Female External Catheters Liberator,Purewick Liberator
11714,BDI,SUR,Hernia,Groin Hernia,Groin Open,Modified Kugel Patch
11729,BDI,SUR,Hernia,Groin Hernia,Groin Open,Adhesix
11739,BDI,UCC,Endourology,Stone Disposables,Percutaneous Drainage,Polureth Olive
11742,BDI,PI,End Stage Kidney Disease,Drug Coated Balloons ESKD,Lutonix 035 (AV),Lutonix AV
11775,BDI,PI,End Stage Kidney Disease,Fabrics and Meshes,Fabrics,Fabrics
11784,BDI,PI,Peripheral Vascular Disease,Drug Coated Balloons PVD,Lutonix,Lutonix 018
11801,BDI,SUR,Hernia,Groin Hernia,Groin Lap,Light 3D Max Mesh
11805,BDI,SUR,Performance Irrigation and Other Surgery,Performance Irrigation,Pulsed Lavage,Varicare
11806,BDM,MDS,Advanced Access Devices,Port Access,Port Access Needles,MiniLoc_APPAS_3M CHG
11860,BLS,DS,Microbiology,ID/AST,Sensi Disc,Sensi Disc 3M Prompt
11871,BDI,PI,Peripheral Vascular Disease,Drug Coated Balloons PVD,Lutonix,Lutonix SFA
11904,BDI,PI,Peripheral Vascular Disease,Drug Coated Balloons PVD,Lutonix,Lutonix 018
11911,BDI,PI,End Stage Kidney Disease,Drug Coated Balloons ESKD,Lutonix 035 (AV),Lutonix AV
11915,BDI,PI,BD PI Other,OEM,Textiles OEM,Textiles OEM
11923,BDI,UCC,Total Home Care Sales,Urology Home Care,Home Care Non Bard,UK DAC Sales (Non Bard)
11943,BDI,PI,BD PI Other,OEM,Textiles OEM,Textiles OEM
11973,BDI,UCC,Total BD UCC Other,Airway,NG Tubes,NG Tube W/Lopez Valve
11975,BDM,MMS,CME,POC Systems,CME Accessories,Infusion Accessories CME
11987,BDI,SUR,Hernia,Fixation,Permanent Fixation,Permafix
12004,BDI,PI,Peripheral Vascular Disease,Drug Coated Balloons PVD,Lutonix,Lutonix SFA
12005,BDI,PI,Peripheral Vascular Disease,Drug Coated Balloons PVD,Lutonix,Lutonix 018
12033,BDI,PI,BD PI Other,OEM,PTFE OEM,PTFE OEM
12040,BDI,PI,BD PI Other,OEM,Guidewires OEM,Guidewires OEM
12042,BDM,MDS,IV Access,IVA SmartSite,IVA Extension Sets - SmartSite,SmartSite
12044,BLS,DS,Microbiology,ID/AST,Misc ID and AST,MICRONAUT
12046,BDI,PI,Peripheral Vascular Disease,Drug Coated Balloons PVD,Lutonix,Lutonix SFA
12048,BDM,MDS,Advanced Access Devices,PICC,PowerPICC,CK
12059,BDI,UCC,Total Acute Urology,Urological Drainage,Non-IC Specialty Foleys,75cc
12072,BDI,UCC,Endourology,Endourology Other,Urology Miscellaneous,Wov Ureth Coude
12073,BDM,MDS,Anesthesia Systems,Anesthesia Systems - Conventional,Regional Anesthesia Trays - Conventional,Spinal Trays
12084,BDI,PI,Oncology,Catheter Group,Chronic CVC Catheters,Trifusion Apheresis Catheters
12095,BDM,MDS,Advanced Access Devices,PICC,PowerPICC,3M CHG
12107,BDI,SUR,Hernia,Groin Hernia,Groin Open,Adhesix
12133,BDM,MDS,Advanced Access Devices,Port Access,Port Access Needles,PowerLoc_Standalone
12140,BDI,PI,Oncology,Catheter Group,Chronic CVC Catheters,Catheter Accessories
12159,BDI,PI,End Stage Kidney Disease,Drug Coated Balloons ESKD,Lutonix 035 (AV),Lutonix AV
12162,BDI,PI,Peripheral Vascular Disease,Drug Coated Balloons PVD,Lutonix,Lutonix SFA
12172,BDI,UCC,Total Acute Urology,Urological Drainage,Non-IC Specialty Foleys,75cc
12181,BDI,UCC,Total Acute Urology,Urological Drainage,Silicone Trays,Surestep W/All Sil W/Bag
12197,BDI,PI,Peripheral Vascular Disease,Drug Coated Balloons PVD,Lutonix,Lutonix SFA
12206,BDI,UCC,Total Acute Urology,Fecal Drainage,Fecal Rectal Tubes,Rectal Tubes
12219,BDM,MDS,Advanced Access Devices,PICC,PowerPICC Solo,3M CHG
12232,BDM,MDS,Advanced Access Devices,PICC Other,PICC Accessories,Micro-EZ
12235,BDI,SUR,Performance Irrigation and Other Surgery,Performance Irrigation,Pulsed Lavage,Simpulse Plus
12236,BDI,UCC,Total Acute Urology,Urological Drainage,IC Latex Trays,I/C Foley Tray with Statlock
12238,BDM,MDS,Peripherally Inserted Intravenous Catheters,PIVC - Specialty Access,PIVO,PIVO - 24G
12249,BDI,UCC,Total Home Care Sales,Urology Home Care,Home Care Non Bard,UK DAC Sales (Non Bard)
12258,BDI,UCC,Total Home Care Sales,Urology Home Care,Home Care Non Bard,UK DAC Sales (Non Bard)
12260,BDI,UCC,Total Home Care Sales,Urology Home Care,Red Rubber Coude,Bard Red Rubber Coude 2
12278,BDI,SUR,Hernia,Fixation,Absorbable Fixation,Optifix Open
12302,BDM,MDS,Advanced Access Devices,PICC,Provena 5FR TL,3M CHG
12308,BDI,SUR,Performance Irrigation and Other Surgery,Performance Irrigation,Pulsed Lavage,Solo Simpulse
12332,BDI,PI,End Stage Kidney Disease,Fabrics and Meshes,Fabrics,Fabrics
12374,BDI,SUR,Hernia,Ventral,Lap Ventral,Composix LP
12383,BDI,PI,End Stage Kidney Disease,Fabrics and Meshes,Fabrics,Fabrics
12386,BDM,MDS,Advanced Access Devices,Port Access,Port Access Needles,PowerLoc Max_Standalone
12405,BDI,UCC,Total BD UCC Other,Wound Drainage,Closed Wound Suction,Silicone 400 Kits
12451,BDI,PI,BD PI Other,OEM,Guidewires OEM,Guidewires OEM
12459,BDI,PI,Oncology,Catheter Group,Chronic CVC Catheters,Catheter Accessories
12463,BDI,UCC,Total Home Care Sales,Urology Home Care,Home Care Non Bard,UK DAC Sales (Non Bard)
12464,BDI,PI,End Stage Kidney Disease,Drug Coated Balloons ESKD,Lutonix 035 (AV),Lutonix AV
12489,BDI,UCC,Total Acute Urology,Urological Drainage,IC Temp Sensing Silicone Strips,IC Temp Sensing Silicone Strip
12502,BDM,MDS,Advanced Access Devices,Port Access,Port Access Needles,PowerLoc_APPAS_3M CHG
12512,BDI,UCC,Total Home Care Sales,Urology Home Care,Home Care Non Bard,UK DAC Sales (Non Bard)
12514,BDI,UCC,Total Home Care Sales,Urology Home Care,Home Care Non Bard,UK DAC Sales (Non Bard)
12515,BDI,SUR,Hernia,Ventral,Lap Ventral,Composix LP
12517,BLS,BDB,Research Reagents,Custom Research Reagents,Non Sirigen - CTT,Non Sirigen - CTT
12547,BDI,PI,BD PI Other,OEM,Guidewires OEM,Guidewires OEM
12549,BDI,PI,BD PI Other,OEM,Guidewires OEM,Guidewires OEM
12550,BDI,PI,BD PI Other,OEM,Guidewires OEM,Guidewires OEM
12555,BDI,UCC,Total Home Care Sales,Urology Home Care,Home Care Non Bard,UK DAC Sales (Non Bard)
12559,BDM,MDS,Advanced Access Devices,Port Access,Port Access Needles,MiniLoc_Standalone
12562,BDI,UCC,Total Acute Urology,Urological Drainage,Urethral Cath - Hospital Sales,Bard Red Rubber Hsp
12569,BDI,UCC,Total Home Care Sales,Urology Home Care,Male External - Branded,Popon
12591,BDI,PI,Oncology,Catheter Group,Chronic CVC Catheters,Catheter Accessories
12622,BDI,SUR,Performance Irrigation and Other Surgery,Performance Irrigation,Pulsed Lavage,Simpulse Plus
12644,BLS,DS,Microbiology,ID/AST,Phoenix Reagents,Phoenix AST Panel
12651,BDI,SUR,Hernia,Groin Hernia,Groin Lap,3D Max Mesh
12679,BDI,PI,BD PI Other,OEM,Guidewires OEM,Guidewires OEM
12698,BDI,SUR,Hernia,Groin Hernia,Groin Open,Modified Kugel Patch
12704,BDI,UCC,Total Acute Urology,Urological Drainage,Other Urology,Airways/ Miscellaneous
12749,BDI,PI,Oncology,Ports,Ports,Dual Lumen Ports
12759,BLS,BDB,Research Instruments,Other Instrument Revenue (Research),Other Instrument Revenue (Research),Other Instrument Revenue (Research)
12805,BDI,SUR,Infection Prevention - Surgical,Hair Removal,Clippers,Clipper Hardware
12811,BLS,DS,Microbiology,Industrial Microbiology,Plated Media - Industrial,IC-XT
12813,BDM,MDS,Advanced Access Devices,Port Access,Port Access Needles,MiniLoc_Standalone
12817,BLS,BDB,Clinical Instruments,FACSCanto,FACSCanto Options,FACSCanto Options
12819,BLS,BDB,Clinical Instruments,Sample Prep Assistant,SPA Options,SPA Options
12825,BDM,MMS,Alaris System,POC Systems,Alaris System LVP Pump - Placement,Drug Infusion - Placement
12848,BDM,MMS,BD Nexus,POC Systems,BD Nexus S700 Pumps - Placement,BD Nexus S700 Pumps - Placement
12849,BDI,PI,Oncology,Catheter Group,Chronic CVC Catheters,Catheter Accessories
12857,BDI,PI,Peripheral Vascular Disease,Drug Coated Balloons PVD,Lutonix,Lutonix SFA
12869,BDM,MDS,Advanced Access Devices,PICC,Provena Solo 4FR DL / 3FR SL,CK
12885,BDI,PI,BD PI Other,OEM,Guidewires OEM,Guidewires OEM
12895,BDI,PI,Peripheral Vascular Disease,Drug Coated Balloons PVD,Lutonix,Lutonix BTK
12923,BDI,PI,Peripheral Vascular Disease,Drug Coated Balloons PVD,Lutonix,Lutonix BTK
12931,BDI,UCC,Total Acute Urology,Urological Drainage,IC Temp Sensing Silicone Strips,IC Temp Sensing Silicone Strip
12934,BDI,PI,BD PI Other,OEM,Guidewires OEM,Guidewires OEM
12950,BDI,UCC,Total Home Care Sales,Urology Home Care,Home Care Non Bard,UK DAC Sales (Non Bard)
12955,BDI,UCC,Total Home Care Sales,Urology Home Care,Home Care Non Bard,UK DAC Sales (Non Bard)
12959,BDM,MDS,Peripherally Inserted Intravenous Catheters,PIVC - Outcome-Driven,Cathena,Cathena
12961,BDM,MDS,Skin Prep & Securement,Skin Prep,ChloraPrep Single Swabstick,Single Swabstick 1.75 ml
12971,BDI,UCC,Endourology,Stone Disposables,Stents,Silicone Stents
12973,BDI,PI,Peripheral Vascular Disease,Drug Coated Balloons PVD,Lutonix,Lutonix SFA
12984,BDI,SUR,Hernia,Ventral,Open Ventral,Ventrio
12995,BDI,SUR,Hernia,Groin Hernia,Groin Open,Adhesix
13022,BDI,PI,Peripheral Vascular Disease,Drug Coated Balloons PVD,Lutonix,Lutonix BTK
13027,BDI,PI,Oncology,Catheter Group,Chronic CVC Catheters,Catheter Accessories
13079,BLS,DS,Microbiology,ID/AST,Phoenix Reagents,Phoenix Combo Panel
13090,BDI,UCC,Total BD UCC Other,Wound Drainage,Closed Wound Suction,Miscellaneous Reliavac
13091,BDI,UCC,Total BD UCC Other,Wound Drainage,Closed Wound Suction,Miscellaneous Reliavac
13098,BDI,PI,Peripheral Vascular Disease,Drug Coated Balloons PVD,Lutonix,Lutonix BTK
13155,BDI,SUR,Hernia,Ventral,Open Ventral,Ventrio
13170,BDI,PI,BD PI Other,OEM,Guidewires OEM,Guidewires OEM
13182,BDI,UCC,Total Home Care Sales,Urology Home Care,Home Care Non Bard,UK DAC Sales (Non Bard)
13183,BDI,UCC,Total Home Care Sales,Urology Home Care,Home Care Non Bard,UK DAC Sales (Non Bard)
13205,BDI,PI,Peripheral Vascular Disease,Drug Coated Balloons PVD,Lutonix,Lutonix SFA
13264,BDI,PI,Peripheral Vascular Disease,Drug Coated Balloons PVD,Lutonix,Lutonix 018
13269,BDI,PI,End Stage Kidney Disease,Drug Coated Balloons ESKD,Lutonix 035 (AV),Lutonix AV
13275,BDI,PI,End Stage Kidney Disease,Drug Coated Balloons ESKD,Lutonix 035 (AV),Lutonix AV
13277,BDI,PI,End Stage Kidney Disease,Drug Coated Balloons ESKD,Lutonix 035 (AV),Lutonix AV
13278,BDI,PI,Peripheral Vascular Disease,Drug Coated Balloons PVD,Lutonix,Lutonix BTK
13282,BDI,SUR,Hernia,Groin Hernia,Groin Lap,3D Max Mesh
13298,BDM,MDS,Advanced Access Devices,Port Access,Port Access Needles,PowerLoc_APPAS_3M CHG
13316,BDI,PI,Oncology,Catheter Group,Chronic CVC Catheters,Catheter Accessories
13328,BDM,MDS,IV Access,IVA NeutraClear,IVA Extension Sets - NeutraClear,NeutraClear
13338,BDI,PI,Peripheral Vascular Disease,Drug Coated Balloons PVD,Lutonix,Lutonix SFA
13358,BDI,PI,Oncology,Vacuum Assisted,Encor Probes,Encor GP Probes
13368,BDI,UCC,Endourology,Stone Disposables,Percutaneous Drainage,Polureth Olive
13392,BDI,PI,Peripheral Vascular Disease,Drug Coated Balloons PVD,Lutonix,Lutonix SFA
13405,BDI,PI,Oncology,Catheter Group,Chronic CVC Catheters,Broviac Hickman Leonard Catheters
13426,BDM,MDS,Advanced Access Devices,PICC,Provena Solo 4FR DL / 3FR SL,3M CHG
13447,BDI,UCC,Total BD UCC Other,Wound Drainage,Closed Wound Suction,Silicone 400 Kits
13470,BDI,PI,Peripheral Vascular Disease,Drug Coated Balloons PVD,Lutonix,Lutonix 018
13490,BDI,UCC,Total Home Care Sales,Urology Home Care,Home Care Non Bard,UK DAC Sales (Non Bard)
13505,BLS,BDB,Clinical Reagents,Custom Clinical Reagents,Custom - CTT CM,CTT CM
13506,BDM,MDS,Advanced Access Devices,Midlines,PowerMe,Y Connection
13510,BDI,SUR,Performance Irrigation and Other Surgery,Performance Irrigation,Pulsed Lavage,Solo Simpulse
13511,BDM,MDS,Advanced Access Devices,Port Access,Port Access Needles,PowerLoc_Standalone
13518,BDM,MDS,IV Access,IVA SmartSite,IVA Extension Sets - SmartSite,SmartSite
13549,BDI,PI,Peripheral Vascular Disease,Drug Coated Balloons PVD,Lutonix,Lutonix 018
13606,BDI,SUR,Hernia,Groin Hernia,Groin Open,Soft Mesh
13618,BDI,UCC,Total Home Care Sales,Urology Home Care,Home Care Non Bard,UK DAC Sales (Non Bard)
13627,BDI,PI,End Stage Kidney Disease,Drug Coated Balloons ESKD,Lutonix 035 (AV),Lutonix AV
13634,BDI,PI,Oncology,Catheter Group,Chronic CVC Catheters,Catheter Accessories
13654,BLS,BDB,Research Reagents,Research Core Non-Sirigen,Non Sirigen - Support (Flow Cytometry),Non Sirigen - Support (Flow Cytometry)
13656,BDM,MDS,Skin Prep & Securement,Skin Prep,ChloraPrep Single Swabstick,Single Swabstick 1.75 ml
13657,BDM,MMS,Alaris Plus,POC Systems,Alaris Plus Docking Station - Placement,AGW AUX-01 - Placement
13667,BDI,PI,Peripheral Vascular Disease,Drug Coated Balloons PVD,Lutonix,Lutonix SFA
13677,BDI,PI,End Stage Kidney Disease,Drug Coated Balloons ESKD,Lutonix 035 (AV),Lutonix AV
13680,BDI,PI,Peripheral Vascular Disease,Drug Coated Balloons PVD,Lutonix,Lutonix SFA
13730,BDI,PI,Peripheral Vascular Disease,Drug Coated Balloons PVD,Lutonix,Lutonix SFA
13742,BDM,MDS,Advanced Access Devices,PICC,Provena Solo 4FR DL / 3FR SL,CK
13755,BDI,PI,Peripheral Vascular Disease,Drug Coated Balloons PVD,Lutonix,Lutonix SFA
13758,BDI,SUR,Hernia,Groin Hernia,Groin Open,Kugel Patch
13777,BDM,MMS,Alaris System,Service,Alaris System Service Parts,Medley NONCATALOG
13794,BDI,PI,BD PI Other,OEM,Guidewires OEM,Guidewires OEM
13821,BDI,PI,Peripheral Vascular Disease,Drug Coated Balloons PVD,Lutonix,Lutonix SFA
13824,BDM,MDS,Advanced Access Devices,PICC,Provena 4FR DL / 3FR SL,3M CHG
13829,BDM,MMS,Alaris System,POC Systems,Alaris System PC Unit,PC 8015
13847,BDI,UCC,Total BD UCC Other,Wound Drainage,Closed Wound Suction,Miscellaneous Reliavac
13862,BDM,MDS,Advanced Access Devices,PICC,PowerPICC,3M CHG
13868,BDI,UCC,Endourology,Endourology Other,Urology Miscellaneous,Wov Ureth Coude
13881,BDI,UCC,Total Home Care Sales,Urology Home Care,Home Care Non Bard,UK DAC Sales (Non Bard)
13888,BDI,UCC,Total Home Care Sales,Urology Home Care,Home Care Non Bard,UK DAC Sales (Non Bard)
13895,BDM,MDS,Peripherally Inserted Intravenous Catheters,PIVC - Outcome-Driven,Cathena,Cathena
13923,BDI,PI,Peripheral Vascular Disease,Drug Coated Balloons PVD,Lutonix,Lutonix BTK
13978,BDI,SUR,Performance Irrigation and Other Surgery,Performance Irrigation,Pulsed Lavage,Varicare
13980,BDM,MDS,Advanced Access Devices,PICC Other,PICC Accessories,Micro-EZ
13982,BDM,MDS,Advanced Access Devices,Port Access,Port Access Needles,MiniLoc_APPAS_3M CHG
14003,BDI,PI,Oncology,Catheter Group,Chronic CVC Catheters,Broviac Hickman Leonard Catheters
14025,BDI,SUR,Hernia,Ventral,Open Ventral,Ventrio
14026,BDI,PI,Peripheral Vascular Disease,Drug Coated Balloons PVD,Lutonix,Lutonix 018
14063,BDI,SUR,Hernia,Ventral,Open Ventral,Ventrio
14064,BDI,PI,Peripheral Vascular Disease,Drug Coated Balloons PVD,Lutonix,Lutonix BTK
14077,BDM,MMS,Alaris System,Service,Alaris System Service Parts,Medley NONCATALOG
14085,BDI,UCC,Total Acute Urology,Urological Drainage,Other Urology,Stylets
14127,BDI,UCC,Total Acute Urology,Urological Drainage,Other Urology,Airways/ Miscellaneous
14145,BDI,PI,Peripheral Vascular Disease,Drug Coated Balloons PVD,Lutonix,Lutonix SFA
14147,BDI,PI,Oncology,Ports,Ports,Non-Power Ports
14175,BDI,PI,End Stage Kidney Disease,Fabrics and Meshes,Fabrics,Fabrics
14182,BDI,SUR,Performance Irrigation and Other Surgery,Performance Irrigation,Pulsed Lavage,Simpulse Plus
14186,BDI,SUR,Performance Irrigation and Other Surgery,Performance Irrigation,Pulsed Lavage,Simpulse Plus
14193,BDI,UCC,Total Home Care Sales,Urology Home Care,Home Care Non Bard,UK DAC Sales (Non Bard)
14198,BDI,UCC,Total Home Care Sales,Urology Home Care,Home Care Non Bard,UK DAC Sales (Non Bard)
14266,BDI,PI,Peripheral Vascular Disease,Drug Coated Balloons PVD,Lutonix,Lutonix 018
14275,BDM,MMS,IV Solutions,IV Solutions,FreeFlex,Dextrose
14282,BDI,PI,End Stage Kidney Disease,Drug Coated Balloons ESKD,Lutonix 035 (AV),Lutonix AV
14313,BDI,SUR,Hernia,Ventral,Lap Ventral,Composix LP
14368,BDM,MDS,Advanced Access Devices,PICC Other,PICC Accessories,Micro-EZ
14373,BDI,UCC,Endourology,Endourology Other,Urology Miscellaneous,Wov Ureth Coude
14417,BDM,MDS,Advanced Access Devices,PICC,Provena Solo 5FR TL,CK
14434,BLS,BDB,Clinical Reagents,Custom Clinical Reagents,Custom - CTT CM,CTT CM
14446,BLS,BDB,Advanced Bioprocessing,Peptones,Peptones AO,AO Peptones
14471,BLS,BDB,Research Reagents,Custom Research Reagents,Non Sirigen - CTT,Non Sirigen - CTT
14481,BLS,BDB,Clinical Reagents,Custom Clinical Reagents,Custom - CTT CM,CTT CM
14482,BLS,BDB,Research Reagents,Custom Research Reagents,Non Sirigen - CTT,Non Sirigen - CTT
14483,BLS,BDB,Research Reagents,Custom Research Reagents,Non Sirigen - CTT,Non Sirigen - CTT
14484,BLS,BDB,Research Reagents,Custom Research Reagents,Non Sirigen - CTT,Non Sirigen - CTT
14485,BLS,BDB,Research Reagents,Custom Research Reagents,Non Sirigen - CTT,Non Sirigen - CTT
14486,BLS,BDB,Research Reagents,Custom Research Reagents,Non Sirigen - CTT,Non Sirigen - CTT
14487,BLS,BDB,Research Reagents,Custom Research Reagents,Non Sirigen - CTT,Non Sirigen - CTT
14488,BLS,BDB,Research Reagents,Custom Research Reagents,Non Sirigen - CTT,Non Sirigen - CTT
14489,BLS,BDB,Research Reagents,Custom Research Reagents,Non Sirigen - CTT,Non Sirigen - CTT
14494,BDM,MDS,Advanced Access Devices,PICC Other,PICC Accessories,Micro-EZ
14497,BDM,MDS,Advanced Access Devices,Port Access,Port Access Needles,SafeStep_APPAS_3M CHG
14504,BDM,MDS,Anesthesia Systems,Anesthesia Systems - Conventional,Radiology Products,Sterile Disposable Needles
14511,BLS,BDB,Clinical Instruments,Sample Prep Assistant,SPA Options,SPA Options
14515,BDI,UCC,Total Home Care Sales,Urology Home Care,Home Care Non Bard,UK DAC Sales (Non Bard)
14522,BDI,UCC,Total Home Care Sales,Urology Home Care,Red Rubber Coude,Bard Red Rubber Coude 2
14523,BLS,DS,Microbiology,Industrial Microbiology,Liquid Media - Industrial,Industrial Bottled Media
14525,BDI,UCC,Total Home Care Sales,Urology Home Care,Red Rubber Coude,Bard Red Rubber Coude 2
14527,BDI,UCC,Total Home Care Sales,Urology Home Care,Home Care Non Bard,UK DAC Sales (Non Bard)
14528,BDI,UCC,Total Home Care Sales,Urology Home Care,Home Care Non Bard,UK DAC Sales (Non Bard)
14534,BDM,MMS,CME,POC Systems,CME Accessories,Infusion Accessories CME
14544,BDM,MMS,Alaris Plus,IV Pump Delivery,Alaris Plus Syringe,Enteral
14561,BDI,PI,Oncology,CHRONIC DRAINAGE,PERITX,PERITX BAGS
14565,BLS,BDB,Clinical Reagents,Custom Clinical Reagents,Custom - CTT CM,CTT CM
14623,BDI,PI,Peripheral Vascular Disease,Drug Coated Balloons PVD,Lutonix,Lutonix SFA
14624,BDI,PI,Peripheral Vascular Disease,Drug Coated Balloons PVD,Lutonix,Lutonix BTK
14642,BDI,PI,Peripheral Vascular Disease,Drug Coated Balloons PVD,Lutonix,Lutonix 018
14647,BDI,PI,BD PI Other,OEM,Textiles OEM,Textiles OEM
14652,BDM,MDS,Advanced Access Devices,Port Access,Port Access Needles,PowerLoc_APPAS_3M CHG
14658,BDI,UCC,Total Home Care Sales,Urology Home Care,Home Care Non Bard,UK DAC Sales (Non Bard)
14664,BDI,PI,Peripheral Vascular Disease,Drug Coated Balloons PVD,Lutonix,Lutonix 018
14666,BDI,PI,Oncology,Catheter Group,Chronic CVC Catheters,Catheter Accessories
14672,BDI,SUR,Hernia,Ventral,Open Ventral,Ventrio
14696,BDI,SUR,Hernia,Groin Hernia,Groin Open,Modified Onflex
14757,BDI,PI,BD PI Other,OEM,Textiles OEM,Textiles OEM
14759,BDI,UCC,Total Home Care Sales,Urology Home Care,Bardia Trays,Insertion Trays
14767,BDM,MDS,Advanced Access Devices,Port Access,Port Access Needles,MiniLoc_Standalone
14769,BDM,MMS,IV Solutions,IV Solutions - PC Adjustment,IV Solutions - PC Adjustment,IV Solutions - PC Adjustment
14776,BDI,PI,Peripheral Vascular Disease,Drug Coated Balloons PVD,Lutonix,Lutonix 018
14794,BDI,PI,Peripheral Vascular Disease,Drug Coated Balloons PVD,Lutonix,Lutonix 018
14806,BDI,PI,Oncology,Brachy,Brachy Seeds,Palladium Seeds
14808,BDI,PI,Peripheral Vascular Disease,Drug Coated Balloons PVD,Lutonix,Lutonix 018
14814,BLS,BDB,Clinical Reagents,Custom Clinical Reagents,Custom - CTT CM,CTT CM
14815,BLS,BDB,Clinical Reagents,Custom Clinical Reagents,Custom - CTT CM,CTT CM
14818,BLS,BDB,Clinical Reagents,Custom Clinical Reagents,Custom - CTT CM,CTT CM
14819,BLS,BDB,Clinical Reagents,Custom Clinical Reagents,Custom - CTT CM,CTT CM
14832,BDM,MMS,Alaris Plus,Service,Alaris Plus Service Parts,SE
14836,BDM,MDS,Advanced Access Devices,Midlines,Provena,3M CHG
14869,BDM,MDS,Advanced Access Devices,PICC,Provena 4FR DL / 3FR SL,3M CHG
14887,BDI,UCC,Total Home Care Sales,Urology Home Care,Home Care Non Bard,UK DAC Sales (Non Bard)
14890,BDI,UCC,Total Home Care Sales,Urology Home Care,Home Care Non Bard,UK DAC Sales (Non Bard)
14922,BDI,PI,Peripheral Vascular Disease,Drug Coated Balloons PVD,Lutonix,Lutonix 018
14931,BDI,UCC,Total Acute Urology,Urological Drainage,Other Urology,Stylets
14998,BLS,DS,Microbiology,Clinical Media,Plated Media - Clinical,Plated Media
15017,BDI,UCC,Endourology,Endourology Other,Urology Miscellaneous,Wov Ureth Coude
15051,BDI,PI,Peripheral Vascular Disease,Drug Coated Balloons PVD,Lutonix,Lutonix 018
15063,BDI,UCC,Endourology,Visualization,Cystoscope,Cystoscope
15098,BLS,DS,Microbiology,Industrial Microbiology,Plated Media - Industrial,Refrigerated Plates
15109,BDI,PI,Peripheral Vascular Disease,Drug Coated Balloons PVD,Lutonix,Lutonix 018
15136,BLS,BDB,Clinical Reagents,Custom Clinical Reagents,Custom - CTT CM,CTT CM
15137,BLS,BDB,Clinical Reagents,Custom Clinical Reagents,Custom - CTT CM,CTT CM
15138,BLS,BDB,Clinical Reagents,Custom Clinical Reagents,Custom - CTT CM,CTT CM
15144,BDI,PI,BD PI Other,OEM,Guidewires OEM,Guidewires OEM
15151,BDI,UCC,Total Acute Urology,Urological Drainage,Foley Trays,Criticore Disp-Foley Trays
15152,BDI,UCC,Total Acute Urology,Urological Drainage,Foley Trays,Criticore Disp-Foley Trays
15153,BDI,UCC,Total Acute Urology,Urological Drainage,Foley Trays,Criticore Disp-Foley Trays
15155,BDI,UCC,Total Home Care Sales,Urology Home Care,Home Care Non Bard,UK DAC Sales (Non Bard)
15179,BLS,BDB,Clinical Reagents,Custom Clinical Reagents,Custom - CTT CM,CTT CM
15207,BDI,PI,Peripheral Vascular Disease,Drug Coated Balloons PVD,Lutonix,Lutonix SFA
15211,BDI,PI,Oncology,Catheter Group,Chronic CVC Catheters,Trifusion Apheresis Catheters
15219,BDI,PI,BD PI Other,OEM,Textiles OEM,Textiles OEM
15221,BDM,MMS,Alaris Plus,POC Systems,Alaris Plus VP Pump - Placement,VP - Placement
15225,BDI,PI,Peripheral Vascular Disease,Drug Coated Balloons PVD,Lutonix,Lutonix 018
15268,BDM,MMS,CME,POC Systems,CME Accessories,Infusion Accessories CME
15286,BLS,BDB,Clinical Reagents,Custom Clinical Reagents,Custom - CTT CM,CTT CM
15301,BDI,UCC,Total Home Care Sales,Urology Home Care,Home Care Non Bard,UK DAC Sales (Non Bard)
15308,BDI,UCC,Total Home Care Sales,Urology Home Care,Home Care Non Bard,UK DAC Sales (Non Bard)
15310,BDI,UCC,Total Home Care Sales,Urology Home Care,Home Care Non Bard,UK DAC Sales (Non Bard)
15314,BDM,MDS,Peripherally Inserted Intravenous Catheters,PIVC - Outcome-Driven,Cathena,Cathena
15320,BDI,UCC,Total Home Care Sales,Urology Home Care,Home Care Non Bard,UK DAC Sales (Non Bard)
15333,BDI,PI,Peripheral Vascular Disease,Drug Coated Balloons PVD,Lutonix,Lutonix 018
15339,BLS,DS,Microbiology,ID/AST,Phoenix Reagents,Phoenix Combo Panel
15380,BDI,PI,Oncology,Catheter Group,Chronic CVC Catheters,Catheter Accessories
15381,BDI,PI,Oncology,Ports,Ports,Non-Power Ports
15423,BDI,SUR,Performance Irrigation and Other Surgery,Performance Irrigation,Pulsed Lavage,Solo Simpulse
15431,BDI,PI,Peripheral Vascular Disease,Drug Coated Balloons PVD,Lutonix,Lutonix 018
15531,BDI,PI,Peripheral Vascular Disease,Drug Coated Balloons PVD,Lutonix,Lutonix 018
15567,BDM,MDS,Advanced Access Devices,PICC Other,PICC Accessories,Micro-EZ
15570,BDI,SUR,Performance Irrigation and Other Surgery,Performance Irrigation,Pulsed Lavage,Solo Simpulse
15571,BDI,SUR,Performance Irrigation and Other Surgery,Performance Irrigation,Pulsed Lavage,Simpulse Plus
15576,BDI,UCC,Total Home Care Sales,Urology Home Care,Home Care Non Bard,UK DAC Sales (Non Bard)
15583,BDI,PI,Peripheral Vascular Disease,Drug Coated Balloons PVD,Lutonix,Lutonix 018
15587,BDM,MDS,Advanced Access Devices,PICC,Provena 4FR DL / 3FR SL,CK
15636,BDI,PI,BD PI Other,OEM,Textiles OEM,Textiles OEM
15647,BDM,MMS,Alaris System,Service,Alaris System Service Parts,Medley NONCATALOG
15673,BDI,UCC,Total Home Care Sales,Urology Home Care,Home Care Non Bard,UK DAC Sales (Non Bard)
15704,BDI,UCC,Total Home Care Sales,Urology Home Care,Home Care Non Bard,UK DAC Sales (Non Bard)
15722,BDM,MDS,Advanced Access Devices,Midlines,PowerGlide Pro RT,3M CHG
15727,BDI,UCC,Endourology,Stone Disposables,Guidewires,Endourology Guidewires
15733,BDI,UCC,Total Home Care Sales,Urology Home Care,Home Care Non Bard,UK DAC Sales (Non Bard)
15735,BDI,UCC,Total Home Care Sales,Urology Home Care,Home Care Non Bard,UK DAC Sales (Non Bard)
15757,BDM,MMS,Alaris System,Service,Alaris System Service Parts,Medley NONCATALOG
15780,BDI,PI,Peripheral Vascular Disease,Drug Coated Balloons PVD,Lutonix,Lutonix 018
15798,BDI,PI,Peripheral Vascular Disease,Drug Coated Balloons PVD,Lutonix,Lutonix 018
15894,BLS,BDB,Advanced Bioprocessing,Peptones,Peptones AO,AO Peptones
15930,BLS,BDB,Clinical Reagents,Custom Clinical Reagents,Custom - CTT CM,CTT CM
15938,BDI,UCC,Total BD UCC Other,Airway,NG Tubes,NG Tube with Prevent
15940,BDM,MDS,Skin Prep & Securement,Dressing,Guardiva,Guardiva
15941,BDI,UCC,Total Home Care Sales,Urology Home Care,Home Care Non Bard,UK DAC Sales (Non Bard)
15949,BDM,MDS,Gravity and Syringe Delivery,GSD Extension Sets,GSD Extension Sets - Specialty Non-Chemo,Anesthesia
15951,BDM,MDS,IV Access,IVA MaxZero,IVA Extension Sets - MaxZero,MaxZero
15961,BDI,UCC,Total Home Care Sales,Urology Home Care,Male External - Branded,LHB
15971,BDM,MMS,Alaris System,POC Systems,Alaris System Syringe Pump - Placement,Drug Infusion - Placement
15979,BDI,PI,Peripheral Vascular Disease,Drug Coated Balloons PVD,Lutonix,Lutonix 018
16004,BDI,PI,Peripheral Vascular Disease,Drug Coated Balloons PVD,Lutonix,Lutonix 018
16007,BDI,PI,Peripheral Vascular Disease,Drug Coated Balloons PVD,Lutonix,Lutonix 018
16041,BDI,PI,Peripheral Vascular Disease,Drug Coated Balloons PVD,Lutonix,Lutonix BTK
16042,BDI,PI,Peripheral Vascular Disease,Drug Coated Balloons PVD,Lutonix,Lutonix 018
16091,BDM,MDS,Skin Prep & Securement,Care and Maintenance Kits,PICC Maintenance Tray,2L PICC
16126,BDM,MDS,Advanced Access Devices,Port Access,Port Access Needles,MiniLoc_APPAS
16128,BDI,SUR,Performance Irrigation and Other Surgery,Performance Irrigation,Pulsed Lavage,Varicare
16156,BDI,PI,Peripheral Vascular Disease,Drug Coated Balloons PVD,Lutonix,Lutonix 018
16163,BDI,UCC,Endourology,Endourology Other,Urology Miscellaneous,Wov Ureth Coude
16168,BDI,PI,Peripheral Vascular Disease,Drug Coated Balloons PVD,Lutonix,Lutonix 018
16183,BDI,PI,Peripheral Vascular Disease,Drug Coated Balloons PVD,Lutonix,Lutonix SFA
16259,BDI,PI,Peripheral Vascular Disease,Drug Coated Balloons PVD,Lutonix,Lutonix 018
16320,BDI,UCC,Endourology,Endourology Other,Urology Miscellaneous,Wov Ureth Coude
16323,BDI,PI,BD PI Other,OEM,Interventional OEM,Interventional OEM
16339,BDI,UCC,Total Home Care Sales,Urology Home Care,Home Care Non Bard,UK DAC Sales (Non Bard)
16357,BDI,UCC,Total Home Care Sales,Urology Home Care,Home Care Non Bard,UK DAC Sales (Non Bard)
16361,BDI,UCC,Total Home Care Sales,Urology Home Care,Home Care Non Bard,UK DAC Sales (Non Bard)
16407,BDI,PI,Peripheral Vascular Disease,Drug Coated Balloons PVD,Lutonix,Lutonix 018
16566,BDI,SUR,Performance Irrigation and Other Surgery,Performance Irrigation,Pulsed Lavage,Varicare
16567,BDI,UCC,Total Home Care Sales,Urology Home Care,BD Uncoated,DUMMY - BD Uncoated
16579,BDI,PI,Peripheral Vascular Disease,Drug Coated Balloons PVD,Lutonix,Lutonix 018
16580,BDI,PI,Peripheral Vascular Disease,Drug Coated Balloons PVD,Lutonix,Lutonix SFA
16590,BDI,PI,Oncology,Catheter Group,Chronic CVC Catheters,Catheter Accessories
16646,BDI,PI,Peripheral Vascular Disease,Drug Coated Balloons PVD,Lutonix,Lutonix SFA
16650,BDI,PI,Oncology,Catheter Group,Chronic CVC Catheters,Trifusion Apheresis Catheters
16673,BDI,PI,Oncology,Brachy,Brachy Seeds,Palladium Seeds
16698,BDI,PI,Oncology,Catheter Group,Chronic CVC Catheters,Catheter Accessories
16734,BDI,PI,Peripheral Vascular Disease,Drug Coated Balloons PVD,Lutonix,Lutonix BTK
16760,BLS,BDB,Research Reagents,Custom Research Reagents,Non Sirigen - CTT,Non Sirigen - CTT
16764,BDI,PI,Peripheral Vascular Disease,Drug Coated Balloons PVD,Lutonix,Lutonix BTK
16793,BDI,UCC,Total Home Care Sales,Urology Home Care,Home Care Non Bard,UK DAC Sales (Non Bard)
16801,BDI,PI,Oncology,Brachy,Brachy Seeds,Palladium Seeds
16802,BDM,MMS,Alaris Plus,POC Systems,Alaris Plus CC Pump - Placement,CC - Placement
16869,BDI,PI,Oncology,Ports,Ports,Non-Power Ports
16899,BDM,MDS,Advanced Access Devices,Port Access,Port Access Needles,SafeStep_Custom
16977,BDI,UCC,Targeted Temperature Management,Arctic Sun,Arctic Sun-Hardware,Arctic Sun-Hardware
16997,BLS,BDB,Research Reagents,Custom Research Reagents,Non Sirigen - CTT,Non Sirigen - CTT
17014,BDI,UCC,Total Home Care Sales,Urology Home Care,Home Care Non Bard,UK DAC Sales (Non Bard)
17023,BDM,MDS,Anesthesia Systems,Anesthesia Systems - Conventional,Radiology Products,Sterile Multi-purpose Needles
17029,BDI,UCC,Total Home Care Sales,Urology Home Care,Home Care Non Bard,UK DAC Sales (Non Bard)
17040,BDI,UCC,Total Home Care Sales,Urology Home Care,Home Care Non Bard,UK DAC Sales (Non Bard)
17041,BDI,UCC,Total Home Care Sales,Urology Home Care,Home Care Non Bard,UK DAC Sales (Non Bard)
17050,BDI,UCC,Total Home Care Sales,Urology Home Care,Home Care Non Bard,UK DAC Sales (Non Bard)
17102,BDI,PI,Oncology,Catheter Group,Chronic CVC Catheters,Catheter Accessories
17121,BDI,PI,Peripheral Vascular Disease,Drug Coated Balloons PVD,Lutonix,Lutonix 018
17167,BDI,PI,Peripheral Vascular Disease,Drug Coated Balloons PVD,Lutonix,Lutonix 018
17185,BLS,BDB,Advanced Bioprocessing,Peptones,Peptones AO,AO Peptones
17204,BDI,PI,Oncology,Ports,Ports,Non-Power Ports
17224,BDM,MDS,Advanced Access Devices,PICC,PowerPICC Solo,CK
17232,BDI,PI,Oncology,Brachy,Brachy Seeds,Palladium Seeds
17237,BDI,PI,Peripheral Vascular Disease,Drug Coated Balloons PVD,Lutonix,Lutonix 018
17238,BLS,BDB,Research Reagents,Custom Research Reagents,Non Sirigen - CTT,Non Sirigen - CTT
17244,BDI,PI,Oncology,Ports,Ports,Dual Lumen Ports
17253,BDI,SUR,Performance Irrigation and Other Surgery,Performance Irrigation,Laparoscopic,Endoflo Irrigator
17256,BDI,PI,BD PI Other,OEM,Textiles OEM,Textiles OEM
17258,BDI,PI,BD PI Other,OEM,Textiles OEM,Textiles OEM
17260,BDI,SUR,Performance Irrigation and Other Surgery,Performance Irrigation,Pulsed Lavage,Varicare
17267,BDI,UCC,Total BD UCC Other,Wound Drainage,Channel Drains,Channel Drains
17268,BDI,PI,BD PI Other,OEM,Guidewires OEM,Guidewires OEM
17269,BDI,SUR,Performance Irrigation and Other Surgery,Performance Irrigation,Pulsed Lavage,Solo Simpulse
17270,BDI,PI,BD PI Other,OEM,Guidewires OEM,Guidewires OEM
17273,BLS,DS,Microbiology,ID/AST,BioTyper Reagents/Accessories,BioTyper Reagents/Accessories
17293,BDI,PI,Peripheral Vascular Disease,Drug Coated Balloons PVD,Lutonix,Lutonix 018
17367,BDI,PI,Peripheral Vascular Disease,Drug Coated Balloons PVD,Lutonix,Lutonix BTK
17422,BDI,PI,Peripheral Vascular Disease,Drug Coated Balloons PVD,Lutonix,Lutonix BTK
17489,BLS,DS,Microbiology,ID/AST,Sensi Disc,Sensi Disc 3M Prompt
17492,BDI,UCC,Total Acute Urology,Urological Drainage,Urethral Cath - Hospital Sales,Bard Red Rubber Hsp
17513,BDI,PI,BD PI Other,OEM,Guidewires OEM,Guidewires OEM
17543,BDM,MDS,Advanced Access Devices,PICC Other,PICC Accessories,Micro-EZ
17544,BDI,UCC,Endourology,Endourology Other,Urology Miscellaneous,Wov Ureth Coude
17545,BDI,PI,BD PI Other,OEM,Guidewires OEM,Guidewires OEM
17551,BDI,PI,BD PI Other,OEM,Guidewires OEM,Guidewires OEM
17579,BDI,PI,Oncology,Catheter Group,Chronic CVC Catheters,Catheter Accessories
17594,BDI,PI,Peripheral Vascular Disease,Drug Coated Balloons PVD,Lutonix,Lutonix 018
17664,BLS,DS,Microbiology,ID/AST,Sensi Disc,Sensi Disc 3M Prompt
17665,BLS,DS,Microbiology,ID/AST,Sensi Disc,Sensi Disc 3M Prompt
17666,BLS,DS,Microbiology,ID/AST,Sensi Disc,Sensi Disc 3M Prompt
17699,BDI,PI,BD PI Other,OEM,Textiles OEM,Textiles OEM
17704,BLS,DS,Microbiology,Blood Culture,Blood Culture Reagents,BACTEC Myco
17748,BDM,MDS,Advanced Access Devices,PICC,Provena Solo 4FR DL / 3FR SL,CK
17799,BLS,BDB,Clinical Reagents,Custom Clinical Reagents,Custom - CTT CM,CTT CM
17800,BLS,BDB,Clinical Reagents,Custom Clinical Reagents,Custom - CTT CM,CTT CM
17801,BLS,BDB,Clinical Reagents,Custom Clinical Reagents,Custom - CTT CM,CTT CM
17802,BLS,BDB,Clinical Reagents,Custom Clinical Reagents,Custom - CTT CM,CTT CM
17805,BDI,PI,Peripheral Vascular Disease,Drug Coated Balloons PVD,Lutonix,Lutonix BTK
17834,BDI,PI,Peripheral Vascular Disease,Drug Coated Balloons PVD,Lutonix,Lutonix 018
17863,BLS,BDB,Research Reagents,Custom Research Reagents,Non Sirigen - CTT,Non Sirigen - CTT
17864,BLS,BDB,Research Reagents,Custom Research Reagents,Non Sirigen - CTT,Non Sirigen - CTT
17866,BLS,BDB,Research Reagents,Custom Research Reagents,Non Sirigen - CTT,Non Sirigen - CTT
17869,BLS,BDB,Research Reagents,Custom Research Reagents,Non Sirigen - CTT,Non Sirigen - CTT
17871,BDM,MDS,Advanced Access Devices,PICC Other,PICC Accessories,Micro-EZ
17873,BDI,PI,Oncology,Drainage,Navarre,Navarre Accessories
17874,BDI,PI,Oncology,Drainage,Navarre,Navarre Accessories
17892,BDI,UCC,Total Home Care Sales,Urology Home Care,Home Care Non Bard,UK DAC Sales (Non Bard)
17898,BDI,UCC,Total Home Care Sales,Urology Home Care,Home Care Non Bard,UK DAC Sales (Non Bard)
17901,BDI,UCC,Total Home Care Sales,Urology Home Care,Home Care Non Bard,UK DAC Sales (Non Bard)
17903,BDI,UCC,Total Home Care Sales,Urology Home Care,Home Care Non Bard,UK DAC Sales (Non Bard)
17904,BDI,UCC,Total Home Care Sales,Urology Home Care,Home Care Non Bard,UK DAC Sales (Non Bard)
17908,BDM,MDS,Peripherally Inserted Intravenous Catheters,PIVC - Outcome-Driven,Cathena,Cathena
17913,BDI,UCC,Total Home Care Sales,Urology Home Care,Home Care Non Bard,UK DAC Sales (Non Bard)
17917,BDM,MMS,Alaris System,Alaris System - PC Adjustment,Alaris System - PC Adjustment,Alaris System - PC Adjustment
17963,BLS,DS,Molecular Diagnostics,ProbeTec/Viper,Viper LT HPV Reagents,Viper LT HPV Reagents
17983,BDM,MDS,Advanced Access Devices,Midlines,PowerMidline,3M CHG
18018,BDM,MMS,Alaris Plus,POC Systems,Alaris Plus GW Pump - Placement,GW 800 - Placement
18056,BDI,PI,Oncology,Brachy,Brachy Seeds,Palladium Seeds
18182,BDI,PI,Peripheral Vascular Disease,Drug Coated Balloons PVD,Lutonix,Lutonix 018
18216,BDI,UCC,Total Home Care Sales,Urology Home Care,Home Care Non Bard,UK DAC Sales (Non Bard)
18218,BDI,UCC,Total Home Care Sales,Urology Home Care,Home Care Non Bard,UK DAC Sales (Non Bard)
18220,BDI,UCC,Total Home Care Sales,Urology Home Care,Home Care Non Bard,UK DAC Sales (Non Bard)
18228,BDI,PI,Oncology,Brachy,Brachy Seeds,Palladium Seeds
18237,BDI,PI,Peripheral Vascular Disease,Drug Coated Balloons PVD,Lutonix,Lutonix BTK
18264,BLS,BDB,Clinical Reagents,Custom Clinical Reagents,Custom - CTT CM,CTT CM
18273,BDI,PI,Oncology,Ports,Ports,Dual Lumen Ports
18357,BDI,PI,Peripheral Vascular Disease,Drug Coated Balloons PVD,Lutonix,Lutonix 018
18371,BDI,PI,Oncology,Catheter Group,Chronic CVC Catheters,Catheter Accessories
18385,BDI,PI,BD PI Other,OEM,Textiles OEM,Textiles OEM
18396,BDI,PI,Oncology,Brachy,Brachy Seeds,Palladium Seeds
18443,BDI,PI,Peripheral Vascular Disease,Drug Coated Balloons PVD,Lutonix,Lutonix 018
18475,BDI,PI,Oncology,Drainage,Navarre,Navarre Accessories
18521,BDM,MMS,Alaris System,Service,Alaris System Service Parts,Directions for Use (DFU)
18553,BLS,BDB,Research Reagents,Custom Research Reagents,Non Sirigen - CTT,Non Sirigen - CTT
18600,BDI,PI,BD PI Other,OEM,Textiles OEM,Textiles OEM
18603,BDI,PI,Oncology,Drainage,Navarre,Navarre Accessories
18604,BDM,MDS,Advanced Access Devices,PICC Other,PICC Accessories,Micro-EZ
18607,BLS,BDB,Research Reagents,Custom Research Reagents,Non Sirigen - Customs,Non Sirigen - Customs
18613,BDI,SUR,Performance Irrigation and Other Surgery,Performance Irrigation,Pulsed Lavage,Varicare
18614,BDI,UCC,Endourology,Endourology Other,Urology Miscellaneous,Wov Ureth Coude
18618,BDI,SUR,Performance Irrigation and Other Surgery,Performance Irrigation,Pulsed Lavage,Solo Simpulse
18625,BDI,UCC,Endourology,Stone Disposables,Guidewires,Endourology Guidewires
18631,BDI,UCC,Total Home Care Sales,Urology Home Care,Home Care Non Bard,UK DAC Sales (Non Bard)
18632,BDI,UCC,Total Home Care Sales,Urology Home Care,Home Care Non Bard,UK DAC Sales (Non Bard)
18635,BDI,UCC,Total Home Care Sales,Urology Home Care,Home Care Non Bard,UK DAC Sales (Non Bard)
18640,BLS,DS,Microbiology,Industrial Microbiology,Liquid Media - Industrial,Industrial Bottled Media
18642,BDM,MDS,Advanced Access Devices,Port Access,Port Access Needles,MiniLoc_Standalone
18643,BLS,DS,Microbiology,Industrial Microbiology,Liquid Media - Industrial,Industrial Bottled Media
18644,BDI,UCC,Total BD UCC Other,Wound Drainage,Closed Wound Suction,Silicone 400 Kits
18646,BDM,MDS,Hazardous Drug Solutions,Texium Systems,Vial Access Device,Vial Access Device
18653,BDI,UCC,Total Home Care Sales,Urology Home Care,Home Care Non Bard,UK DAC Sales (Non Bard)
18654,BDI,UCC,Total Acute Urology,Urological Drainage,Foley Trays,Criticore Disp-Foley Trays
18655,BLS,BDB,Clinical Instruments,Sample Prep Assistant,SPA Options,SPA Options
18656,BLS,BDB,Clinical Instruments,Sample Prep Assistant,SPA Options,SPA Options
18659,BDI,UCC,Total Home Care Sales,Urology Home Care,Home Care Non Bard,UK DAC Sales (Non Bard)
18660,BDI,UCC,Total Home Care Sales,Urology Home Care,Home Care Non Bard,UK DAC Sales (Non Bard)
18661,BLS,DS,Microbiology,Industrial Microbiology,Plated Media - Industrial,Industrial Plates Custom
18663,BDI,UCC,Total Home Care Sales,Urology Home Care,Home Care Non Bard,UK DAC Sales (Non Bard)
18672,BDI,UCC,Total Home Care Sales,Urology Home Care,Home Care Non Bard,UK DAC Sales (Non Bard)
18673,BDM,MDS,Gravity and Syringe Delivery,GSD Primary Sets,GSD Primary Sets - Basic,General
18676,BDI,PI,Oncology,Brachy,Brachy Seeds,Palladium Seeds
18733,BDI,PI,Oncology,Brachy,Brachy Seeds,Palladium Seeds
18745,BDI,PI,Peripheral Vascular Disease,Drug Coated Balloons PVD,Lutonix,Lutonix 018
18793,BDM,MMS,Alaris Plus,POC Systems,Alaris Plus GP Pump,GP
18857,BDI,PI,Oncology,Brachy,Brachy Seeds,Palladium Seeds
18933,BDI,PI,Oncology,Brachy,Brachy Seeds,Iodine Seeds
18941,BDI,PI,Peripheral Vascular Disease,Drug Coated Balloons PVD,Lutonix,Lutonix BTK
18945,BDM,MDS,Advanced Access Devices,PICC,PowerPICC Solo,3M CHG
19010,BDI,UCC,Total Home Care Sales,Urology Home Care,Home Care Non Bard,UK DAC Sales (Non Bard)
19034,BDI,PI,Oncology,Catheter Group,Chronic CVC Catheters,Broviac Hickman Leonard Catheters
19069,BDM,MDS,Advanced Access Devices,PICC,Provena Solo 5FR TL,CK
19105,BDI,PI,BD PI Other,OEM,Textiles OEM,Textiles OEM
19117,BDI,PI,BD PI Other,OEM,Guidewires OEM,Guidewires OEM
19125,BDI,UCC,Total Home Care Sales,Urology Home Care,Home Care Non Bard,UK DAC Sales (Non Bard)
19126,BDI,UCC,Total Home Care Sales,Urology Home Care,Home Care Non Bard,UK DAC Sales (Non Bard)
19127,BDI,UCC,Total Home Care Sales,Urology Home Care,Home Care Non Bard,UK DAC Sales (Non Bard)
19129,BDI,PI,BD PI Other,OEM,Guidewires OEM,Guidewires OEM
19132,BDI,UCC,Total Home Care Sales,Urology Home Care,Home Care Non Bard,UK DAC Sales (Non Bard)
19133,BDI,UCC,Total Home Care Sales,Urology Home Care,Home Care Non Bard,UK DAC Sales (Non Bard)
19134,BDI,UCC,Total Home Care Sales,Urology Home Care,Home Care Non Bard,UK DAC Sales (Non Bard)
19141,BDI,UCC,Total Home Care Sales,Urology Home Care,Home Care Non Bard,UK DAC Sales (Non Bard)
19142,BLS,DS,Microbiology,Microbiology - PC Adjustment,Microbiology - PC Adjustment,Microbiology - PC Adjustment
19144,BDI,UCC,Total Home Care Sales,Urology Home Care,Home Care Non Bard,UK DAC Sales (Non Bard)
19145,BDI,UCC,Total Home Care Sales,Urology Home Care,Home Care Non Bard,UK DAC Sales (Non Bard)
19148,BDI,UCC,Total Home Care Sales,Urology Home Care,Home Care Non Bard,UK DAC Sales (Non Bard)
19150,BDI,UCC,Total Home Care Sales,Urology Home Care,Home Care Non Bard,UK DAC Sales (Non Bard)
19151,BDI,UCC,Total Home Care Sales,Urology Home Care,Home Care Non Bard,UK DAC Sales (Non Bard)
19155,BDI,UCC,Total Home Care Sales,Urology Home Care,Home Care Non Bard,UK DAC Sales (Non Bard)
19159,BDI,UCC,Total Home Care Sales,Urology Home Care,Home Care Non Bard,UK DAC Sales (Non Bard)
19160,BDI,UCC,Total Home Care Sales,Urology Home Care,Home Care Non Bard,UK DAC Sales (Non Bard)
19161,BDI,UCC,Total Home Care Sales,Urology Home Care,Home Care Non Bard,UK DAC Sales (Non Bard)
19166,BDI,UCC,Total Home Care Sales,Urology Home Care,Home Care Non Bard,UK DAC Sales (Non Bard)
19167,BDI,UCC,Total Home Care Sales,Urology Home Care,Home Care Non Bard,UK DAC Sales (Non Bard)
19170,BDI,PI,Oncology,Brachy,Brachy Seeds,Palladium Seeds
19210,BDI,PI,Peripheral Vascular Disease,Drug Coated Balloons PVD,Lutonix,Lutonix BTK
19268,BDM,MDS,Advanced Access Devices,PICC,PowerPICC Solo,3M CHG
19372,BLS,BDB,Research Reagents,Research Core Cobalt,Cobalt Blue MTS,RB613 MTS
19397,BDI,PI,End Stage Kidney Disease,Fabrics and Meshes,Fabrics,Fabrics
19413,BDI,PI,Peripheral Vascular Disease,Drug Coated Balloons PVD,Lutonix,Lutonix SFA
19437,BDM,MMS,Alaris System,Service,Alaris System Service Parts,Medley
19445,BLS,BDB,Research Reagents,Custom Research Reagents,Non Sirigen - CTT,Non Sirigen - CTT
19454,BDI,PI,Peripheral Vascular Disease,Drug Coated Balloons PVD,Lutonix,Lutonix 018
19615,BLS,BDB,Research Reagents,Research Core Sirigen,Sirigen - Immune Function (Flow Cytometry),Sirigen - Immune Function (Flow Cytometry)
19670,BDI,PI,BD PI Other,OEM,Guidewires OEM,Guidewires OEM
19674,BDI,PI,BD PI Other,OEM,Guidewires OEM,Guidewires OEM
19676,BLS,DS,Microbiology,Industrial Microbiology,Liquid Media - Industrial,Industrial Bottled Media
19686,BDI,UCC,Total BD UCC Other,Wound Drainage,Closed Wound Suction,Miscellaneous Reliavac
19696,BDM,MDS,IV Access,IVA Extension Sets - Other,IVA Extension Sets - Other,Other Safety
19757,BDI,PI,Oncology,Brachy,Brachy Seeds,Palladium Seeds
19764,BLS,BDB,Clinical Reagents,Cancer Reagents,Cancer,CAN Single Color
19814,BDI,PI,Peripheral Vascular Disease,Drug Coated Balloons PVD,Lutonix,Lutonix 018
19910,BLS,BDB,Research Reagents,Custom Research Reagents,Non Sirigen - CTT,Non Sirigen - CTT
19911,BLS,BDB,Research Reagents,Custom Research Reagents,Non Sirigen - CTT,Non Sirigen - CTT
19966,BDM,MDS,Advanced Access Devices,Midlines,Provena,Custom
19981,BLS,DS,Microbiology,ID/AST,Phoenix Reagents,Phoenix AST Panel
19995,BDI,PI,Peripheral Vascular Disease,Drug Coated Balloons PVD,Lutonix,Lutonix 018
20110,BDI,PI,Oncology,CHRONIC DRAINAGE,PERITX,PERITX BAGS
20139,BDM,MDS,Advanced Access Devices,PICC,PowerPICC Solo,CK
20168,BDI,UCC,Total Acute Urology,Urological Drainage,Temp Sensing Latex Strips,Temp Sensing Strip Foley
20253,BDI,PI,Oncology,Ports,Ports,Non-Power Ports
20289,BDI,PI,BD PI Other,OEM,Textiles OEM,Textiles OEM
20298,BDM,MDS,Advanced Access Devices,PICC Other,PICC Accessories,Micro-EZ
20303,BDI,PI,BD PI Other,OEM,Guidewires OEM,Guidewires OEM
20305,BDI,PI,BD PI Other,OEM,Guidewires OEM,Guidewires OEM
20306,BDI,PI,BD PI Other,OEM,Guidewires OEM,Guidewires OEM
20308,BDI,PI,BD PI Other,OEM,Guidewires OEM,Guidewires OEM
20323,BDI,PI,Oncology,Brachy,Brachy Seeds,Palladium Seeds
20324,BDI,PI,Oncology,Brachy,Brachy Seeds,Palladium Seeds
20397,BDI,UCC,Endourology,Visualization,Cystoscope,Cystoscope
20425,BDI,UCC,Total Home Care Sales,Urology Home Care,Home Care Non Bard,UK DAC Sales (Non Bard)
20426,BDI,UCC,Total Acute Urology,Urological Drainage,Non-IC Specialty Foleys,75cc
20428,BDI,PI,Oncology,Brachy,Brachy Seeds,Palladium Seeds
20500,BLS,BDB,Single Cell Multiomics,SCM Reagents,BD Rhapsody Reagent Kits,BD Rhapsody Reagent Kits
20546,BDM,MDS,Advanced Access Devices,PICC,PowerPICC,CK
20700,BLS,BDB,Clinical Reagents,Cancer Reagents,Sirigen - Cancer Rgt,Sirigen - CAN Single Color Rgt
20708,BDI,PI,Peripheral Vascular Disease,Drug Coated Balloons PVD,Lutonix,Lutonix 018
20740,BDM,MDS,Advanced Access Devices,PICC,Provena 4FR DL / 3FR SL,CK
20761,BDM,MMS,Alaris System,POC Systems,Alaris System PC Unit License,POC Applications
20767,BLS,BDB,Research Reagents,Custom Research Reagents,Sirigen - High Parameter,Sirigen - High Parameter
20848,BDM,MMS,Alaris System,Service,Alaris System Service Parts,Medley NONCATALOG
20858,BDI,PI,Peripheral Vascular Disease,Drug Coated Balloons PVD,Lutonix,Lutonix BTK
20929,BLS,BDB,Research Reagents,Custom Research Reagents,Non Sirigen - Customs,Non Sirigen - Customs
20934,BDI,PI,Peripheral Vascular Disease,Drug Coated Balloons PVD,Lutonix,Lutonix BTK
20944,BDI,PI,Peripheral Vascular Disease,Drug Coated Balloons PVD,Lutonix,Lutonix BTK
21008,BDI,PI,BD PI Other,OEM,Textiles OEM,Textiles OEM
21012,BDM,MDS,Advanced Access Devices,PICC Other,PICC Accessories,Micro-EZ
21013,BDI,UCC,Endourology,Endourology Other,Urology Miscellaneous,Wov Ureth Coude
21014,BDI,PI,Oncology,Biopsy Needles and Accessories,Core Needle Biopsy,Histocore
21015,BDI,SUR,Performance Irrigation and Other Surgery,Performance Irrigation,Pulsed Lavage,Solo Simpulse
21018,BDI,PI,BD PI Other,OEM,Interventional OEM,Interventional OEM
21019,BDI,PI,BD PI Other,OEM,Guidewires OEM,Guidewires OEM
21025,BDI,PI,BD PI Other,OEM,Guidewires OEM,Guidewires OEM
21031,BDI,UCC,Total Home Care Sales,Urology Home Care,Home Care Non Bard,UK DAC Sales (Non Bard)
21037,BDI,UCC,Total Home Care Sales,Urology Home Care,Home Care Non Bard,UK DAC Sales (Non Bard)
21038,BDI,UCC,Total Home Care Sales,Urology Home Care,Home Care Non Bard,UK DAC Sales (Non Bard)
21046,BDI,UCC,Total Home Care Sales,Urology Home Care,Home Care Non Bard,UK DAC Sales (Non Bard)
21048,BDI,UCC,Total Home Care Sales,Urology Home Care,Home Care Non Bard,UK DAC Sales (Non Bard)
21056,BDI,UCC,Total Home Care Sales,Urology Home Care,Home Care Non Bard,UK DAC Sales (Non Bard)
21057,BDI,UCC,Total Home Care Sales,Urology Home Care,Home Care Non Bard,UK DAC Sales (Non Bard)
21061,BDI,UCC,Total Home Care Sales,Urology Home Care,Home Care Non Bard,UK DAC Sales (Non Bard)
21064,BDI,UCC,Total Home Care Sales,Urology Home Care,Home Care Non Bard,UK DAC Sales (Non Bard)
21075,BDI,UCC,Total Home Care Sales,Urology Home Care,Home Care Non Bard,UK DAC Sales (Non Bard)
21090,BDI,UCC,Total Home Care Sales,Urology Home Care,Home Care Non Bard,UK DAC Sales (Non Bard)
21092,BDI,UCC,Total Home Care Sales,Urology Home Care,Home Care Non Bard,UK DAC Sales (Non Bard)
21097,BDI,UCC,Total Home Care Sales,Urology Home Care,Home Care Non Bard,UK DAC Sales (Non Bard)
21099,BDI,UCC,Total Home Care Sales,Urology Home Care,Home Care Non Bard,UK DAC Sales (Non Bard)
21101,BDI,UCC,Total Acute Urology,Urological Drainage,Urethral Cath - Hospital Sales,Bard Red Rubber Hsp
21102,BDI,UCC,Total Home Care Sales,Urology Home Care,Home Care Non Bard,UK DAC Sales (Non Bard)
21104,BDI,UCC,Total Home Care Sales,Urology Home Care,Home Care Non Bard,UK DAC Sales (Non Bard)
21109,BDI,UCC,Total Home Care Sales,Urology Home Care,Home Care Non Bard,UK DAC Sales (Non Bard)
21111,BDI,UCC,Total Home Care Sales,Urology Home Care,Home Care Non Bard,UK DAC Sales (Non Bard)
21113,BDI,PI,Oncology,Brachy,Brachy Seeds,Palladium Seeds
21134,BDM,MMS,Alaris System,Service,Alaris System Service Parts,Medley
21178,BDI,PI,Oncology,Catheter Group,Chronic CVC Catheters,Broviac Hickman Leonard Catheters
21289,BDI,PI,Oncology,Catheter Group,Chronic CVC Catheters,Catheter Accessories
21297,BLS,BDB,Clinical Reagents,Cytognos Reagents,Cytognos Other Reagents,Cytognos OTHER REAGENTS
21351,BLS,BDB,Research Reagents,Research Core Cobalt,Cobalt Blue OptiBuild,RB670 OptiBuild
21370,BLS,BDB,Research Reagents,Research Core Cobalt,Cobalt Blue MTS,RB670 MTS
21386,BDI,PI,Oncology,Ports,Ports,Non-Power Ports
21408,BLS,DS,Informatics,Informatics,Epicenter,Epicenter Hardware
21416,BLS,DS,Microbiology,Industrial Microbiology,DCM,Custom DCM
21417,BLS,BDB,Clinical Reagents,Cancer Reagents,Cancer,CAN Single Color
21454,BLS,BDB,Clinical Reagents,Custom Clinical Reagents,Custom - CTT CM,CTT CM
21458,BLS,BDB,Clinical Reagents,Custom Clinical Reagents,Custom - CTT CM,CTT CM
21575,BLS,BDB,Research Reagents,Research Core Cobalt,Cobalt Blue OptiBuild,RB705 OptiBuild
21585,BDI,UCC,Total Home Care Sales,Urology Home Care,Home Care Non Bard,UK DAC Sales (Non Bard)
21586,BDI,UCC,Total Home Care Sales,Urology Home Care,Home Care Non Bard,UK DAC Sales (Non Bard)
21587,BDI,UCC,Targeted Temperature Management,Arctic Sun,Arctic Sun-Hardware,Arctic Sun-Hardware
21588,BDI,UCC,Targeted Temperature Management,Arctic Sun,Arctic Sun-Hardware,Arctic Sun-Hardware
21612,BLS,BDB,Research Reagents,Research Core Cobalt,Cobalt YG OptiBuild,RY775 OptiBuild
21669,BDI,PI,BD PI Other,OEM,Clearstream OEM,OEM Clearstream Catheters
21698,BDM,MMS,Alaris System,Service,Alaris System Service Parts,Medley NONCATALOG
21760,BDI,UCC,Total Home Care Sales,Urology Home Care,Home Care Non Bard,UK DAC Sales (Non Bard)
21813,BDM,MDS,Advanced Access Devices,PICC,Provena Solo 5FR TL,CK
21859,BDI,UCC,Total Home Care Sales,Urology Home Care,Home Care Non Bard,UK DAC Sales (Non Bard)
21880,BLS,BDB,Clinical Reagents,Custom Clinical Reagents,Custom - CTT CM,CTT CM
21899,BLS,BDB,Research Reagents,Research Core Cobalt,Cobalt Blue OptiBuild,RB613 OptiBuild
21900,BDM,MMS,Alaris System,Service,Alaris System Service Parts,Medley
21926,BLS,BDB,FlowJo,FlowJo Software,BD Research Cloud,BD Research Cloud
21930,BLS,BDB,Clinical Reagents,Custom Clinical Reagents,Custom - CTT CM,CTT CM
21955,BDI,SUR,Performance Irrigation and Other Surgery,Performance Irrigation,Laparoscopic,All Other
21970,BDI,UCC,Endourology,Stone Disposables,Stents,Polyurethane Stents
21979,BDI,PI,BD PI Other,OEM,Guidewires OEM,Guidewires OEM
21980,BLS,DS,Microbiology,Industrial Microbiology,Liquid Media - Industrial,Industrial Bottle Media Custom
21988,BDI,UCC,Total BD UCC Other,Airway,NG Tubes,NG Tube with Prevent
21995,BDI,UCC,Total Home Care Sales,Urology Home Care,Home Care Non Bard,UK DAC Sales (Non Bard)
22002,BDI,UCC,Total Home Care Sales,Urology Home Care,Home Care Non Bard,UK DAC Sales (Non Bard)
22006,BDM,MMS,Alaris System,Service,Alaris System Service Parts,Medley NONCATALOG
22012,BDM,MDS,IV Access,IVA MaxPlus,IVA Extension Sets - MaxPlus,MaxPlus Clear
22014,BDI,UCC,Total Home Care Sales,Urology Home Care,Home Care Non Bard,UK DAC Sales (Non Bard)
22015,BDI,UCC,Total Home Care Sales,Urology Home Care,Home Care Non Bard,UK DAC Sales (Non Bard)
22017,BDM,MMS,BD Nexus,Service,BD Nexus Service Parts,Spares SYP
22020,BDM,MMS,BD Nexus,Service,BD Nexus Service Parts,Spares Parts
22022,BDI,UCC,Total Home Care Sales,Urology Home Care,Home Care Non Bard,UK DAC Sales (Non Bard)
22023,BDM,MMS,BD Nexus,IV Pump Delivery,BD Nexus V700 Sets,BD Nexus LVP Sets
22028,BDI,PI,Peripheral Vascular Disease,PAD Mechanical,Rotarex Capital,Rotarex Capital
22129,BLS,BDB,Single Cell Multiomics,SCM Reagents,BD Rhapsody Reagent Kits,BD Rhapsody Reagent Kits
22133,BDM,MMS,Alaris System,Service,Alaris System Service Parts,Medley
22231,BDM,MDS,Skin Prep & Securement,Skin Prep,ChloraPrep Single Swabstick,Single Swabstick 1.75 ml
22235,BDM,MMS,Alaris Plus,POC Systems,Alaris Plus Docking Station,AGW BASE-02
22243,BDI,PI,Oncology,Catheter Group,Chronic CVC Catheters,Catheter Accessories
22263,BLS,BDB,Research Reagents,Research Core Cobalt,Cobalt YG OptiBuild,RY775 OptiBuild
22327,BDI,PI,BD PI Other,Peripheral Interventional Other,Peripheral Interventional Other,Peripheral Interventional Other
22340,BDI,PI,Oncology,Catheter Group,Chronic CVC Catheters,Catheter Accessories
22391,BDI,UCC,Total BD UCC Other,Airway,Specialty Tubes,Esph Tubes
22460,BLS,BDB,Clinical Reagents,Custom Clinical Reagents,Custom - CTT CM,CTT CM
22487,BDI,PI,Oncology,Catheter Group,Chronic CVC Catheters,Trifusion Apheresis Catheters
22492,BLS,BDB,Research Reagents,Research Core Cobalt,Cobalt Blue MTS,RB670 MTS
22504,BLS,BDB,Clinical Reagents,Cytognos Reagents,Cytognos Other Reagents,Cytognos OTHER REAGENTS
22558,BDI,UCC,Total Home Care Sales,Urology Home Care,Home Care Non Bard,UK DAC Sales (Non Bard)
22595,BLS,BDB,Clinical Reagents,Cancer Reagents,Sirigen - Cancer Rgt,Sirigen - CAN Single Color Rgt
22801,BDM,MMS,Alaris System,Service,Alaris System Service Parts,Directions for Use (DFU)
22802,BDM,MMS,BD Nexus,Service,BD Nexus Service Parts,Directions for Use (DFU)
22803,BLS,BDB,Research Instruments,FACSDiscover A8,FACSDiscover A8 Instrument,FACSDiscover A8 Instrument
22925,BLS,BDB,Research Reagents,Research Core Cobalt,Cobalt YG OptiBuild,RY586 OptiBuild
22930,BDI,UCC,Total Home Care Sales,Urology Home Care,Home Care Non Bard,UK DAC Sales (Non Bard)
23007,BDI,PI,Oncology,Ports,Ports,Non-Power Ports
23022,BLS,DS,Informatics,Informatics,Epicenter,Epicenter Hardware
23040,BDI,UCC,Total Home Care Sales,Urology Home Care,Home Care Non Bard,UK DAC Sales (Non Bard)
23133,BDM,MMS,Alaris Plus,POC Systems,Alaris Plus GP Pump,GP
23155,BLS,BDB,Research Reagents,Research Core Cobalt,Cobalt Blue OptiBuild,RB705 OptiBuild
23170,BLS,BDB,Research Reagents,Custom Research Reagents,Non Sirigen - CTT,Non Sirigen - CTT
23173,BLS,BDB,Research Reagents,Custom Research Reagents,Non Sirigen - CTT,Non Sirigen - CTT
23178,BLS,BDB,Research Reagents,Custom Research Reagents,Non Sirigen - CTT,Non Sirigen - CTT
23187,BDI,PI,BD PI Other,OEM,Textiles OEM,Textiles OEM
23189,BDM,MMS,Alaris System,Service,Alaris System Service Parts,Medley NONCATALOG
23200,BDI,PI,BD PI Other,OEM,Guidewires OEM,Guidewires OEM
23201,BDI,PI,BD PI Other,OEM,Guidewires OEM,Guidewires OEM
23207,BDI,PI,BD PI Other,OEM,Guidewires OEM,Guidewires OEM
23208,BDI,PI,BD PI Other,OEM,Guidewires OEM,Guidewires OEM
23209,BDI,PI,BD PI Other,OEM,Guidewires OEM,Guidewires OEM
23210,BDM,MDS,Advanced Access Devices,Port Access,Port Access Needles,SafeStep_APPAS
23213,BDI,PI,Oncology,Biopsy Needles and Accessories,Core Needle Biopsy,Coaxial Needles
23215,BDM,MMS,Alaris System,Service,Alaris System Service Parts,Medley NONCATALOG
23219,BLS,BDB,Clinical Reagents,Custom Clinical Reagents,Custom - CTT CM,CTT CM
23220,BLS,BDB,Clinical Reagents,Custom Clinical Reagents,Custom - CTT CM,CTT CM
23221,BLS,BDB,Clinical Reagents,Custom Clinical Reagents,Custom - CTT CM,CTT CM
23222,BLS,BDB,Clinical Reagents,Custom Clinical Reagents,Custom - CTT CM,CTT CM
23223,BLS,BDB,Clinical Reagents,Custom Clinical Reagents,Custom - CTT CM,CTT CM
23224,BLS,BDB,Clinical Reagents,Custom Clinical Reagents,Custom - CTT CM,CTT CM
23225,BLS,BDB,Clinical Reagents,Custom Clinical Reagents,Custom - CTT CM,CTT CM
23226,BLS,BDB,Clinical Reagents,Custom Clinical Reagents,Custom - CTT CM,CTT CM
23227,BLS,BDB,Clinical Reagents,Custom Clinical Reagents,Custom - CTT CM,CTT CM
23228,BLS,BDB,Clinical Reagents,Custom Clinical Reagents,Custom - CTT CM,CTT CM
23229,BLS,BDB,Clinical Reagents,Custom Clinical Reagents,Custom - CTT CM,CTT CM
23230,BLS,BDB,Clinical Reagents,Custom Clinical Reagents,Custom - CTT CM,CTT CM
23244,BDI,UCC,Total Acute Urology,Urological Drainage,Foley Trays,Criticore Disp-Foley Trays
23245,BDI,UCC,Total Home Care Sales,Urology Home Care,Home Care Non Bard,UK DAC Sales (Non Bard)
23250,BDI,UCC,Total Home Care Sales,Urology Home Care,Home Care Non Bard,UK DAC Sales (Non Bard)
23255,BDI,UCC,Total Home Care Sales,Urology Home Care,Home Care Non Bard,UK DAC Sales (Non Bard)
23256,BDI,UCC,Total Home Care Sales,Urology Home Care,Home Care Non Bard,UK DAC Sales (Non Bard)
23261,BDI,UCC,Total BD UCC Other,Wound Drainage,Closed Wound Suction,Miscellaneous Reliavac
23262,BDI,UCC,Total Home Care Sales,Urology Home Care,Home Care Non Bard,UK DAC Sales (Non Bard)
23263,BLS,BDB,Research Instruments,Other Instrument Revenue (Research),Other Instrument Revenue (Research),Other Instrument Revenue (Research)
23268,BDI,UCC,Total Home Care Sales,Urology Home Care,Home Care Non Bard,UK DAC Sales (Non Bard)
23281,BLS,BDB,Clinical Reagents,Custom Clinical Reagents,Custom - CTT CM,CTT CM
23286,BDI,SUR,Performance Irrigation and Other Surgery,Performance Irrigation,Pulsed Lavage,Solo Simpulse
23420,BDI,UCC,Total Home Care Sales,Urology Home Care,Home Care Non Bard,UK DAC Sales (Non Bard)
23428,BLS,BDB,Research Instruments,Accuri,Accuri Options,Accuri Options
23605,BLS,BDB,Research Reagents,Research Core Cobalt,Cobalt Blue MTS,RB670 MTS
23641,BLS,BDB,Research Reagents,Research Core Cobalt,Cobalt YG MTS,RY775 MTS
23720,BLS,BDB,Single Cell Multiomics,SCM Reagents,BD AbSeq,AbSeq-panels
23744,BLS,BDB,Research Reagents,Research Core Cobalt,Cobalt YG MTS,RY610 MTS
23851,BLS,BDB,Research Instruments,Other Instrument Revenue (Research),Other Instrument Revenue (Research),Other Instrument Revenue (Research)
23853,BDI,UCC,Total Home Care Sales,Urology Home Care,Home Care Non Bard,UK DAC Sales (Non Bard)
23864,BLS,DS,Microbiology,Microbiology - PC Adjustment,Microbiology - PC Adjustment,Microbiology - PC Adjustment
23916,BLS,BDB,Research Reagents,Research Core Cobalt,Cobalt YG OptiBuild,RY610 OptiBuild
23950,BLS,BDB,Research Reagents,Research Core Cobalt,Cobalt Blue OptiBuild,RB613 OptiBuild
23990,BDI,PI,Oncology,Ports,Ports,Non-Power Ports
24140,BLS,BDB,Research Reagents,Research Core Non-Sirigen,Non Sirigen - Immune Function (Flow Cytometry),Non Sirigen - Immune Function (Flow Cytometry)
24172,BDI,PI,Oncology,Catheter Group,Chronic CVC Catheters,Catheter Accessories
24197,BDM,MMS,Alaris System,Service,Alaris System Service Parts,Medley NONCATALOG
24265,BLS,BDB,Research Reagents,Research Core Cobalt,Cobalt YG OptiBuild,RY610 OptiBuild
24323,BLS,SM,Specimen Management Other,Specimen Management Other,Specimen Management Other,All Other PAS
24329,BLS,DS,Microbiology,ID/AST,Misc ID and AST,Phoenix Accessories
24353,BLS,BDB,Single Cell Multiomics,SCM Reagents,BD AbSeq,AbSeq-panels
24479,BDM,MMS,Alaris System,Service,Alaris System Service Parts,Medley
24490,BDM,MMS,Alaris System,Service,Alaris System Service Parts,Medley NONCATALOG
24502,BDI,PI,Oncology,Ports,Ports,Non-Power Ports
24510,BDI,SUR,Hernia,Ventral,Lap Ventral,Composix LP
24511,BLS,BDB,Clinical Reagents,Custom Clinical Reagents,Custom - CTT CM,CTT CM
24513,BLS,BDB,Clinical Reagents,Custom Clinical Reagents,Custom - CTT CM,CTT CM
24520,BDI,PI,Peripheral Vascular Disease,Venous,Venclose,Venclose GSV Catheter
24554,BLS,BDB,Advanced Bioprocessing,Cell Culture Media,Cell Culture Animal Origin,AO Cell Culture Powder
24572,BDM,MMS,Alaris System,Service,Alaris System Service Parts,Medley
24577,BLS,BDB,Research Reagents,Research Reagents - PC Adjustment,Research Reagents - PC Adjustment,Research Reagents - PC Adjustment
24626,BLS,BDB,Research Reagents,Research Core Sirigen,Sirigen - OptiBuild,Sirigen - OptiBuild (Flow Cytometry)
24697,BLS,DS,Informatics,Informatics,Epicenter,Epicenter Hardware
24698,BLS,BDB,Research Reagents,Custom Research Reagents,Sirigen - Customs,Sirigen - Customs
24700,BLS,BDB,Research Reagents,Custom Research Reagents,Non Sirigen - Customs,Non Sirigen - Customs
24708,BDM,MMS,Alaris Plus,POC Systems,Alaris Plus GW Pump,GW 800
24751,BLS,BDB,Research Reagents,Research Core Cobalt,Cobalt Blue OptiBuild,RB670 OptiBuild
24779,BDI,SUR,Hernia,Ventral,Other Ventral Synthetic,Ventral Kugel
24797,BDI,PI,Oncology,Ports,Ports,Non-Power Ports
24800,BLS,BDB,Research Reagents,Research Core Cobalt,Cobalt Blue MTS,RB670 MTS
24814,BLS,BDB,Research Reagents,Research Core Cobalt,Cobalt Blue MTS,RB613 MTS
24855,BDM,MDS,Advanced Access Devices,PICC,PowerPICC Solo,CK
24868,BDM,MDS,Advanced Access Devices,Midlines,PowerGlide Pro Cue,Basic
24879,BDI,UCC,Endourology,Stone Disposables,Dilation Products,Straight Filform
24892,BDI,PI,BD PI Other,OEM,Guidewires OEM,Guidewires OEM
24894,BDI,UCC,Total BD UCC Other,Wound Drainage,Other Drains - BMD,Sump Drains
24896,BDI,PI,BD PI Other,OEM,Guidewires OEM,Guidewires OEM
24899,BDI,UCC,Total Home Care Sales,Urology Home Care,Home Care Non Bard,UK DAC Sales (Non Bard)
24903,BDI,UCC,Total Home Care Sales,Urology Home Care,Home Care Non Bard,UK DAC Sales (Non Bard)
24907,BDI,UCC,Total Home Care Sales,Urology Home Care,Home Care Non Bard,UK DAC Sales (Non Bard)
24908,BDI,UCC,Total Home Care Sales,Urology Home Care,Home Care Non Bard,UK DAC Sales (Non Bard)
24913,BDI,UCC,Total Home Care Sales,Urology Home Care,Home Care Non Bard,UK DAC Sales (Non Bard)
24916,BDI,UCC,Total Home Care Sales,Urology Home Care,Home Care Non Bard,UK DAC Sales (Non Bard)
24917,BDI,UCC,Total Home Care Sales,Urology Home Care,Home Care Non Bard,UK DAC Sales (Non Bard)
24918,BDI,UCC,Total Home Care Sales,Urology Home Care,Home Care Non Bard,UK DAC Sales (Non Bard)
24921,BDI,UCC,Total Home Care Sales,Urology Home Care,Home Care Non Bard,UK DAC Sales (Non Bard)
24922,BDI,UCC,Total Home Care Sales,Urology Home Care,Home Care Non Bard,UK DAC Sales (Non Bard)
24923,BDI,UCC,Total Home Care Sales,Urology Home Care,Home Care Non Bard,UK DAC Sales (Non Bard)
24928,BDI,UCC,Total Home Care Sales,Urology Home Care,Home Care Non Bard,UK DAC Sales (Non Bard)
24932,BDI,UCC,Total Home Care Sales,Urology Home Care,Home Care Non Bard,UK DAC Sales (Non Bard)
24934,BDI,UCC,Total Home Care Sales,Urology Home Care,Home Care Non Bard,UK DAC Sales (Non Bard)
24935,BDI,UCC,Total Home Care Sales,Urology Home Care,Home Care Non Bard,UK DAC Sales (Non Bard)
24938,BDI,UCC,Total Home Care Sales,Urology Home Care,Home Care Non Bard,UK DAC Sales (Non Bard)
24939,BDI,UCC,Total Acute Urology,Urological Drainage,Non-IC Specialty Foleys,2-Way Coude
24943,BDI,UCC,Total Home Care Sales,Urology Home Care,Home Care Non Bard,UK DAC Sales (Non Bard)
24945,BDI,UCC,Total Home Care Sales,Urology Home Care,Home Care Non Bard,UK DAC Sales (Non Bard)
24946,BDI,UCC,Total Home Care Sales,Urology Home Care,Home Care Non Bard,UK DAC Sales (Non Bard)
24947,BDI,UCC,Total Home Care Sales,Urology Home Care,Home Care Non Bard,UK DAC Sales (Non Bard)
24952,BDI,UCC,Total Home Care Sales,Urology Home Care,Home Care Non Bard,UK DAC Sales (Non Bard)
24954,BDI,UCC,Total Home Care Sales,Urology Home Care,Home Care Non Bard,UK DAC Sales (Non Bard)
24956,BDI,UCC,Total Home Care Sales,Urology Home Care,Home Care Non Bard,UK DAC Sales (Non Bard)
24958,BDI,UCC,Total Home Care Sales,Urology Home Care,Home Care Non Bard,UK DAC Sales (Non Bard)
24960,BDI,UCC,Total Home Care Sales,Urology Home Care,Home Care Non Bard,UK DAC Sales (Non Bard)
24966,BDI,UCC,Total Home Care Sales,Urology Home Care,Home Care Non Bard,UK DAC Sales (Non Bard)
24968,BDI,UCC,Total Home Care Sales,Urology Home Care,Home Care Non Bard,UK DAC Sales (Non Bard)
24973,BDI,UCC,Total Home Care Sales,Urology Home Care,Home Care Non Bard,UK DAC Sales (Non Bard)
24979,BDI,UCC,Total Home Care Sales,Urology Home Care,Home Care Non Bard,UK DAC Sales (Non Bard)
24980,BDI,UCC,Total Home Care Sales,Urology Home Care,Home Care Non Bard,UK DAC Sales (Non Bard)
24982,BDI,UCC,Total Home Care Sales,Urology Home Care,Home Care Non Bard,UK DAC Sales (Non Bard)
24983,BDI,UCC,Total Home Care Sales,Urology Home Care,Home Care Non Bard,UK DAC Sales (Non Bard)
24985,BDI,UCC,Total Home Care Sales,Urology Home Care,Home Care Non Bard,UK DAC Sales (Non Bard)
24986,BDI,UCC,Total Home Care Sales,Urology Home Care,Home Care Non Bard,UK DAC Sales (Non Bard)
24988,BDI,UCC,Total Home Care Sales,Urology Home Care,Home Care Non Bard,UK DAC Sales (Non Bard)
24992,BDM,MMS,Alaris System,POC Systems,Alaris System PC Unit License,POC Applications
24993,BLS,BDB,Clinical Reagents,Custom Clinical Reagents,Custom - CTT CM,CTT CM
24994,BLS,BDB,Clinical Reagents,Custom Clinical Reagents,Custom - CTT CM,CTT CM
24995,BLS,BDB,Clinical Reagents,Custom Clinical Reagents,Custom - CTT CM,CTT CM
24997,BLS,BDB,Clinical Reagents,Custom Clinical Reagents,Custom - CTT CM,CTT CM
24998,BLS,BDB,Clinical Reagents,Custom Clinical Reagents,Custom - CTT CM,CTT CM
24999,BLS,BDB,Clinical Reagents,Custom Clinical Reagents,Custom - CTT CM,CTT CM
25000,BLS,BDB,Clinical Reagents,Custom Clinical Reagents,Custom - CTT CM,CTT CM
25001,BLS,BDB,Clinical Reagents,Custom Clinical Reagents,Custom - CTT CM,CTT CM
25002,BLS,BDB,Clinical Reagents,Custom Clinical Reagents,Custom - CTT CM,CTT CM
25003,BLS,BDB,Clinical Reagents,Custom Clinical Reagents,Custom - CTT CM,CTT CM
25010,BDI,SUR,Hernia,Groin Hernia,Groin Open,Soft Mesh
25021,BDI,SUR,Hernia,Ventral,Lap Ventral,Composix LP
25032,BLS,BDB,Clinical Reagents,Cancer Reagents,Cancer,CAN Single Color
25039,BLS,BDB,Clinical Reagents,Cancer Reagents,Cancer,CAN Single Color
25128,BLS,BDB,Research Reagents,Research Core Non-Sirigen,Non Sirigen - Immune Function (Flow Cytometry),Non Sirigen - Immune Function (Flow Cytometry)
25189,BLS,BDB,Research Reagents,Research Core Cobalt,Cobalt Blue MTS,RB613 MTS
25224,BDM,MMS,Alaris System,Service,Alaris System Service Parts,Medley NONCATALOG
25256,BLS,BDB,Research Reagents,Research Core Cobalt,Cobalt YG OptiBuild,RY703 OptiBuild
25261,BLS,BDB,Research Reagents,Research Core Cobalt,Cobalt YG MTS,RY703 MTS
25330,BLS,BDB,Research Reagents,Research Core Sirigen,Sirigen - Immune Function (Flow Cytometry),Sirigen - Immune Function (Flow Cytometry)
25352,BDI,PI,BD PI Other,OEM,Clearstream OEM,OEM Clearstream Catheters
25363,BDI,UCC,Total Home Care Sales,Urology Home Care,Home Care Non Bard,UK DAC Sales (Non Bard)
25371,BDI,PI,Oncology,Biopsy Needles and Accessories,Core Needle Biopsy,Evocore
25466,BLS,BDB,Research Reagents,Research Core Cobalt,Cobalt Blue OptiBuild,RB613 OptiBuild
25478,BLS,BDB,Research Reagents,Research Core Non-Sirigen,Non Sirigen - Immune Function (Flow Cytometry),Non Sirigen - Immune Function (Flow Cytometry)
25537,BLS,BDB,Clinical Reagents,Fluids/QC Reagents,Fluids/QC Reagents,QC Reagents
25553,BLS,BDB,Research Reagents,Research Core Cobalt,Cobalt YG MTS,RY703 MTS
25585,BLS,DS,Molecular Diagnostics,BD COR,All Other BD COR,BD COR Instrument Other
25655,BLS,BDB,Research Reagents,Research Core Cobalt,Cobalt Blue MTS,RB613 MTS
25681,BLS,BDB,Research Reagents,Research Core Cobalt,Cobalt Blue MTS,RB670 MTS
25702,BLS,BDB,Research Reagents,Research Core Cobalt,Cobalt Blue MTS,RB613 MTS
25773,BDM,MDS,Advanced Access Devices,PICC Other,PICC Accessories,Micro-EZ
25817,BDI,UCC,Endourology,Stone Disposables,Dilation Products,Straight Filform
25893,BLS,BDB,Research Reagents,Research Core Cobalt,Cobalt YG MTS,RY775 MTS
25921,BDI,PI,BD PI Other,OEM,Interventional OEM,Interventional OEM
25929,BLS,BDB,Research Reagents,Research Core Cobalt,Cobalt Blue MTS,RB613 MTS
25951,BLS,DS,Microbiology,ID/AST,BioTyper Reagents/Accessories,BioTyper Reagents/Accessories
25969,BLS,BDB,Research Reagents,Research Core Non-Sirigen,Non Sirigen - Immune Function (Flow Cytometry),Non Sirigen - Immune Function (Flow Cytometry)
25982,BDI,PI,Oncology,Ports,Ports,Non-Power Ports
26019,BLS,BDB,Research Reagents,Research Core Cobalt,Cobalt YG MTS,RY775 MTS
26052,BDM,MDS,Advanced Access Devices,Port Access,Port Access Needles,PowerLoc Max_Custom
26066,BDM,MDS,Advanced Access Devices,Port Access,Port Access Needles,SafeStep_Standalone
26067,BDI,UCC,Total Home Care Sales,Urology Home Care,Home Care Non Bard,UK DAC Sales (Non Bard)
26156,BLS,BDB,Research Reagents,Research Core Cobalt,Cobalt YG MTS,RY775 MTS
26165,BLS,BDB,Research Reagents,Research Core Cobalt,Cobalt YG MTS,RY610 MTS
26208,BLS,BDB,Research Reagents,Research Core Cobalt,Cobalt Blue OptiBuild,RB705 OptiBuild
26291,BLS,BDB,Research Reagents,Research Core Cobalt,Cobalt Blue OptiBuild,RB705 OptiBuild
26312,BLS,BDB,Research Reagents,Research Core Non-Sirigen,Non Sirigen - Immune Function (Flow Cytometry),Non Sirigen - Immune Function (Flow Cytometry)
26332,BDI,UCC,Total Acute Urology,Urological Drainage,Non-IC Specialty Foleys,75cc
26335,BDI,UCC,Endourology,Stone Disposables,Percutaneous Drainage,Pezzers
26441,BLS,BDB,Research Reagents,Research Core Cobalt,Cobalt Blue OptiBuild,RB613 OptiBuild
26454,BLS,BDB,Research Reagents,Research Core Cobalt,Cobalt Blue MTS,RB670 MTS
26499,BLS,BDB,Research Reagents,Research Core Cobalt,Cobalt Blue MTS,RB670 MTS
26623,BLS,BDB,Research Reagents,Research Core Sirigen,Sirigen - OptiBuild,Sirigen - OptiBuild (Flow Cytometry)
26654,BLS,BDB,Research Reagents,Research Core Cobalt,Cobalt Blue OptiBuild,RB705 OptiBuild
26697,BLS,BDB,Research Reagents,Research Core Cobalt,Cobalt Blue MTS,RB670 MTS
26717,BDM,MMS,Alaris System,Service,Alaris System Service Parts,Medley
26732,BLS,BDB,Research Reagents,Research Core Cobalt,Cobalt Blue OptiBuild,RB613 OptiBuild
26750,BLS,BDB,Research Reagents,Research Core Non-Sirigen,Non Sirigen - Immune Function (Flow Cytometry),Non Sirigen - Immune Function (Flow Cytometry)
26774,BLS,DS,Microbiology,Other Core Micro,Lab Reagents,Febrile Antigens
26790,BLS,BDB,Clinical Reagents,Custom Clinical Reagents,Custom - CTT CM,CTT CM
26791,BLS,BDB,Clinical Reagents,Custom Clinical Reagents,Custom - CTT CM,CTT CM
26792,BLS,BDB,Clinical Reagents,Custom Clinical Reagents,Custom - CTT CM,CTT CM
26793,BLS,BDB,Clinical Reagents,Custom Clinical Reagents,Custom - CTT CM,CTT CM
26794,BLS,BDB,Clinical Reagents,Custom Clinical Reagents,Custom - CTT CM,CTT CM
26795,BLS,BDB,Clinical Reagents,Custom Clinical Reagents,Custom - CTT CM,CTT CM
26808,BLS,BDB,Research Reagents,Research Core Cobalt,Cobalt YG MTS,RY775 MTS
26837,BLS,BDB,Research Reagents,Research Core Non-Sirigen,Non Sirigen - Immune Function (Flow Cytometry),Non Sirigen - Immune Function (Flow Cytometry)
26851,BDI,UCC,Endourology,Stone Disposables,Dilation Products,Coude Filiform
26853,BLS,BDB,Research Reagents,Research Core Cobalt,Cobalt Blue OptiBuild,RB670 OptiBuild
26899,BLS,DS,Microbiology,Microbiology - PC Adjustment,Microbiology - PC Adjustment,Microbiology - PC Adjustment
26900,BLS,BDB,Research Reagents,Research Core Sirigen,Sirigen - OptiBuild,Sirigen - OptiBuild (Flow Cytometry)
26939,BLS,DS,Molecular Diagnostics,Molecular Diagnostics - PC Adjustment,Molecular Diagnostics - PC Adjustment,Molecular Diagnostics - PC Adjustment
26996,BLS,BDB,Research Reagents,Research Core Non-Sirigen,Non Sirigen - Immune Function (Flow Cytometry),Non Sirigen - Immune Function (Flow Cytometry)
27000,BLS,BDB,Research Reagents,Research Core Cobalt,Cobalt YG MTS,RY610 MTS
27016,BLS,BDB,Research Reagents,Research Core Cobalt,Cobalt Blue OptiBuild,RB613 OptiBuild
27017,BLS,BDB,Research Reagents,Research Core Cobalt,Cobalt Blue MTS,RB670 MTS
27026,BLS,BDB,Research Reagents,Research Core Cobalt,Cobalt YG MTS,RY775 MTS
27030,BLS,BDB,Research Reagents,Research Core Cobalt,Cobalt YG Support,Antibody Controls
27058,BLS,BDB,Research Reagents,Research Core Non-Sirigen,Non Sirigen - Immune Function (Flow Cytometry),Non Sirigen - Immune Function (Flow Cytometry)
27146,BDI,PI,End Stage Kidney Disease,Drug Coated Balloons ESKD,Lutonix 035 (AV),Lutonix AV
27200,BLS,BDB,Research Reagents,Custom Research Reagents,Non Sirigen - Customs,Non Sirigen - Customs
27204,BLS,BDB,Clinical Reagents,Custom Clinical Reagents,Custom - CTT CM,CTT CM
27205,BLS,BDB,Clinical Reagents,Custom Clinical Reagents,Custom - CTT CM,CTT CM
27283,BLS,BDB,Research Reagents,Research Core Cobalt,Cobalt YG MTS,RY775 MTS
27291,BLS,BDB,Research Reagents,Research Core Sirigen,Sirigen - Immune Function (Flow Cytometry),Sirigen - Immune Function (Flow Cytometry)
27300,BLS,BDB,Research Reagents,Research Core Cobalt,Cobalt Blue OptiBuild,RB613 OptiBuild
27309,BLS,BDB,Research Reagents,Research Core Cobalt,Cobalt Blue OptiBuild,RB613 OptiBuild
27324,BLS,BDB,Research Reagents,Custom Research Reagents,Non Sirigen - CTT,Non Sirigen - CTT
27325,BLS,BDB,Research Reagents,Custom Research Reagents,Non Sirigen - CTT,Non Sirigen - CTT
27326,BLS,BDB,Research Reagents,Custom Research Reagents,Non Sirigen - CTT,Non Sirigen - CTT
27327,BLS,BDB,Research Reagents,Custom Research Reagents,Non Sirigen - CTT,Non Sirigen - CTT
27454,BDI,UCC,Endourology,Stone Disposables,Stents,Polyurethane Stents
27457,BDI,UCC,Endourology,Endourology Other,Urology Miscellaneous,Wov Ureth Coude
27466,BDI,UCC,Endourology,Endourology Other,Urology Miscellaneous,Wov Ureth Coude
27468,BDM,MDS,Advanced Access Devices,PICC Other,PICC Accessories,Micro-EZ
27471,BDI,UCC,Endourology,Stone Disposables,Stents,Polyurethane Stents
27472,BDI,UCC,Endourology,Endourology Other,Urology Miscellaneous,Wov Ureth Coude
27473,BDM,MDS,Advanced Access Devices,PICC Other,Introducers,Introducers
27479,BDI,UCC,Total Acute Urology,Urological Drainage,Non-IC Specialty Foleys,2-Way Coude
27481,BLS,SM,Specimen Management Other,Specimen Management Other,Specimen Management Other,BioTransport (DDS)
27487,BDI,UCC,Endourology,Stone Disposables,Stents,Polyurethane Stents
27488,BDI,PI,BD PI Other,OEM,Guidewires OEM,Guidewires OEM
27490,BDI,SUR,Performance Irrigation and Other Surgery,Performance Irrigation,Pulsed Lavage,Simpulse Plus
27492,BDI,PI,BD PI Other,OEM,Guidewires OEM,Guidewires OEM
27493,BDI,PI,BD PI Other,OEM,Guidewires OEM,Guidewires OEM
27495,BDM,MDS,Advanced Access Devices,Port Access,Port Access Needles,SafeStep_PAK
27496,BDI,UCC,Endourology,Stone Disposables,Guidewires,Endourology Guidewires
27499,BDI,SUR,Hernia,Groin Hernia,Groin Open,Mesh Flats
27501,BDM,MMS,Alaris System,Service,Alaris System Service Parts,Infusion Products NONCATALOG
27504,BDI,UCC,Total Home Care Sales,Urology Home Care,Home Care Non Bard,UK DAC Sales (Non Bard)
27507,BLS,BDB,Clinical Reagents,Custom Clinical Reagents,Custom - CTT CM,CTT CM
27509,BDI,UCC,Total Home Care Sales,Urology Home Care,Home Care Non Bard,UK DAC Sales (Non Bard)
27510,BDI,PI,Oncology,Biopsy Needles and Accessories,Core Needle Biopsy,Other Biopsy
27511,BDI,UCC,Total Home Care Sales,Urology Home Care,Home Care Non Bard,UK DAC Sales (Non Bard)
27512,BDI,UCC,Total Home Care Sales,Urology Home Care,Home Care Non Bard,UK DAC Sales (Non Bard)
27513,BDI,UCC,Total Home Care Sales,Urology Home Care,Home Care Non Bard,UK DAC Sales (Non Bard)
27515,BDI,UCC,Total Home Care Sales,Urology Home Care,Home Care Non Bard,UK DAC Sales (Non Bard)
27516,BDI,UCC,Total Home Care Sales,Urology Home Care,Home Care Non Bard,UK DAC Sales (Non Bard)
27518,BDI,UCC,Total Home Care Sales,Urology Home Care,Home Care Non Bard,UK DAC Sales (Non Bard)
27523,BDI,UCC,Total Home Care Sales,Urology Home Care,Home Care Non Bard,UK DAC Sales (Non Bard)
27527,BDI,UCC,Total Home Care Sales,Urology Home Care,Home Care Non Bard,UK DAC Sales (Non Bard)
27528,BDI,UCC,Total Home Care Sales,Urology Home Care,Home Care Non Bard,UK DAC Sales (Non Bard)
27529,BDI,UCC,Total Home Care Sales,Urology Home Care,Home Care Non Bard,UK DAC Sales (Non Bard)
27531,BDI,UCC,Total Home Care Sales,Urology Home Care,Home Care Non Bard,UK DAC Sales (Non Bard)
27534,BLS,BDB,Clinical Reagents,Custom Clinical Reagents,Custom - CTT CM,CTT CM
27535,BLS,BDB,Clinical Reagents,Custom Clinical Reagents,Custom - CTT CM,CTT CM
27536,BLS,BDB,Clinical Reagents,Custom Clinical Reagents,Custom - CTT CM,CTT CM
27537,BLS,BDB,Clinical Reagents,Custom Clinical Reagents,Custom - CTT CM,CTT CM
27538,BLS,BDB,Clinical Reagents,Custom Clinical Reagents,Custom - CTT CM,CTT CM
27539,BLS,BDB,Clinical Reagents,Custom Clinical Reagents,Custom - CTT CM,CTT CM
27540,BLS,BDB,Clinical Reagents,Custom Clinical Reagents,Custom - CTT CM,CTT CM
27541,BLS,BDB,Clinical Reagents,Custom Clinical Reagents,Custom - CTT CM,CTT CM
27542,BLS,BDB,Clinical Reagents,Custom Clinical Reagents,Custom - CTT CM,CTT CM
27543,BLS,BDB,Clinical Reagents,Custom Clinical Reagents,Custom - CTT CM,CTT CM
27544,BLS,BDB,Clinical Reagents,Custom Clinical Reagents,Custom - CTT CM,CTT CM
27554,BDM,MDS,Vascular Access Technologies,Site-Rite,Site-Rite Accessories,Site Rite 9 Accessories
27561,BLS,BDB,Research Instruments,FACSDiscover A8,FACSDiscover A8 Options,FACSDiscover A8 Options
27573,BDM,MMS,Alaris System,Service,Alaris System Service Parts,Medley NONCATALOG
27585,BLS,BDB,Research Reagents,Research Core Sirigen,Sirigen - OptiBuild,Sirigen - OptiBuild (Flow Cytometry)
27608,BLS,BDB,Research Reagents,Research Core Cobalt,Cobalt Blue OptiBuild,RB705 OptiBuild
27691,BLS,BDB,Research Reagents,Research Core Non-Sirigen,Non Sirigen - Immune Function (Flow Cytometry),Non Sirigen - Immune Function (Flow Cytometry)
27693,BLS,BDB,Research Reagents,Research Core Cobalt,Cobalt YG OptiBuild,RY703 OptiBuild
27697,BLS,BDB,Research Reagents,Research Core Cobalt,Cobalt Blue MTS,RB670 MTS
27742,BLS,BDB,Research Reagents,Research Core Cobalt,Cobalt YG MTS,RY775 MTS
27746,BLS,BDB,Research Reagents,Research Core Non-Sirigen,Non Sirigen - Immune Function (Flow Cytometry),Non Sirigen - Immune Function (Flow Cytometry)
27761,BLS,BDB,Research Reagents,Research Core Cobalt,Cobalt YG OptiBuild,RY610 OptiBuild
27763,BLS,BDB,Research Reagents,Research Core Non-Sirigen,Non Sirigen - Immune Function (Flow Cytometry),Non Sirigen - Immune Function (Flow Cytometry)
27861,BDI,PI,Peripheral Vascular Disease,Venous,Venclose Capital - Placement,Venclose Capital - Placement
27864,BLS,BDB,Clinical Reagents,Cytognos Reagents,Cytognos Other Reagents,Cytognos OTHER REAGENTS
27869,BLS,BDB,Research Instruments,Accuri,Accuri Options,Accuri Options
27870,BDI,PI,Oncology,Ports,Ports,Non-Power Ports
27872,BDI,PI,End Stage Kidney Disease,Drug Coated Balloons ESKD,Lutonix 035 (AV),Lutonix AV
27877,BLS,DS,Informatics,Informatics,Epicenter,Epicenter Hardware
27888,BDM,MDS,Vascular Access Technologies,Site-Rite,Site-Rite Accessories,Site Rite 9 Accessories
27895,BDI,PI,Oncology,Ports,Ports,Non-Power Ports
27922,BDI,UCC,Total Acute Urology,Urological Drainage,Sensica Monitor Accessories,Sensica Accessories
27989,BLS,BDB,Research Reagents,Research Core Cobalt,Cobalt Blue OptiBuild,RB670 OptiBuild
28005,BLS,BDB,Research Reagents,Research Core Cobalt,Cobalt YG OptiBuild,RY703 OptiBuild
28008,BLS,BDB,Research Reagents,Research Core Cobalt,Cobalt YG OptiBuild,RY703 OptiBuild
28015,BLS,BDB,Research Reagents,Research Core Cobalt,Cobalt Blue OptiBuild,RB670 OptiBuild
28033,BLS,BDB,Research Reagents,Research Core Cobalt,Cobalt Blue OptiBuild,RB670 OptiBuild
28053,BLS,BDB,Research Reagents,Research Core Cobalt,Cobalt Blue MTS,RB670 MTS
28054,BLS,BDB,Research Reagents,Research Core Cobalt,Cobalt Blue MTS,RB670 MTS
28058,BLS,BDB,Research Reagents,Research Core Non-Sirigen,Non Sirigen - Immune Function (Flow Cytometry),Non Sirigen - Immune Function (Flow Cytometry)
28076,BLS,BDB,Research Reagents,Research Core Cobalt,Cobalt Blue MTS,RB670 MTS
28106,BLS,BDB,Research Reagents,Research Core Cobalt,Cobalt Blue Support,Antibody Controls
28181,BDI,UCC,Endourology,Stone Disposables,Percutaneous Drainage,Pezzers
28210,BLS,BDB,Clinical Reagents,Custom Clinical Reagents,Custom - CTT CM,CTT CM
28277,BLS,BDB,Research Reagents,Research Core Non-Sirigen,Non Sirigen - Immune Function (Flow Cytometry),Non Sirigen - Immune Function (Flow Cytometry)
28296,BLS,BDB,Research Reagents,Research Core Cobalt,Cobalt Blue OptiBuild,RB744 OptiBuild
28297,BLS,BDB,Research Reagents,Research Core Cobalt,Cobalt Blue OptiBuild,RB670 OptiBuild
28338,BLS,BDB,Research Reagents,Research Core Cobalt,Cobalt YG MTS,RY775 MTS
28351,BLS,BDB,Research Reagents,Research Core Non-Sirigen,Non Sirigen - Immune Function (Flow Cytometry),Non Sirigen - Immune Function (Flow Cytometry)
28375,BLS,BDB,Research Reagents,Research Core Non-Sirigen,Non Sirigen - Immune Function (Flow Cytometry),Non Sirigen - Immune Function (Flow Cytometry)
28403,BDM,MMS,Alaris System,POC Systems,Alaris System Accessories - POC,Accessories
28440,BDI,UCC,Endourology,Stone Disposables,Stone Removal,Components - Labels/Inserts
28521,BLS,BDB,Research Reagents,Research Core Cobalt,Cobalt Blue MTS,RB613 MTS
28530,BLS,BDB,Clinical Reagents,Fluids/QC Reagents,Fluids/QC Reagents,QC Reagents
28554,BDI,UCC,Total Home Care Sales,Urology Home Care,Home Care Non Bard,UK DAC Sales (Non Bard)
28586,BLS,BDB,Clinical Reagents,Cancer Reagents,Cancer,CAN Single Color
28592,BDI,PI,Peripheral Vascular Disease,Drug Coated Balloons PVD,Lutonix,Lutonix BTK
28596,BDI,PI,Peripheral Vascular Disease,Drug Coated Balloons PVD,Lutonix,Lutonix BTK
28605,BLS,BDB,Research Reagents,Research Core Sirigen,Sirigen - OptiBuild,Sirigen - OptiBuild (Flow Cytometry)
28658,BLS,BDB,Research Reagents,Research Core Cobalt,Cobalt YG OptiBuild,RY703 OptiBuild
28659,BLS,BDB,Research Reagents,Research Core Sirigen,Sirigen - OptiBuild,Sirigen - OptiBuild (Flow Cytometry)
28702,BLS,BDB,Research Reagents,Research Core Cobalt,Cobalt Blue OptiBuild,RB613 OptiBuild
28718,BLS,BDB,Research Reagents,Research Core Cobalt,Cobalt Blue OptiBuild,RB613 OptiBuild
28750,BLS,BDB,Research Reagents,Research Core Cobalt,Cobalt YG OptiBuild,RY610 OptiBuild
28781,BLS,BDB,Research Reagents,Research Core Cobalt,Cobalt Blue OptiBuild,RB613 OptiBuild
28795,BLS,BDB,Research Reagents,Research Core Cobalt,Cobalt Blue MTS,RB670 MTS
28800,BLS,BDB,Research Reagents,Research Core Cobalt,Cobalt YG MTS,RY610 MTS
28825,BLS,BDB,Research Reagents,Research Core Cobalt,Cobalt YG OptiBuild,RY610 OptiBuild
28841,BDI,UCC,Endourology,Stone Disposables,Stone Removal,Components - Labels/Inserts
28869,BLS,BDB,Research Reagents,Research Core Cobalt,Cobalt YG MTS,RY703 MTS
28944,BDM,MMS,Alaris System,Alaris System - PC Adjustment,Alaris System - PC Adjustment,Alaris System - PC Adjustment
28966,BLS,BDB,Research Reagents,Custom Research Reagents,Non Sirigen - Customs,Non Sirigen - Customs
28977,BLS,BDB,Clinical Reagents,Custom Clinical Reagents,Custom - CTT CM,CTT CM
28995,BLS,BDB,Research Reagents,Research Core Sirigen,Sirigen - OptiBuild,Sirigen - OptiBuild (Flow Cytometry)
29004,BLS,BDB,Research Reagents,Research Core Cobalt,Cobalt YG MTS,RY586 MTS
29065,BLS,BDB,Research Reagents,Research Core Cobalt,Cobalt Blue OptiBuild,RB705 OptiBuild
29100,BLS,BDB,Research Reagents,Research Core Cobalt,Cobalt YG OptiBuild,RY610 OptiBuild
29108,BDI,PI,End Stage Kidney Disease,Chronic Dialysis Catheters,Chronic Dialysis,Hemosplit
29115,BDM,MDS,Advanced Access Devices,PICC,Provena 4FR DL / 3FR SL,TBD
29127,BLS,BDB,Research Reagents,Research Core Cobalt,Cobalt YG OptiBuild,RY610 OptiBuild
29146,BLS,BDB,Research Reagents,Research Core Non-Sirigen,Non Sirigen - Immune Function (Flow Cytometry),Non Sirigen - Immune Function (Flow Cytometry)
29150,BLS,BDB,Research Reagents,Research Core Cobalt,Cobalt YG OptiBuild,RY703 OptiBuild
29157,BLS,BDB,Research Reagents,Research Core Cobalt,Cobalt YG OptiBuild,RY610 OptiBuild
29170,BLS,BDB,Research Reagents,Research Core Cobalt,Cobalt YG MTS,RY775 MTS
29190,BLS,BDB,Research Reagents,Research Core Cobalt,Cobalt Blue OptiBuild,RB613 OptiBuild
29203,BLS,BDB,Research Reagents,Research Core Cobalt,Cobalt YG OptiBuild,RY610 OptiBuild
29208,BLS,BDB,Research Reagents,Research Core Sirigen,Sirigen - OptiBuild,Sirigen - OptiBuild (Flow Cytometry)
29210,BDM,MDS,Advanced Access Devices,PICC,PowerPICC,3M CHG
29223,BDM,MDS,Advanced Access Devices,PICC,Provena Solo 5FR TL,CK
29294,BLS,BDB,Research Reagents,Research Core Cobalt,Cobalt Blue MTS,RB670 MTS
29352,BLS,DS,Veritor Cov,Veritor Cov,Visual Read COV19 Antigen,Visual Read COV19 Antigen
29353,BLS,BDB,Research Reagents,Research Core Non-Sirigen,Non Sirigen - Immune Function (Flow Cytometry),Non Sirigen - Immune Function (Flow Cytometry)
29360,BDM,MDS,Advanced Access Devices,Port Access,Port Access Needles,PowerLoc_PAK
29374,BDI,UCC,Total Home Care Sales,Urology Home Care,Home Care Non Bard,UK DAC Sales (Non Bard)
29377,BDM,MMS,Alaris Plus,DI Inst,Alaris Plus Accessories - DI Inst,Stands
29386,BLS,DS,Molecular Diagnostics,ProbeTec/Viper,All Other BD Viper,Viper Ancillary Equipment
29392,BDM,MMS,Alaris Plus,POC Systems,Alaris Plus Docking Station,AGW BASE-02
29398,BDI,SUR,Hernia,Ventral,Lap Ventral,Composix LP
29454,BLS,BDB,Research Reagents,Research Core Sirigen,Sirigen - OptiBuild,Sirigen - OptiBuild (Flow Cytometry)
29457,BLS,BDB,Research Reagents,Research Core Cobalt,Cobalt Blue OptiBuild,RB705 OptiBuild
29460,BLS,BDB,Clinical Reagents,Cancer Reagents,Cancer,CAN Single Color
29516,BLS,BDB,Research Reagents,Research Core Cobalt,Cobalt YG MTS,RY743 MTS
29522,BLS,BDB,Research Reagents,Research Core Cobalt,Cobalt Blue OptiBuild,RB670 OptiBuild
29527,BLS,BDB,Research Reagents,Research Core Cobalt,Cobalt Blue OptiBuild,RB705 OptiBuild
29549,BLS,BDB,Research Reagents,Research Core Cobalt,Cobalt Blue OptiBuild,RB670 OptiBuild
29550,BLS,BDB,Research Reagents,Research Core Cobalt,Cobalt YG OptiBuild,RY703 OptiBuild
29554,BLS,BDB,Research Reagents,Research Core Cobalt,Cobalt Blue OptiBuild,RB613 OptiBuild
29570,BDI,PI,Peripheral Vascular Disease,Stents PVD,Lifestar,Lifestar
29571,BLS,BDB,Research Reagents,Research Core Cobalt,Cobalt YG OptiBuild,RY610 OptiBuild
29580,BLS,BDB,Research Reagents,Research Core Cobalt,Cobalt Blue OptiBuild,RB613 OptiBuild
29581,BLS,BDB,Research Reagents,Research Core Cobalt,Cobalt YG OptiBuild,RY610 OptiBuild
29582,BLS,BDB,Research Reagents,Research Core Cobalt,Cobalt Blue OptiBuild,RB705 OptiBuild
29604,BLS,BDB,Research Reagents,Research Core Cobalt,Cobalt YG OptiBuild,RY703 OptiBuild
29609,BLS,BDB,Research Reagents,Research Core Cobalt,Cobalt YG OptiBuild,RY703 OptiBuild
29628,BLS,BDB,Research Reagents,Research Core Cobalt,Cobalt Blue OptiBuild,RB613 OptiBuild
29667,BLS,BDB,Research Reagents,Research Core Cobalt,Cobalt Blue MTS,RB670 MTS
29674,BLS,BDB,Research Reagents,Research Core Cobalt,Cobalt Blue OptiBuild,RB670 OptiBuild
29722,BLS,BDB,Research Reagents,Research Core Cobalt,Cobalt Blue OptiBuild,RB705 OptiBuild
29738,BDM,MMS,Alaris System,Service,Alaris System Service Parts,Medley
29812,BDI,UCC,Total Home Care Sales,Urology Home Care,Home Care Non Bard,UK DAC Sales (Non Bard)
29822,BDI,UCC,Total Home Care Sales,Urology Home Care,Home Care Non Bard,UK DAC Sales (Non Bard)
29828,BDI,UCC,Targeted Temperature Management,Arctic Sun,Arctic Sun-Hardware,Arctic Sun-Hardware
29832,BLS,BDB,Clinical Reagents,Custom Clinical Reagents,Custom - CTT CM,CTT CM
29845,BLS,BDB,Clinical Reagents,Cancer Reagents,Sirigen - Cancer Rgt,Sirigen - CAN Single Color Rgt
29868,BLS,BDB,Research Reagents,Research Core Sirigen,Sirigen - OptiBuild,Sirigen - OptiBuild (Flow Cytometry)
29911,BLS,BDB,Research Reagents,Research Core Sirigen,Sirigen - OptiBuild,Sirigen - OptiBuild (Flow Cytometry)
29958,BLS,BDB,Research Reagents,Research Core Cobalt,Cobalt YG MTS,RY775 MTS
29964,BLS,BDB,Research Reagents,Research Core Cobalt,Cobalt Blue OptiBuild,RB545 OptiBuild
29972,BLS,BDB,Research Reagents,Research Core Cobalt,Cobalt YG OptiBuild,RY703 OptiBuild
29989,BLS,BDB,Research Reagents,Research Core Cobalt,Cobalt YG OptiBuild,RY703 OptiBuild
29991,BLS,BDB,Research Reagents,Research Core Non-Sirigen,Non Sirigen - Immune Function (Flow Cytometry),Non Sirigen - Immune Function (Flow Cytometry)
29995,BLS,BDB,Research Reagents,Research Core Cobalt,Cobalt Blue OptiBuild,RB613 OptiBuild
30005,BLS,BDB,Research Reagents,Research Core Non-Sirigen,Non Sirigen - Immune Function (Flow Cytometry),Non Sirigen - Immune Function (Flow Cytometry)
30010,BLS,BDB,Research Reagents,Research Core Sirigen,Sirigen - OptiBuild,Sirigen - OptiBuild (Flow Cytometry)
30015,BLS,BDB,Research Reagents,Research Core Cobalt,Cobalt YG OptiBuild,RY703 OptiBuild
30021,BLS,BDB,Research Reagents,Research Core Cobalt,Cobalt YG MTS,RY610 MTS
30028,BLS,BDB,Research Reagents,Research Core Cobalt,Cobalt YG OptiBuild,RY775 OptiBuild
30061,BLS,BDB,Research Reagents,Research Core Cobalt,Cobalt YG MTS,RY775 MTS
30063,BLS,BDB,Research Reagents,Research Core Non-Sirigen,Non Sirigen - Immune Function (Flow Cytometry),Non Sirigen - Immune Function (Flow Cytometry)
30072,BLS,BDB,Research Reagents,Research Core Cobalt,Cobalt YG OptiBuild,RY610 OptiBuild
30075,BLS,BDB,Research Reagents,Research Core Cobalt,Cobalt YG OptiBuild,RY775 OptiBuild
30076,BLS,BDB,Research Reagents,Research Core Cobalt,Cobalt Blue OptiBuild,RB670 OptiBuild
30084,BLS,BDB,Research Reagents,Research Core Cobalt,Cobalt Blue OptiBuild,RB705 OptiBuild
30086,BLS,BDB,Research Reagents,Research Core Cobalt,Cobalt Blue OptiBuild,RB613 OptiBuild
30088,BLS,BDB,Research Reagents,Research Non-Core,Non-Flow Cytometry - Assays,Non-Flow Cytometry - Assays
30103,BLS,BDB,Research Reagents,Research Core Cobalt,Cobalt YG OptiBuild,RY610 OptiBuild
30142,BLS,BDB,Research Reagents,Research Core Non-Sirigen,Non Sirigen - Immune Function (Flow Cytometry),Non Sirigen - Immune Function (Flow Cytometry)
30169,BLS,BDB,Research Reagents,Research Core Cobalt,Cobalt Blue MTS,RB670 MTS
30201,BLS,BDB,Research Reagents,Research Core Cobalt,Cobalt Blue MTS,RB670 MTS
30219,BLS,BDB,Research Reagents,Research Core Non-Sirigen,Non Sirigen - Immune Function (Flow Cytometry),Non Sirigen - Immune Function (Flow Cytometry)
30221,BLS,BDB,Research Reagents,Research Core Cobalt,Cobalt YG OptiBuild,RY610 OptiBuild
30223,BLS,BDB,Research Reagents,Research Core Cobalt,Cobalt YG MTS,RY703 MTS
30240,BLS,BDB,Research Reagents,Research Core Cobalt,Cobalt YG OptiBuild,RY610 OptiBuild
30253,BDI,UCC,Endourology,Stone Disposables,Dilation Products,Phillips Follower
30254,BDI,UCC,Total Home Care Sales,Urology Home Care,Home Care Non Bard,UK DAC Sales (Non Bard)
30286,BDI,PI,Oncology,Other Biopsy,CoreLite Capital,CoreLite Capital
30303,BDM,MMS,Alaris System,Service,Alaris System Service Parts,Medley NONCATALOG
30347,BLS,BDB,Research Reagents,Research Core Sirigen,Sirigen - Immune Function (Flow Cytometry),Sirigen - Immune Function (Flow Cytometry)
30396,BLS,BDB,Research Reagents,Research Core Cobalt,Cobalt YG OptiBuild,RY775 OptiBuild
30406,BLS,BDB,Research Reagents,Research Core Cobalt,Cobalt YG MTS,RY743 MTS
30408,BLS,BDB,Research Reagents,Research Core Cobalt,Cobalt YG OptiBuild,RY703 OptiBuild
30414,BLS,BDB,Research Reagents,Research Core Cobalt,Cobalt Blue OptiBuild,RB613 OptiBuild
30416,BLS,BDB,Research Reagents,Research Core Sirigen,Sirigen - Immune Function (Flow Cytometry),Sirigen - Immune Function (Flow Cytometry)
30424,BLS,BDB,Research Reagents,Research Core Cobalt,Cobalt Blue OptiBuild,RB670 OptiBuild
30474,BLS,BDB,Research Reagents,Research Core Non-Sirigen,Non Sirigen - Immune Function (Flow Cytometry),Non Sirigen - Immune Function (Flow Cytometry)
30488,BLS,BDB,Research Reagents,Research Core Cobalt,Cobalt YG OptiBuild,RY775 OptiBuild
30526,BLS,BDB,Research Reagents,Research Core Cobalt,Cobalt Blue MTS,RB670 MTS
30557,BLS,BDB,Research Reagents,Research Core Cobalt,Cobalt Blue OptiBuild,RB613 OptiBuild
30574,BLS,BDB,Research Reagents,Research Core Cobalt,Cobalt Blue OptiBuild,RB670 OptiBuild
30582,BLS,BDB,Research Reagents,Research Core Non-Sirigen,Non Sirigen - Immune Function (Flow Cytometry),Non Sirigen - Immune Function (Flow Cytometry)
30584,BLS,BDB,Research Reagents,Research Core Cobalt,Cobalt Blue OptiBuild,RB670 OptiBuild
30585,BLS,BDB,Research Reagents,Research Core Cobalt,Cobalt Blue OptiBuild,RB613 OptiBuild
30597,BLS,BDB,Research Reagents,Custom Research Reagents,Non Sirigen - Customs,Non Sirigen - Customs
30602,BLS,BDB,Research Reagents,Research Core Non-Sirigen,Non Sirigen - Immune Function (Flow Cytometry),Non Sirigen - Immune Function (Flow Cytometry)
30610,BLS,BDB,Research Reagents,Research Core Cobalt,Cobalt YG OptiBuild,RY775 OptiBuild
30612,BLS,BDB,Research Reagents,Research Core Cobalt,Cobalt Blue OptiBuild,RB780 OptiBuild
30617,BLS,BDB,Research Reagents,Research Core Cobalt,Cobalt YG OptiBuild,RY610 OptiBuild
30651,BLS,BDB,Research Reagents,Research Core Sirigen,Sirigen - Immune Function (Flow Cytometry),Sirigen - Immune Function (Flow Cytometry)
30655,BDM,MMS,Alaris System,POC Systems,Alaris System Accessories - POC,Accessories
30657,BDI,PI,Oncology,Ports,Ports,Non-Power Ports
30683,BLS,BDB,Research Reagents,Research Core Cobalt,Cobalt Blue OptiBuild,RB545 OptiBuild
30701,BLS,BDB,Research Reagents,Research Core Sirigen,Sirigen - OptiBuild,Sirigen - OptiBuild (Flow Cytometry)
30716,BLS,BDB,Research Reagents,Research Core Cobalt,Cobalt Blue OptiBuild,RB705 OptiBuild
30736,BDM,MDS,Advanced Access Devices,Midlines,PowerGlide Pro RT,Custom
30739,BDI,PI,BD PI Other,OEM,Textiles OEM,Textiles OEM
30768,BLS,BDB,Clinical Reagents,Custom Clinical Reagents,Custom - CTT CM,CTT CM
30792,BLS,BDB,Clinical Reagents,Custom Clinical Reagents,Custom - CTT CM,CTT CM
30793,BLS,BDB,Clinical Reagents,Custom Clinical Reagents,Custom - CTT CM,CTT CM
30794,BLS,BDB,Clinical Reagents,Custom Clinical Reagents,Custom - CTT CM,CTT CM
30795,BLS,BDB,Clinical Reagents,Custom Clinical Reagents,Custom - CTT CM,CTT CM
30796,BLS,BDB,Clinical Reagents,Custom Clinical Reagents,Custom - CTT CM,CTT CM
30797,BLS,BDB,Clinical Reagents,Custom Clinical Reagents,Custom - CTT CM,CTT CM
30798,BLS,BDB,Clinical Reagents,Custom Clinical Reagents,Custom - CTT CM,CTT CM
30799,BLS,BDB,Clinical Reagents,Custom Clinical Reagents,Custom - CTT CM,CTT CM
30800,BLS,BDB,Clinical Reagents,Custom Clinical Reagents,Custom - CTT CM,CTT CM
30801,BLS,BDB,Clinical Reagents,Custom Clinical Reagents,Custom - CTT CM,CTT CM
30829,BLS,BDB,Clinical Reagents,Custom Clinical Reagents,Clinical Sirigen - CTT,Clinical Sirigen - CTT
30830,BLS,BDB,Clinical Reagents,Custom Clinical Reagents,Clinical Sirigen - CTT,Clinical Sirigen - CTT
30831,BLS,DS,Molecular Diagnostics,ProbeTec/Viper,All Other BD Viper,ProbeTecET Ancillary Equipment
30857,BDM,MMS,Alaris System,Service,Alaris System Service Parts,Medley NONCATALOG
30881,BLS,BDB,Advanced Bioprocessing,Peptones,Peptones AO,AO Peptones
30901,BLS,BDB,Research Reagents,Research Core Sirigen,Sirigen - OptiBuild,Sirigen - OptiBuild (Flow Cytometry)
31000,BLS,BDB,Research Reagents,Research Core Cobalt,Cobalt Blue MTS,RB705 MTS
31011,BLS,BDB,Research Reagents,Research Core Cobalt,Cobalt YG MTS,RY610 MTS
31027,BLS,BDB,Research Reagents,Research Core Non-Sirigen,Non Sirigen - Support (Flow Cytometry),Non Sirigen - Support (Flow Cytometry)
31028,BLS,BDB,Research Reagents,Research Core Cobalt,Cobalt YG OptiBuild,RY703 OptiBuild
31037,BLS,BDB,Research Reagents,Research Core Cobalt,Cobalt Blue OptiBuild,RB613 OptiBuild
31056,BLS,BDB,Research Reagents,Research Core Cobalt,Cobalt YG OptiBuild,RY703 OptiBuild
31061,BLS,BDB,Research Reagents,Research Core Cobalt,Cobalt Blue OptiBuild,RB705 OptiBuild
31064,BLS,BDB,Research Reagents,Research Core Cobalt,Cobalt Blue OptiBuild,RB670 OptiBuild
31073,BLS,BDB,Research Reagents,Research Core Cobalt,Cobalt Blue MTS,RB780 MTS
31076,BLS,BDB,Research Reagents,Research Core Sirigen,Sirigen - Immune Function (Flow Cytometry),Sirigen - Immune Function (Flow Cytometry)
31121,BLS,BDB,Research Reagents,Research Core Cobalt,Cobalt YG OptiBuild,RY775 OptiBuild
31123,BLS,BDB,Research Reagents,Research Core Cobalt,Cobalt Blue MTS,RB744 MTS
31141,BLS,BDB,Research Reagents,Research Core Cobalt,Cobalt Blue OptiBuild,RB613 OptiBuild
31142,BLS,BDB,Research Reagents,Research Core Non-Sirigen,Non Sirigen - Immune Function (Flow Cytometry),Non Sirigen - Immune Function (Flow Cytometry)
31143,BLS,BDB,Research Reagents,Research Core Cobalt,Cobalt YG OptiBuild,RY703 OptiBuild
31148,BDI,PI,Oncology,Ports,Ports,Dual Lumen Ports
31149,BLS,BDB,Research Reagents,Research Core Cobalt,Cobalt YG MTS,RY703 MTS
31154,BLS,BDB,Research Reagents,Research Core Cobalt,Cobalt Blue OptiBuild,RB670 OptiBuild
31157,BLS,BDB,Research Reagents,Research Core Cobalt,Cobalt Blue OptiBuild,RB613 OptiBuild
31162,BLS,BDB,Research Reagents,Research Core Non-Sirigen,Non Sirigen - Immune Function (Flow Cytometry),Non Sirigen - Immune Function (Flow Cytometry)
31173,BLS,BDB,Research Reagents,Research Core Cobalt,Cobalt YG OptiBuild,RY610 OptiBuild
31185,BLS,BDB,Research Reagents,Research Core Sirigen,Sirigen - OptiBuild,Sirigen - OptiBuild (Flow Cytometry)
31186,BLS,BDB,Research Reagents,Research Core Non-Sirigen,Non Sirigen - Immune Function (Flow Cytometry),Non Sirigen - Immune Function (Flow Cytometry)
31189,BLS,BDB,Research Reagents,Research Core Cobalt,Cobalt Blue OptiBuild,RB613 OptiBuild
31200,BLS,BDB,Research Reagents,Research Core Cobalt,Cobalt Blue OptiBuild,RB780 OptiBuild
31207,BLS,BDB,Research Reagents,Research Core Cobalt,Cobalt Blue OptiBuild,RB670 OptiBuild
31220,BLS,BDB,Research Reagents,Research Core Cobalt,Cobalt Blue OptiBuild,RB670 OptiBuild
31254,BLS,BDB,Research Reagents,Research Core Cobalt,Cobalt Blue OptiBuild,RB613 OptiBuild
31258,BLS,BDB,Research Reagents,Research Core Cobalt,Cobalt Blue MTS,RB670 MTS
31285,BLS,BDB,Research Reagents,Research Non-Core,Non-Flow Cytometry - Assays,Non-Flow Cytometry - Assays
31292,BLS,BDB,Research Reagents,Research Core Cobalt,Cobalt Blue OptiBuild,RB670 OptiBuild
31303,BLS,BDB,Research Reagents,Research Core Sirigen,Sirigen - Immune Function (Flow Cytometry),Sirigen - Immune Function (Flow Cytometry)
31310,BLS,BDB,Research Reagents,Research Core Cobalt,Cobalt YG MTS,RY775 MTS
31314,BLS,BDB,Research Reagents,Research Core Cobalt,Cobalt Blue OptiBuild,RB613 OptiBuild
31341,BLS,BDB,Research Reagents,Research Core Cobalt,Cobalt YG OptiBuild,RY610 OptiBuild
31350,BLS,BDB,Research Reagents,Research Core Cobalt,Cobalt YG MTS,RY775 MTS
31352,BLS,BDB,Research Reagents,Research Core Cobalt,Cobalt Blue MTS,RB545 MTS
31354,BLS,BDB,Research Reagents,Research Core Cobalt,Cobalt YG MTS,RY703 MTS
31358,BLS,BDB,Research Reagents,Research Core Cobalt,Cobalt Blue MTS,RB670 MTS
31393,BDM,MMS,Alaris System,Service,Alaris System Service Parts,Medley NONCATALOG
31396,BLS,BDB,Research Reagents,Research Core Cobalt,Cobalt Blue OptiBuild,RB705 OptiBuild
31400,BLS,DS,Veritor Cov,Veritor Cov,Visual Read COV19 Antigen,Visual Read COV19 Antigen
31405,BDI,UCC,Total Home Care Sales,Urology Home Care,Home Care Non Bard,UK DAC Sales (Non Bard)
31419,BLS,BDB,Research Instruments,FACSDiscover A8,FACSDiscover A8 Instrument RR,FACSDiscover A8 Instrument RR
31453,BDI,PI,End Stage Kidney Disease,Drug Coated Balloons ESKD,Lutonix 035 (AV),Lutonix AV
31478,BLS,DS,Microbiology,Microbiology - PC Adjustment,Microbiology - PC Adjustment,Microbiology - PC Adjustment
31479,BLS,BDB,Clinical Reagents,Cancer Reagents,Cancer,CAN Single Color
31487,BLS,BDB,Research Reagents,Research Core Sirigen,Sirigen - OptiBuild,Sirigen - OptiBuild (Flow Cytometry)
31488,BDI,PI,Peripheral Vascular Disease,Drug Coated Balloons PVD,Lutonix,Lutonix BTK
31495,BLS,BDB,Research Reagents,Research Core Sirigen,Sirigen - Immune Function (Flow Cytometry),Sirigen - Immune Function (Flow Cytometry)
31578,BLS,BDB,Research Reagents,Research Core Cobalt,Cobalt Blue OptiBuild,RB780 OptiBuild
31590,BLS,BDB,Research Reagents,Research Core Cobalt,Cobalt YG OptiBuild,RY775 OptiBuild
31614,BLS,BDB,Research Reagents,Research Core Cobalt,Cobalt YG MTS,RY655 MTS
31660,BLS,BDB,Research Reagents,Research Core Cobalt,Cobalt YG OptiBuild,RY775 OptiBuild
31685,BLS,BDB,Research Reagents,Research Core Sirigen,Sirigen - Immune Function (Flow Cytometry),Sirigen - Immune Function (Flow Cytometry)
31690,BLS,BDB,Research Reagents,Research Core Cobalt,Cobalt YG OptiBuild,RY610 OptiBuild
31703,BLS,BDB,Research Reagents,Research Core Cobalt,Cobalt Blue OptiBuild,RB670 OptiBuild
31704,BLS,BDB,Research Reagents,Research Core Non-Sirigen,Non-Sirigen - OptiBuild,Non Sirigen - Optibuild (Flow Cytometry)
31721,BLS,BDB,Research Reagents,Research Core Cobalt,Cobalt YG MTS,RY703 MTS
31726,BLS,BDB,Research Reagents,Research Core Cobalt,Cobalt Blue OptiBuild,RB613 OptiBuild
31740,BLS,BDB,Research Reagents,Research Core Cobalt,Cobalt YG MTS,RY775 MTS
31765,BLS,BDB,Research Reagents,Research Core Cobalt,Cobalt YG OptiBuild,RY775 OptiBuild
31775,BLS,BDB,Research Reagents,Research Core Cobalt,Cobalt Blue OptiBuild,RB744 OptiBuild
31781,BDM,MMS,Alaris System,Service,Alaris System Service Parts,Medley
31785,BLS,BDB,Research Reagents,Research Core Cobalt,Cobalt Blue OptiBuild,RB613 OptiBuild
31790,BLS,BDB,Research Reagents,Research Core Cobalt,Cobalt Blue OptiBuild,RB613 OptiBuild
31791,BLS,BDB,Research Reagents,Research Core Cobalt,Cobalt YG OptiBuild,RY775 OptiBuild
31793,BDI,PI,End Stage Kidney Disease,Chronic Dialysis Catheters,Chronic Dialysis,Glidepath Slim
31796,BLS,BDB,Research Reagents,Research Core Sirigen,Sirigen - OptiBuild,Sirigen - OptiBuild (Flow Cytometry)
31829,BDI,PI,Oncology,Biopsy Needles and Accessories,Core Needle Biopsy,Magnum Needles
31840,BLS,BDB,Research Reagents,Research Core Non-Sirigen,Non Sirigen - Immune Function (Flow Cytometry),Non Sirigen - Immune Function (Flow Cytometry)
31844,BLS,BDB,Research Reagents,Research Core Cobalt,Cobalt Blue OptiBuild,RB613 OptiBuild
31869,BLS,BDB,Research Reagents,Research Core Non-Sirigen,Non Sirigen - Immune Function (Flow Cytometry),Non Sirigen - Immune Function (Flow Cytometry)
31887,BLS,BDB,Research Reagents,Research Core Cobalt,Cobalt Blue OptiBuild,RB613 OptiBuild
31888,BLS,BDB,Research Reagents,Research Core Cobalt,Cobalt YG OptiBuild,RY610 OptiBuild
31891,BLS,BDB,Research Reagents,Research Core Cobalt,Cobalt YG OptiBuild,RY610 OptiBuild
31900,BLS,BDB,Research Reagents,Research Core Cobalt,Cobalt YG OptiBuild,RY610 OptiBuild
31932,BLS,BDB,Research Reagents,Research Non-Core,Non-Flow Cytometry - Assays,Non-Flow Cytometry - Assays
31944,BDM,MDS,Advanced Access Devices,PICC,Provena Solo 4FR DL / 3FR SL,IR
31950,BLS,BDB,Research Reagents,Research Core Cobalt,Cobalt Blue MTS,RB613 MTS
31968,BDM,MDS,Advanced Access Devices,PICC,Groshong PICC,Basic
31990,BLS,BDB,Research Reagents,Research Core Cobalt,Cobalt Blue MTS,RB705 MTS
31994,BLS,BDB,Research Reagents,Research Core Non-Sirigen,Non Sirigen - Immune Function (Flow Cytometry),Non Sirigen - Immune Function (Flow Cytometry)
31995,BDI,PI,BD PI Other,OEM,Interventional OEM,Interventional OEM
31997,BLS,BDB,Research Reagents,Research Core Cobalt,Cobalt Blue MTS,RB613 MTS
32013,BDI,UCC,Endourology,Stone Disposables,Stents,Polyurethane Stents
32018,BDI,UCC,Endourology,Stone Disposables,Stents,Polyurethane Stents
32033,BLS,BDB,Research Reagents,Research Core Cobalt,Cobalt YG MTS,RY775 MTS
32038,BLS,BDB,Research Reagents,Research Core Non-Sirigen,Non Sirigen - Immune Function (Flow Cytometry),Non Sirigen - Immune Function (Flow Cytometry)
32039,BDI,PI,Oncology,Markers,Localization Wire,Localization Wires
32040,BDI,UCC,Endourology,Stone Disposables,Percutaneous Drainage,Misc Surgical Drains
32050,BDI,PI,BD PI Other,OEM,Textiles OEM,Textiles OEM
32051,BDI,PI,BD PI Other,OEM,Textiles OEM,Textiles OEM
32052,BDI,PI,BD PI Other,OEM,Textiles OEM,Textiles OEM
32053,BDI,PI,BD PI Other,OEM,Textiles OEM,Textiles OEM
32054,BDI,PI,BD PI Other,OEM,Textiles OEM,Textiles OEM
32059,BLS,BDB,Advanced Bioprocessing,Peptones,Peptones AO,AO Peptones
32068,BDM,MMS,Alaris System,Service,Alaris System Service Parts,Medley NONCATALOG
32076,BLS,BDB,Research Reagents,Research Core Non-Sirigen,Non Sirigen - Immune Function (Flow Cytometry),Non Sirigen - Immune Function (Flow Cytometry)
32088,BDM,MMS,BD Nexus,Service,BD Nexus Service Parts,Spares Parts
32091,BDM,MDS,Anesthesia Systems,Anesthesia Systems - Conventional,Regional Anesthesia Trays - Conventional,Epidural Trays
32094,BLS,SM,Specimen Management Other,Specimen Management Other,Specimen Management Other,BioTransport (DDS)
32096,BDI,PI,BD PI Other,OEM,Guidewires OEM,Guidewires OEM
32097,BDI,PI,BD PI Other,OEM,Guidewires OEM,Guidewires OEM
32098,BDI,PI,BD PI Other,OEM,Guidewires OEM,Guidewires OEM
32099,BDI,PI,BD PI Other,OEM,Guidewires OEM,Guidewires OEM
32101,BDI,PI,BD PI Other,OEM,Guidewires OEM,Guidewires OEM
32102,BDI,PI,BD PI Other,OEM,Guidewires OEM,Guidewires OEM
32104,BDI,PI,BD PI Other,OEM,Guidewires OEM,Guidewires OEM
32107,BLS,SM,Specimen Management Other,Specimen Management Other,Specimen Management Other,BioTransport (DDS)
32122,BDI,UCC,Total Home Care Sales,Urology Home Care,Home Care Non Bard,UK DAC Sales (Non Bard)
32123,BDI,UCC,Total Home Care Sales,Urology Home Care,Home Care Non Bard,UK DAC Sales (Non Bard)
32125,BDI,UCC,Total Home Care Sales,Urology Home Care,Home Care Non Bard,UK DAC Sales (Non Bard)
32126,BDI,UCC,Total Home Care Sales,Urology Home Care,Home Care Non Bard,UK DAC Sales (Non Bard)
32127,BDI,UCC,Total Home Care Sales,Urology Home Care,Home Care Non Bard,UK DAC Sales (Non Bard)
32136,BDI,UCC,Total Home Care Sales,Urology Home Care,Home Care Non Bard,UK DAC Sales (Non Bard)
32143,BDI,UCC,Total Home Care Sales,Urology Home Care,Home Care Non Bard,UK DAC Sales (Non Bard)
32145,BDI,UCC,Total Home Care Sales,Urology Home Care,Home Care Non Bard,UK DAC Sales (Non Bard)
32146,BDI,UCC,Total Home Care Sales,Urology Home Care,Home Care Non Bard,UK DAC Sales (Non Bard)
32149,BDI,UCC,Total Home Care Sales,Urology Home Care,Home Care Non Bard,UK DAC Sales (Non Bard)
32150,BDI,UCC,Total Home Care Sales,Urology Home Care,Home Care Non Bard,UK DAC Sales (Non Bard)
32151,BDI,UCC,Total Home Care Sales,Urology Home Care,Home Care Non Bard,UK DAC Sales (Non Bard)
32153,BDI,UCC,Total Acute Urology,Urological Drainage,Silicone Strips,All Silicone
32155,BDI,UCC,Total Home Care Sales,Urology Home Care,Home Care Non Bard,UK DAC Sales (Non Bard)
32157,BDI,UCC,Total Home Care Sales,Urology Home Care,Home Care Non Bard,UK DAC Sales (Non Bard)
32159,BDI,UCC,Total Home Care Sales,Urology Home Care,Home Care Non Bard,UK DAC Sales (Non Bard)
32160,BDI,UCC,Total Home Care Sales,Urology Home Care,Home Care Non Bard,UK DAC Sales (Non Bard)
32171,BDI,UCC,Endourology,Stone Disposables,Stents,Polyurethane Stents
32172,BDM,MMS,CME,POC Systems,CME Accessories,Infusion Accessories CME
32184,BLS,BDB,Clinical Reagents,Custom Clinical Reagents,Custom - CTT CM,CTT CM
32185,BLS,BDB,Clinical Reagents,Custom Clinical Reagents,Custom - CTT CM,CTT CM
32187,BLS,BDB,Clinical Reagents,Custom Clinical Reagents,Custom - CTT CM,CTT CM
32188,BLS,BDB,Clinical Reagents,Custom Clinical Reagents,Custom - CTT CM,CTT CM
32189,BLS,BDB,Clinical Reagents,Custom Clinical Reagents,Custom - CTT CM,CTT CM
32190,BLS,BDB,Clinical Reagents,Custom Clinical Reagents,Custom - CTT CM,CTT CM
32191,BLS,BDB,Clinical Reagents,Custom Clinical Reagents,Custom - CTT CM,CTT CM
32192,BLS,BDB,Clinical Reagents,Custom Clinical Reagents,Custom - CTT CM,CTT CM
32193,BLS,BDB,Clinical Reagents,Custom Clinical Reagents,Custom - CTT CM,CTT CM
32194,BLS,BDB,Clinical Reagents,Custom Clinical Reagents,Custom - CTT CM,CTT CM
32195,BLS,BDB,Clinical Reagents,Custom Clinical Reagents,Custom - CTT CM,CTT CM
32196,BLS,BDB,Clinical Reagents,Custom Clinical Reagents,Custom - CTT CM,CTT CM
32197,BLS,BDB,Clinical Reagents,Custom Clinical Reagents,Custom - CTT CM,CTT CM
32198,BLS,BDB,Clinical Reagents,Custom Clinical Reagents,Custom - CTT CM,CTT CM
32199,BLS,BDB,Clinical Reagents,Custom Clinical Reagents,Custom - CTT CM,CTT CM
32200,BLS,BDB,Clinical Reagents,Custom Clinical Reagents,Custom - CTT CM,CTT CM
32201,BLS,BDB,Clinical Reagents,Custom Clinical Reagents,Custom - CTT CM,CTT CM
32202,BLS,BDB,Clinical Reagents,Custom Clinical Reagents,Custom - CTT CM,CTT CM
32203,BLS,BDB,Clinical Reagents,Custom Clinical Reagents,Custom - CTT CM,CTT CM
32204,BLS,BDB,Clinical Reagents,Custom Clinical Reagents,Custom - CTT CM,CTT CM
32205,BLS,BDB,Clinical Reagents,Custom Clinical Reagents,Custom - CTT CM,CTT CM
32206,BLS,BDB,Clinical Reagents,Custom Clinical Reagents,Custom - CTT CM,CTT CM
32207,BLS,BDB,Clinical Reagents,Custom Clinical Reagents,Custom - CTT CM,CTT CM
32208,BLS,BDB,Clinical Reagents,Custom Clinical Reagents,Custom - CTT CM,CTT CM
32209,BLS,BDB,Clinical Reagents,Custom Clinical Reagents,Custom - CTT CM,CTT CM
32210,BLS,BDB,Clinical Reagents,Custom Clinical Reagents,Custom - CTT CM,CTT CM
32211,BLS,BDB,Research Instruments,FACSDiscover S8,FACSDiscover S8 Options,FACSDiscover S8 Options
32217,BLS,DS,Microbiology,TB,TB Other,Growth Micro Othr TB
32220,BLS,DS,Cancer,Cytology,All Other Instruments,FocalPoint Instrument Accessories
32223,BDI,SUR,Performance Irrigation and Other Surgery,Performance Irrigation,Pulsed Lavage,Solo Simpulse
32251,BDM,MMS,Alaris System,Service,Alaris System Service Parts,Medley
32254,BLS,BDB,Clinical Reagents,Custom Clinical Reagents,Custom - CTT CM,CTT CM
32256,BLS,BDB,Clinical Reagents,Custom Clinical Reagents,Custom - CTT CM,CTT CM
32259,BLS,BDB,Single Cell Multiomics,SCM Reagents,BD AbSeq,AbSeq-panels
32267,BDI,PI,Peripheral Vascular Disease,Drug Coated Balloons PVD,Lutonix,Lutonix BTK
32271,BLS,BDB,Research Reagents,Research Core Sirigen,Sirigen - Immune Function (Flow Cytometry),Sirigen - Immune Function (Flow Cytometry)
32276,BLS,BDB,Clinical Reagents,Cancer Reagents,Cancer,CAN Single Color
32279,BDI,PI,Peripheral Vascular Disease,Drug Coated Balloons PVD,Lutonix,Lutonix BTK
32280,BDM,MMS,Alaris System,Service,Alaris System Service Parts,Medley NONCATALOG
32285,BLS,BDB,Research Reagents,Research Core Sirigen,Sirigen - OptiBuild,Sirigen - OptiBuild (Flow Cytometry)
32291,BLS,BDB,Research Reagents,Research Core Sirigen,Sirigen - OptiBuild,Sirigen - OptiBuild (Flow Cytometry)
32318,BLS,BDB,Research Reagents,Research Core Sirigen,Sirigen - OptiBuild,Sirigen - OptiBuild (Flow Cytometry)
32351,BLS,BDB,Research Reagents,Research Core Cobalt,Cobalt Blue MTS,RB780 MTS
32366,BLS,BDB,Research Reagents,Research Core Sirigen,Sirigen - OptiBuild,Sirigen - OptiBuild (Flow Cytometry)
32371,BLS,BDB,Research Reagents,Research Core Sirigen,Sirigen - OptiBuild,Sirigen - OptiBuild (Flow Cytometry)
32379,BLS,BDB,Research Reagents,Research Core Cobalt,Cobalt YG OptiBuild,RY703 OptiBuild
32380,BLS,BDB,Clinical Reagents,Cancer Reagents,Cancer,CAN Single Color
32383,BLS,BDB,Research Reagents,Research Core Cobalt,Cobalt YG OptiBuild,RY586 OptiBuild
32387,BLS,BDB,Research Reagents,Research Core Cobalt,Cobalt YG OptiBuild,RY703 OptiBuild
32415,BLS,BDB,Research Reagents,Research Core Cobalt,Cobalt YG OptiBuild,RY703 OptiBuild
32426,BLS,BDB,Research Reagents,Research Core Cobalt,Cobalt YG OptiBuild,RY610 OptiBuild
32438,BLS,BDB,Research Reagents,Research Core Non-Sirigen,Non Sirigen - Immune Function (Flow Cytometry),Non Sirigen - Immune Function (Flow Cytometry)
32450,BLS,BDB,Research Reagents,Research Core Cobalt,Cobalt Blue OptiBuild,RB670 OptiBuild
32452,BLS,BDB,Clinical Reagents,Cancer Reagents,Cancer,CAN Single Color
32454,BDI,PI,Peripheral Vascular Disease,PTA PVD,Other PTA,Other PTA
32460,BLS,BDB,Research Reagents,Research Core Sirigen,Sirigen - OptiBuild,Sirigen - OptiBuild (Flow Cytometry)
32462,BLS,BDB,Research Reagents,Research Core Cobalt,Cobalt Blue OptiBuild,RB613 OptiBuild
32495,BLS,BDB,Research Reagents,Research Core Cobalt,Cobalt YG MTS,RY743 MTS
32507,BLS,BDB,Research Reagents,Research Core Cobalt,Cobalt Blue OptiBuild,RB670 OptiBuild
32517,BLS,BDB,Research Reagents,Research Core Cobalt,Cobalt Blue MTS,RB613 MTS
32532,BLS,BDB,Research Reagents,Research Core Cobalt,Cobalt YG MTS,RY610 MTS
32539,BLS,BDB,Research Reagents,Research Core Cobalt,Cobalt Blue OptiBuild,RB780 OptiBuild
32544,BLS,BDB,Research Reagents,Research Core Sirigen,Sirigen - OptiBuild,Sirigen - OptiBuild (Flow Cytometry)
32557,BLS,BDB,Research Reagents,Research Core Sirigen,Sirigen - OptiBuild,Sirigen - OptiBuild (Flow Cytometry)
32568,BLS,BDB,Research Reagents,Research Core Cobalt,Cobalt Blue OptiBuild,RB613 OptiBuild
32570,BLS,BDB,Research Reagents,Research Core Cobalt,Cobalt Blue OptiBuild,RB670 OptiBuild
32574,BLS,BDB,Research Reagents,Research Core Cobalt,Cobalt Blue OptiBuild,RB780 OptiBuild
32576,BLS,BDB,Research Reagents,Research Core Cobalt,Cobalt Blue MTS,RB613 MTS
32578,BLS,BDB,Research Reagents,Research Core Sirigen,Sirigen - OptiBuild,Sirigen - OptiBuild (Flow Cytometry)
32587,BLS,BDB,Research Reagents,Research Core Cobalt,Cobalt Blue MTS,RB545 MTS
32597,BLS,BDB,Research Reagents,Research Core Cobalt,Cobalt YG OptiBuild,RY775 OptiBuild
32601,BLS,BDB,Research Reagents,Research Core Cobalt,Cobalt YG MTS,RY610 MTS
32602,BLS,BDB,Research Reagents,Research Core Cobalt,Cobalt YG OptiBuild,RY703 OptiBuild
32606,BLS,BDB,Research Reagents,Research Core Cobalt,Cobalt YG Support,Antibody Controls
32607,BLS,BDB,Research Reagents,Research Core Cobalt,Cobalt YG OptiBuild,RY775 OptiBuild
32617,BLS,BDB,Research Reagents,Research Core Cobalt,Cobalt YG OptiBuild,RY610 OptiBuild
32618,BLS,BDB,Research Reagents,Research Core Cobalt,Cobalt YG MTS,RY775 MTS
32626,BLS,BDB,Research Reagents,Research Core Cobalt,Cobalt YG MTS,RY610 MTS
32631,BLS,BDB,Research Reagents,Research Core Cobalt,Cobalt Blue OptiBuild,RB670 OptiBuild
32635,BLS,BDB,Research Reagents,Research Non-Core,Non-Flow Cytometry - Assays,Non-Flow Cytometry - Assays
32643,BLS,BDB,Research Reagents,Research Core Cobalt,Cobalt Blue OptiBuild,RB545 OptiBuild
32645,BLS,BDB,Research Reagents,Research Core Cobalt,Cobalt Blue MTS,RB670 MTS
32647,BLS,DS,Microbiology,Microbiology - PC Adjustment,Microbiology - PC Adjustment,Microbiology - PC Adjustment
32660,BLS,BDB,Research Reagents,Research Core Sirigen,Sirigen - OptiBuild,Sirigen - OptiBuild (Flow Cytometry)
32661,BLS,BDB,Research Reagents,Research Core Cobalt,Cobalt YG OptiBuild,RY775 OptiBuild
32674,BDM,MMS,Alaris System,Service,Alaris System Service Parts,Medley
32677,BLS,BDB,Research Reagents,Research Core Cobalt,Cobalt Blue OptiBuild,RB670 OptiBuild
32684,BLS,BDB,Research Reagents,Research Core Sirigen,Sirigen - Immune Function (Flow Cytometry),Sirigen - Immune Function (Flow Cytometry)
32692,BLS,BDB,Research Reagents,Research Core Cobalt,Cobalt Blue OptiBuild,RB780 OptiBuild
32694,BLS,DS,Microbiology,Other Core Micro,Lab Reagents,Febrile Antigens
32709,BLS,BDB,Research Reagents,Research Core Cobalt,Cobalt Blue OptiBuild,RB613 OptiBuild
32724,BLS,BDB,Research Reagents,Research Core Cobalt,Cobalt Blue OptiBuild,RB670 OptiBuild
32726,BLS,BDB,Research Reagents,Research Core Cobalt,Cobalt Blue OptiBuild,RB670 OptiBuild
32738,BLS,BDB,Research Reagents,Research Core Cobalt,Cobalt YG OptiBuild,RY703 OptiBuild
32760,BLS,BDB,Research Reagents,Research Core Non-Sirigen,Non Sirigen - Immune Function (Flow Cytometry),Non Sirigen - Immune Function (Flow Cytometry)
32762,BLS,BDB,Research Reagents,Research Core Cobalt,Cobalt Blue OptiBuild,RB670 OptiBuild
32763,BLS,BDB,Research Reagents,Research Core Cobalt,Cobalt Blue OptiBuild,RB670 OptiBuild
32766,BLS,BDB,Research Reagents,Research Core Cobalt,Cobalt YG OptiBuild,RY610 OptiBuild
32775,BDM,MMS,Alaris System,Service,Alaris System Service Parts,Medley
32777,BLS,BDB,Research Reagents,Research Core Cobalt,Cobalt YG MTS,RY775 MTS
32778,BLS,BDB,Research Reagents,Research Core Cobalt,Cobalt Blue MTS,RB670 MTS
32790,BLS,DS,Veritor Cov,Veritor Cov,Visual Read COV19 Antigen,Visual Read COV19 Antigen
32793,BLS,BDB,Research Reagents,Research Core Non-Sirigen,Non Sirigen - Immune Function (Flow Cytometry),Non Sirigen - Immune Function (Flow Cytometry)
32803,BLS,BDB,Research Reagents,Research Core Sirigen,Sirigen - OptiBuild,Sirigen - OptiBuild (Flow Cytometry)
32844,BLS,BDB,Research Reagents,Research Core Cobalt,Cobalt Blue MTS,RB613 MTS
32855,BLS,BDB,Research Reagents,Research Core Non-Sirigen,Non Sirigen - Immune Function (Flow Cytometry),Non Sirigen - Immune Function (Flow Cytometry)
32875,BLS,BDB,Research Reagents,Research Core Cobalt,Cobalt Blue MTS,RB670 MTS
32880,BLS,BDB,Research Reagents,Research Core Non-Sirigen,Non Sirigen - Immune Function (Flow Cytometry),Non Sirigen - Immune Function (Flow Cytometry)
32908,BLS,BDB,Research Reagents,Research Core Cobalt,Cobalt Blue MTS,RB613 MTS
32930,BLS,BDB,Research Reagents,Research Core Cobalt,Cobalt Blue MTS,RB613 MTS
32940,BDI,UCC,Endourology,Stone Disposables,Dilation Products,Spiral Filiform
32943,BDI,UCC,Endourology,Stone Disposables,Ureterals,Wov Uret Cone
32944,BDI,SUR,Hernia,Groin Hernia,Groin Open,Soft Mesh
32948,BDM,MMS,Alaris Plus,DI Inst,Alaris Plus Accessories - DI Inst,Stands
32959,BLS,DS,Cancer,Cytology,All Other Instruments,PrepStain Instr Accessories
32960,BLS,DS,Cancer,Cytology,All Other Instruments,FocalPoint Instrument Accessories
32961,BLS,DS,Cancer,Cytology,All Other Instruments,FocalPoint Instrument Accessories
32966,BLS,DS,Lab Automation,Lab Automation,InoqulA Talon Instr - Sale,InoqulA Talon Instr - Sale
32981,BLS,BDB,Research Reagents,Custom Research Reagents,Cobalt - Customs,Cobalt - Customs
32984,BDM,MDS,Hypodermic Products,Conventional Hypodermic Products,Hypodermic Non Product,Conv Hypo Adj/Exp
32989,BLS,BDB,Research Reagents,Custom Research Reagents,Sirigen - CTT,Sirigen - CTT
32990,BDM,MMS,CME,POC Systems,CME BODYGUARD C VISION,Drug Infusion
32998,BLS,BDB,Advanced Bioprocessing,Peptones,Peptones AO,AO Peptones
33004,BLS,BDB,Clinical Reagents,Cancer Reagents,Cancer,CAN Single Color
33010,BDI,PI,Peripheral Vascular Disease,Drug Coated Balloons PVD,Lutonix,Lutonix BTK
33014,BLS,BDB,Research Reagents,Research Core Sirigen,Sirigen - OptiBuild,Sirigen - OptiBuild (Flow Cytometry)
33071,BLS,BDB,Single Cell Multiomics,SCM Reagents,BD AbSeq,AbSeq-panels
33111,BLS,BDB,Research Reagents,Research Core Sirigen,Sirigen - OptiBuild,Sirigen - OptiBuild (Flow Cytometry)
33112,BLS,BDB,Research Reagents,Research Core Sirigen,Sirigen - OptiBuild,Sirigen - OptiBuild (Flow Cytometry)
33143,BLS,BDB,Research Reagents,Research Core Sirigen,Sirigen - OptiBuild,Sirigen - OptiBuild (Flow Cytometry)
33161,BLS,BDB,Research Reagents,Research Core Cobalt,Cobalt Blue OptiBuild,RB613 OptiBuild
33170,BLS,BDB,Research Reagents,Research Core Sirigen,Sirigen - OptiBuild,Sirigen - OptiBuild (Flow Cytometry)
33183,BLS,BDB,Research Reagents,Research Core Cobalt,Cobalt YG OptiBuild,RY775 OptiBuild
33186,BLS,BDB,Research Reagents,Research Core Cobalt,Cobalt Blue OptiBuild,RB670 OptiBuild
33187,BLS,BDB,Research Reagents,Research Core Sirigen,Sirigen - OptiBuild,Sirigen - OptiBuild (Flow Cytometry)
33197,BLS,BDB,Research Reagents,Research Core Cobalt,Cobalt YG OptiBuild,RY703 OptiBuild
33203,BLS,BDB,Research Reagents,Research Core Cobalt,Cobalt YG MTS,RY775 MTS
33204,BLS,BDB,Research Reagents,Research Core Cobalt,Cobalt Blue MTS,RB780 MTS
33251,BLS,BDB,Research Reagents,Research Core Cobalt,Cobalt YG MTS,RY610 MTS
33262,BLS,BDB,Research Reagents,Research Core Cobalt,Cobalt YG OptiBuild,RY610 OptiBuild
33265,BLS,BDB,Research Reagents,Research Core Cobalt,Cobalt Blue OptiBuild,RB613 OptiBuild
33274,BDI,PI,Peripheral Vascular Disease,Stents PVD,Lifestar,Lifestar
33276,BLS,BDB,Research Reagents,Research Core Cobalt,Cobalt Blue MTS,RB670 MTS
33297,BLS,BDB,Research Reagents,Research Core Cobalt,Cobalt Blue OptiBuild,RB670 OptiBuild
33302,BLS,BDB,Research Reagents,Research Core Cobalt,Cobalt YG OptiBuild,RY703 OptiBuild
33308,BLS,BDB,Research Reagents,Research Core Sirigen,Sirigen - Immune Function (Flow Cytometry),Sirigen - Immune Function (Flow Cytometry)
33314,BLS,BDB,Research Reagents,Research Core Cobalt,Cobalt Blue OptiBuild,RB613 OptiBuild
33320,BLS,BDB,Research Reagents,Research Core Cobalt,Cobalt YG OptiBuild,RY775 OptiBuild
33321,BLS,BDB,Research Reagents,Research Core Cobalt,Cobalt Blue OptiBuild,RB670 OptiBuild
33328,BLS,BDB,Research Reagents,Research Core Cobalt,Cobalt YG Support,Antibody Controls
33335,BLS,BDB,Research Reagents,Research Core Cobalt,Cobalt YG OptiBuild,RY775 OptiBuild
33338,BLS,BDB,Research Reagents,Research Core Non-Sirigen,Non Sirigen - Immune Function (Flow Cytometry),Non Sirigen - Immune Function (Flow Cytometry)
33346,BLS,BDB,Research Reagents,Research Core Cobalt,Cobalt YG MTS,RY586 MTS
33371,BDI,PI,Oncology,Ports,Ports,Non-Power Ports
33384,BLS,BDB,Research Reagents,Research Core Cobalt,Cobalt YG MTS,RY703 MTS
33392,BLS,BDB,Research Reagents,Research Core Cobalt,Cobalt YG MTS,RY655 MTS
33394,BLS,BDB,Research Reagents,Research Core Cobalt,Cobalt Blue OptiBuild,RB670 OptiBuild
33401,BLS,BDB,Research Reagents,Research Core Cobalt,Cobalt YG MTS,RY775 MTS
33404,BLS,BDB,Research Reagents,Research Core Cobalt,Cobalt Blue OptiBuild,RB744 OptiBuild
33408,BLS,BDB,Research Reagents,Research Core Sirigen,Sirigen - OptiBuild,Sirigen - OptiBuild (Flow Cytometry)
33420,BLS,BDB,Research Reagents,Research Core Cobalt,Cobalt YG OptiBuild,RY703 OptiBuild
33425,BLS,BDB,Research Reagents,Research Core Cobalt,Cobalt YG OptiBuild,RY775 OptiBuild
33429,BLS,BDB,Research Reagents,Research Core Cobalt,Cobalt Blue OptiBuild,RB670 OptiBuild
33430,BLS,BDB,Research Reagents,Research Core Cobalt,Cobalt YG OptiBuild,RY703 OptiBuild
33436,BLS,BDB,Research Reagents,Research Core Non-Sirigen,Non Sirigen - Immune Function (Flow Cytometry),Non Sirigen - Immune Function (Flow Cytometry)
33438,BLS,BDB,Research Reagents,Research Core Cobalt,Cobalt YG OptiBuild,RY703 OptiBuild
33440,BLS,BDB,Research Reagents,Research Core Cobalt,Cobalt YG OptiBuild,RY775 OptiBuild
33456,BLS,BDB,Research Reagents,Research Core Cobalt,Cobalt YG MTS,RY775 MTS
33458,BLS,BDB,Research Reagents,Research Core Sirigen,Sirigen - OptiBuild,Sirigen - OptiBuild (Flow Cytometry)
33463,BLS,BDB,Research Reagents,Research Core Cobalt,Cobalt YG OptiBuild,RY703 OptiBuild
33473,BLS,BDB,Research Reagents,Research Core Cobalt,Cobalt Blue OptiBuild,RB670 OptiBuild
33474,BLS,BDB,Research Reagents,Research Core Cobalt,Cobalt Blue MTS,RB670 MTS
33485,BLS,BDB,Research Reagents,Research Core Cobalt,Cobalt Blue OptiBuild,RB670 OptiBuild
33489,BLS,BDB,Research Reagents,Research Core Sirigen,Sirigen - Support (Flow Cytometry),Sirigen - Support (Flow Cytometry)
33497,BLS,BDB,Research Reagents,Research Core Non-Sirigen,Non-Sirigen - OptiBuild,Non Sirigen - Optibuild (Flow Cytometry)
33507,BLS,BDB,Research Reagents,Research Core Cobalt,Cobalt YG OptiBuild,RY610 OptiBuild
33510,BLS,BDB,Research Reagents,Research Core Cobalt,Cobalt Blue OptiBuild,RB613 OptiBuild
33511,BLS,BDB,Research Reagents,Research Core Cobalt,Cobalt Blue OptiBuild,RB705 OptiBuild
33545,BLS,BDB,Research Reagents,Research Core Cobalt,Cobalt Blue OptiBuild,RB670 OptiBuild
33565,BLS,BDB,Research Reagents,Research Core Non-Sirigen,Non-Sirigen - OptiBuild,Non Sirigen - Optibuild (Flow Cytometry)
33569,BLS,BDB,Research Reagents,Research Core Cobalt,Cobalt Blue OptiBuild,RB670 OptiBuild
33575,BDI,UCC,Endourology,Stone Disposables,Stone Removal,Components - Labels/Inserts
33611,BLS,BDB,Research Reagents,Research Non-Core,Non-Flow Cytometry - Assays,Non-Flow Cytometry - Assays
33631,BLS,BDB,Research Reagents,Research Core Cobalt,Cobalt Blue OptiBuild,RB780 OptiBuild
33663,BLS,BDB,Research Reagents,Research Core Cobalt,Cobalt YG MTS,RY610 MTS
33664,BLS,BDB,Research Reagents,Research Core Cobalt,Cobalt YG OptiBuild,RY610 OptiBuild
33679,BLS,BDB,Research Reagents,Research Core Non-Sirigen,Non Sirigen - Immune Function (Flow Cytometry),Non Sirigen - Immune Function (Flow Cytometry)
33681,BLS,BDB,Research Reagents,Research Core Sirigen,Sirigen - Immune Function (Flow Cytometry),Sirigen - Immune Function (Flow Cytometry)
33700,BLS,BDB,Research Reagents,Research Core Cobalt,Cobalt Blue MTS,RB545 MTS
33702,BLS,BDB,Research Reagents,Research Core Cobalt,Cobalt YG MTS,RY610 MTS
33704,BLS,BDB,Research Reagents,Research Core Cobalt,Cobalt YG MTS,RY775 MTS
33709,BLS,BDB,Research Reagents,Research Core Cobalt,Cobalt YG OptiBuild,RY610 OptiBuild
33711,BLS,BDB,Research Reagents,Research Core Cobalt,Cobalt YG MTS,RY775 MTS
33723,BLS,BDB,Research Reagents,Research Core Non-Sirigen,Non Sirigen - Immune Function (Flow Cytometry),Non Sirigen - Immune Function (Flow Cytometry)
33736,BLS,BDB,Research Reagents,Research Core Non-Sirigen,Non Sirigen - Immune Function (Flow Cytometry),Non Sirigen - Immune Function (Flow Cytometry)
33744,BLS,BDB,Research Reagents,Research Core Cobalt,Cobalt YG MTS,RY775 MTS
33748,BDI,UCC,Targeted Temperature Management,TTM Other,Arctic Sun-Accessories,Arctic Sun-Accessories
33756,BLS,BDB,Research Reagents,Research Core Non-Sirigen,Non Sirigen - Immune Function (Flow Cytometry),Non Sirigen - Immune Function (Flow Cytometry)
33787,BLS,DS,Veritor Cov,Veritor Cov,Visual Read COV19 Antigen,Visual Read COV19 Antigen
33791,BDI,UCC,Total Home Care Sales,Urology Home Care,Home Care Non Bard,UK DAC Sales (Non Bard)
33792,BLS,DS,Cancer,Cytology,All Other Instruments,PrepStain Plus Accessories
33793,BDI,UCC,Total Home Care Sales,Urology Home Care,Home Care Non Bard,UK DAC Sales (Non Bard)
33804,BDI,PI,Peripheral Vascular Disease,Stents PVD,Lifestent,Lifestent
33809,BLS,BDB,Clinical Instruments,FACSCalibur,FACSCalibur Options,FACSCalibur Options
33811,BLS,BDB,Research Instruments,Other Instrument Revenue (Research),Other Instrument Revenue (Research),Other Instrument Revenue (Research)
33813,BLS,DS,Informatics,Informatics,Epicenter,Epicenter Hardware
33815,BLS,DS,Cancer,Cytology,All Other Instruments,FocalPoint Instrument Accessories
33816,BDM,MMS,Alaris System,Service,Alaris System Service Parts,Medley NONCATALOG
33829,BLS,DS,Lab Automation,Lab Automation - PC Adjustment,Lab Automation - PC Adjustment,Lab Automation - PC Adjustment
33834,BDI,SUR,Hernia,Ventral,Lap Ventral,Composix LP
33835,BDM,MMS,Alaris System,POC Systems,Alaris System PCA Pump,Drug Infusion
33843,BDI,SUR,Hernia,Complex Abdominal Wall Reconstruction,Phasix,Phasix Prevent
33857,BDI,PI,Peripheral Vascular Disease,Drug Coated Balloons PVD,Lutonix,Lutonix BTK
33860,BDI,PI,Peripheral Vascular Disease,Drug Coated Balloons PVD,Lutonix,Lutonix BTK
33879,BLS,BDB,Research Reagents,Research Core Sirigen,Sirigen - OptiBuild,Sirigen - OptiBuild (Flow Cytometry)
33881,BLS,BDB,Research Reagents,Research Core Non-Sirigen,Non Sirigen - Cell Signal Cancer (Flow Cytometry),Non Sirigen - Cell Signal Cancer (Flow Cytometry)
33884,BLS,BDB,Research Reagents,Research Core Sirigen,Sirigen - OptiBuild,Sirigen - OptiBuild (Flow Cytometry)
33887,BLS,BDB,Research Reagents,Research Core Sirigen,Sirigen - OptiBuild,Sirigen - OptiBuild (Flow Cytometry)
33888,BLS,BDB,Research Reagents,Research Core Sirigen,Sirigen - Immune Function (Flow Cytometry),Sirigen - Immune Function (Flow Cytometry)
33926,BLS,BDB,Research Reagents,Research Core Sirigen,Sirigen - Immune Function (Flow Cytometry),Sirigen - Immune Function (Flow Cytometry)
33938,BLS,BDB,Research Reagents,Research Core Sirigen,Sirigen - OptiBuild,Sirigen - OptiBuild (Flow Cytometry)
33945,BLS,BDB,Research Reagents,Research Core Sirigen,Sirigen - OptiBuild,Sirigen - OptiBuild (Flow Cytometry)
33972,BLS,BDB,Research Reagents,Research Core Sirigen,Sirigen - OptiBuild,Sirigen - OptiBuild (Flow Cytometry)
33976,BLS,BDB,Research Reagents,Research Core Cobalt,Cobalt Blue OptiBuild,RB670 OptiBuild
33981,BLS,BDB,Research Reagents,Research Core Cobalt,Cobalt Blue OptiBuild,RB670 OptiBuild
33989,BLS,BDB,Research Reagents,Research Core Sirigen,Sirigen - OptiBuild,Sirigen - OptiBuild (Flow Cytometry)
33994,BLS,BDB,Research Reagents,Research Core Cobalt,Cobalt Blue OptiBuild,RB670 OptiBuild
34000,BLS,BDB,Research Reagents,Research Core Sirigen,Sirigen - OptiBuild,Sirigen - OptiBuild (Flow Cytometry)
34019,BLS,BDB,Research Reagents,Research Core Sirigen,Sirigen - OptiBuild,Sirigen - OptiBuild (Flow Cytometry)
34029,BLS,BDB,Research Reagents,Research Core Non-Sirigen,Non Sirigen - Immune Function (Flow Cytometry),Non Sirigen - Immune Function (Flow Cytometry)
34032,BLS,BDB,Research Reagents,Research Core Sirigen,Sirigen - Immune Function (Flow Cytometry),Sirigen - Immune Function (Flow Cytometry)
34039,BLS,BDB,Research Reagents,Research Core Cobalt,Cobalt YG OptiBuild,RY775 OptiBuild
34040,BLS,BDB,Research Reagents,Research Core Cobalt,Cobalt Blue OptiBuild,RB613 OptiBuild
34046,BLS,BDB,Research Reagents,Research Core Cobalt,Cobalt YG OptiBuild,RY703 OptiBuild
34053,BLS,BDB,Research Reagents,Research Core Cobalt,Cobalt Blue OptiBuild,RB670 OptiBuild
34058,BLS,BDB,Research Reagents,Research Core Sirigen,Sirigen - OptiBuild,Sirigen - OptiBuild (Flow Cytometry)
34067,BLS,BDB,Research Reagents,Research Core Cobalt,Cobalt YG OptiBuild,RY703 OptiBuild
34073,BLS,BDB,Research Reagents,Research Core Cobalt,Cobalt YG OptiBuild,RY703 OptiBuild
34086,BLS,BDB,Research Reagents,Research Core Sirigen,Sirigen - OptiBuild,Sirigen - OptiBuild (Flow Cytometry)
34088,BLS,BDB,Research Reagents,Research Core Cobalt,Cobalt Blue OptiBuild,RB613 OptiBuild
34097,BLS,BDB,Single Cell Multiomics,SCM Reagents,BD AbSeq,AbSeq - Custom vials
34107,BLS,BDB,Research Reagents,Research Core Cobalt,Cobalt Blue OptiBuild,RB705 OptiBuild
34109,BLS,BDB,Research Reagents,Research Core Sirigen,Sirigen - OptiBuild,Sirigen - OptiBuild (Flow Cytometry)
34110,BLS,BDB,Research Reagents,Research Core Cobalt,Cobalt Blue OptiBuild,RB613 OptiBuild
34116,BLS,BDB,Research Reagents,Research Core Sirigen,Sirigen - Immune Function (Flow Cytometry),Sirigen - Immune Function (Flow Cytometry)
34129,BLS,BDB,Research Reagents,Research Core Sirigen,Sirigen - OptiBuild,Sirigen - OptiBuild (Flow Cytometry)
34143,BLS,BDB,Research Reagents,Research Core Cobalt,Cobalt Blue OptiBuild,RB670 OptiBuild
34148,BLS,BDB,Research Reagents,Research Core Cobalt,Cobalt Blue MTS,RB670 MTS
34151,BLS,BDB,Research Reagents,Research Core Sirigen,Sirigen - OptiBuild,Sirigen - OptiBuild (Flow Cytometry)
34152,BLS,BDB,Research Reagents,Research Core Cobalt,Cobalt Blue OptiBuild,RB613 OptiBuild
34157,BLS,BDB,Research Reagents,Research Core Cobalt,Cobalt YG MTS,RY655 MTS
34169,BLS,BDB,Research Reagents,Research Core Cobalt,Cobalt YG OptiBuild,RY703 OptiBuild
34170,BLS,BDB,Research Reagents,Research Core Cobalt,Cobalt Blue OptiBuild,RB744 OptiBuild
34172,BLS,BDB,Research Reagents,Research Core Cobalt,Cobalt Blue OptiBuild,RB670 OptiBuild
34183,BLS,BDB,Research Reagents,Research Core Cobalt,Cobalt YG MTS,RY775 MTS
34186,BLS,BDB,Research Reagents,Research Core Sirigen,Sirigen - OptiBuild,Sirigen - OptiBuild (Flow Cytometry)
34196,BLS,BDB,Research Reagents,Research Core Cobalt,Cobalt YG Support,Antibody Controls
34201,BLS,BDB,Research Reagents,Research Core Cobalt,Cobalt YG OptiBuild,RY775 OptiBuild
34209,BLS,BDB,Research Reagents,Research Core Sirigen,Sirigen - OptiBuild,Sirigen - OptiBuild (Flow Cytometry)
34217,BLS,BDB,Research Reagents,Research Core Cobalt,Cobalt YG MTS,RY743 MTS
34220,BLS,BDB,Research Reagents,Research Core Cobalt,Cobalt Blue OptiBuild,RB613 OptiBuild
34221,BLS,BDB,Research Reagents,Research Core Cobalt,Cobalt Blue OptiBuild,RB744 OptiBuild
34235,BLS,BDB,Single Cell Multiomics,SCM Reagents,BD AbSeq,AbSeq - MTS vials
34237,BLS,BDB,Research Reagents,Research Core Cobalt,Cobalt YG OptiBuild,RY610 OptiBuild
34245,BLS,BDB,Research Reagents,Research Core Cobalt,Cobalt Blue OptiBuild,RB670 OptiBuild
34250,BLS,BDB,Research Reagents,Research Core Cobalt,Cobalt Blue MTS,RB613 MTS
34251,BLS,BDB,Research Reagents,Research Core Cobalt,Cobalt YG OptiBuild,RY586 OptiBuild
34253,BLS,BDB,Research Reagents,Research Core Cobalt,Cobalt Blue OptiBuild,RB545 OptiBuild
34256,BLS,BDB,Research Reagents,Research Core Cobalt,Cobalt Blue OptiBuild,RB670 OptiBuild
34257,BLS,BDB,Research Reagents,Research Core Cobalt,Cobalt YG OptiBuild,RY703 OptiBuild
34258,BLS,BDB,Research Reagents,Research Core Non-Sirigen,Non Sirigen - Immune Function (Flow Cytometry),Non Sirigen - Immune Function (Flow Cytometry)
34262,BLS,BDB,Research Reagents,Research Core Cobalt,Cobalt Blue OptiBuild,RB670 OptiBuild
34263,BLS,BDB,Research Reagents,Research Core Cobalt,Cobalt YG OptiBuild,RY703 OptiBuild
34266,BLS,BDB,Research Reagents,Research Core Cobalt,Cobalt YG MTS,RY743 MTS
34270,BLS,BDB,Research Reagents,Research Core Sirigen,Sirigen - OptiBuild,Sirigen - OptiBuild (Flow Cytometry)
34274,BLS,BDB,Research Reagents,Research Core Non-Sirigen,Non Sirigen - Immune Function (Flow Cytometry),Non Sirigen - Immune Function (Flow Cytometry)
34283,BLS,BDB,Research Reagents,Research Core Cobalt,Cobalt YG OptiBuild,RY775 OptiBuild
34297,BLS,BDB,Research Reagents,Research Core Cobalt,Cobalt YG OptiBuild,RY703 OptiBuild
34306,BLS,BDB,Research Reagents,Research Core Cobalt,Cobalt Blue OptiBuild,RB705 OptiBuild
34312,BLS,BDB,Research Reagents,Research Core Sirigen,Sirigen - OptiBuild,Sirigen - OptiBuild (Flow Cytometry)
34318,BDI,PI,End Stage Kidney Disease,Chronic Dialysis Catheters,Chronic Dialysis,Glidepath Slim
34326,BLS,BDB,Research Reagents,Research Core Cobalt,Cobalt Blue OptiBuild,RB705 OptiBuild
34332,BLS,BDB,Research Reagents,Research Core Cobalt,Cobalt YG OptiBuild,RY775 OptiBuild
34333,BLS,BDB,Research Reagents,Research Core Cobalt,Cobalt YG OptiBuild,RY703 OptiBuild
34344,BLS,BDB,Research Reagents,Research Core Cobalt,Cobalt YG OptiBuild,RY703 OptiBuild
34352,BLS,BDB,Research Reagents,Research Core Cobalt,Cobalt Blue OptiBuild,RB613 OptiBuild
34353,BLS,BDB,Research Reagents,Research Core Cobalt,Cobalt YG OptiBuild,RY610 OptiBuild
34357,BLS,BDB,Research Reagents,Research Core Cobalt,Cobalt Blue OptiBuild,RB613 OptiBuild
34360,BLS,BDB,Research Reagents,Research Core Cobalt,Cobalt Blue OptiBuild,RB705 OptiBuild
34368,BLS,BDB,Research Reagents,Research Core Cobalt,Cobalt Blue OptiBuild,RB744 OptiBuild
34379,BLS,BDB,Research Reagents,Research Core Non-Sirigen,Non Sirigen - Cell Signal Cancer (Flow Cytometry),Non Sirigen - Cell Signal Cancer (Flow Cytometry)
34382,BLS,BDB,Research Reagents,Research Core Cobalt,Cobalt YG OptiBuild,RY586 OptiBuild
34386,BLS,BDB,Research Reagents,Research Core Cobalt,Cobalt Blue MTS,RB670 MTS
34388,BLS,BDB,Research Reagents,Research Core Sirigen,Sirigen - OptiBuild,Sirigen - OptiBuild (Flow Cytometry)
34389,BLS,BDB,Research Reagents,Research Core Cobalt,Cobalt YG OptiBuild,RY610 OptiBuild
34390,BLS,BDB,Research Reagents,Research Core Cobalt,Cobalt Blue OptiBuild,RB705 OptiBuild
34402,BLS,BDB,Research Reagents,Research Core Cobalt,Cobalt Blue OptiBuild,RB670 OptiBuild
34408,BLS,BDB,Research Reagents,Research Core Cobalt,Cobalt Blue OptiBuild,RB670 OptiBuild
34415,BLS,BDB,Research Reagents,Research Core Cobalt,Cobalt YG MTS,RY610 MTS
34416,BLS,BDB,Research Reagents,Research Core Sirigen,Sirigen - Immune Function (Flow Cytometry),Sirigen - Immune Function (Flow Cytometry)
34428,BLS,BDB,Research Reagents,Research Core Cobalt,Cobalt YG OptiBuild,RY610 OptiBuild
34432,BLS,BDB,Research Reagents,Research Core Cobalt,Cobalt YG OptiBuild,RY775 OptiBuild
34460,BLS,BDB,Research Reagents,Research Core Cobalt,Cobalt YG OptiBuild,RY703 OptiBuild
34468,BLS,BDB,Research Reagents,Research Core Cobalt,Cobalt YG MTS,RY703 MTS
34481,BLS,BDB,Research Reagents,Research Core Cobalt,Cobalt YG OptiBuild,RY586 OptiBuild
34487,BLS,BDB,Research Reagents,Research Core Cobalt,Cobalt YG OptiBuild,RY775 OptiBuild
34504,BLS,BDB,Research Reagents,Research Core Cobalt,Cobalt Blue OptiBuild,RB670 OptiBuild
34514,BLS,BDB,Research Reagents,Research Core Non-Sirigen,Non Sirigen - Support (Flow Cytometry),Non Sirigen - Support (Flow Cytometry)
34525,BLS,BDB,Research Reagents,Research Core Cobalt,Cobalt Blue OptiBuild,RB705 OptiBuild
34541,BDI,PI,Peripheral Vascular Disease,PTA PVD,Ultraverse,Ultraverse RX
34542,BLS,BDB,Research Reagents,Research Core Sirigen,Sirigen - Immune Function (Flow Cytometry),Sirigen - Immune Function (Flow Cytometry)
34553,BLS,BDB,Research Reagents,Research Core Cobalt,Cobalt Blue MTS,RB705 MTS
34560,BLS,BDB,Research Reagents,Research Core Cobalt,Cobalt Blue MTS,RB705 MTS
34572,BLS,BDB,Research Reagents,Research Core Cobalt,Cobalt YG MTS,RY775 MTS
34575,BLS,BDB,Research Reagents,Research Core Cobalt,Cobalt Blue OptiBuild,RB780 OptiBuild
34607,BLS,BDB,Research Reagents,Research Core Non-Sirigen,Non Sirigen - Immune Function (Flow Cytometry),Non Sirigen - Immune Function (Flow Cytometry)
34615,BLS,BDB,Research Reagents,Research Core Cobalt,Cobalt Blue MTS,RB613 MTS
34628,BLS,BDB,Research Reagents,Research Core Cobalt,Cobalt YG MTS,RY610 MTS
34634,BLS,BDB,Research Reagents,Research Core Non-Sirigen,Non Sirigen - Cell Signal Cancer (Flow Cytometry),Non Sirigen - Cell Signal Cancer (Flow Cytometry)
34638,BLS,BDB,Research Reagents,Research Core Cobalt,Cobalt YG OptiBuild,RY610 OptiBuild
34639,BLS,BDB,Research Reagents,Research Core Cobalt,Cobalt Blue MTS,RB670 MTS
34644,BDI,PI,End Stage Kidney Disease,Chronic Dialysis Catheters,Chronic Dialysis,Hickman
34649,BLS,BDB,Research Reagents,Research Core Cobalt,Cobalt YG MTS,RY775 MTS
34650,BLS,BDB,Research Reagents,Research Core Cobalt,Cobalt YG MTS,RY703 MTS
34659,BDI,UCC,Total Home Care Sales,Urology Home Care,Home Care Non Bard,UK DAC Sales (Non Bard)
34660,BLS,BDB,Research Reagents,Research Core Cobalt,Cobalt YG OptiBuild,RY610 OptiBuild
34663,BLS,BDB,Research Reagents,Research Core Cobalt,Cobalt Blue MTS,RB670 MTS
34669,BDM,MMS,CME,POC Systems,CME Accessories,Infusion Accessories CME
34673,BDI,UCC,Endourology,Stone Disposables,Dilation Products,Straight Filform
34675,BDI,UCC,Endourology,Stone Disposables,Dilation Products,Coude Filiform
34683,BDI,UCC,Total Home Care Sales,Urology Home Care,Home Care Non Bard,UK DAC Sales (Non Bard)
34684,BDM,MMS,Alaris System,Service,Alaris System Service Parts,Medley NONCATALOG
34685,BDI,UCC,Total Home Care Sales,Urology Home Care,Home Care Non Bard,UK DAC Sales (Non Bard)
34686,BDM,MMS,CME,POC Systems,CME Accessories,Infusion Accessories CME
34689,BDM,MMS,BD Nexus,BD Nexus - PC Adjustment,BD Nexus - PC Adjustment,BD Nexus - PC Adjustment
34691,BDM,MMS,BD Nexus,Service,BD Nexus Service Parts,Directions for Use (DFU)
34697,BLS,BDB,Research Instruments,Other Instrument Revenue (Research),Other Instrument Revenue (Research),Other Instrument Revenue (Research)
34698,BLS,BDB,Research Instruments,Other Instrument Revenue (Research),Other Instrument Revenue (Research),Other Instrument Revenue (Research)
34704,BLS,DS,Cancer,Cytology,All Other Instruments,FocalPoint Instrument Accessories
34705,BLS,DS,Cancer,Cytology,All Other Instruments,FocalPoint Instrument Accessories
34706,BLS,DS,Cancer,Cytology,All Other Instruments,FocalPoint Instrument Accessories
34727,BLS,BDB,Research Reagents,Custom Research Reagents,Sirigen - Customs,Sirigen - Customs
34730,BDM,MMS,Alaris System,POC Systems,Alaris System PCA Pump,Drug Infusion
34735,BLS,DS,Informatics,Informatics,Other Informatics,DMS (Japan)
34738,BLS,DS,Microbiology,Industrial Microbiology,DCM,Water Media
34740,BLS,BDB,Research Reagents,Research Core Non-Sirigen,Non Sirigen - Cell Signal Cancer (Flow Cytometry),Non Sirigen - Cell Signal Cancer (Flow Cytometry)
34755,BLS,BDB,Clinical Reagents,Cancer Reagents,Sirigen - Cancer Rgt,Sirigen - CAN Single Color Rgt
34756,BLS,BDB,Clinical Reagents,Cancer Reagents,Sirigen - Cancer Rgt,Sirigen - CAN Single Color Rgt
34757,BLS,BDB,Clinical Reagents,Cancer Reagents,Cancer,CAN Single Color
34759,BDI,PI,Peripheral Vascular Disease,Peripheral Grafts,PV Grafts,Carboflo
34772,BDI,PI,Peripheral Vascular Disease,Drug Coated Balloons PVD,Lutonix,Lutonix BTK
34777,BLS,BDB,Research Reagents,Research Core Sirigen,Sirigen - OptiBuild,Sirigen - OptiBuild (Flow Cytometry)
34781,BLS,BDB,Clinical Reagents,Cancer Reagents,Cancer,CAN Single Color
34782,BLS,BDB,Clinical Reagents,Cancer Reagents,Cancer,CAN Single Color
34794,BLS,BDB,Research Reagents,Research Core Sirigen,Sirigen - OptiBuild,Sirigen - OptiBuild (Flow Cytometry)
34798,BLS,BDB,Research Reagents,Research Core Sirigen,Sirigen - OptiBuild,Sirigen - OptiBuild (Flow Cytometry)
34804,BLS,BDB,Research Reagents,Research Core Sirigen,Sirigen - OptiBuild,Sirigen - OptiBuild (Flow Cytometry)
34824,BLS,BDB,Research Reagents,Research Core Cobalt,Cobalt Blue MTS,RB780 MTS
34825,BLS,BDB,Research Reagents,Research Core Sirigen,Sirigen - OptiBuild,Sirigen - OptiBuild (Flow Cytometry)
34829,BLS,BDB,Research Reagents,Research Core Sirigen,Sirigen - OptiBuild,Sirigen - OptiBuild (Flow Cytometry)
34839,BDI,PI,Peripheral Vascular Disease,Stents PVD,Lifestent,Lifestent
34847,BLS,BDB,Research Reagents,Research Core Sirigen,Sirigen - OptiBuild,Sirigen - OptiBuild (Flow Cytometry)
34908,BLS,BDB,Research Reagents,Research Core Cobalt,Cobalt YG OptiBuild,RY703 OptiBuild
34914,BLS,BDB,Research Reagents,Research Core Cobalt,Cobalt Blue OptiBuild,RB670 OptiBuild
34921,BLS,BDB,Research Reagents,Research Core Cobalt,Cobalt Blue OptiBuild,RB705 OptiBuild
34924,BLS,BDB,Research Reagents,Research Core Cobalt,Cobalt Blue OptiBuild,RB670 OptiBuild
34939,BLS,BDB,Research Reagents,Research Core Cobalt,Cobalt Blue OptiBuild,RB670 OptiBuild
34943,BLS,BDB,Research Reagents,Research Core Cobalt,Cobalt Blue OptiBuild,RB670 OptiBuild
34965,BLS,BDB,Research Reagents,Research Core Cobalt,Cobalt YG MTS,RY703 MTS
34970,BLS,BDB,Research Reagents,Research Core Cobalt,Cobalt Blue OptiBuild,RB744 OptiBuild
34984,BLS,BDB,Research Reagents,Research Core Cobalt,Cobalt YG MTS,RY775 MTS
34988,BLS,BDB,Research Reagents,Research Core Cobalt,Cobalt Blue OptiBuild,RB613 OptiBuild
34992,BLS,BDB,Research Reagents,Research Core Sirigen,Sirigen - OptiBuild,Sirigen - OptiBuild (Flow Cytometry)
34993,BLS,BDB,Research Reagents,Research Core Cobalt,Cobalt YG MTS,RY703 MTS
34994,BLS,BDB,Research Reagents,Research Core Cobalt,Cobalt Blue OptiBuild,RB670 OptiBuild
34995,BLS,BDB,Research Reagents,Research Core Sirigen,Sirigen - Immune Function (Flow Cytometry),Sirigen - Immune Function (Flow Cytometry)
35002,BLS,BDB,Research Reagents,Research Core Cobalt,Cobalt YG OptiBuild,RY610 OptiBuild
35007,BLS,BDB,Research Reagents,Research Core Cobalt,Cobalt YG OptiBuild,RY703 OptiBuild
35012,BLS,BDB,Clinical Reagents,Cancer Reagents,Cancer,CAN Single Color
35022,BLS,BDB,Research Reagents,Research Core Cobalt,Cobalt Blue OptiBuild,RB613 OptiBuild
35034,BLS,BDB,Research Reagents,Research Core Cobalt,Cobalt YG OptiBuild,RY610 OptiBuild
35035,BLS,BDB,Research Reagents,Research Core Cobalt,Cobalt YG OptiBuild,RY703 OptiBuild
35036,BLS,BDB,Research Reagents,Research Core Cobalt,Cobalt Blue OptiBuild,RB613 OptiBuild
35046,BLS,BDB,Research Reagents,Research Core Cobalt,Cobalt Blue OptiBuild,RB670 OptiBuild
35063,BLS,BDB,Research Reagents,Research Core Sirigen,Sirigen - OptiBuild,Sirigen - OptiBuild (Flow Cytometry)
35080,BLS,BDB,Research Reagents,Research Core Cobalt,Cobalt Blue OptiBuild,RB670 OptiBuild
35087,BLS,BDB,Research Reagents,Research Core Sirigen,Sirigen - OptiBuild,Sirigen - OptiBuild (Flow Cytometry)
35093,BLS,BDB,Research Reagents,Research Core Cobalt,Cobalt YG MTS,RY775 MTS
35094,BLS,BDB,Research Reagents,Research Core Cobalt,Cobalt YG OptiBuild,RY775 OptiBuild
35097,BLS,BDB,Research Reagents,Research Core Cobalt,Cobalt YG MTS,RY775 MTS
35099,BLS,BDB,Research Reagents,Research Core Cobalt,Cobalt Blue OptiBuild,RB613 OptiBuild
35100,BLS,BDB,Research Reagents,Research Core Cobalt,Cobalt YG OptiBuild,RY610 OptiBuild
35103,BLS,BDB,Research Reagents,Research Core Cobalt,Cobalt YG OptiBuild,RY703 OptiBuild
35105,BLS,BDB,Research Reagents,Research Core Cobalt,Cobalt Blue OptiBuild,RB613 OptiBuild
35107,BLS,BDB,Research Reagents,Research Core Sirigen,Sirigen - OptiBuild,Sirigen - OptiBuild (Flow Cytometry)
35115,BLS,BDB,Research Reagents,Research Core Cobalt,Cobalt YG OptiBuild,RY775 OptiBuild
35119,BLS,BDB,Research Reagents,Research Core Sirigen,Sirigen - OptiBuild,Sirigen - OptiBuild (Flow Cytometry)
35133,BLS,BDB,Research Reagents,Research Core Cobalt,Cobalt YG OptiBuild,RY586 OptiBuild
35141,BLS,BDB,Research Reagents,Research Core Cobalt,Cobalt Blue OptiBuild,RB545 OptiBuild
35150,BLS,BDB,Research Reagents,Research Core Cobalt,Cobalt YG OptiBuild,RY703 OptiBuild
35152,BLS,BDB,Research Reagents,Research Core Cobalt,Cobalt YG OptiBuild,RY775 OptiBuild
35155,BLS,BDB,Research Reagents,Research Core Cobalt,Cobalt YG MTS,RY610 MTS
35158,BLS,BDB,Research Reagents,Research Core Cobalt,Cobalt Blue OptiBuild,RB780 OptiBuild
35163,BLS,BDB,Research Reagents,Research Core Non-Sirigen,Non Sirigen - Immune Function (Flow Cytometry),Non Sirigen - Immune Function (Flow Cytometry)
35166,BLS,BDB,Research Reagents,Research Core Cobalt,Cobalt Blue OptiBuild,RB613 OptiBuild
35168,BLS,BDB,Research Reagents,Research Core Cobalt,Cobalt YG MTS,RY703 MTS
35180,BLS,BDB,Research Reagents,Research Core Cobalt,Cobalt YG OptiBuild,RY586 OptiBuild
35182,BLS,BDB,Research Reagents,Research Core Cobalt,Cobalt YG MTS,RY655 MTS
35183,BLS,BDB,Research Reagents,Research Core Cobalt,Cobalt YG OptiBuild,RY610 OptiBuild
35184,BLS,BDB,Research Reagents,Research Core Cobalt,Cobalt YG OptiBuild,RY703 OptiBuild
35188,BLS,BDB,Research Reagents,Research Core Cobalt,Cobalt Blue OptiBuild,RB613 OptiBuild
35194,BLS,BDB,Research Reagents,Research Core Cobalt,Cobalt YG OptiBuild,RY703 OptiBuild
35199,BLS,BDB,Research Reagents,Research Core Cobalt,Cobalt Blue OptiBuild,RB670 OptiBuild
35209,BLS,BDB,Research Reagents,Research Core Cobalt,Cobalt YG OptiBuild,RY703 OptiBuild
35210,BLS,BDB,Research Reagents,Research Core Cobalt,Cobalt YG OptiBuild,RY775 OptiBuild
35222,BLS,BDB,Research Reagents,Research Core Cobalt,Cobalt YG OptiBuild,RY703 OptiBuild
35223,BLS,BDB,Research Reagents,Research Core Sirigen,Sirigen - OptiBuild,Sirigen - OptiBuild (Flow Cytometry)
35229,BLS,BDB,Research Reagents,Research Core Cobalt,Cobalt YG OptiBuild,RY703 OptiBuild
35234,BLS,BDB,Research Reagents,Research Core Cobalt,Cobalt YG OptiBuild,RY703 OptiBuild
35236,BLS,BDB,Research Reagents,Research Core Cobalt,Cobalt YG OptiBuild,RY703 OptiBuild
35239,BLS,BDB,Research Reagents,Research Core Sirigen,Sirigen - OptiBuild,Sirigen - OptiBuild (Flow Cytometry)
35242,BLS,BDB,Research Reagents,Research Core Cobalt,Cobalt Blue OptiBuild,RB613 OptiBuild
35250,BLS,BDB,Research Reagents,Research Core Cobalt,Cobalt Blue OptiBuild,RB613 OptiBuild
35252,BLS,BDB,Research Reagents,Research Core Cobalt,Cobalt Blue MTS,RB545 MTS
35264,BLS,BDB,Research Reagents,Research Core Cobalt,Cobalt YG MTS,RY743 MTS
35265,BLS,BDB,Research Reagents,Research Core Sirigen,Sirigen - OptiBuild,Sirigen - OptiBuild (Flow Cytometry)
35267,BLS,BDB,Research Reagents,Research Core Cobalt,Cobalt YG OptiBuild,RY610 OptiBuild
35277,BLS,BDB,Research Reagents,Research Core Cobalt,Cobalt YG OptiBuild,RY703 OptiBuild
35279,BLS,BDB,Research Reagents,Research Core Cobalt,Cobalt Blue OptiBuild,RB780 OptiBuild
35281,BLS,BDB,Research Reagents,Research Core Cobalt,Cobalt Blue MTS,RB705 MTS
35283,BLS,BDB,Research Reagents,Research Core Cobalt,Cobalt Blue Support,Antibody Controls
35287,BLS,BDB,Research Reagents,Research Core Sirigen,Sirigen - OptiBuild,Sirigen - OptiBuild (Flow Cytometry)
35290,BLS,BDB,Research Reagents,Research Core Cobalt,Cobalt Blue OptiBuild,RB613 OptiBuild
35301,BLS,BDB,Research Reagents,Research Non-Core,Non-Flow Cytometry - Assays,Non-Flow Cytometry - Assays
35305,BLS,BDB,Research Reagents,Research Core Cobalt,Cobalt Blue OptiBuild,RB613 OptiBuild
35313,BLS,BDB,Research Reagents,Research Core Cobalt,Cobalt YG OptiBuild,RY703 OptiBuild
35316,BLS,BDB,Research Reagents,Research Core Cobalt,Cobalt Blue OptiBuild,RB613 OptiBuild
35328,BLS,BDB,Research Reagents,Research Core Cobalt,Cobalt YG MTS,RY655 MTS
35337,BLS,BDB,Research Reagents,Research Core Cobalt,Cobalt YG OptiBuild,RY703 OptiBuild
35338,BLS,BDB,Research Reagents,Research Core Cobalt,Cobalt Blue OptiBuild,RB613 OptiBuild
35339,BLS,BDB,Research Reagents,Research Core Sirigen,Sirigen - OptiBuild,Sirigen - OptiBuild (Flow Cytometry)
35342,BLS,BDB,Research Reagents,Research Core Non-Sirigen,Non Sirigen - Immune Function (Flow Cytometry),Non Sirigen - Immune Function (Flow Cytometry)
35372,BLS,BDB,Research Reagents,Research Core Cobalt,Cobalt YG OptiBuild,RY775 OptiBuild
35375,BLS,BDB,Research Reagents,Research Core Cobalt,Cobalt YG OptiBuild,RY703 OptiBuild
35388,BLS,BDB,Research Reagents,Research Core Cobalt,Cobalt Blue OptiBuild,RB613 OptiBuild
35391,BDI,UCC,Total Home Care Sales,Urology Home Care,Home Care Non Bard,UK DAC Sales (Non Bard)
35398,BLS,BDB,Research Reagents,Research Core Cobalt,Cobalt Blue OptiBuild,RB670 OptiBuild
35400,BLS,BDB,Research Reagents,Research Core Cobalt,Cobalt YG OptiBuild,RY586 OptiBuild
35401,BLS,BDB,Research Reagents,Research Core Cobalt,Cobalt YG OptiBuild,RY610 OptiBuild
35405,BDI,PI,Oncology,Ports,Ports,Non-Power Ports
35408,BLS,BDB,Research Reagents,Research Core Cobalt,Cobalt Blue OptiBuild,RB670 OptiBuild
35412,BLS,BDB,Research Reagents,Research Core Cobalt,Cobalt Blue OptiBuild,RB705 OptiBuild
35413,BLS,BDB,Research Reagents,Research Core Cobalt,Cobalt YG OptiBuild,RY610 OptiBuild
35421,BLS,BDB,Research Reagents,Research Core Non-Sirigen,Non Sirigen - Immune Function (Flow Cytometry),Non Sirigen - Immune Function (Flow Cytometry)
35424,BLS,BDB,Research Reagents,Research Core Cobalt,Cobalt YG OptiBuild,RY586 OptiBuild
35432,BLS,BDB,Research Reagents,Research Core Cobalt,Cobalt Blue OptiBuild,RB705 OptiBuild
35440,BLS,BDB,Research Reagents,Research Core Cobalt,Cobalt YG MTS,RY610 MTS
35444,BLS,BDB,Research Reagents,Research Core Non-Sirigen,Non Sirigen - Immune Function (Flow Cytometry),Non Sirigen - Immune Function (Flow Cytometry)
35445,BLS,BDB,Research Reagents,Research Core Non-Sirigen,Non Sirigen - Immune Function (Flow Cytometry),Non Sirigen - Immune Function (Flow Cytometry)
35451,BLS,BDB,Research Reagents,Research Core Cobalt,Cobalt Blue OptiBuild,RB613 OptiBuild
35462,BDI,UCC,Endourology,Stone Disposables,Dilation Products,Spiral Filiform
35469,BLS,BDB,Research Reagents,Research Core Cobalt,Cobalt Blue Support,Antibody Controls
35478,BLS,BDB,Research Reagents,Research Core Cobalt,Cobalt YG OptiBuild,RY610 OptiBuild
35494,BLS,BDB,Research Reagents,Research Core Cobalt,Cobalt YG OptiBuild,RY610 OptiBuild
35507,BLS,BDB,Research Reagents,Research Core Cobalt,Cobalt YG OptiBuild,RY703 OptiBuild
35520,BLS,BDB,Research Reagents,Research Core Non-Sirigen,Non Sirigen - Immune Function (Flow Cytometry),Non Sirigen - Immune Function (Flow Cytometry)
35521,BLS,BDB,Research Reagents,Research Core Non-Sirigen,Non Sirigen - Immune Function (Flow Cytometry),Non Sirigen - Immune Function (Flow Cytometry)
35529,BLS,BDB,Research Reagents,Research Core Sirigen,Sirigen - OptiBuild,Sirigen - OptiBuild (Flow Cytometry)
35538,BLS,BDB,Research Reagents,Research Core Cobalt,Cobalt YG OptiBuild,RY610 OptiBuild
35543,BLS,BDB,Research Reagents,Research Core Non-Sirigen,Non Sirigen - Immune Function (Flow Cytometry),Non Sirigen - Immune Function (Flow Cytometry)
35551,BLS,BDB,Research Reagents,Research Core Non-Sirigen,Non Sirigen - Immune Function (Flow Cytometry),Non Sirigen - Immune Function (Flow Cytometry)
35557,BLS,BDB,Research Reagents,Research Core Cobalt,Cobalt YG OptiBuild,RY775 OptiBuild
35558,BLS,BDB,Research Reagents,Research Non-Core,Non-Flow Cytometry - Assays,Non-Flow Cytometry - Assays
35560,BLS,BDB,Research Reagents,Research Core Cobalt,Cobalt YG MTS,RY610 MTS
35575,BLS,BDB,Research Reagents,Research Core Cobalt,Cobalt Blue MTS,RB670 MTS
35589,BLS,BDB,Research Reagents,Research Core Cobalt,Cobalt YG MTS,RY775 MTS
35608,BLS,BDB,Research Reagents,Research Core Cobalt,Cobalt YG MTS,RY610 MTS
35609,BLS,BDB,Research Reagents,Research Core Cobalt,Cobalt Blue OptiBuild,RB670 OptiBuild
35618,BLS,DS,Molecular Diagnostics,BD MAX,All Other BD MAX,MAX Instrument Other
35619,BLS,BDB,Research Reagents,Research Core Non-Sirigen,Non Sirigen - Immune Function (Flow Cytometry),Non Sirigen - Immune Function (Flow Cytometry)
35626,BLS,BDB,Research Reagents,Research Core Cobalt,Cobalt YG MTS,RY775 MTS
35627,BLS,BDB,Research Reagents,Research Core Cobalt,Cobalt Blue OptiBuild,RB705 OptiBuild
35634,BLS,BDB,Research Reagents,Research Core Sirigen,Sirigen - OptiBuild,Sirigen - OptiBuild (Flow Cytometry)
35635,BLS,BDB,Research Reagents,Research Core Cobalt,Cobalt YG OptiBuild,RY610 OptiBuild
35636,BLS,BDB,Research Reagents,Research Core Sirigen,Sirigen - Immune Function (Flow Cytometry),Sirigen - Immune Function (Flow Cytometry)
35645,BLS,BDB,Research Reagents,Research Core Cobalt,Cobalt YG MTS,RY703 MTS
35648,BLS,BDB,Research Reagents,Research Core Cobalt,Cobalt YG MTS,RY703 MTS
35661,BLS,BDB,Research Reagents,Research Core Cobalt,Cobalt Blue OptiBuild,RB670 OptiBuild
35675,BLS,BDB,Research Reagents,Research Core Cobalt,Cobalt YG MTS,RY610 MTS
35676,BLS,BDB,Research Reagents,Research Core Cobalt,Cobalt Blue MTS,RB613 MTS
35678,BLS,BDB,Research Reagents,Research Core Cobalt,Cobalt YG MTS,RY610 MTS
35680,BLS,BDB,Research Reagents,Research Core Non-Sirigen,Non Sirigen - Immune Function (Flow Cytometry),Non Sirigen - Immune Function (Flow Cytometry)
35681,BLS,BDB,Research Reagents,Research Core Cobalt,Cobalt Blue OptiBuild,RB705 OptiBuild
35687,BLS,BDB,Research Reagents,Research Core Sirigen,Sirigen - Immune Function (Flow Cytometry),Sirigen - Immune Function (Flow Cytometry)
35706,BLS,BDB,Research Reagents,Research Core Cobalt,Cobalt Blue MTS,RB670 MTS
35711,BLS,BDB,Research Reagents,Research Non-Core,Non-Flow Cytometry - Assays,Non-Flow Cytometry - Assays
35715,BLS,BDB,Research Reagents,Research Core Cobalt,Cobalt Blue MTS,RB670 MTS
35735,BLS,DS,Veritor Cov,Veritor Cov,Visual Read COV19 Antigen,Visual Read COV19 Antigen
35740,BLS,BDB,Research Reagents,Research Core Cobalt,Cobalt Blue OptiBuild,RB545 OptiBuild
35742,BDI,UCC,Endourology,Stone Disposables,Stents,Polyurethane Stents
35754,BLS,BDB,Research Reagents,Research Core Sirigen,Sirigen - Immune Function (Flow Cytometry),Sirigen - Immune Function (Flow Cytometry)
35756,BLS,BDB,Clinical Reagents,Cytognos Reagents,Cytognos Other Reagents,Cytognos OTHER REAGENTS
35757,BDM,MMS,Alaris System,POC Systems,Alaris System Accessories - POC,Accessories
35759,BDI,UCC,Endourology,Stone Disposables,Percutaneous Drainage,Pezzers
35761,BDM,MMS,Alaris System,Service,Alaris System Service Parts,Medley
35762,BDI,SUR,Hernia,Groin Hernia,Groin Open,Soft Mesh
35763,BDI,SUR,Hernia,Groin Hernia,Plugs,Plugs
35764,BLS,DS,Microbiology,ID/AST,BioTyper Reagents/Accessories,BioTyper Reagents/Accessories
35767,BDI,UCC,Total Home Care Sales,Urology Home Care,Home Care Non Bard,UK DAC Sales (Non Bard)
35770,BDI,UCC,Total Home Care Sales,Urology Home Care,Home Care Non Bard,UK DAC Sales (Non Bard)
35771,BDI,UCC,Total Home Care Sales,Urology Home Care,Home Care Non Bard,UK DAC Sales (Non Bard)
35773,BDI,UCC,Endourology,Stone Disposables,Percutaneous Drainage,Pezzers
35777,BDI,UCC,Total Home Care Sales,Urology Home Care,Home Care Non Bard,UK DAC Sales (Non Bard)
35780,BDI,UCC,Total Home Care Sales,Urology Home Care,Home Care Non Bard,UK DAC Sales (Non Bard)
35784,BDI,UCC,Total Home Care Sales,Urology Home Care,Home Care Non Bard,UK DAC Sales (Non Bard)
35816,BLS,DS,Informatics,Informatics,Epicenter,Epicenter Hardware
35831,BLS,BDB,Clinical Instruments,FACSLyric,FACSLyric Instrument,FACSLyric Instrument
35853,BDM,MMS,Alaris System,POC Systems,Alaris System Systems Manager,Server Applications NONCATALOG
35854,BLS,BDB,Research Reagents,Custom Research Reagents,Sirigen - Customs,Sirigen - Customs
35858,BLS,BDB,Research Reagents,Custom Research Reagents,Sirigen - Customs,Sirigen - Customs
35860,BDI,PI,BD PI Other,OEM,Interventional OEM,Interventional OEM
35867,BLS,BDB,Clinical Instruments,Cytognos Software,Cytognos Infinicyt,Cytognos Infinicyt
35875,BDI,PI,BD PI Other,OEM,Interventional OEM,Interventional OEM
35879,BLS,DS,Molecular Diagnostics,BD COR,All Other BD COR,BD COR Instrument Other
35907,BLS,BDB,Research Reagents,Research Core Sirigen,Sirigen - OptiBuild,Sirigen - OptiBuild (Flow Cytometry)
35927,BLS,BDB,Research Reagents,Research Non-Core,Non-Flow Cytometry - Assays,Non-Flow Cytometry - Assays
35933,BLS,BDB,Single Cell Multiomics,SCM Reagents,BD AbSeq,AbSeq-panels
35943,BLS,BDB,Research Reagents,Research Core Sirigen,Sirigen - OptiBuild,Sirigen - OptiBuild (Flow Cytometry)
35961,BLS,BDB,Research Reagents,Research Core Sirigen,Sirigen - OptiBuild,Sirigen - OptiBuild (Flow Cytometry)
35978,BLS,BDB,Research Reagents,Research Core Sirigen,Sirigen - OptiBuild,Sirigen - OptiBuild (Flow Cytometry)
35982,BLS,BDB,Research Reagents,Research Core Sirigen,Sirigen - Immune Function (Flow Cytometry),Sirigen - Immune Function (Flow Cytometry)
35989,BLS,BDB,Research Reagents,Research Core Sirigen,Sirigen - OptiBuild,Sirigen - OptiBuild (Flow Cytometry)
35998,BLS,BDB,Research Reagents,Research Core Cobalt,Cobalt Blue OptiBuild,RB613 OptiBuild
36015,BLS,BDB,Research Reagents,Research Core Cobalt,Cobalt Blue OptiBuild,RB545 OptiBuild
36020,BLS,BDB,Research Reagents,Research Core Sirigen,Sirigen - OptiBuild,Sirigen - OptiBuild (Flow Cytometry)
36022,BLS,BDB,Research Reagents,Research Core Cobalt,Cobalt YG MTS,RY703 MTS
36023,BLS,BDB,Research Reagents,Research Core Sirigen,Sirigen - OptiBuild,Sirigen - OptiBuild (Flow Cytometry)
36029,BLS,BDB,Research Reagents,Research Core Sirigen,Sirigen - OptiBuild,Sirigen - OptiBuild (Flow Cytometry)
36031,BLS,BDB,Research Reagents,Research Core Sirigen,Sirigen - OptiBuild,Sirigen - OptiBuild (Flow Cytometry)
36046,BLS,BDB,Research Reagents,Research Core Cobalt,Cobalt Blue OptiBuild,RB744 OptiBuild
36047,BLS,BDB,Research Reagents,Research Core Cobalt,Cobalt YG OptiBuild,RY610 OptiBuild
36051,BDI,PI,Peripheral Vascular Disease,Stents PVD,Lifestent,Lifestent
36052,BLS,BDB,Research Reagents,Research Core Cobalt,Cobalt Blue OptiBuild,RB705 OptiBuild
36068,BLS,BDB,Research Reagents,Research Core Cobalt,Cobalt Blue MTS,RB613 MTS
36074,BLS,BDB,Research Reagents,Research Core Cobalt,Cobalt YG OptiBuild,RY610 OptiBuild
36086,BLS,BDB,Research Reagents,Research Core Sirigen,Sirigen - OptiBuild,Sirigen - OptiBuild (Flow Cytometry)
36090,BLS,BDB,Research Reagents,Research Core Sirigen,Sirigen - OptiBuild,Sirigen - OptiBuild (Flow Cytometry)
36091,BLS,BDB,Research Reagents,Research Core Cobalt,Cobalt YG OptiBuild,RY775 OptiBuild
36111,BLS,BDB,Research Reagents,Research Core Cobalt,Cobalt Blue OptiBuild,RB545 OptiBuild
36121,BLS,BDB,Research Reagents,Research Core Sirigen,Sirigen - Immune Function (Flow Cytometry),Sirigen - Immune Function (Flow Cytometry)
36125,BLS,BDB,Research Reagents,Research Core Cobalt,Cobalt YG Support,Antibody Controls
36130,BLS,BDB,Research Reagents,Research Core Cobalt,Cobalt Blue OptiBuild,RB613 OptiBuild
36131,BLS,BDB,Research Reagents,Research Core Cobalt,Cobalt Blue OptiBuild,RB670 OptiBuild
36134,BLS,BDB,Clinical Reagents,Custom Clinical Reagents,Clinical Sirigen - CTT,Clinical Sirigen - CTT
36147,BLS,BDB,Research Reagents,Research Core Non-Sirigen,Non Sirigen - Immune Function (Flow Cytometry),Non Sirigen - Immune Function (Flow Cytometry)
36151,BLS,BDB,Research Reagents,Research Core Sirigen,Sirigen - OptiBuild,Sirigen - OptiBuild (Flow Cytometry)
36158,BLS,BDB,Research Reagents,Research Core Sirigen,Sirigen - Immune Function (Flow Cytometry),Sirigen - Immune Function (Flow Cytometry)
36163,BLS,BDB,Research Reagents,Research Core Sirigen,Sirigen - OptiBuild,Sirigen - OptiBuild (Flow Cytometry)
36167,BLS,BDB,Research Reagents,Research Core Cobalt,Cobalt Blue OptiBuild,RB670 OptiBuild
36174,BLS,BDB,Research Reagents,Research Core Cobalt,Cobalt YG OptiBuild,RY703 OptiBuild
36183,BLS,BDB,Research Reagents,Research Core Cobalt,Cobalt Blue MTS,RB613 MTS
36186,BLS,BDB,Research Reagents,Research Core Cobalt,Cobalt Blue OptiBuild,RB670 OptiBuild
36190,BLS,DS,Molecular Diagnostics,BD MAX,MAX Other Consumables,MAX All Other Consumables
36191,BLS,BDB,Research Reagents,Research Core Cobalt,Cobalt Blue OptiBuild,RB670 OptiBuild
36199,BLS,BDB,Research Reagents,Research Core Cobalt,Cobalt Blue OptiBuild,RB670 OptiBuild
36200,BLS,BDB,Research Reagents,Research Core Cobalt,Cobalt Blue OptiBuild,RB613 OptiBuild
36205,BLS,BDB,Research Reagents,Research Core Cobalt,Cobalt YG MTS,RY775 MTS
36229,BLS,BDB,Research Reagents,Research Core Cobalt,Cobalt YG MTS,RY703 MTS
36231,BLS,BDB,Research Reagents,Research Core Cobalt,Cobalt Blue OptiBuild,RB705 OptiBuild
36245,BLS,BDB,Research Reagents,Research Core Cobalt,Cobalt Blue OptiBuild,RB613 OptiBuild
36250,BLS,BDB,Research Reagents,Research Core Sirigen,Sirigen - OptiBuild,Sirigen - OptiBuild (Flow Cytometry)
36258,BLS,BDB,Research Reagents,Research Core Cobalt,Cobalt Blue OptiBuild,RB613 OptiBuild
36272,BLS,BDB,Research Reagents,Research Core Cobalt,Cobalt YG OptiBuild,RY703 OptiBuild
36273,BLS,BDB,Research Reagents,Research Core Sirigen,Sirigen - OptiBuild,Sirigen - OptiBuild (Flow Cytometry)
36275,BLS,BDB,Research Reagents,Research Core Sirigen,Sirigen - OptiBuild,Sirigen - OptiBuild (Flow Cytometry)
36276,BLS,BDB,Research Reagents,Research Core Cobalt,Cobalt Blue OptiBuild,RB613 OptiBuild
36279,BLS,BDB,Research Reagents,Research Core Cobalt,Cobalt Blue OptiBuild,RB670 OptiBuild
36290,BLS,BDB,Research Reagents,Research Core Sirigen,Sirigen - OptiBuild,Sirigen - OptiBuild (Flow Cytometry)
36293,BLS,BDB,Research Reagents,Research Core Cobalt,Cobalt Blue OptiBuild,RB705 OptiBuild
36294,BLS,BDB,Research Reagents,Research Core Cobalt,Cobalt YG OptiBuild,RY775 OptiBuild
36298,BLS,BDB,Research Reagents,Research Core Sirigen,Sirigen - OptiBuild,Sirigen - OptiBuild (Flow Cytometry)
36299,BLS,BDB,Research Reagents,Research Reagents - PC Adjustment,Research Reagents - PC Adjustment,Research Reagents - PC Adjustment
36311,BLS,BDB,Research Reagents,Research Core Cobalt,Cobalt YG OptiBuild,RY610 OptiBuild
36319,BLS,BDB,Research Reagents,Research Core Cobalt,Cobalt YG OptiBuild,RY703 OptiBuild
36320,BLS,BDB,Research Reagents,Research Core Cobalt,Cobalt YG OptiBuild,RY610 OptiBuild
36323,BLS,BDB,Research Reagents,Research Core Cobalt,Cobalt Blue OptiBuild,RB613 OptiBuild
36329,BLS,BDB,Research Reagents,Research Core Cobalt,Cobalt YG OptiBuild,RY775 OptiBuild
36330,BLS,BDB,Research Reagents,Research Core Cobalt,Cobalt Blue OptiBuild,RB670 OptiBuild
36334,BLS,BDB,Research Reagents,Research Core Cobalt,Cobalt YG OptiBuild,RY703 OptiBuild
36336,BLS,BDB,Research Reagents,Research Core Cobalt,Cobalt YG MTS,RY775 MTS
36337,BLS,BDB,Research Reagents,Research Core Non-Sirigen,Non Sirigen - Immune Function (Flow Cytometry),Non Sirigen - Immune Function (Flow Cytometry)
36340,BLS,BDB,Research Reagents,Research Core Cobalt,Cobalt YG OptiBuild,RY610 OptiBuild
36341,BLS,BDB,Research Reagents,Research Core Cobalt,Cobalt Blue OptiBuild,RB744 OptiBuild
36345,BLS,BDB,Research Reagents,Research Core Cobalt,Cobalt Blue MTS,RB744 MTS
36350,BLS,BDB,Research Reagents,Research Non-Core,Non-Flow Cytometry - Assays,Non-Flow Cytometry - Assays
36361,BLS,BDB,Research Reagents,Research Core Cobalt,Cobalt Blue OptiBuild,RB744 OptiBuild
36375,BLS,BDB,Research Reagents,Research Core Sirigen,Sirigen - OptiBuild,Sirigen - OptiBuild (Flow Cytometry)
36394,BLS,BDB,Research Reagents,Research Core Cobalt,Cobalt YG OptiBuild,RY610 OptiBuild
36402,BLS,BDB,Research Reagents,Research Core Cobalt,Cobalt Blue OptiBuild,RB705 OptiBuild
36408,BLS,BDB,Research Reagents,Research Core Cobalt,Cobalt Blue OptiBuild,RB705 OptiBuild
36418,BLS,BDB,Research Reagents,Research Core Cobalt,Cobalt YG OptiBuild,RY586 OptiBuild
36419,BLS,BDB,Research Reagents,Research Non-Core,Non-Flow Cytometry - Assays,Non-Flow Cytometry - Assays
36421,BLS,BDB,Research Reagents,Research Core Cobalt,Cobalt YG OptiBuild,RY703 OptiBuild
36422,BLS,BDB,Research Reagents,Research Reagents - PC Adjustment,Research Reagents - PC Adjustment,Research Reagents - PC Adjustment
36426,BLS,BDB,Research Reagents,Research Core Sirigen,Sirigen - OptiBuild,Sirigen - OptiBuild (Flow Cytometry)
36429,BLS,BDB,Research Reagents,Research Core Cobalt,Cobalt YG OptiBuild,RY703 OptiBuild
36432,BLS,BDB,Research Reagents,Research Core Cobalt,Cobalt YG OptiBuild,RY775 OptiBuild
36434,BLS,BDB,Research Reagents,Research Core Sirigen,Sirigen - OptiBuild,Sirigen - OptiBuild (Flow Cytometry)
36442,BLS,BDB,Research Reagents,Research Core Cobalt,Cobalt YG MTS,RY775 MTS
36443,BLS,BDB,Research Reagents,Research Core Sirigen,Sirigen - OptiBuild,Sirigen - OptiBuild (Flow Cytometry)
36449,BLS,BDB,Research Reagents,Research Core Cobalt,Cobalt Blue OptiBuild,RB613 OptiBuild
36452,BLS,BDB,Research Reagents,Research Core Cobalt,Cobalt YG Support,Antibody Controls
36454,BLS,BDB,Research Reagents,Research Core Non-Sirigen,Non Sirigen - Immune Function (Flow Cytometry),Non Sirigen - Immune Function (Flow Cytometry)
36460,BLS,BDB,Research Reagents,Research Core Cobalt,Cobalt YG MTS,RY775 MTS
36464,BLS,BDB,Research Reagents,Research Core Cobalt,Cobalt Blue OptiBuild,RB613 OptiBuild
36466,BLS,BDB,Research Reagents,Research Core Cobalt,Cobalt YG OptiBuild,RY703 OptiBuild
36469,BLS,BDB,Research Reagents,Research Core Cobalt,Cobalt Blue OptiBuild,RB613 OptiBuild
36470,BLS,BDB,Research Reagents,Research Core Cobalt,Cobalt Blue OptiBuild,RB613 OptiBuild
36476,BLS,BDB,Research Reagents,Research Core Cobalt,Cobalt YG OptiBuild,RY703 OptiBuild
36482,BLS,BDB,Research Reagents,Research Core Cobalt,Cobalt YG OptiBuild,RY703 OptiBuild
36485,BLS,BDB,Research Reagents,Research Core Cobalt,Cobalt Blue OptiBuild,RB613 OptiBuild
36509,BLS,BDB,Research Reagents,Research Core Cobalt,Cobalt YG OptiBuild,RY586 OptiBuild
36513,BLS,BDB,Research Reagents,Research Core Cobalt,Cobalt YG OptiBuild,RY610 OptiBuild
36519,BLS,BDB,Research Reagents,Research Core Cobalt,Cobalt Blue OptiBuild,RB670 OptiBuild
36522,BLS,BDB,Research Reagents,Research Core Cobalt,Cobalt Blue OptiBuild,RB780 OptiBuild
36524,BLS,BDB,Research Reagents,Research Core Sirigen,Sirigen - Immune Function (Flow Cytometry),Sirigen - Immune Function (Flow Cytometry)
36525,BLS,BDB,Research Reagents,Research Core Cobalt,Cobalt Blue OptiBuild,RB705 OptiBuild
36530,BLS,BDB,Research Reagents,Research Core Cobalt,Cobalt YG OptiBuild,RY775 OptiBuild
36531,BLS,DS,Lab Automation,Lab Automation - PC Adjustment,Lab Automation - PC Adjustment,Lab Automation - PC Adjustment
36533,BLS,BDB,Research Reagents,Research Core Cobalt,Cobalt YG OptiBuild,RY610 OptiBuild
36537,BLS,BDB,Research Reagents,Research Core Cobalt,Cobalt YG MTS,RY775 MTS
36539,BDM,MDS,Advanced Access Devices,PICC,PowerPICC,TBD
36541,BLS,BDB,Research Reagents,Research Core Cobalt,Cobalt YG OptiBuild,RY703 OptiBuild
36545,BLS,BDB,Research Reagents,Research Core Cobalt,Cobalt YG OptiBuild,RY610 OptiBuild
36549,BLS,BDB,Single Cell Multiomics,SCM Reagents,BD AbSeq,AbSeq - MTS vials
36552,BLS,BDB,Research Reagents,Research Core Cobalt,Cobalt Blue OptiBuild,RB780 OptiBuild
36556,BLS,BDB,Research Reagents,Research Core Cobalt,Cobalt YG OptiBuild,RY586 OptiBuild
36561,BLS,BDB,Research Reagents,Research Core Cobalt,Cobalt Blue OptiBuild,RB613 OptiBuild
36567,BLS,BDB,Research Reagents,Research Core Sirigen,Sirigen - OptiBuild,Sirigen - OptiBuild (Flow Cytometry)
36570,BLS,BDB,Research Reagents,Research Core Cobalt,Cobalt YG OptiBuild,RY703 OptiBuild
36571,BLS,BDB,Research Reagents,Research Core Cobalt,Cobalt YG OptiBuild,RY610 OptiBuild
36575,BLS,BDB,Research Reagents,Research Core Cobalt,Cobalt YG OptiBuild,RY775 OptiBuild
36576,BLS,BDB,Research Reagents,Research Core Cobalt,Cobalt Red MTS,RR688 MTS
36577,BLS,BDB,Research Reagents,Research Reagents - PC Adjustment,Research Reagents - PC Adjustment,Research Reagents - PC Adjustment
36579,BLS,BDB,Research Reagents,Research Core Cobalt,Cobalt Blue OptiBuild,RB670 OptiBuild
36581,BLS,BDB,Research Reagents,Research Core Cobalt,Cobalt Blue OptiBuild,RB705 OptiBuild
36582,BLS,BDB,Research Reagents,Research Core Sirigen,Sirigen - OptiBuild,Sirigen - OptiBuild (Flow Cytometry)
36583,BLS,BDB,Research Reagents,Research Core Cobalt,Cobalt YG MTS,RY743 MTS
36585,BLS,BDB,Research Reagents,Research Core Cobalt,Cobalt YG OptiBuild,RY586 OptiBuild
36586,BLS,BDB,Research Reagents,Research Core Cobalt,Cobalt YG OptiBuild,RY610 OptiBuild
36587,BLS,BDB,Research Reagents,Research Core Cobalt,Cobalt Red MTS,RR688 MTS
36596,BLS,BDB,Research Reagents,Research Core Non-Sirigen,Non Sirigen - Immune Function (Flow Cytometry),Non Sirigen - Immune Function (Flow Cytometry)
36602,BLS,BDB,Research Reagents,Research Core Cobalt,Cobalt YG OptiBuild,RY610 OptiBuild
36606,BLS,BDB,Research Reagents,Research Core Cobalt,Cobalt Blue OptiBuild,RB545 OptiBuild
36611,BLS,BDB,Research Reagents,Research Core Cobalt,Cobalt Blue OptiBuild,RB670 OptiBuild
36625,BLS,BDB,Research Reagents,Research Core Cobalt,Cobalt YG OptiBuild,RY586 OptiBuild
36634,BLS,BDB,Research Reagents,Research Core Cobalt,Cobalt Blue OptiBuild,RB670 OptiBuild
36639,BLS,BDB,Research Reagents,Research Core Cobalt,Cobalt Blue OptiBuild,RB705 OptiBuild
36640,BLS,BDB,Research Reagents,Research Core Sirigen,Sirigen - OptiBuild,Sirigen - OptiBuild (Flow Cytometry)
36644,BLS,BDB,Research Reagents,Research Core Cobalt,Cobalt YG OptiBuild,RY703 OptiBuild
36646,BLS,BDB,Research Reagents,Research Core Cobalt,Cobalt YG OptiBuild,RY775 OptiBuild
36648,BLS,BDB,Research Reagents,Research Core Cobalt,Cobalt Blue OptiBuild,RB670 OptiBuild
36657,BLS,BDB,Research Reagents,Research Core Non-Sirigen,Non Sirigen - Immune Function (Flow Cytometry),Non Sirigen - Immune Function (Flow Cytometry)
36662,BLS,BDB,Research Reagents,Research Core Cobalt,Cobalt Blue OptiBuild,RB670 OptiBuild
36663,BLS,BDB,Research Reagents,Research Core Cobalt,Cobalt Blue OptiBuild,RB670 OptiBuild
36667,BLS,BDB,Research Reagents,Research Core Cobalt,Cobalt YG OptiBuild,RY610 OptiBuild
36668,BLS,BDB,Research Reagents,Research Core Cobalt,Cobalt Blue OptiBuild,RB670 OptiBuild
36693,BLS,BDB,Research Reagents,Research Core Cobalt,Cobalt YG OptiBuild,RY610 OptiBuild
36706,BLS,BDB,Research Reagents,Research Core Cobalt,Cobalt YG OptiBuild,RY610 OptiBuild
36711,BLS,BDB,Research Reagents,Research Core Non-Sirigen,Non-Sirigen - OptiBuild,Non Sirigen - Optibuild (Flow Cytometry)
36722,BLS,BDB,Research Reagents,Research Core Cobalt,Cobalt Blue OptiBuild,RB670 OptiBuild
36726,BDM,MDS,Advanced Access Devices,PICC,Provena Solo 5FR TL,Full
36727,BLS,BDB,Research Reagents,Research Core Cobalt,Cobalt Blue OptiBuild,RB613 OptiBuild
36731,BLS,BDB,Research Reagents,Research Core Cobalt,Cobalt Blue OptiBuild,RB705 OptiBuild
36734,BLS,BDB,Research Reagents,Research Core Sirigen,Sirigen - Immune Function (Flow Cytometry),Sirigen - Immune Function (Flow Cytometry)
36745,BLS,BDB,Research Reagents,Research Core Cobalt,Cobalt Blue OptiBuild,RB670 OptiBuild
36749,BLS,BDB,Research Reagents,Research Core Cobalt,Cobalt Blue OptiBuild,RB670 OptiBuild
36751,BLS,BDB,Research Reagents,Research Core Non-Sirigen,Non Sirigen - Immune Function (Flow Cytometry),Non Sirigen - Immune Function (Flow Cytometry)
36754,BDM,MDS,Advanced Access Devices,PICC,Provena Solo 5FR TL,TBD
36759,BLS,BDB,Research Reagents,Research Core Non-Sirigen,Non Sirigen - Cell Signal Cancer (Flow Cytometry),Non Sirigen - Cell Signal Cancer (Flow Cytometry)
36770,BDM,MDS,Advanced Access Devices,PICC,PowerPICC Solo,Full
36774,BLS,BDB,Research Reagents,Research Core Cobalt,Cobalt YG MTS,RY743 MTS
36782,BLS,BDB,Research Reagents,Research Core Cobalt,Cobalt YG OptiBuild,RY775 OptiBuild
36793,BLS,BDB,Research Reagents,Research Core Cobalt,Cobalt YG OptiBuild,RY610 OptiBuild
36806,BDI,PI,End Stage Kidney Disease,Chronic Dialysis Catheters,Chronic Dialysis,Hemosplit
36818,BLS,BDB,Research Reagents,Research Core Non-Sirigen,Non Sirigen - Immune Function (Flow Cytometry),Non Sirigen - Immune Function (Flow Cytometry)
36824,BDM,MDS,Advanced Access Devices,PICC,Provena 4FR DL / 3FR SL,Basic
36832,BDM,MDS,Advanced Access Devices,Dialysis Access,Acute Dialysis,Trialysis
36844,BLS,BDB,Research Reagents,Research Core Cobalt,Cobalt Blue OptiBuild,RB780 OptiBuild
36854,BLS,BDB,Research Reagents,Research Core Cobalt,Cobalt YG OptiBuild,RY610 OptiBuild
36859,BLS,BDB,Research Reagents,Research Core Non-Sirigen,Non Sirigen - Immune Function (Flow Cytometry),Non Sirigen - Immune Function (Flow Cytometry)
36862,BLS,BDB,Research Reagents,Research Core Cobalt,Cobalt Blue MTS,RB744 MTS
36865,BLS,BDB,Research Reagents,Research Core Sirigen,Sirigen - Immune Function (Flow Cytometry),Sirigen - Immune Function (Flow Cytometry)
36869,BLS,BDB,Research Reagents,Research Core Cobalt,Cobalt Blue MTS,RB670 MTS
36872,BLS,BDB,Research Reagents,Research Core Cobalt,Cobalt YG MTS,RY703 MTS
36875,BLS,BDB,Research Reagents,Research Core Cobalt,Cobalt Blue MTS,RB670 MTS
36883,BLS,BDB,Research Reagents,Research Core Non-Sirigen,Non Sirigen - Immune Function (Flow Cytometry),Non Sirigen - Immune Function (Flow Cytometry)
36885,BDM,MDS,Advanced Access Devices,PICC,PowerPICC,TBD
36886,BLS,BDB,Research Reagents,Research Core Cobalt,Cobalt YG OptiBuild,RY775 OptiBuild
36891,BLS,BDB,Research Reagents,Research Core Non-Sirigen,Non Sirigen - Immune Function (Flow Cytometry),Non Sirigen - Immune Function (Flow Cytometry)
36905,BLS,BDB,Research Reagents,Research Core Non-Sirigen,Non Sirigen - Immune Function (Flow Cytometry),Non Sirigen - Immune Function (Flow Cytometry)
36919,BLS,BDB,Research Reagents,Research Core Cobalt,Cobalt Blue MTS,RB670 MTS
36923,BLS,BDB,Research Reagents,Research Core Cobalt,Cobalt YG MTS,RY703 MTS
36927,BLS,BDB,Research Reagents,Research Core Non-Sirigen,Non Sirigen - Immune Function (Flow Cytometry),Non Sirigen - Immune Function (Flow Cytometry)
36934,BLS,BDB,Research Reagents,Research Core Non-Sirigen,Non Sirigen - Immune Function (Flow Cytometry),Non Sirigen - Immune Function (Flow Cytometry)
36935,BLS,BDB,Research Reagents,Research Core Sirigen,Sirigen - OptiBuild,Sirigen - OptiBuild (Flow Cytometry)
36936,BLS,BDB,Research Reagents,Research Core Cobalt,Cobalt YG MTS,RY775 MTS
36940,BLS,BDB,Research Reagents,Research Core Cobalt,Cobalt YG MTS,RY610 MTS
36944,BLS,BDB,Research Reagents,Research Core Non-Sirigen,Non Sirigen - Immune Function (Flow Cytometry),Non Sirigen - Immune Function (Flow Cytometry)
36945,BLS,BDB,Research Reagents,Research Core Cobalt,Cobalt Blue OptiBuild,RB780 OptiBuild
36946,BLS,BDB,Research Reagents,Research Core Cobalt,Cobalt Blue OptiBuild,RB670 OptiBuild
36953,BLS,BDB,Research Reagents,Research Core Non-Sirigen,Non Sirigen - Immune Function (Flow Cytometry),Non Sirigen - Immune Function (Flow Cytometry)
36955,BLS,BDB,Research Reagents,Research Core Cobalt,Cobalt Blue OptiBuild,RB780 OptiBuild
36964,BLS,BDB,Research Reagents,Research Core Non-Sirigen,Non Sirigen - Immune Function (Flow Cytometry),Non Sirigen - Immune Function (Flow Cytometry)
36966,BLS,BDB,Research Reagents,Research Core Cobalt,Cobalt YG OptiBuild,RY610 OptiBuild
36971,BLS,BDB,Research Reagents,Research Core Cobalt,Cobalt YG OptiBuild,RY586 OptiBuild
36972,BLS,BDB,Research Reagents,Research Core Cobalt,Cobalt Blue OptiBuild,RB670 OptiBuild
36981,BLS,BDB,Research Reagents,Research Core Non-Sirigen,Non Sirigen - Immune Function (Flow Cytometry),Non Sirigen - Immune Function (Flow Cytometry)
36982,BLS,BDB,Research Reagents,Research Core Non-Sirigen,Non Sirigen - Immune Function (Flow Cytometry),Non Sirigen - Immune Function (Flow Cytometry)
36983,BLS,BDB,Research Reagents,Research Core Non-Sirigen,Non Sirigen - Immune Function (Flow Cytometry),Non Sirigen - Immune Function (Flow Cytometry)
36984,BLS,BDB,Research Reagents,Research Core Non-Sirigen,Non Sirigen - Immune Function (Flow Cytometry),Non Sirigen - Immune Function (Flow Cytometry)
37000,BLS,BDB,Research Reagents,Research Core Cobalt,Cobalt Blue MTS,RB670 MTS
37001,BLS,BDB,Research Reagents,Research Core Cobalt,Cobalt Blue MTS,RB613 MTS
37003,BDM,MDS,Advanced Access Devices,Dialysis Access,Acute Dialysis,Niagara
37005,BLS,BDB,Research Reagents,Research Core Sirigen,Sirigen - OptiBuild,Sirigen - OptiBuild (Flow Cytometry)
37006,BDI,UCC,Total Home Care Sales,Urology Home Care,Biopsy - BMD,Marquee Needles - BPV
37009,BDI,UCC,Endourology,Stone Disposables,Dilation Products,Spiral Filiform
37010,BDM,MDS,Advanced Access Devices,Dialysis Access,Acute Dialysis,Niagara Slim Cath
37012,BDM,MMS,Alaris Plus,POC Systems,Alaris Plus CC Pump,CC
37013,BLS,DS,Veritor Cov,Veritor Cov,Visual Read COV19 Antigen,Visual Read COV19 Antigen
37019,BDM,MMS,BD Nexus,Service,BD Nexus Service Parts,Spares Parts
37020,BDM,MMS,BD Nexus,Service,BD Nexus Service Parts,Spares Parts
37021,BDM,MMS,BD Nexus,Service,BD Nexus Service Parts,Spares Parts
37022,BLS,DS,Veritor Cov,Veritor Cov,Visual Read COV19 Antigen,Visual Read COV19 Antigen
37025,BDM,MMS,Alaris System,Service,Alaris System Service Parts,Medley NONCATALOG
37028,BDM,MMS,BD Nexus,Service,BD Nexus Service Parts,Spares SYP
37032,BDM,MMS,BD Nexus,Service,BD Nexus Service Parts,Spares Parts
37033,BDM,MMS,BD Nexus,Service,BD Nexus Service Parts,Spares Parts
37034,BDM,MMS,BD Nexus,Service,BD Nexus Service Parts,Spares Parts
37035,BDM,MMS,BD Nexus,Service,BD Nexus Service Parts,Spares Parts
37037,BDM,MMS,BD Nexus,Service,BD Nexus Service Parts,Spares Parts
37038,BDM,MMS,BD Nexus,Service,BD Nexus Service Parts,Spares Parts
37039,BDM,MMS,BD Nexus,Service,BD Nexus Service Parts,Spares Parts
37056,BDI,UCC,Total Home Care Sales,Urology Home Care,Home Care Non Bard,UK DAC Sales (Non Bard)
37058,BDI,UCC,Total Home Care Sales,Urology Home Care,Home Care Non Bard,UK DAC Sales (Non Bard)
37059,BDI,UCC,Total Home Care Sales,Urology Home Care,Home Care Non Bard,UK DAC Sales (Non Bard)
37061,BDI,UCC,Total Home Care Sales,Urology Home Care,Home Care Non Bard,UK DAC Sales (Non Bard)
37063,BLS,BDB,Research Instruments,Other Instrument Revenue (Research),Other Instrument Revenue (Research),Other Instrument Revenue (Research)
37065,BDI,PI,Oncology,Biopsy Needles and Accessories,Core Needle Biopsy,Histocore
37067,BDI,PI,Oncology,Brachy,Brachy Accessories,Packaging
37069,BDM,MMS,Alaris System,Alaris System - PC Adjustment,Alaris System - PC Adjustment,Alaris System - PC Adjustment
37070,BLS,DS,Lab Automation,Lab Automation - PC Adjustment,Lab Automation - PC Adjustment,Lab Automation - PC Adjustment
37071,BDI,UCC,Total Home Care Sales,Urology Home Care,Home Care Non Bard,UK DAC Sales (Non Bard)
37097,BLS,BDB,Clinical Reagents,Custom Clinical Reagents,Custom - CTT CM,CTT CM
37098,BLS,BDB,Clinical Reagents,Custom Clinical Reagents,Custom - CTT CM,CTT CM
37099,BLS,BDB,Clinical Reagents,Custom Clinical Reagents,Custom - CTT CM,CTT CM
37100,BLS,BDB,Clinical Reagents,Custom Clinical Reagents,Custom - CTT CM,CTT CM
37101,BLS,BDB,Clinical Reagents,Custom Clinical Reagents,Custom - CTT CM,CTT CM
37102,BLS,BDB,Clinical Reagents,Custom Clinical Reagents,Custom - CTT CM,CTT CM
37104,BLS,BDB,Research Instruments,LSR/Fortessa,LSR/Fortessa Options,LSR/Fortessa Options
37118,BLS,DS,Molecular Diagnostics,ProbeTec/Viper,All Other BD Viper,Viper Ancillary Equipment
37120,BLS,DS,Cancer,Cytology,All Other Instruments,FocalPoint Instrument Accessories
37131,BLS,BDB,Research Reagents,Custom Research Reagents,Sirigen - Customs,Sirigen - Customs
37139,BDI,UCC,Targeted Temperature Management,Arctic Sun,Arctic Sun-Hardware,Arctic Sun-Hardware
37141,BDI,PI,Oncology,Other Biopsy,CoreLite Capital,CoreLite Capital
37153,BLS,BDB,Single Cell Multiomics,SCM Reagents,BD Immune Repertoire Profiling Reagents (BD VDJ),TCR/BCR
37161,BLS,DS,Cancer,Cytology,All Other Instruments,PrepStain Plus Accessories
37166,BLS,BDB,Single Cell Multiomics,SCM Reagents,BD Gene Expression Reagents,Custom Panels
37168,BLS,DS,Cancer,Cytology,All Other Instruments,FocalPoint Instrument Accessories
37172,BDI,PI,BD PI Other,OEM,Interventional OEM,Interventional OEM
37173,BDI,PI,BD PI Other,OEM,Interventional OEM,Interventional OEM
37180,BDI,PI,End Stage Kidney Disease,Stents and Stent Grafts ESKD,Fluency,Fluency
37198,BDI,PI,End Stage Kidney Disease,PTA ESKD,Conquest 40 PTA,Conquest 40 PTA
37215,BLS,DS,Microbiology,ID/AST,BioTyper Reagents/Accessories,BioTyper Reagents/Accessories
37216,BLS,BDB,Research Instruments,Other Instrument Revenue (Research),Other Instrument Revenue (Research),Other Instrument Revenue (Research)
37219,BLS,BDB,Clinical Reagents,Cancer Reagents,Cancer,CAN Single Color
37221,BLS,BDB,Clinical Reagents,Cancer Reagents,Cancer,CAN Single Color
37225,BLS,BDB,Clinical Reagents,Cancer Reagents,Cancer,CAN Single Color
37230,BLS,BDB,Research Reagents,Research Core Cobalt,Cobalt YG OptiBuild,RY610 OptiBuild
37232,BLS,BDB,Research Reagents,Research Core Sirigen,Sirigen - OptiBuild,Sirigen - OptiBuild (Flow Cytometry)
37233,BLS,BDB,Research Reagents,Research Core Sirigen,Sirigen - OptiBuild,Sirigen - OptiBuild (Flow Cytometry)
37242,BLS,BDB,Research Reagents,Research Core Sirigen,Sirigen - OptiBuild,Sirigen - OptiBuild (Flow Cytometry)
37246,BLS,BDB,Research Reagents,Research Core Sirigen,Sirigen - OptiBuild,Sirigen - OptiBuild (Flow Cytometry)
37248,BLS,BDB,Research Reagents,Research Core Cobalt,Cobalt YG MTS,RY743 MTS
37251,BLS,BDB,Research Reagents,Research Core Sirigen,Sirigen - OptiBuild,Sirigen - OptiBuild (Flow Cytometry)
37256,BDM,MMS,Alaris Plus,POC Systems,Alaris Plus CC Pump,CC
37259,BLS,BDB,Research Reagents,Research Core Sirigen,Sirigen - Immune Function (Flow Cytometry),Sirigen - Immune Function (Flow Cytometry)
37271,BLS,BDB,Research Reagents,Research Core Sirigen,Sirigen - OptiBuild,Sirigen - OptiBuild (Flow Cytometry)
37272,BLS,BDB,Research Reagents,Research Core Cobalt,Cobalt Blue OptiBuild,RB780 OptiBuild
37292,BLS,BDB,Research Reagents,Research Core Sirigen,Sirigen - OptiBuild,Sirigen - OptiBuild (Flow Cytometry)
37300,BLS,BDB,Research Reagents,Research Core Sirigen,Sirigen - OptiBuild,Sirigen - OptiBuild (Flow Cytometry)
37303,BLS,BDB,Research Reagents,Research Core Sirigen,Sirigen - OptiBuild,Sirigen - OptiBuild (Flow Cytometry)
37305,BLS,BDB,Research Reagents,Research Core Sirigen,Sirigen - OptiBuild,Sirigen - OptiBuild (Flow Cytometry)
37310,BLS,BDB,Research Reagents,Research Core Sirigen,Sirigen - OptiBuild,Sirigen - OptiBuild (Flow Cytometry)
37311,BLS,BDB,Research Reagents,Research Core Sirigen,Sirigen - OptiBuild,Sirigen - OptiBuild (Flow Cytometry)
37314,BLS,BDB,Research Reagents,Research Core Sirigen,Sirigen - OptiBuild,Sirigen - OptiBuild (Flow Cytometry)
37320,BLS,BDB,Research Reagents,Research Core Sirigen,Sirigen - OptiBuild,Sirigen - OptiBuild (Flow Cytometry)
37333,BLS,BDB,Research Reagents,Research Core Sirigen,Sirigen - OptiBuild,Sirigen - OptiBuild (Flow Cytometry)
37334,BLS,BDB,Research Reagents,Research Core Sirigen,Sirigen - OptiBuild,Sirigen - OptiBuild (Flow Cytometry)
37343,BLS,BDB,Research Reagents,Research Core Cobalt,Cobalt Blue OptiBuild,RB670 OptiBuild
37344,BLS,BDB,Research Reagents,Research Core Sirigen,Sirigen - OptiBuild,Sirigen - OptiBuild (Flow Cytometry)
37346,BLS,BDB,Research Reagents,Research Core Non-Sirigen,Non Sirigen - Immune Function (Flow Cytometry),Non Sirigen - Immune Function (Flow Cytometry)
37347,BLS,BDB,Research Reagents,Research Core Sirigen,Sirigen - OptiBuild,Sirigen - OptiBuild (Flow Cytometry)
37349,BLS,BDB,Research Reagents,Research Core Cobalt,Cobalt Blue OptiBuild,RB545 OptiBuild
37361,BLS,BDB,Research Reagents,Research Core Cobalt,Cobalt Blue MTS,RB613 MTS
37365,BLS,BDB,Research Reagents,Research Core Sirigen,Sirigen - OptiBuild,Sirigen - OptiBuild (Flow Cytometry)
37380,BLS,BDB,Research Reagents,Research Core Sirigen,Sirigen - OptiBuild,Sirigen - OptiBuild (Flow Cytometry)
37382,BLS,BDB,Clinical Reagents,Cancer Reagents,Cancer,CAN Single Color
37385,BLS,BDB,Research Reagents,Research Core Sirigen,Sirigen - OptiBuild,Sirigen - OptiBuild (Flow Cytometry)
37386,BLS,BDB,Research Reagents,Research Core Sirigen,Sirigen - OptiBuild,Sirigen - OptiBuild (Flow Cytometry)
37388,BLS,BDB,Clinical Reagents,Cytognos Reagents,Cytognos Other Reagents,Cytognos OTHER REAGENTS
37389,BDI,PI,Peripheral Vascular Disease,Stents PVD,Lifestar,Lifestar
37390,BLS,BDB,Research Reagents,Research Core Sirigen,Sirigen - OptiBuild,Sirigen - OptiBuild (Flow Cytometry)
37393,BLS,BDB,Research Reagents,Research Core Cobalt,Cobalt Blue OptiBuild,RB744 OptiBuild
37399,BLS,BDB,Research Reagents,Research Core Cobalt,Cobalt YG OptiBuild,RY775 OptiBuild
37404,BLS,BDB,Research Reagents,Research Core Non-Sirigen,Non Sirigen - Immune Function (Flow Cytometry),Non Sirigen - Immune Function (Flow Cytometry)
37411,BLS,BDB,Research Reagents,Research Core Cobalt,Cobalt YG OptiBuild,RY775 OptiBuild
37421,BLS,BDB,Research Reagents,Research Core Sirigen,Sirigen - OptiBuild,Sirigen - OptiBuild (Flow Cytometry)
37434,BLS,BDB,Research Reagents,Research Core Sirigen,Sirigen - OptiBuild,Sirigen - OptiBuild (Flow Cytometry)
37441,BLS,BDB,Research Reagents,Research Core Sirigen,Sirigen - Immune Function (Flow Cytometry),Sirigen - Immune Function (Flow Cytometry)
37442,BLS,BDB,Research Reagents,Research Core Cobalt,Cobalt YG MTS,RY775 MTS
37452,BLS,BDB,Research Reagents,Research Core Cobalt,Cobalt YG OptiBuild,RY775 OptiBuild
37459,BLS,BDB,Research Reagents,Research Core Cobalt,Cobalt YG OptiBuild,RY775 OptiBuild
37467,BLS,BDB,Research Reagents,Research Core Cobalt,Cobalt Blue OptiBuild,RB613 OptiBuild
37468,BLS,BDB,Research Reagents,Research Core Cobalt,Cobalt Blue OptiBuild,RB705 OptiBuild
37470,BLS,BDB,Research Reagents,Research Core Sirigen,Sirigen - OptiBuild,Sirigen - OptiBuild (Flow Cytometry)
37472,BLS,BDB,Research Reagents,Research Core Cobalt,Cobalt Blue OptiBuild,RB670 OptiBuild
37476,BLS,BDB,Research Reagents,Research Core Sirigen,Sirigen - OptiBuild,Sirigen - OptiBuild (Flow Cytometry)
37480,BLS,BDB,Research Reagents,Research Core Cobalt,Cobalt YG OptiBuild,RY775 OptiBuild
37484,BLS,BDB,Research Reagents,Research Core Cobalt,Cobalt YG MTS,RY655 MTS
37492,BLS,BDB,Research Reagents,Research Core Sirigen,Sirigen - OptiBuild,Sirigen - OptiBuild (Flow Cytometry)
37495,BLS,BDB,Research Reagents,Research Core Cobalt,Cobalt YG OptiBuild,RY703 OptiBuild
37497,BLS,BDB,Research Reagents,Research Core Cobalt,Cobalt Blue OptiBuild,RB670 OptiBuild
37502,BLS,BDB,Research Reagents,Research Core Cobalt,Cobalt YG MTS,RY703 MTS
37504,BLS,BDB,Research Reagents,Research Core Cobalt,Cobalt Blue OptiBuild,RB780 OptiBuild
37540,BLS,BDB,Research Reagents,Research Core Cobalt,Cobalt Blue OptiBuild,RB613 OptiBuild
37543,BLS,BDB,Research Reagents,Research Core Cobalt,Cobalt YG OptiBuild,RY775 OptiBuild
37547,BLS,BDB,Research Reagents,Research Core Cobalt,Cobalt Blue OptiBuild,RB705 OptiBuild
37551,BLS,BDB,Research Reagents,Research Core Cobalt,Cobalt YG OptiBuild,RY775 OptiBuild
37554,BLS,BDB,Research Reagents,Research Core Cobalt,Cobalt Blue OptiBuild,RB705 OptiBuild
37555,BLS,BDB,Research Reagents,Research Core Cobalt,Cobalt YG OptiBuild,RY775 OptiBuild
37557,BLS,BDB,Research Reagents,Research Core Cobalt,Cobalt YG OptiBuild,RY775 OptiBuild
37560,BLS,BDB,Research Reagents,Research Core Cobalt,Cobalt Blue OptiBuild,RB613 OptiBuild
37562,BLS,BDB,Research Reagents,Research Core Sirigen,Sirigen - OptiBuild,Sirigen - OptiBuild (Flow Cytometry)
37563,BLS,BDB,Research Reagents,Research Core Cobalt,Cobalt Blue OptiBuild,RB613 OptiBuild
37566,BLS,BDB,Research Reagents,Research Core Sirigen,Sirigen - OptiBuild,Sirigen - OptiBuild (Flow Cytometry)
37572,BLS,BDB,Clinical Reagents,Cancer Reagents,Cancer,CAN Single Color
37579,BLS,BDB,Research Reagents,Research Core Sirigen,Sirigen - OptiBuild,Sirigen - OptiBuild (Flow Cytometry)
37587,BLS,BDB,Research Reagents,Research Core Cobalt,Cobalt Blue OptiBuild,RB705 OptiBuild
37601,BLS,BDB,Research Reagents,Research Core Cobalt,Cobalt YG MTS,RY610 MTS
37609,BLS,BDB,Research Reagents,Research Core Cobalt,Cobalt Blue OptiBuild,RB545 OptiBuild
37612,BLS,BDB,Research Reagents,Research Core Sirigen,Sirigen - OptiBuild,Sirigen - OptiBuild (Flow Cytometry)
37614,BLS,BDB,Research Reagents,Research Core Sirigen,Sirigen - OptiBuild,Sirigen - OptiBuild (Flow Cytometry)
37621,BLS,BDB,Research Reagents,Research Core Sirigen,Sirigen - OptiBuild,Sirigen - OptiBuild (Flow Cytometry)
37626,BLS,BDB,Research Reagents,Research Core Sirigen,Sirigen - OptiBuild,Sirigen - OptiBuild (Flow Cytometry)
37634,BLS,BDB,Research Reagents,Research Core Cobalt,Cobalt YG OptiBuild,RY703 OptiBuild
37637,BLS,BDB,Research Reagents,Research Core Cobalt,Cobalt Blue OptiBuild,RB613 OptiBuild
37639,BLS,BDB,Research Reagents,Research Core Cobalt,Cobalt YG OptiBuild,RY703 OptiBuild
37643,BLS,BDB,Research Reagents,Research Core Cobalt,Cobalt Blue OptiBuild,RB545 OptiBuild
37647,BLS,BDB,Research Reagents,Research Core Cobalt,Cobalt YG MTS,RY703 MTS
37652,BLS,BDB,Research Reagents,Research Core Cobalt,Cobalt Blue OptiBuild,RB670 OptiBuild
37660,BLS,BDB,Research Reagents,Research Core Cobalt,Cobalt YG OptiBuild,RY703 OptiBuild
37663,BLS,BDB,Research Reagents,Research Core Sirigen,Sirigen - OptiBuild,Sirigen - OptiBuild (Flow Cytometry)
37670,BLS,BDB,Research Reagents,Research Core Cobalt,Cobalt Blue MTS,RB670 MTS
37674,BLS,BDB,Research Reagents,Research Core Sirigen,Sirigen - OptiBuild,Sirigen - OptiBuild (Flow Cytometry)
37678,BLS,BDB,Research Reagents,Research Core Sirigen,Sirigen - OptiBuild,Sirigen - OptiBuild (Flow Cytometry)
37679,BLS,BDB,Research Reagents,Research Core Sirigen,Sirigen - OptiBuild,Sirigen - OptiBuild (Flow Cytometry)
37682,BLS,BDB,Research Reagents,Research Core Cobalt,Cobalt Blue OptiBuild,RB670 OptiBuild
37683,BLS,BDB,Research Reagents,Research Core Non-Sirigen,Non-Sirigen - OptiBuild,Non Sirigen - Optibuild (Flow Cytometry)
37686,BLS,BDB,Research Reagents,Research Core Non-Sirigen,Non-Sirigen - OptiBuild,Non Sirigen - Optibuild (Flow Cytometry)
37687,BDI,PI,Oncology,Ports,Ports,Non-Power Ports
37690,BLS,BDB,Research Reagents,Research Core Non-Sirigen,Non Sirigen - Immune Function (Flow Cytometry),Non Sirigen - Immune Function (Flow Cytometry)
37693,BLS,BDB,Research Reagents,Research Core Sirigen,Sirigen - OptiBuild,Sirigen - OptiBuild (Flow Cytometry)
37694,BLS,BDB,Research Reagents,Research Core Sirigen,Sirigen - OptiBuild,Sirigen - OptiBuild (Flow Cytometry)
37695,BLS,BDB,Research Reagents,Research Core Cobalt,Cobalt Blue MTS,RB613 MTS
37696,BLS,BDB,Research Reagents,Research Core Sirigen,Sirigen - OptiBuild,Sirigen - OptiBuild (Flow Cytometry)
37697,BLS,BDB,Research Reagents,Research Core Cobalt,Cobalt Blue OptiBuild,RB744 OptiBuild
37702,BLS,BDB,Research Reagents,Research Core Sirigen,Sirigen - OptiBuild,Sirigen - OptiBuild (Flow Cytometry)
37703,BLS,BDB,Research Reagents,Research Core Cobalt,Cobalt YG OptiBuild,RY610 OptiBuild
37708,BLS,BDB,Research Reagents,Research Core Non-Sirigen,Non-Sirigen - OptiBuild,Non Sirigen - Optibuild (Flow Cytometry)
37712,BLS,BDB,Research Reagents,Research Core Sirigen,Sirigen - OptiBuild,Sirigen - OptiBuild (Flow Cytometry)
37716,BLS,BDB,Research Reagents,Research Core Cobalt,Cobalt Blue OptiBuild,RB613 OptiBuild
37733,BLS,BDB,Research Reagents,Research Core Sirigen,Sirigen - OptiBuild,Sirigen - OptiBuild (Flow Cytometry)
37741,BLS,BDB,Research Reagents,Research Core Cobalt,Cobalt YG OptiBuild,RY775 OptiBuild
37744,BLS,BDB,Research Reagents,Research Core Sirigen,Sirigen - OptiBuild,Sirigen - OptiBuild (Flow Cytometry)
37752,BLS,BDB,Research Reagents,Research Core Sirigen,Sirigen - OptiBuild,Sirigen - OptiBuild (Flow Cytometry)
37753,BLS,BDB,Research Reagents,Research Core Cobalt,Cobalt YG OptiBuild,RY703 OptiBuild
37754,BLS,BDB,Research Reagents,Research Core Cobalt,Cobalt YG OptiBuild,RY703 OptiBuild
37756,BLS,BDB,Research Reagents,Research Core Cobalt,Cobalt Blue OptiBuild,RB613 OptiBuild
37758,BLS,BDB,Research Reagents,Research Core Sirigen,Sirigen - OptiBuild,Sirigen - OptiBuild (Flow Cytometry)
37761,BLS,BDB,Research Reagents,Research Core Cobalt,Cobalt YG OptiBuild,RY703 OptiBuild
37764,BLS,BDB,Research Reagents,Research Core Cobalt,Cobalt YG OptiBuild,RY703 OptiBuild
37766,BLS,BDB,Research Reagents,Research Core Cobalt,Cobalt YG OptiBuild,RY775 OptiBuild
37767,BLS,BDB,Research Reagents,Research Core Cobalt,Cobalt YG OptiBuild,RY703 OptiBuild
37771,BLS,BDB,Research Reagents,Research Core Cobalt,Cobalt Blue OptiBuild,RB705 OptiBuild
37777,BLS,BDB,Research Reagents,Research Core Cobalt,Cobalt YG MTS,RY743 MTS
37781,BLS,BDB,Research Reagents,Research Core Sirigen,Sirigen - OptiBuild,Sirigen - OptiBuild (Flow Cytometry)
37789,BLS,BDB,Research Reagents,Research Core Sirigen,Sirigen - Immune Function (Flow Cytometry),Sirigen - Immune Function (Flow Cytometry)
37790,BLS,BDB,Research Reagents,Research Core Cobalt,Cobalt Blue OptiBuild,RB613 OptiBuild
37791,BLS,BDB,Research Reagents,Research Core Cobalt,Cobalt YG OptiBuild,RY775 OptiBuild
37799,BLS,BDB,Research Reagents,Research Core Cobalt,Cobalt YG MTS,RY775 MTS
37807,BLS,BDB,Research Reagents,Research Core Sirigen,Sirigen - OptiBuild,Sirigen - OptiBuild (Flow Cytometry)
37808,BLS,BDB,Research Reagents,Research Core Cobalt,Cobalt Blue OptiBuild,RB613 OptiBuild
37815,BLS,BDB,Research Reagents,Research Core Cobalt,Cobalt Blue OptiBuild,RB613 OptiBuild
37818,BLS,BDB,Research Reagents,Research Core Cobalt,Cobalt Blue OptiBuild,RB670 OptiBuild
37821,BLS,BDB,Research Reagents,Research Core Cobalt,Cobalt Blue MTS,RB670 MTS
37825,BLS,BDB,Research Reagents,Research Core Cobalt,Cobalt YG MTS,RY743 MTS
37826,BLS,BDB,Research Reagents,Research Core Cobalt,Cobalt Blue OptiBuild,RB744 OptiBuild
37841,BLS,BDB,Research Reagents,Research Core Sirigen,Sirigen - OptiBuild,Sirigen - OptiBuild (Flow Cytometry)
37845,BLS,BDB,Research Reagents,Research Core Cobalt,Cobalt Blue OptiBuild,RB744 OptiBuild
37846,BLS,BDB,Research Reagents,Research Core Sirigen,Sirigen - OptiBuild,Sirigen - OptiBuild (Flow Cytometry)
37849,BLS,BDB,Research Reagents,Research Core Cobalt,Cobalt YG OptiBuild,RY610 OptiBuild
37853,BLS,BDB,Research Reagents,Research Core Sirigen,Sirigen - OptiBuild,Sirigen - OptiBuild (Flow Cytometry)
37857,BLS,BDB,Research Reagents,Research Core Cobalt,Cobalt YG OptiBuild,RY775 OptiBuild
37862,BLS,BDB,Research Reagents,Research Core Cobalt,Cobalt YG OptiBuild,RY703 OptiBuild
37865,BLS,BDB,Research Reagents,Research Core Cobalt,Cobalt Blue OptiBuild,RB613 OptiBuild
37872,BLS,BDB,Research Reagents,Research Core Cobalt,Cobalt YG OptiBuild,RY610 OptiBuild
37877,BLS,BDB,Research Reagents,Research Core Cobalt,Cobalt Blue OptiBuild,RB545 OptiBuild
37878,BLS,BDB,Research Reagents,Research Core Cobalt,Cobalt YG OptiBuild,RY775 OptiBuild
37882,BLS,BDB,Research Reagents,Research Core Non-Sirigen,Non Sirigen - Immune Function (Flow Cytometry),Non Sirigen - Immune Function (Flow Cytometry)
37883,BLS,BDB,Research Reagents,Research Core Cobalt,Cobalt Blue OptiBuild,RB613 OptiBuild
37885,BLS,BDB,Research Reagents,Research Core Cobalt,Cobalt YG OptiBuild,RY610 OptiBuild
37886,BLS,BDB,Research Reagents,Research Core Cobalt,Cobalt Blue OptiBuild,RB780 OptiBuild
37887,BLS,BDB,Research Reagents,Research Core Non-Sirigen,Non-Sirigen - OptiBuild,Non Sirigen - Optibuild (Flow Cytometry)
37888,BLS,BDB,Research Reagents,Research Core Non-Sirigen,Non Sirigen - Immune Function (Flow Cytometry),Non Sirigen - Immune Function (Flow Cytometry)
37889,BLS,BDB,Research Reagents,Research Core Cobalt,Cobalt YG OptiBuild,RY703 OptiBuild
37890,BLS,BDB,Research Reagents,Research Core Cobalt,Cobalt YG OptiBuild,RY775 OptiBuild
37896,BLS,BDB,Research Reagents,Research Core Non-Sirigen,Non Sirigen - Immune Function (Flow Cytometry),Non Sirigen - Immune Function (Flow Cytometry)
37899,BLS,BDB,Research Reagents,Research Core Sirigen,Sirigen - OptiBuild,Sirigen - OptiBuild (Flow Cytometry)
37900,BLS,BDB,Research Reagents,Research Core Non-Sirigen,Non-Sirigen - OptiBuild,Non Sirigen - Optibuild (Flow Cytometry)
37901,BLS,BDB,Research Reagents,Research Core Cobalt,Cobalt Blue OptiBuild,RB705 OptiBuild
37904,BLS,BDB,Research Instruments,LSR/Fortessa,LSR/Fortessa Options,LSR/Fortessa Options
37914,BLS,BDB,Research Reagents,Research Core Cobalt,Cobalt YG OptiBuild,RY610 OptiBuild
37918,BLS,BDB,Research Reagents,Research Core Cobalt,Cobalt Blue MTS,RB744 MTS
37919,BLS,BDB,Research Reagents,Research Core Cobalt,Cobalt Blue OptiBuild,RB780 OptiBuild
37921,BLS,BDB,Research Reagents,Research Core Cobalt,Cobalt YG OptiBuild,RY610 OptiBuild
37927,BLS,BDB,Research Reagents,Research Core Cobalt,Cobalt Blue OptiBuild,RB613 OptiBuild
37929,BLS,BDB,Research Reagents,Research Core Non-Sirigen,Non Sirigen - Immune Function (Flow Cytometry),Non Sirigen - Immune Function (Flow Cytometry)
37932,BLS,BDB,Research Reagents,Research Core Sirigen,Sirigen - Immune Function (Flow Cytometry),Sirigen - Immune Function (Flow Cytometry)
37934,BLS,BDB,Research Reagents,Research Core Cobalt,Cobalt YG MTS,RY655 MTS
37935,BLS,BDB,Research Reagents,Research Core Cobalt,Cobalt YG OptiBuild,RY703 OptiBuild
37938,BLS,BDB,Research Reagents,Research Core Sirigen,Sirigen - OptiBuild,Sirigen - OptiBuild (Flow Cytometry)
37942,BLS,BDB,Research Reagents,Research Core Non-Sirigen,Non Sirigen - Immune Function (Flow Cytometry),Non Sirigen - Immune Function (Flow Cytometry)
37951,BLS,BDB,Research Reagents,Research Core Cobalt,Cobalt YG MTS,RY743 MTS
37952,BLS,BDB,Research Reagents,Research Core Cobalt,Cobalt YG OptiBuild,RY703 OptiBuild
37954,BLS,BDB,Research Reagents,Research Core Sirigen,Sirigen - OptiBuild,Sirigen - OptiBuild (Flow Cytometry)
37958,BLS,BDB,Research Reagents,Research Core Cobalt,Cobalt Blue Support,Antibody Controls
37963,BLS,BDB,Research Reagents,Research Core Non-Sirigen,Non Sirigen - Immune Function (Flow Cytometry),Non Sirigen - Immune Function (Flow Cytometry)
37964,BLS,BDB,Research Reagents,Research Core Cobalt,Cobalt YG OptiBuild,RY775 OptiBuild
37973,BLS,BDB,Research Reagents,Research Core Sirigen,Sirigen - OptiBuild,Sirigen - OptiBuild (Flow Cytometry)
37979,BLS,BDB,Research Reagents,Research Core Cobalt,Cobalt Blue OptiBuild,RB780 OptiBuild
37980,BLS,BDB,Research Reagents,Research Core Cobalt,Cobalt Blue OptiBuild,RB613 OptiBuild
37984,BLS,BDB,Research Reagents,Research Core Sirigen,Sirigen - OptiBuild,Sirigen - OptiBuild (Flow Cytometry)
37989,BLS,BDB,Research Reagents,Research Core Cobalt,Cobalt Blue OptiBuild,RB705 OptiBuild
37995,BLS,BDB,Research Reagents,Research Core Cobalt,Cobalt YG OptiBuild,RY703 OptiBuild
37996,BLS,BDB,Research Reagents,Research Core Cobalt,Cobalt Blue OptiBuild,RB744 OptiBuild
38002,BLS,BDB,Research Reagents,Research Core Non-Sirigen,Non Sirigen - Immune Function (Flow Cytometry),Non Sirigen - Immune Function (Flow Cytometry)
38003,BLS,BDB,Research Reagents,Research Core Cobalt,Cobalt Blue OptiBuild,RB744 OptiBuild
38005,BLS,BDB,Research Reagents,Research Core Cobalt,Cobalt YG OptiBuild,RY610 OptiBuild
38006,BLS,BDB,Research Reagents,Research Core Cobalt,Cobalt YG OptiBuild,RY775 OptiBuild
38011,BLS,BDB,Research Reagents,Research Core Cobalt,Cobalt YG OptiBuild,RY703 OptiBuild
38014,BLS,BDB,Research Reagents,Research Core Sirigen,Sirigen - OptiBuild,Sirigen - OptiBuild (Flow Cytometry)
38015,BLS,BDB,Research Reagents,Research Core Cobalt,Cobalt YG OptiBuild,RY610 OptiBuild
38017,BLS,BDB,Research Reagents,Research Core Cobalt,Cobalt YG OptiBuild,RY703 OptiBuild
38021,BLS,BDB,Research Reagents,Research Core Cobalt,Cobalt Blue OptiBuild,RB670 OptiBuild
38024,BLS,BDB,Research Reagents,Research Core Cobalt,Cobalt Blue OptiBuild,RB613 OptiBuild
38025,BLS,BDB,Research Reagents,Research Core Cobalt,Cobalt Blue OptiBuild,RB670 OptiBuild
38026,BLS,BDB,Research Reagents,Research Core Cobalt,Cobalt YG OptiBuild,RY610 OptiBuild
38029,BLS,BDB,Research Reagents,Research Core Cobalt,Cobalt Blue OptiBuild,RB705 OptiBuild
38032,BLS,BDB,Research Reagents,Research Core Cobalt,Cobalt YG Support,Antibody Controls
38038,BLS,BDB,Research Reagents,Research Core Non-Sirigen,Non Sirigen - Cell Signal Cancer (Flow Cytometry),Non Sirigen - Cell Signal Cancer (Flow Cytometry)
38039,BLS,BDB,Research Reagents,Research Core Cobalt,Cobalt Blue OptiBuild,RB613 OptiBuild
38050,BLS,BDB,Research Reagents,Research Core Cobalt,Cobalt YG OptiBuild,RY775 OptiBuild
38054,BLS,BDB,Research Reagents,Research Core Cobalt,Cobalt YG OptiBuild,RY610 OptiBuild
38056,BLS,BDB,Research Reagents,Research Core Cobalt,Cobalt YG OptiBuild,RY775 OptiBuild
38057,BLS,BDB,Research Reagents,Research Core Cobalt,Cobalt YG OptiBuild,RY586 OptiBuild
38063,BLS,BDB,Research Reagents,Research Core Cobalt,Cobalt Blue OptiBuild,RB744 OptiBuild
38066,BLS,BDB,Research Reagents,Research Core Cobalt,Cobalt Blue OptiBuild,RB670 OptiBuild
38068,BLS,BDB,Research Reagents,Research Core Cobalt,Cobalt YG OptiBuild,RY703 OptiBuild
38071,BLS,BDB,Research Reagents,Research Core Cobalt,Cobalt Blue OptiBuild,RB670 OptiBuild
38072,BLS,BDB,Research Reagents,Research Core Cobalt,Cobalt YG OptiBuild,RY703 OptiBuild
38086,BLS,BDB,Research Reagents,Research Core Cobalt,Cobalt Blue OptiBuild,RB670 OptiBuild
38095,BLS,BDB,Research Reagents,Research Core Cobalt,Cobalt Blue OptiBuild,RB705 OptiBuild
38097,BLS,BDB,Research Reagents,Research Core Cobalt,Cobalt Blue OptiBuild,RB613 OptiBuild
38099,BLS,BDB,Research Reagents,Research Core Cobalt,Cobalt YG OptiBuild,RY703 OptiBuild
38106,BLS,BDB,Research Reagents,Research Core Cobalt,Cobalt Blue OptiBuild,RB670 OptiBuild
38107,BLS,BDB,Research Reagents,Research Core Cobalt,Cobalt Blue OptiBuild,RB670 OptiBuild
38117,BLS,BDB,Research Reagents,Research Core Cobalt,Cobalt Blue OptiBuild,RB705 OptiBuild
38118,BLS,BDB,Research Reagents,Research Core Cobalt,Cobalt Blue OptiBuild,RB613 OptiBuild
38119,BLS,BDB,Research Reagents,Research Core Cobalt,Cobalt Blue OptiBuild,RB613 OptiBuild
38120,BLS,BDB,Research Reagents,Research Core Cobalt,Cobalt Blue OptiBuild,RB613 OptiBuild
38121,BLS,BDB,Research Reagents,Research Core Cobalt,Cobalt Blue OptiBuild,RB670 OptiBuild
38123,BLS,BDB,Research Reagents,Research Core Cobalt,Cobalt Blue OptiBuild,RB670 OptiBuild
38125,BLS,BDB,Research Reagents,Research Core Cobalt,Cobalt Blue OptiBuild,RB670 OptiBuild
38127,BDI,PI,BD PI Other,OEM,Textiles OEM,Textiles OEM
38132,BLS,BDB,Research Reagents,Research Core Sirigen,Sirigen - OptiBuild,Sirigen - OptiBuild (Flow Cytometry)
38137,BLS,BDB,Research Reagents,Research Core Cobalt,Cobalt Blue OptiBuild,RB780 OptiBuild
38138,BLS,BDB,Research Reagents,Research Core Sirigen,Sirigen - OptiBuild,Sirigen - OptiBuild (Flow Cytometry)
38141,BLS,BDB,Research Reagents,Research Core Sirigen,Sirigen - OptiBuild,Sirigen - OptiBuild (Flow Cytometry)
38152,BLS,BDB,Research Reagents,Research Core Cobalt,Cobalt Blue OptiBuild,RB670 OptiBuild
38154,BLS,BDB,Research Reagents,Research Core Cobalt,Cobalt Blue OptiBuild,RB744 OptiBuild
38158,BLS,BDB,Research Reagents,Research Core Cobalt,Cobalt YG OptiBuild,RY775 OptiBuild
38160,BLS,BDB,Research Reagents,Research Core Cobalt,Cobalt Blue OptiBuild,RB670 OptiBuild
38162,BLS,BDB,Research Reagents,Research Core Cobalt,Cobalt YG MTS,RY703 MTS
38167,BLS,BDB,Research Reagents,Research Core Cobalt,Cobalt YG OptiBuild,RY610 OptiBuild
38169,BLS,BDB,Research Reagents,Research Non-Core,Non-Flow Cytometry - Assays,Non-Flow Cytometry - Assays
38173,BLS,BDB,Research Reagents,Research Core Cobalt,Cobalt YG OptiBuild,RY775 OptiBuild
38176,BLS,BDB,Research Reagents,Research Core Sirigen,Sirigen - OptiBuild,Sirigen - OptiBuild (Flow Cytometry)
38178,BLS,BDB,Research Reagents,Research Core Cobalt,Cobalt Blue MTS,RB670 MTS
38179,BLS,BDB,Research Reagents,Research Core Non-Sirigen,Non Sirigen - Immune Function (Flow Cytometry),Non Sirigen - Immune Function (Flow Cytometry)
38185,BLS,BDB,Clinical Reagents,Cytognos Reagents,Cytognos Other Reagents,Cytognos OTHER REAGENTS
38192,BLS,BDB,Research Reagents,Research Core Sirigen,Sirigen - Immune Function (Flow Cytometry),Sirigen - Immune Function (Flow Cytometry)
38193,BLS,BDB,Research Reagents,Research Core Cobalt,Cobalt Blue Support,Antibody Controls
38195,BLS,BDB,Research Reagents,Research Core Sirigen,Sirigen - Support (Flow Cytometry),Sirigen - Support (Flow Cytometry)
38198,BLS,BDB,Research Reagents,Research Core Cobalt,Cobalt Blue OptiBuild,RB613 OptiBuild
38199,BLS,BDB,Research Reagents,Research Core Cobalt,Cobalt Blue OptiBuild,RB670 OptiBuild
38202,BLS,BDB,Research Reagents,Research Core Non-Sirigen,Non Sirigen - Immune Function (Flow Cytometry),Non Sirigen - Immune Function (Flow Cytometry)
38203,BLS,BDB,Research Reagents,Research Core Cobalt,Cobalt Blue OptiBuild,RB670 OptiBuild
38205,BLS,BDB,Research Reagents,Research Core Cobalt,Cobalt Blue OptiBuild,RB613 OptiBuild
38206,BLS,BDB,Research Reagents,Research Core Cobalt,Cobalt YG OptiBuild,RY703 OptiBuild
38223,BLS,BDB,Research Reagents,Research Core Cobalt,Cobalt YG OptiBuild,RY610 OptiBuild
38225,BLS,BDB,Research Reagents,Research Core Non-Sirigen,Non Sirigen - Cell Signal Cancer (Flow Cytometry),Non Sirigen - Cell Signal Cancer (Flow Cytometry)
38230,BLS,BDB,Research Reagents,Research Core Cobalt,Cobalt YG OptiBuild,RY610 OptiBuild
38237,BLS,BDB,Research Reagents,Research Non-Core,Non-Flow Cytometry - Assays,Non-Flow Cytometry - Assays
38242,BLS,BDB,Research Reagents,Research Core Cobalt,Cobalt Blue OptiBuild,RB705 OptiBuild
38243,BLS,BDB,Research Reagents,Research Core Cobalt,Cobalt Blue OptiBuild,RB670 OptiBuild
38256,BLS,BDB,Research Reagents,Research Core Non-Sirigen,Non Sirigen - Immune Function (Flow Cytometry),Non Sirigen - Immune Function (Flow Cytometry)
38259,BLS,BDB,Research Reagents,Research Core Cobalt,Cobalt YG OptiBuild,RY610 OptiBuild
38262,BLS,BDB,Research Reagents,Research Core Cobalt,Cobalt Blue OptiBuild,RB670 OptiBuild
38278,BLS,BDB,Research Reagents,Research Core Cobalt,Cobalt YG OptiBuild,RY775 OptiBuild
38282,BLS,BDB,Research Reagents,Research Core Cobalt,Cobalt YG MTS,RY703 MTS
38284,BLS,BDB,Research Reagents,Research Core Cobalt,Cobalt YG OptiBuild,RY610 OptiBuild
38287,BLS,BDB,Research Reagents,Research Core Cobalt,Cobalt YG MTS,RY775 MTS
38292,BLS,BDB,Research Reagents,Research Core Cobalt,Cobalt Blue OptiBuild,RB670 OptiBuild
38295,BLS,BDB,Research Reagents,Research Core Cobalt,Cobalt YG OptiBuild,RY703 OptiBuild
38296,BLS,BDB,Research Reagents,Research Core Cobalt,Cobalt Blue OptiBuild,RB780 OptiBuild
38298,BLS,BDB,Research Reagents,Research Core Cobalt,Cobalt YG MTS,RY610 MTS
38299,BLS,BDB,Research Reagents,Research Core Cobalt,Cobalt YG MTS,RY610 MTS
38307,BLS,BDB,Research Reagents,Research Core Cobalt,Cobalt Blue OptiBuild,RB613 OptiBuild
38317,BLS,BDB,Research Reagents,Research Core Cobalt,Cobalt Blue OptiBuild,RB705 OptiBuild
38318,BLS,BDB,Research Reagents,Research Core Cobalt,Cobalt Blue MTS,RB705 MTS
38325,BLS,BDB,Research Reagents,Research Core Cobalt,Cobalt Red MTS,RR688 MTS
38331,BLS,BDB,Research Reagents,Research Core Non-Sirigen,Non Sirigen - Immune Function (Flow Cytometry),Non Sirigen - Immune Function (Flow Cytometry)
38334,BLS,BDB,Research Reagents,Research Core Cobalt,Cobalt YG OptiBuild,RY586 OptiBuild
38339,BLS,BDB,Research Reagents,Research Core Cobalt,Cobalt YG OptiBuild,RY610 OptiBuild
38340,BLS,BDB,Research Reagents,Research Core Cobalt,Cobalt Blue MTS,RB670 MTS
38343,BLS,BDB,Research Reagents,Research Core Cobalt,Cobalt YG OptiBuild,RY586 OptiBuild
38345,BLS,BDB,Research Reagents,Research Core Non-Sirigen,Non Sirigen - Immune Function (Flow Cytometry),Non Sirigen - Immune Function (Flow Cytometry)
38346,BLS,BDB,Research Reagents,Research Core Cobalt,Cobalt Blue OptiBuild,RB780 OptiBuild
38354,BLS,BDB,Research Reagents,Research Core Sirigen,Sirigen - Immune Function (Flow Cytometry),Sirigen - Immune Function (Flow Cytometry)
38355,BLS,BDB,Research Reagents,Research Core Cobalt,Cobalt YG OptiBuild,RY586 OptiBuild
38364,BLS,BDB,Research Reagents,Research Core Cobalt,Cobalt Blue OptiBuild,RB613 OptiBuild
38366,BLS,BDB,Research Reagents,Research Core Cobalt,Cobalt Blue MTS,RB545 MTS
38368,BLS,BDB,Research Reagents,Research Core Sirigen,Sirigen - OptiBuild,Sirigen - OptiBuild (Flow Cytometry)
38375,BLS,BDB,Research Reagents,Research Core Non-Sirigen,Non Sirigen - Immune Function (Flow Cytometry),Non Sirigen - Immune Function (Flow Cytometry)
38376,BLS,BDB,Research Reagents,Research Core Cobalt,Cobalt Blue MTS,RB613 MTS
38381,BLS,BDB,Research Reagents,Research Core Cobalt,Cobalt Blue OptiBuild,RB705 OptiBuild
38384,BLS,BDB,Research Reagents,Research Core Cobalt,Cobalt YG MTS,RY655 MTS
38387,BLS,BDB,Research Reagents,Research Core Non-Sirigen,Non Sirigen - Immune Function (Flow Cytometry),Non Sirigen - Immune Function (Flow Cytometry)
38388,BLS,BDB,Research Reagents,Research Core Cobalt,Cobalt YG MTS,RY743 MTS
38390,BLS,BDB,Research Reagents,Research Core Cobalt,Cobalt YG MTS,RY743 MTS
38393,BLS,BDB,Research Reagents,Research Core Cobalt,Cobalt YG OptiBuild,RY586 OptiBuild
38396,BLS,BDB,Research Reagents,Research Core Cobalt,Cobalt YG MTS,RY743 MTS
38398,BLS,BDB,Research Reagents,Research Core Cobalt,Cobalt YG OptiBuild,RY610 OptiBuild
38401,BLS,BDB,Research Reagents,Research Core Cobalt,Cobalt Red MTS,RR688 MTS
38416,BLS,BDB,Research Reagents,Research Core Cobalt,Cobalt YG MTS,RY775 MTS
38419,BLS,BDB,Research Reagents,Research Core Cobalt,Cobalt Blue OptiBuild,RB670 OptiBuild
38420,BLS,BDB,Research Reagents,Research Core Cobalt,Cobalt YG OptiBuild,RY703 OptiBuild
38424,BLS,BDB,Research Reagents,Research Core Non-Sirigen,Non Sirigen - Immune Function (Flow Cytometry),Non Sirigen - Immune Function (Flow Cytometry)
38429,BLS,BDB,Research Reagents,Research Core Cobalt,Cobalt Blue MTS,RB670 MTS
38433,BLS,BDB,Research Reagents,Research Core Cobalt,Cobalt YG OptiBuild,RY586 OptiBuild
38441,BLS,BDB,Research Reagents,Research Core Non-Sirigen,Non Sirigen - Immune Function (Flow Cytometry),Non Sirigen - Immune Function (Flow Cytometry)
38443,BLS,BDB,Research Reagents,Research Core Cobalt,Cobalt YG OptiBuild,RY586 OptiBuild
38444,BLS,BDB,Research Reagents,Research Core Cobalt,Cobalt YG MTS,RY610 MTS
38449,BLS,BDB,Research Reagents,Research Core Non-Sirigen,Non Sirigen - Immune Function (Flow Cytometry),Non Sirigen - Immune Function (Flow Cytometry)
38450,BLS,BDB,Research Reagents,Research Core Non-Sirigen,Non Sirigen - Immune Function (Flow Cytometry),Non Sirigen - Immune Function (Flow Cytometry)
38456,BLS,BDB,Research Reagents,Research Core Cobalt,Cobalt Blue MTS,RB613 MTS
38460,BLS,BDB,Research Reagents,Research Core Sirigen,Sirigen - Immune Function (Flow Cytometry),Sirigen - Immune Function (Flow Cytometry)
38461,BLS,BDB,Research Reagents,Research Core Cobalt,Cobalt Blue MTS,RB670 MTS
38463,BLS,BDB,Research Reagents,Research Core Cobalt,Cobalt Blue OptiBuild,RB780 OptiBuild
38466,BLS,BDB,Research Reagents,Research Core Non-Sirigen,Non Sirigen - Immune Function (Flow Cytometry),Non Sirigen - Immune Function (Flow Cytometry)
38491,BLS,BDB,Research Reagents,Research Core Non-Sirigen,Non Sirigen - Immune Function (Flow Cytometry),Non Sirigen - Immune Function (Flow Cytometry)
38492,BDI,UCC,Endourology,Stone Disposables,Stents,FMI Lubricious Stent
38495,BLS,BDB,Research Reagents,Research Core Cobalt,Cobalt Blue MTS,RB545 MTS
38499,BLS,BDB,Research Reagents,Research Core Non-Sirigen,Non Sirigen - Immune Function (Flow Cytometry),Non Sirigen - Immune Function (Flow Cytometry)
38500,BLS,BDB,Research Reagents,Research Core Sirigen,Sirigen - Immune Function (Flow Cytometry),Sirigen - Immune Function (Flow Cytometry)
38501,BLS,BDB,Research Reagents,Research Core Non-Sirigen,Non Sirigen - Immune Function (Flow Cytometry),Non Sirigen - Immune Function (Flow Cytometry)
38507,BLS,BDB,Research Reagents,Research Core Sirigen,Sirigen - OptiBuild,Sirigen - OptiBuild (Flow Cytometry)
38510,BLS,BDB,Research Reagents,Research Core Non-Sirigen,Non Sirigen - Immune Function (Flow Cytometry),Non Sirigen - Immune Function (Flow Cytometry)
38511,BLS,DS,Microbiology,ID/AST,Misc ID and AST,Phoenix Accessories
38512,BLS,BDB,Research Reagents,Research Core Cobalt,Cobalt YG OptiBuild,RY610 OptiBuild
38513,BLS,BDB,Research Reagents,Research Core Cobalt,Cobalt Blue OptiBuild,RB705 OptiBuild
38519,BLS,BDB,Research Reagents,Research Core Cobalt,Cobalt Blue OptiBuild,RB705 OptiBuild
38527,BLS,BDB,Research Reagents,Research Non-Core,Non-Flow Cytometry - Assays,Non-Flow Cytometry - Assays
38528,BLS,BDB,Research Reagents,Research Core Non-Sirigen,Non Sirigen - Immune Function (Flow Cytometry),Non Sirigen - Immune Function (Flow Cytometry)
38530,BLS,BDB,Research Reagents,Research Core Sirigen,Sirigen - OptiBuild,Sirigen - OptiBuild (Flow Cytometry)
38532,BLS,BDB,Research Reagents,Research Core Cobalt,Cobalt Blue MTS,RB670 MTS
38538,BLS,DS,Veritor Cov,Veritor Cov,Visual Read COV19 Antigen,Visual Read COV19 Antigen
38544,BLS,BDB,Research Reagents,Research Core Cobalt,Cobalt YG OptiBuild,RY586 OptiBuild
38547,BDI,UCC,Endourology,Stone Disposables,Dilation Products,Coude Filiform
38553,BDM,MMS,Alaris System,Service,Alaris System Service Parts,Medley NONCATALOG
38558,BDI,UCC,Total Home Care Sales,Urology Home Care,Home Care Non Bard,UK DAC Sales (Non Bard)
38565,BDI,UCC,Total Home Care Sales,Urology Home Care,Home Care Non Bard,UK DAC Sales (Non Bard)
38570,BDI,UCC,Total Home Care Sales,Urology Home Care,Home Care Non Bard,UK DAC Sales (Non Bard)
38572,BDI,UCC,Total Home Care Sales,Urology Home Care,Home Care Non Bard,UK DAC Sales (Non Bard)
38575,BDM,MMS,BD Nexus,Service,BD Nexus Service Parts,Spares Parts
38576,BLS,BDB,Clinical Reagents,Custom Clinical Reagents,Custom - CTT CM,CTT CM
38577,BDI,PI,Oncology,Biopsy Needles and Accessories,Core Needle Biopsy Capital,Magnum Capital
38578,BDI,PI,Oncology,Biopsy Needles and Accessories,Core Needle Biopsy Capital,Magnum Capital
38581,BDI,PI,Peripheral Vascular Disease,Venous,Venclose,Venclose Accessories
38582,BDM,MMS,BD Nexus,BD Nexus - PC Adjustment,BD Nexus - PC Adjustment,BD Nexus - PC Adjustment
38583,BLS,DS,Molecular Diagnostics,Molecular Diagnostics - PC Adjustment,Molecular Diagnostics - PC Adjustment,Molecular Diagnostics - PC Adjustment
38585,BDI,UCC,Total Home Care Sales,Urology Home Care,Home Care Non Bard,UK DAC Sales (Non Bard)
38587,BDM,MMS,BD Nexus,Service,BD Nexus Service Parts,Directions for Use (DFU)
38588,BLS,BDB,Clinical Reagents,Custom Clinical Reagents,Custom - CTT CM,CTT CM
38589,BLS,BDB,Clinical Reagents,Custom Clinical Reagents,Custom - CTT CM,CTT CM
38590,BLS,BDB,Clinical Reagents,Custom Clinical Reagents,Custom - CTT CM,CTT CM
38591,BLS,BDB,Clinical Reagents,Custom Clinical Reagents,Custom - CTT CM,CTT CM
38592,BLS,BDB,Clinical Reagents,Custom Clinical Reagents,Custom - CTT CM,CTT CM
38593,BLS,BDB,Clinical Reagents,Custom Clinical Reagents,Custom - CTT CM,CTT CM
38594,BLS,BDB,Clinical Reagents,Custom Clinical Reagents,Custom - CTT CM,CTT CM
38595,BLS,BDB,Clinical Reagents,Custom Clinical Reagents,Custom - CTT CM,CTT CM
38596,BLS,BDB,Clinical Reagents,Custom Clinical Reagents,Custom - CTT CM,CTT CM
38597,BLS,BDB,Clinical Reagents,Custom Clinical Reagents,Custom - CTT CM,CTT CM
38598,BLS,BDB,Clinical Reagents,Custom Clinical Reagents,Custom - CTT CM,CTT CM
38603,BLS,BDB,Research Reagents,Custom Research Reagents,Non Sirigen - CTT,Non Sirigen - CTT
38604,BLS,BDB,Research Reagents,Custom Research Reagents,Non Sirigen - CTT,Non Sirigen - CTT
38605,BLS,BDB,Research Reagents,Custom Research Reagents,Non Sirigen - CTT,Non Sirigen - CTT
38606,BLS,BDB,Research Reagents,Custom Research Reagents,Sirigen - CTT,Sirigen - CTT
38607,BLS,BDB,Research Reagents,Custom Research Reagents,Sirigen - CTT,Sirigen - CTT
38608,BLS,BDB,FlowJo,FlowJo Software,FlowJo Site License,FlowJo Site License
38609,BLS,DS,Molecular Diagnostics,ProbeTec/Viper,All Other BD Viper,ProbeTecET Ancillary Equipment
38610,BLS,DS,Molecular Diagnostics,ProbeTec/Viper,All Other BD Viper,ProbeTecET Ancillary Equipment
38615,BLS,DS,Cancer,Cytology,All Other Instruments,PrepStain Instr Accessories
38616,BLS,DS,Cancer,Cytology,All Other Instruments,FocalPoint Instrument Accessories
38617,BLS,DS,Cancer,Cytology,All Other Instruments,PrepStain Plus Accessories
38618,BLS,DS,Cancer,Cytology,SurePath LBC Reagents,SurePath Other
38619,BDI,SUR,Hernia,Groin Hernia,Groin Open,Soft Mesh
38620,BLS,BDB,Research Reagents,Custom Research Reagents,Sirigen - Customs,Sirigen - Customs
38644,BDM,PS,SAIS,Device,Wearable Libertas,5ml mechanical
38652,BLS,BDB,Clinical Instruments,Other Instrument Revenue (Clinical),Other Instrument Revenue (Clinical),Other Instrument Revenue (Clinical)
38654,BDI,PI,Peripheral Vascular Disease,PAD Mechanical,Rotarex Capital,Rotarex Capital
38655,BLS,BDB,Research Instruments,FACSymphony Sorters,FACSymphony Sorter Options and Upgrades,FACSymphony Sorter Options and Upgrades
38657,BLS,DS,Microbiology,Blood Culture,BACTEC FX Instr - Plcmt,BACTEC FX Inst Place
38660,BLS,DS,Microbiology,ID/AST,Phoenix 50 Instr - Sale,Phoenix 50 Sales
38673,BDM,MMS,CME,POC Systems,CME DUAL CH TWIN,Drug Infusion
38674,BDI,PI,Peripheral Vascular Disease,Venous,Venovo,Venovo (LD Venous Stent)
38675,BDI,PI,End Stage Kidney Disease,Stents and Stent Grafts ESKD,Covera,Covera
38679,BLS,BDB,Research Reagents,Custom Research Reagents,Sirigen - Customs,Sirigen - Customs
38699,BDI,PI,End Stage Kidney Disease,Stents and Stent Grafts ESKD,Fluency,Fluency
38701,BLS,BDB,Single Cell Multiomics,SCM Reagents,BD AbSeq,AbSeq-panels
38703,BLS,BDB,Research Instruments,FACSAria,FACSAria Options,FACSAria Options
38706,BLS,BDB,Clinical Reagents,Cancer Reagents,Cancer,CAN Single Color
38712,BLS,BDB,Clinical Reagents,Cancer Reagents,Cancer,CAN Single Color
38714,BLS,BDB,Clinical Reagents,Cancer Reagents,Cancer,CAN Single Color
38723,BLS,DS,Microbiology,Industrial Microbiology,Misc Industrial Microbiology,Miscellaneous
38731,BLS,BDB,Clinical Reagents,Cytognos Reagents,Cytognos Other Reagents,Cytognos OTHER REAGENTS
38737,BLS,BDB,Research Reagents,Research Core Cobalt,Cobalt Blue OptiBuild,RB744 OptiBuild
38745,BLS,BDB,Single Cell Multiomics,SCM Reagents,BD AbSeq,AbSeq - Custom vials
38747,BLS,BDB,Research Reagents,Research Core Sirigen,Sirigen - OptiBuild,Sirigen - OptiBuild (Flow Cytometry)
38750,BLS,BDB,Research Reagents,Research Core Sirigen,Sirigen - OptiBuild,Sirigen - OptiBuild (Flow Cytometry)
38755,BLS,BDB,Research Reagents,Research Core Sirigen,Sirigen - OptiBuild,Sirigen - OptiBuild (Flow Cytometry)
38758,BLS,BDB,Research Reagents,Research Core Sirigen,Sirigen - OptiBuild,Sirigen - OptiBuild (Flow Cytometry)
38762,BLS,BDB,Research Reagents,Research Core Sirigen,Sirigen - OptiBuild,Sirigen - OptiBuild (Flow Cytometry)
38778,BLS,BDB,Research Reagents,Research Core Sirigen,Sirigen - OptiBuild,Sirigen - OptiBuild (Flow Cytometry)
38785,BLS,BDB,Research Reagents,Research Core Sirigen,Sirigen - OptiBuild,Sirigen - OptiBuild (Flow Cytometry)
38790,BLS,BDB,Research Reagents,Research Core Sirigen,Sirigen - Immune Function (Flow Cytometry),Sirigen - Immune Function (Flow Cytometry)
38801,BLS,BDB,Research Reagents,Research Core Sirigen,Sirigen - OptiBuild,Sirigen - OptiBuild (Flow Cytometry)
38803,BLS,BDB,Research Reagents,Research Core Sirigen,Sirigen - OptiBuild,Sirigen - OptiBuild (Flow Cytometry)
38804,BLS,BDB,Research Reagents,Research Core Sirigen,Sirigen - OptiBuild,Sirigen - OptiBuild (Flow Cytometry)
38805,BLS,BDB,Research Reagents,Research Core Sirigen,Sirigen - OptiBuild,Sirigen - OptiBuild (Flow Cytometry)
38806,BLS,BDB,Clinical Reagents,Cytognos Reagents,Cytognos Other Reagents,Cytognos OTHER REAGENTS
38809,BLS,BDB,Research Reagents,Research Core Sirigen,Sirigen - OptiBuild,Sirigen - OptiBuild (Flow Cytometry)
38811,BLS,BDB,Research Reagents,Research Core Sirigen,Sirigen - OptiBuild,Sirigen - OptiBuild (Flow Cytometry)
38820,BLS,BDB,Research Reagents,Research Core Sirigen,Sirigen - OptiBuild,Sirigen - OptiBuild (Flow Cytometry)
38823,BLS,BDB,Research Reagents,Research Core Sirigen,Sirigen - OptiBuild,Sirigen - OptiBuild (Flow Cytometry)
38824,BLS,BDB,Research Reagents,Research Core Sirigen,Sirigen - OptiBuild,Sirigen - OptiBuild (Flow Cytometry)
38825,BLS,BDB,Research Reagents,Research Core Sirigen,Sirigen - OptiBuild,Sirigen - OptiBuild (Flow Cytometry)
38834,BLS,BDB,Research Reagents,Research Core Sirigen,Sirigen - OptiBuild,Sirigen - OptiBuild (Flow Cytometry)
38839,BLS,BDB,Research Reagents,Research Core Cobalt,Cobalt Blue OptiBuild,RB780 OptiBuild
38848,BLS,BDB,Research Reagents,Research Core Cobalt,Cobalt Blue OptiBuild,RB670 OptiBuild
38859,BLS,BDB,Clinical Reagents,Cancer Reagents,Cancer,CAN Single Color
38861,BLS,BDB,Research Reagents,Research Core Sirigen,Sirigen - OptiBuild,Sirigen - OptiBuild (Flow Cytometry)
38862,BLS,BDB,Research Reagents,Research Core Sirigen,Sirigen - OptiBuild,Sirigen - OptiBuild (Flow Cytometry)
38868,BLS,BDB,Research Reagents,Research Core Sirigen,Sirigen - OptiBuild,Sirigen - OptiBuild (Flow Cytometry)
38870,BLS,BDB,Research Reagents,Research Core Sirigen,Sirigen - OptiBuild,Sirigen - OptiBuild (Flow Cytometry)
38876,BLS,BDB,Research Reagents,Research Core Sirigen,Sirigen - OptiBuild,Sirigen - OptiBuild (Flow Cytometry)
38877,BLS,BDB,Research Reagents,Research Core Cobalt,Cobalt Blue OptiBuild,RB545 OptiBuild
38882,BLS,BDB,Research Reagents,Research Core Sirigen,Sirigen - OptiBuild,Sirigen - OptiBuild (Flow Cytometry)
38889,BLS,BDB,Research Reagents,Research Core Sirigen,Sirigen - OptiBuild,Sirigen - OptiBuild (Flow Cytometry)
38892,BLS,BDB,Research Reagents,Research Core Cobalt,Cobalt Blue MTS,RB613 MTS
38893,BLS,BDB,Research Reagents,Research Core Sirigen,Sirigen - OptiBuild,Sirigen - OptiBuild (Flow Cytometry)
38895,BLS,BDB,Research Reagents,Research Core Sirigen,Sirigen - OptiBuild,Sirigen - OptiBuild (Flow Cytometry)
38899,BLS,BDB,Research Reagents,Research Core Sirigen,Sirigen - OptiBuild,Sirigen - OptiBuild (Flow Cytometry)
38900,BLS,BDB,Research Reagents,Research Core Sirigen,Sirigen - OptiBuild,Sirigen - OptiBuild (Flow Cytometry)
38901,BLS,BDB,Research Reagents,Research Core Sirigen,Sirigen - OptiBuild,Sirigen - OptiBuild (Flow Cytometry)
38902,BLS,BDB,Research Reagents,Research Core Sirigen,Sirigen - OptiBuild,Sirigen - OptiBuild (Flow Cytometry)
38904,BLS,BDB,Research Reagents,Research Core Sirigen,Sirigen - OptiBuild,Sirigen - OptiBuild (Flow Cytometry)
38908,BLS,BDB,Research Reagents,Research Core Sirigen,Sirigen - OptiBuild,Sirigen - OptiBuild (Flow Cytometry)
38913,BLS,BDB,Research Reagents,Research Core Sirigen,Sirigen - OptiBuild,Sirigen - OptiBuild (Flow Cytometry)
38918,BLS,BDB,Research Reagents,Research Core Sirigen,Sirigen - OptiBuild,Sirigen - OptiBuild (Flow Cytometry)
38919,BLS,BDB,Research Reagents,Research Core Cobalt,Cobalt YG OptiBuild,RY775 OptiBuild
38922,BLS,BDB,Research Reagents,Research Core Sirigen,Sirigen - OptiBuild,Sirigen - OptiBuild (Flow Cytometry)
38930,BLS,BDB,Research Reagents,Research Core Sirigen,Sirigen - OptiBuild,Sirigen - OptiBuild (Flow Cytometry)
38934,BLS,BDB,Research Reagents,Research Core Cobalt,Cobalt YG OptiBuild,RY610 OptiBuild
38947,BLS,BDB,Research Reagents,Research Core Cobalt,Cobalt Blue OptiBuild,RB545 OptiBuild
38962,BLS,BDB,Research Reagents,Research Core Sirigen,Sirigen - OptiBuild,Sirigen - OptiBuild (Flow Cytometry)
38966,BLS,BDB,Research Reagents,Research Core Sirigen,Sirigen - OptiBuild,Sirigen - OptiBuild (Flow Cytometry)
38969,BLS,BDB,Research Reagents,Research Core Cobalt,Cobalt Blue MTS,RB744 MTS
38972,BLS,BDB,Research Reagents,Research Core Sirigen,Sirigen - OptiBuild,Sirigen - OptiBuild (Flow Cytometry)
38975,BLS,BDB,Research Reagents,Research Core Cobalt,Cobalt Blue OptiBuild,RB670 OptiBuild
38978,BLS,BDB,Research Reagents,Research Core Sirigen,Sirigen - OptiBuild,Sirigen - OptiBuild (Flow Cytometry)
38979,BLS,BDB,Research Reagents,Research Core Cobalt,Cobalt Blue OptiBuild,RB613 OptiBuild
38980,BLS,BDB,Research Reagents,Research Core Cobalt,Cobalt Blue OptiBuild,RB670 OptiBuild
38985,BLS,BDB,Research Reagents,Research Core Sirigen,Sirigen - OptiBuild,Sirigen - OptiBuild (Flow Cytometry)
38987,BLS,BDB,Research Reagents,Research Core Cobalt,Cobalt YG OptiBuild,RY703 OptiBuild
38992,BLS,BDB,Research Reagents,Research Core Sirigen,Sirigen - OptiBuild,Sirigen - OptiBuild (Flow Cytometry)
38997,BLS,BDB,Clinical Reagents,Cytognos Reagents,Cytognos Other Reagents,Cytognos OTHER REAGENTS
39000,BLS,BDB,Research Reagents,Research Core Cobalt,Cobalt Blue OptiBuild,RB670 OptiBuild
39002,BLS,BDB,Research Reagents,Research Core Sirigen,Sirigen - OptiBuild,Sirigen - OptiBuild (Flow Cytometry)
39004,BLS,BDB,Research Reagents,Research Core Cobalt,Cobalt YG OptiBuild,RY703 OptiBuild
39007,BLS,BDB,Research Reagents,Research Core Sirigen,Sirigen - OptiBuild,Sirigen - OptiBuild (Flow Cytometry)
39016,BLS,BDB,Research Reagents,Research Core Sirigen,Sirigen - OptiBuild,Sirigen - OptiBuild (Flow Cytometry)
39021,BLS,BDB,Research Reagents,Research Core Cobalt,Cobalt YG OptiBuild,RY703 OptiBuild
39022,BLS,BDB,Research Reagents,Research Core Cobalt,Cobalt Blue OptiBuild,RB545 OptiBuild
39023,BLS,BDB,Research Reagents,Research Core Sirigen,Sirigen - OptiBuild,Sirigen - OptiBuild (Flow Cytometry)
39030,BLS,BDB,Research Reagents,Research Core Cobalt,Cobalt Blue OptiBuild,RB613 OptiBuild
39033,BLS,BDB,Research Reagents,Research Core Cobalt,Cobalt Blue OptiBuild,RB744 OptiBuild
39034,BLS,DS,Microbiology,ID/AST,Misc ID and AST,Phoenix Accessories
39037,BLS,BDB,Research Reagents,Research Core Cobalt,Cobalt Blue OptiBuild,RB670 OptiBuild
39042,BLS,BDB,Research Reagents,Research Core Cobalt,Cobalt Blue OptiBuild,RB613 OptiBuild
39049,BLS,BDB,Research Reagents,Research Core Sirigen,Sirigen - OptiBuild,Sirigen - OptiBuild (Flow Cytometry)
39051,BLS,BDB,Research Reagents,Research Core Sirigen,Sirigen - OptiBuild,Sirigen - OptiBuild (Flow Cytometry)
39052,BLS,BDB,Research Reagents,Research Core Sirigen,Sirigen - OptiBuild,Sirigen - OptiBuild (Flow Cytometry)
39054,BLS,BDB,Research Reagents,Research Core Cobalt,Cobalt YG OptiBuild,RY775 OptiBuild
39057,BLS,BDB,Research Reagents,Research Core Cobalt,Cobalt YG OptiBuild,RY610 OptiBuild
39067,BLS,BDB,Research Reagents,Research Core Cobalt,Cobalt Blue OptiBuild,RB670 OptiBuild
39076,BLS,BDB,Research Reagents,Research Core Sirigen,Sirigen - OptiBuild,Sirigen - OptiBuild (Flow Cytometry)
39080,BLS,BDB,Research Reagents,Research Core Sirigen,Sirigen - OptiBuild,Sirigen - OptiBuild (Flow Cytometry)
39083,BLS,BDB,Research Reagents,Research Core Cobalt,Cobalt YG OptiBuild,RY703 OptiBuild
39086,BLS,BDB,Research Reagents,Research Core Sirigen,Sirigen - OptiBuild,Sirigen - OptiBuild (Flow Cytometry)
39090,BLS,BDB,Research Reagents,Research Core Sirigen,Sirigen - OptiBuild,Sirigen - OptiBuild (Flow Cytometry)
39091,BLS,BDB,Research Reagents,Research Core Non-Sirigen,Non Sirigen - Immune Function (Flow Cytometry),Non Sirigen - Immune Function (Flow Cytometry)
39094,BLS,BDB,Research Reagents,Research Core Cobalt,Cobalt YG OptiBuild,RY703 OptiBuild
39099,BLS,BDB,Research Reagents,Research Core Cobalt,Cobalt YG OptiBuild,RY703 OptiBuild
39102,BLS,BDB,Research Reagents,Research Core Sirigen,Sirigen - OptiBuild,Sirigen - OptiBuild (Flow Cytometry)
39106,BLS,BDB,Research Reagents,Research Core Cobalt,Cobalt Blue OptiBuild,RB670 OptiBuild
39109,BLS,BDB,Research Reagents,Research Core Sirigen,Sirigen - OptiBuild,Sirigen - OptiBuild (Flow Cytometry)
39112,BLS,BDB,Research Reagents,Research Core Cobalt,Cobalt YG OptiBuild,RY703 OptiBuild
39115,BLS,BDB,Research Reagents,Research Core Sirigen,Sirigen - OptiBuild,Sirigen - OptiBuild (Flow Cytometry)
39119,BLS,BDB,Research Reagents,Research Core Sirigen,Sirigen - Immune Function (Flow Cytometry),Sirigen - Immune Function (Flow Cytometry)
39122,BLS,BDB,Research Reagents,Research Core Cobalt,Cobalt YG OptiBuild,RY610 OptiBuild
39124,BLS,BDB,Research Reagents,Research Core Sirigen,Sirigen - OptiBuild,Sirigen - OptiBuild (Flow Cytometry)
39127,BLS,BDB,Research Reagents,Research Core Cobalt,Cobalt YG OptiBuild,RY610 OptiBuild
39129,BLS,BDB,Research Reagents,Research Core Cobalt,Cobalt YG OptiBuild,RY775 OptiBuild
39137,BLS,BDB,Research Reagents,Research Core Sirigen,Sirigen - OptiBuild,Sirigen - OptiBuild (Flow Cytometry)
39138,BLS,BDB,Research Reagents,Research Core Cobalt,Cobalt YG OptiBuild,RY610 OptiBuild
39140,BLS,BDB,Research Reagents,Research Core Cobalt,Cobalt Blue OptiBuild,RB613 OptiBuild
39145,BLS,BDB,Research Reagents,Research Core Cobalt,Cobalt Blue OptiBuild,RB670 OptiBuild
39146,BLS,BDB,Research Reagents,Research Core Sirigen,Sirigen - OptiBuild,Sirigen - OptiBuild (Flow Cytometry)
39154,BLS,BDB,Research Reagents,Research Core Sirigen,Sirigen - OptiBuild,Sirigen - OptiBuild (Flow Cytometry)
39155,BLS,BDB,Research Reagents,Research Core Cobalt,Cobalt Blue OptiBuild,RB744 OptiBuild
39158,BLS,BDB,Research Reagents,Research Core Cobalt,Cobalt Blue OptiBuild,RB613 OptiBuild
39159,BLS,BDB,Research Reagents,Research Core Cobalt,Cobalt Red MTS,RR688 MTS
39162,BLS,BDB,Research Reagents,Research Core Cobalt,Cobalt Blue OptiBuild,RB545 OptiBuild
39163,BLS,BDB,Research Reagents,Research Core Cobalt,Cobalt YG OptiBuild,RY703 OptiBuild
39164,BLS,BDB,Research Reagents,Research Non-Core,Non-Flow Cytometry - Assays,Non-Flow Cytometry - Assays
39168,BLS,BDB,Research Reagents,Research Non-Core,Non-Flow Cytometry - Assays,Non-Flow Cytometry - Assays
39169,BLS,BDB,Research Reagents,Research Core Cobalt,Cobalt Blue OptiBuild,RB670 OptiBuild
39170,BLS,BDB,Research Reagents,Research Core Cobalt,Cobalt YG OptiBuild,RY775 OptiBuild
39172,BLS,BDB,Research Reagents,Research Core Sirigen,Sirigen - OptiBuild,Sirigen - OptiBuild (Flow Cytometry)
39174,BLS,BDB,Research Reagents,Research Core Cobalt,Cobalt Blue OptiBuild,RB670 OptiBuild
39186,BLS,BDB,Research Reagents,Research Core Cobalt,Cobalt YG OptiBuild,RY775 OptiBuild
39194,BLS,BDB,Research Reagents,Research Core Sirigen,Sirigen - OptiBuild,Sirigen - OptiBuild (Flow Cytometry)
39195,BLS,BDB,Research Reagents,Research Core Cobalt,Cobalt YG OptiBuild,RY775 OptiBuild
39202,BLS,BDB,Research Reagents,Research Core Sirigen,Sirigen - OptiBuild,Sirigen - OptiBuild (Flow Cytometry)
39204,BLS,BDB,Research Reagents,Research Core Sirigen,Sirigen - OptiBuild,Sirigen - OptiBuild (Flow Cytometry)
39210,BLS,BDB,Research Reagents,Research Core Sirigen,Sirigen - OptiBuild,Sirigen - OptiBuild (Flow Cytometry)
39223,BLS,BDB,Research Reagents,Research Core Cobalt,Cobalt Blue OptiBuild,RB670 OptiBuild
39227,BLS,BDB,Research Reagents,Research Core Non-Sirigen,Non Sirigen - Cell Signal Cancer (Flow Cytometry),Non Sirigen - Cell Signal Cancer (Flow Cytometry)
39233,BLS,BDB,Research Reagents,Research Core Sirigen,Sirigen - OptiBuild,Sirigen - OptiBuild (Flow Cytometry)
39243,BLS,BDB,Research Reagents,Research Core Sirigen,Sirigen - OptiBuild,Sirigen - OptiBuild (Flow Cytometry)
39246,BLS,BDB,Research Reagents,Research Core Cobalt,Cobalt YG OptiBuild,RY610 OptiBuild
39249,BDM,MMS,Alaris Plus,DI Inst,Alaris Plus Accessories - DI Inst,Stands
39254,BLS,BDB,Research Reagents,Research Core Cobalt,Cobalt Blue OptiBuild,RB780 OptiBuild
39257,BLS,BDB,Research Reagents,Research Non-Core,Non-Flow Cytometry - Assays,Non-Flow Cytometry - Assays
39262,BLS,BDB,Research Reagents,Research Core Cobalt,Cobalt Blue OptiBuild,RB613 OptiBuild
39267,BLS,BDB,Research Reagents,Research Core Sirigen,Sirigen - OptiBuild,Sirigen - OptiBuild (Flow Cytometry)
39271,BLS,BDB,Research Reagents,Research Core Sirigen,Sirigen - OptiBuild,Sirigen - OptiBuild (Flow Cytometry)
39272,BLS,BDB,Research Reagents,Research Core Sirigen,Sirigen - OptiBuild,Sirigen - OptiBuild (Flow Cytometry)
39273,BLS,BDB,Research Reagents,Research Core Cobalt,Cobalt YG OptiBuild,RY703 OptiBuild
39275,BLS,BDB,Research Reagents,Research Core Cobalt,Cobalt YG OptiBuild,RY703 OptiBuild
39276,BLS,BDB,Clinical Reagents,Cytognos Reagents,Cytognos Immunology,Cytognos SUBCLASSES
39279,BLS,BDB,Research Reagents,Research Core Cobalt,Cobalt Blue OptiBuild,RB744 OptiBuild
39281,BLS,BDB,Research Reagents,Research Core Sirigen,Sirigen - OptiBuild,Sirigen - OptiBuild (Flow Cytometry)
39288,BLS,BDB,Research Reagents,Research Core Sirigen,Sirigen - OptiBuild,Sirigen - OptiBuild (Flow Cytometry)
39291,BLS,BDB,Research Reagents,Research Core Cobalt,Cobalt Blue OptiBuild,RB670 OptiBuild
39292,BLS,BDB,Research Reagents,Research Core Cobalt,Cobalt YG OptiBuild,RY703 OptiBuild
39298,BLS,BDB,Research Reagents,Research Core Sirigen,Sirigen - OptiBuild,Sirigen - OptiBuild (Flow Cytometry)
39300,BLS,BDB,Research Reagents,Research Reagents - PC Adjustment,Research Reagents - PC Adjustment,Research Reagents - PC Adjustment
39301,BLS,BDB,Research Reagents,Research Core Cobalt,Cobalt Blue OptiBuild,RB613 OptiBuild
39303,BLS,BDB,Single Cell Multiomics,SCM Reagents,BD AbSeq,AbSeq - MTS vials
39305,BLS,BDB,Research Reagents,Research Core Sirigen,Sirigen - OptiBuild,Sirigen - OptiBuild (Flow Cytometry)
39306,BLS,BDB,Research Reagents,Research Core Cobalt,Cobalt Blue OptiBuild,RB613 OptiBuild
39308,BLS,BDB,Research Reagents,Research Core Sirigen,Sirigen - OptiBuild,Sirigen - OptiBuild (Flow Cytometry)
39314,BLS,BDB,Research Reagents,Research Core Cobalt,Cobalt Blue OptiBuild,RB613 OptiBuild
39319,BLS,BDB,Research Reagents,Research Core Cobalt,Cobalt Blue OptiBuild,RB670 OptiBuild
39322,BLS,BDB,Research Reagents,Research Core Cobalt,Cobalt Blue OptiBuild,RB744 OptiBuild
39324,BLS,BDB,Research Reagents,Research Core Cobalt,Cobalt Blue OptiBuild,RB613 OptiBuild
39325,BLS,BDB,Research Reagents,Research Core Cobalt,Cobalt YG OptiBuild,RY703 OptiBuild
39327,BLS,BDB,Research Reagents,Research Core Cobalt,Cobalt Blue OptiBuild,RB545 OptiBuild
39329,BLS,BDB,Research Reagents,Research Core Sirigen,Sirigen - OptiBuild,Sirigen - OptiBuild (Flow Cytometry)
39332,BLS,BDB,Research Reagents,Research Core Sirigen,Sirigen - Immune Function (Flow Cytometry),Sirigen - Immune Function (Flow Cytometry)
39333,BLS,BDB,Research Reagents,Research Core Cobalt,Cobalt Blue OptiBuild,RB613 OptiBuild
39336,BLS,BDB,Research Reagents,Research Core Cobalt,Cobalt Blue OptiBuild,RB670 OptiBuild
39339,BLS,BDB,Research Reagents,Research Core Cobalt,Cobalt YG OptiBuild,RY775 OptiBuild
39340,BLS,BDB,Research Reagents,Research Core Sirigen,Sirigen - OptiBuild,Sirigen - OptiBuild (Flow Cytometry)
39341,BLS,BDB,Research Reagents,Research Core Sirigen,Sirigen - OptiBuild,Sirigen - OptiBuild (Flow Cytometry)
39349,BLS,BDB,Research Reagents,Research Core Cobalt,Cobalt Blue OptiBuild,RB670 OptiBuild
39350,BLS,BDB,Research Reagents,Research Core Cobalt,Cobalt Blue OptiBuild,RB613 OptiBuild
39351,BLS,BDB,Research Reagents,Research Core Cobalt,Cobalt YG OptiBuild,RY703 OptiBuild
39352,BDI,SUR,Performance Irrigation and Other Surgery,Performance Irrigation,Laparoscopic,All Other
39361,BLS,BDB,Research Reagents,Research Core Cobalt,Cobalt Blue OptiBuild,RB670 OptiBuild
39366,BLS,BDB,Research Reagents,Research Core Non-Sirigen,Non Sirigen - Immune Function (Flow Cytometry),Non Sirigen - Immune Function (Flow Cytometry)
39367,BLS,BDB,Research Reagents,Research Core Sirigen,Sirigen - OptiBuild,Sirigen - OptiBuild (Flow Cytometry)
39370,BLS,BDB,Research Reagents,Research Core Cobalt,Cobalt YG MTS,RY655 MTS
39379,BLS,BDB,Research Reagents,Research Core Cobalt,Cobalt Blue OptiBuild,RB780 OptiBuild
39380,BLS,BDB,Research Reagents,Research Core Sirigen,Sirigen - OptiBuild,Sirigen - OptiBuild (Flow Cytometry)
39388,BLS,BDB,Research Reagents,Research Core Cobalt,Cobalt Blue OptiBuild,RB670 OptiBuild
39390,BLS,BDB,Research Reagents,Research Core Cobalt,Cobalt YG OptiBuild,RY775 OptiBuild
39391,BLS,BDB,Research Reagents,Research Core Cobalt,Cobalt YG OptiBuild,RY703 OptiBuild
39392,BLS,BDB,Research Reagents,Research Core Non-Sirigen,Non Sirigen - Immune Function (Flow Cytometry),Non Sirigen - Immune Function (Flow Cytometry)
39393,BLS,BDB,Research Reagents,Research Core Cobalt,Cobalt YG OptiBuild,RY703 OptiBuild
39394,BLS,BDB,Research Reagents,Research Core Sirigen,Sirigen - OptiBuild,Sirigen - OptiBuild (Flow Cytometry)
39398,BLS,BDB,Research Reagents,Research Core Cobalt,Cobalt YG OptiBuild,RY703 OptiBuild
39400,BLS,BDB,Research Reagents,Research Non-Core,Non-Flow Cytometry - Assays,Non-Flow Cytometry - Assays
39402,BLS,BDB,Research Reagents,Research Core Cobalt,Cobalt Blue OptiBuild,RB613 OptiBuild
39405,BLS,BDB,Research Reagents,Research Core Sirigen,Sirigen - OptiBuild,Sirigen - OptiBuild (Flow Cytometry)
39408,BLS,BDB,Research Reagents,Research Core Sirigen,Sirigen - OptiBuild,Sirigen - OptiBuild (Flow Cytometry)
39409,BLS,BDB,Research Reagents,Research Core Cobalt,Cobalt YG OptiBuild,RY586 OptiBuild
39411,BLS,BDB,Research Reagents,Research Core Cobalt,Cobalt Blue OptiBuild,RB670 OptiBuild
39412,BLS,BDB,Research Reagents,Research Core Sirigen,Sirigen - OptiBuild,Sirigen - OptiBuild (Flow Cytometry)
39413,BLS,BDB,Research Reagents,Research Core Cobalt,Cobalt Blue OptiBuild,RB670 OptiBuild
39414,BLS,BDB,Research Reagents,Research Core Cobalt,Cobalt YG OptiBuild,RY703 OptiBuild
39415,BLS,BDB,Research Reagents,Research Core Non-Sirigen,Non-Sirigen - OptiBuild,Non Sirigen - Optibuild (Flow Cytometry)
39417,BLS,BDB,Research Reagents,Research Core Sirigen,Sirigen - OptiBuild,Sirigen - OptiBuild (Flow Cytometry)
39418,BLS,BDB,Research Reagents,Research Core Sirigen,Sirigen - OptiBuild,Sirigen - OptiBuild (Flow Cytometry)
39420,BLS,BDB,Research Reagents,Research Core Cobalt,Cobalt YG OptiBuild,RY775 OptiBuild
39422,BLS,BDB,Research Reagents,Research Core Cobalt,Cobalt YG OptiBuild,RY610 OptiBuild
39425,BLS,BDB,Research Reagents,Research Core Cobalt,Cobalt Blue OptiBuild,RB545 OptiBuild
39427,BLS,BDB,Research Reagents,Research Core Cobalt,Cobalt YG OptiBuild,RY586 OptiBuild
39429,BLS,BDB,Single Cell Multiomics,SCM Reagents,BD AbSeq,AbSeq - MTS vials
39432,BLS,BDB,Research Reagents,Research Core Sirigen,Sirigen - OptiBuild,Sirigen - OptiBuild (Flow Cytometry)
39441,BLS,BDB,Research Reagents,Research Core Sirigen,Sirigen - OptiBuild,Sirigen - OptiBuild (Flow Cytometry)
39442,BLS,BDB,Research Reagents,Research Core Sirigen,Sirigen - OptiBuild,Sirigen - OptiBuild (Flow Cytometry)
39445,BLS,BDB,Research Reagents,Research Core Cobalt,Cobalt Blue OptiBuild,RB670 OptiBuild
39447,BLS,BDB,Research Reagents,Research Core Cobalt,Cobalt Blue OptiBuild,RB670 OptiBuild
39448,BLS,BDB,Research Reagents,Research Core Cobalt,Cobalt Blue OptiBuild,RB744 OptiBuild
39449,BLS,BDB,Research Reagents,Research Core Cobalt,Cobalt Blue OptiBuild,RB670 OptiBuild
39450,BLS,BDB,Research Reagents,Research Core Cobalt,Cobalt YG MTS,RY703 MTS
39452,BLS,BDB,Research Reagents,Research Core Sirigen,Sirigen - OptiBuild,Sirigen - OptiBuild (Flow Cytometry)
39456,BLS,BDB,Research Reagents,Research Core Cobalt,Cobalt Blue OptiBuild,RB744 OptiBuild
39457,BLS,BDB,Research Reagents,Research Core Cobalt,Cobalt YG OptiBuild,RY703 OptiBuild
39459,BLS,BDB,Clinical Reagents,Cytognos Reagents,Cytognos Other Reagents,Cytognos OTHER REAGENTS
39462,BLS,BDB,Research Reagents,Research Core Sirigen,Sirigen - OptiBuild,Sirigen - OptiBuild (Flow Cytometry)
39467,BLS,BDB,Research Reagents,Research Core Cobalt,Cobalt YG OptiBuild,RY703 OptiBuild
39477,BLS,BDB,Research Reagents,Research Core Sirigen,Sirigen - OptiBuild,Sirigen - OptiBuild (Flow Cytometry)
39487,BLS,BDB,Research Reagents,Research Core Cobalt,Cobalt YG MTS,RY743 MTS
39490,BLS,BDB,Research Reagents,Research Core Sirigen,Sirigen - OptiBuild,Sirigen - OptiBuild (Flow Cytometry)
39494,BLS,BDB,Research Reagents,Research Core Non-Sirigen,Non Sirigen - Immune Function (Flow Cytometry),Non Sirigen - Immune Function (Flow Cytometry)
39497,BLS,BDB,Research Reagents,Research Core Sirigen,Sirigen - OptiBuild,Sirigen - OptiBuild (Flow Cytometry)
39498,BLS,BDB,Research Reagents,Research Core Non-Sirigen,Non-Sirigen - OptiBuild,Non Sirigen - Optibuild (Flow Cytometry)
39504,BLS,BDB,Research Reagents,Research Core Cobalt,Cobalt Blue OptiBuild,RB613 OptiBuild
39506,BLS,BDB,Research Reagents,Research Core Non-Sirigen,Non-Sirigen - OptiBuild,Non Sirigen - Optibuild (Flow Cytometry)
39507,BLS,BDB,Research Reagents,Research Core Cobalt,Cobalt Blue OptiBuild,RB744 OptiBuild
39508,BLS,BDB,Research Reagents,Research Core Sirigen,Sirigen - OptiBuild,Sirigen - OptiBuild (Flow Cytometry)
39510,BLS,BDB,Research Reagents,Research Core Cobalt,Cobalt YG OptiBuild,RY610 OptiBuild
39512,BLS,BDB,Research Reagents,Research Core Cobalt,Cobalt YG OptiBuild,RY775 OptiBuild
39518,BLS,BDB,Single Cell Multiomics,SCM Reagents,BD AbSeq,AbSeq - MTS vials
39519,BLS,BDB,Research Reagents,Research Core Cobalt,Cobalt YG OptiBuild,RY703 OptiBuild
39523,BLS,BDB,Research Reagents,Research Core Cobalt,Cobalt Blue OptiBuild,RB744 OptiBuild
39530,BLS,BDB,Research Reagents,Research Core Sirigen,Sirigen - OptiBuild,Sirigen - OptiBuild (Flow Cytometry)
39532,BLS,BDB,Research Reagents,Research Core Cobalt,Cobalt YG OptiBuild,RY586 OptiBuild
39533,BLS,BDB,Research Reagents,Research Core Cobalt,Cobalt YG OptiBuild,RY775 OptiBuild
39541,BLS,BDB,Research Reagents,Research Core Sirigen,Sirigen - Immune Function (Flow Cytometry),Sirigen - Immune Function (Flow Cytometry)
39543,BLS,BDB,Research Reagents,Research Core Sirigen,Sirigen - OptiBuild,Sirigen - OptiBuild (Flow Cytometry)
39545,BLS,BDB,Research Reagents,Research Core Sirigen,Sirigen - OptiBuild,Sirigen - OptiBuild (Flow Cytometry)
39548,BLS,BDB,Research Reagents,Research Core Cobalt,Cobalt Blue OptiBuild,RB613 OptiBuild
39550,BLS,BDB,Single Cell Multiomics,SCM Reagents,BD AbSeq,AbSeq - MTS vials
39554,BDI,SUR,Hernia,Complex Abdominal Wall Reconstruction,Phasix,Phasix Flat LX
39559,BLS,BDB,Research Reagents,Research Core Cobalt,Cobalt Blue MTS,RB780 MTS
39561,BLS,BDB,Research Reagents,Research Core Cobalt,Cobalt Blue OptiBuild,RB613 OptiBuild
39562,BLS,BDB,Research Reagents,Research Core Cobalt,Cobalt YG OptiBuild,RY610 OptiBuild
39563,BLS,BDB,Research Reagents,Research Core Cobalt,Cobalt YG MTS,RY655 MTS
39565,BLS,BDB,Research Reagents,Research Core Sirigen,Sirigen - Immune Function (Flow Cytometry),Sirigen - Immune Function (Flow Cytometry)
39568,BLS,BDB,Research Reagents,Research Core Cobalt,Cobalt Blue OptiBuild,RB613 OptiBuild
39572,BLS,BDB,Research Reagents,Research Core Cobalt,Cobalt Blue OptiBuild,RB613 OptiBuild
39575,BLS,BDB,Research Reagents,Research Core Cobalt,Cobalt Blue OptiBuild,RB613 OptiBuild
39576,BLS,BDB,Research Reagents,Research Core Cobalt,Cobalt Blue OptiBuild,RB613 OptiBuild
39585,BLS,BDB,Research Reagents,Research Core Cobalt,Cobalt YG OptiBuild,RY610 OptiBuild
39588,BLS,BDB,Research Reagents,Research Core Cobalt,Cobalt Blue OptiBuild,RB613 OptiBuild
39589,BLS,BDB,Research Reagents,Research Core Cobalt,Cobalt Blue OptiBuild,RB744 OptiBuild
39593,BLS,BDB,Research Reagents,Research Core Cobalt,Cobalt Blue OptiBuild,RB613 OptiBuild
39594,BLS,BDB,Research Reagents,Research Core Cobalt,Cobalt Blue OptiBuild,RB705 OptiBuild
39596,BLS,BDB,Research Reagents,Research Core Cobalt,Cobalt YG OptiBuild,RY775 OptiBuild
39604,BLS,BDB,Research Reagents,Research Core Cobalt,Cobalt Blue OptiBuild,RB705 OptiBuild
39605,BLS,BDB,Research Reagents,Research Core Cobalt,Cobalt Blue OptiBuild,RB744 OptiBuild
39607,BLS,BDB,Research Reagents,Research Core Sirigen,Sirigen - OptiBuild,Sirigen - OptiBuild (Flow Cytometry)
39611,BLS,BDB,Research Reagents,Research Core Non-Sirigen,Non Sirigen - Immune Function (Flow Cytometry),Non Sirigen - Immune Function (Flow Cytometry)
39612,BLS,BDB,Research Reagents,Research Core Cobalt,Cobalt Blue OptiBuild,RB744 OptiBuild
39615,BLS,BDB,Single Cell Multiomics,SCM Reagents,BD AbSeq,AbSeq - MTS vials
39619,BLS,BDB,Research Reagents,Research Core Cobalt,Cobalt YG OptiBuild,RY703 OptiBuild
39625,BLS,BDB,Research Reagents,Research Core Cobalt,Cobalt YG OptiBuild,RY775 OptiBuild
39630,BLS,BDB,Research Reagents,Research Core Cobalt,Cobalt YG MTS,RY655 MTS
39631,BLS,BDB,Research Reagents,Research Core Cobalt,Cobalt Blue OptiBuild,RB744 OptiBuild
39638,BLS,BDB,Research Reagents,Research Core Cobalt,Cobalt YG OptiBuild,RY586 OptiBuild
39639,BLS,BDB,Research Reagents,Research Core Sirigen,Sirigen - OptiBuild,Sirigen - OptiBuild (Flow Cytometry)
39640,BLS,DS,Cancer,Cytology,Cancer - PC Adjustment,Cancer - PC Adjustment
39657,BLS,BDB,Research Reagents,Research Core Cobalt,Cobalt YG OptiBuild,RY703 OptiBuild
39661,BLS,BDB,Research Reagents,Research Core Sirigen,Sirigen - OptiBuild,Sirigen - OptiBuild (Flow Cytometry)
39672,BLS,BDB,Research Reagents,Research Core Sirigen,Sirigen - OptiBuild,Sirigen - OptiBuild (Flow Cytometry)
39677,BLS,BDB,Research Reagents,Research Core Cobalt,Cobalt YG OptiBuild,RY775 OptiBuild
39680,BLS,BDB,Research Reagents,Research Core Cobalt,Cobalt YG OptiBuild,RY775 OptiBuild
39685,BLS,BDB,Single Cell Multiomics,SCM Reagents,BD AbSeq,AbSeq - MTS vials
39686,BLS,BDB,Single Cell Multiomics,SCM Reagents,BD AbSeq,AbSeq - MTS vials
39687,BLS,BDB,Research Reagents,Research Core Cobalt,Cobalt YG OptiBuild,RY610 OptiBuild
39690,BLS,BDB,Research Reagents,Research Core Non-Sirigen,Non Sirigen - Immune Function (Flow Cytometry),Non Sirigen - Immune Function (Flow Cytometry)
39694,BLS,BDB,Research Reagents,Research Core Cobalt,Cobalt Blue OptiBuild,RB780 OptiBuild
39696,BLS,BDB,Research Reagents,Research Core Cobalt,Cobalt Blue OptiBuild,RB613 OptiBuild
39697,BLS,BDB,Research Reagents,Research Core Sirigen,Sirigen - OptiBuild,Sirigen - OptiBuild (Flow Cytometry)
39700,BLS,BDB,Research Reagents,Research Core Sirigen,Sirigen - OptiBuild,Sirigen - OptiBuild (Flow Cytometry)
39707,BLS,BDB,Research Reagents,Research Core Cobalt,Cobalt YG OptiBuild,RY610 OptiBuild
39708,BLS,BDB,Research Reagents,Research Core Sirigen,Sirigen - OptiBuild,Sirigen - OptiBuild (Flow Cytometry)
39709,BLS,BDB,Research Reagents,Research Core Sirigen,Sirigen - OptiBuild,Sirigen - OptiBuild (Flow Cytometry)
39714,BLS,BDB,Research Reagents,Research Core Cobalt,Cobalt YG MTS,RY655 MTS
39716,BLS,BDB,Research Reagents,Research Core Non-Sirigen,Non Sirigen - Cell Signal Cancer (Flow Cytometry),Non Sirigen - Cell Signal Cancer (Flow Cytometry)
39718,BLS,BDB,Research Reagents,Research Core Cobalt,Cobalt Blue OptiBuild,RB705 OptiBuild
39721,BLS,BDB,Research Reagents,Research Core Non-Sirigen,Non-Sirigen - OptiBuild,Non Sirigen - Optibuild (Flow Cytometry)
39724,BLS,BDB,Research Reagents,Research Core Sirigen,Sirigen - OptiBuild,Sirigen - OptiBuild (Flow Cytometry)
39729,BLS,BDB,Research Reagents,Research Core Non-Sirigen,Non Sirigen - Immune Function (Flow Cytometry),Non Sirigen - Immune Function (Flow Cytometry)
39733,BLS,BDB,Research Reagents,Research Core Sirigen,Sirigen - OptiBuild,Sirigen - OptiBuild (Flow Cytometry)
39734,BLS,BDB,Research Reagents,Research Core Cobalt,Cobalt YG MTS,RY610 MTS
39736,BLS,BDB,Research Reagents,Research Core Cobalt,Cobalt Blue OptiBuild,RB705 OptiBuild
39738,BLS,BDB,Research Reagents,Research Core Cobalt,Cobalt Blue OptiBuild,RB613 OptiBuild
39739,BLS,BDB,Research Reagents,Research Core Sirigen,Sirigen - OptiBuild,Sirigen - OptiBuild (Flow Cytometry)
39740,BLS,BDB,Research Reagents,Research Core Cobalt,Cobalt YG OptiBuild,RY610 OptiBuild
39746,BLS,BDB,Research Reagents,Research Core Cobalt,Cobalt YG MTS,RY610 MTS
39748,BLS,BDB,Research Reagents,Research Core Cobalt,Cobalt YG OptiBuild,RY610 OptiBuild
39749,BLS,BDB,Research Reagents,Research Core Cobalt,Cobalt Blue OptiBuild,RB613 OptiBuild
39750,BLS,BDB,Research Reagents,Research Core Non-Sirigen,Non Sirigen - Immune Function (Flow Cytometry),Non Sirigen - Immune Function (Flow Cytometry)
39753,BLS,BDB,Research Reagents,Research Core Cobalt,Cobalt Blue OptiBuild,RB670 OptiBuild
39762,BLS,BDB,Research Reagents,Research Core Cobalt,Cobalt Blue OptiBuild,RB744 OptiBuild
39767,BLS,BDB,Research Reagents,Research Core Cobalt,Cobalt Blue OptiBuild,RB744 OptiBuild
39768,BLS,BDB,Research Reagents,Research Core Cobalt,Cobalt Blue OptiBuild,RB780 OptiBuild
39769,BLS,BDB,Research Reagents,Research Core Sirigen,Sirigen - Immune Function (Flow Cytometry),Sirigen - Immune Function (Flow Cytometry)
39772,BLS,BDB,Research Reagents,Research Core Cobalt,Cobalt Blue OptiBuild,RB705 OptiBuild
39775,BLS,BDB,Research Reagents,Research Core Cobalt,Cobalt Blue OptiBuild,RB670 OptiBuild
39777,BLS,BDB,Research Reagents,Research Core Cobalt,Cobalt YG OptiBuild,RY703 OptiBuild
39778,BLS,BDB,Research Reagents,Research Core Sirigen,Sirigen - OptiBuild,Sirigen - OptiBuild (Flow Cytometry)
39780,BLS,BDB,Research Reagents,Research Core Cobalt,Cobalt Blue OptiBuild,RB780 OptiBuild
39791,BLS,BDB,Research Reagents,Research Core Sirigen,Sirigen - OptiBuild,Sirigen - OptiBuild (Flow Cytometry)
39792,BLS,BDB,Research Reagents,Research Core Cobalt,Cobalt YG OptiBuild,RY610 OptiBuild
39796,BLS,BDB,Research Reagents,Research Core Cobalt,Cobalt YG OptiBuild,RY586 OptiBuild
39798,BLS,BDB,Research Reagents,Research Core Non-Sirigen,Non Sirigen - Immune Function (Flow Cytometry),Non Sirigen - Immune Function (Flow Cytometry)
39800,BLS,BDB,Research Reagents,Research Core Cobalt,Cobalt Blue OptiBuild,RB613 OptiBuild
39803,BLS,BDB,Research Reagents,Research Core Cobalt,Cobalt YG OptiBuild,RY703 OptiBuild
39809,BLS,BDB,Research Reagents,Research Core Cobalt,Cobalt Blue OptiBuild,RB744 OptiBuild
39810,BLS,BDB,Research Reagents,Research Core Cobalt,Cobalt Blue OptiBuild,RB613 OptiBuild
39811,BLS,BDB,Research Reagents,Research Core Sirigen,Sirigen - OptiBuild,Sirigen - OptiBuild (Flow Cytometry)
39816,BLS,BDB,Research Reagents,Research Core Sirigen,Sirigen - OptiBuild,Sirigen - OptiBuild (Flow Cytometry)
39818,BLS,BDB,Research Reagents,Research Core Cobalt,Cobalt YG MTS,RY775 MTS
39821,BLS,BDB,Research Reagents,Research Core Cobalt,Cobalt Blue OptiBuild,RB670 OptiBuild
39831,BLS,BDB,Research Reagents,Research Core Cobalt,Cobalt Blue OptiBuild,RB613 OptiBuild
39835,BLS,BDB,Research Reagents,Research Core Cobalt,Cobalt Blue OptiBuild,RB705 OptiBuild
39836,BLS,BDB,Research Reagents,Research Core Sirigen,Sirigen - Immune Function (Flow Cytometry),Sirigen - Immune Function (Flow Cytometry)
39841,BLS,BDB,Research Reagents,Research Core Cobalt,Cobalt YG OptiBuild,RY610 OptiBuild
39848,BLS,BDB,Research Reagents,Research Core Sirigen,Sirigen - OptiBuild,Sirigen - OptiBuild (Flow Cytometry)
39849,BLS,BDB,Research Reagents,Research Core Non-Sirigen,Non-Sirigen - OptiBuild,Non Sirigen - Optibuild (Flow Cytometry)
39850,BLS,BDB,Research Reagents,Research Core Cobalt,Cobalt Blue MTS,RB613 MTS
39851,BLS,BDB,Research Reagents,Research Core Non-Sirigen,Non Sirigen - Immune Function (Flow Cytometry),Non Sirigen - Immune Function (Flow Cytometry)
39852,BLS,BDB,Research Reagents,Research Core Cobalt,Cobalt Blue OptiBuild,RB705 OptiBuild
39853,BLS,BDB,Research Reagents,Research Core Cobalt,Cobalt YG OptiBuild,RY610 OptiBuild
39862,BLS,BDB,Research Reagents,Research Core Sirigen,Sirigen - OptiBuild,Sirigen - OptiBuild (Flow Cytometry)
39863,BLS,BDB,Single Cell Multiomics,SCM Reagents,BD AbSeq,AbSeq - MTS vials
39865,BLS,BDB,Research Reagents,Research Core Cobalt,Cobalt YG OptiBuild,RY610 OptiBuild
39867,BLS,BDB,Research Reagents,Research Core Cobalt,Cobalt Blue OptiBuild,RB780 OptiBuild
39871,BLS,BDB,Research Reagents,Research Core Cobalt,Cobalt Blue OptiBuild,RB613 OptiBuild
39873,BLS,BDB,Research Reagents,Research Core Cobalt,Cobalt YG MTS,RY743 MTS
39875,BLS,BDB,Research Reagents,Research Core Cobalt,Cobalt Blue OptiBuild,RB670 OptiBuild
39877,BLS,BDB,Research Reagents,Research Core Cobalt,Cobalt Blue OptiBuild,RB670 OptiBuild
39879,BLS,BDB,Research Reagents,Research Core Cobalt,Cobalt Blue OptiBuild,RB670 OptiBuild
39881,BLS,BDB,Research Reagents,Research Core Cobalt,Cobalt Blue OptiBuild,RB780 OptiBuild
39886,BLS,BDB,Research Reagents,Research Core Cobalt,Cobalt YG OptiBuild,RY775 OptiBuild
39891,BLS,BDB,Research Reagents,Research Core Non-Sirigen,Non Sirigen - Cell Signal Cancer (Flow Cytometry),Non Sirigen - Cell Signal Cancer (Flow Cytometry)
39898,BLS,BDB,Research Reagents,Research Core Cobalt,Cobalt YG OptiBuild,RY775 OptiBuild
39899,BLS,BDB,Research Reagents,Research Non-Core,Non-Flow Cytometry - Assays,Non-Flow Cytometry - Assays
39902,BLS,BDB,Research Reagents,Research Core Sirigen,Sirigen - OptiBuild,Sirigen - OptiBuild (Flow Cytometry)
39903,BLS,BDB,Research Reagents,Research Core Non-Sirigen,Non Sirigen - Immune Function (Flow Cytometry),Non Sirigen - Immune Function (Flow Cytometry)
39905,BLS,BDB,Research Reagents,Research Core Sirigen,Sirigen - OptiBuild,Sirigen - OptiBuild (Flow Cytometry)
39914,BLS,BDB,Research Reagents,Research Core Cobalt,Cobalt Blue OptiBuild,RB613 OptiBuild
39915,BLS,BDB,Research Reagents,Research Core Sirigen,Sirigen - OptiBuild,Sirigen - OptiBuild (Flow Cytometry)
39928,BLS,BDB,Research Reagents,Research Core Non-Sirigen,Non Sirigen - Cell Signal Cancer (Flow Cytometry),Non Sirigen - Cell Signal Cancer (Flow Cytometry)
39930,BLS,BDB,Research Reagents,Research Core Cobalt,Cobalt Blue OptiBuild,RB670 OptiBuild
39932,BLS,BDB,Single Cell Multiomics,SCM Reagents,BD AbSeq,AbSeq - MTS vials
39944,BLS,BDB,Research Reagents,Research Core Cobalt,Cobalt Blue OptiBuild,RB670 OptiBuild
39949,BLS,BDB,Research Reagents,Research Core Cobalt,Cobalt YG OptiBuild,RY586 OptiBuild
39951,BLS,BDB,Research Reagents,Research Core Cobalt,Cobalt Blue MTS,RB744 MTS
39955,BLS,BDB,Research Reagents,Research Core Cobalt,Cobalt Blue OptiBuild,RB613 OptiBuild
39956,BLS,BDB,Research Reagents,Research Core Cobalt,Cobalt Blue OptiBuild,RB670 OptiBuild
39957,BLS,BDB,Research Reagents,Research Core Cobalt,Cobalt YG OptiBuild,RY703 OptiBuild
39963,BLS,BDB,Research Reagents,Research Core Sirigen,Sirigen - OptiBuild,Sirigen - OptiBuild (Flow Cytometry)
39964,BLS,BDB,Single Cell Multiomics,SCM Reagents,BD AbSeq,AbSeq - MTS vials
39967,BLS,BDB,Research Reagents,Research Core Non-Sirigen,Non Sirigen - Immune Function (Flow Cytometry),Non Sirigen - Immune Function (Flow Cytometry)
39973,BLS,BDB,Single Cell Multiomics,SCM Reagents,BD AbSeq,AbSeq - MTS vials
39974,BLS,BDB,Research Reagents,Research Core Cobalt,Cobalt YG OptiBuild,RY775 OptiBuild
39976,BLS,BDB,Research Reagents,Research Core Cobalt,Cobalt YG OptiBuild,RY703 OptiBuild
39980,BLS,BDB,Research Reagents,Research Core Non-Sirigen,Non Sirigen - Immune Function (Flow Cytometry),Non Sirigen - Immune Function (Flow Cytometry)
39981,BLS,BDB,Research Reagents,Research Core Cobalt,Cobalt Blue OptiBuild,RB670 OptiBuild
39982,BLS,BDB,Research Reagents,Research Core Sirigen,Sirigen - OptiBuild,Sirigen - OptiBuild (Flow Cytometry)
39990,BLS,BDB,Research Reagents,Research Core Cobalt,Cobalt YG OptiBuild,RY703 OptiBuild
39991,BLS,BDB,Research Reagents,Research Core Non-Sirigen,Non Sirigen - Immune Function (Flow Cytometry),Non Sirigen - Immune Function (Flow Cytometry)
39992,BLS,BDB,Research Reagents,Research Non-Core,Non-Flow Cytometry - Assays,Non-Flow Cytometry - Assays
39993,BLS,BDB,Research Reagents,Research Core Cobalt,Cobalt Blue OptiBuild,RB705 OptiBuild
39998,BLS,BDB,Research Reagents,Research Core Sirigen,Sirigen - OptiBuild,Sirigen - OptiBuild (Flow Cytometry)
39999,BLS,BDB,Research Reagents,Research Core Cobalt,Cobalt Blue OptiBuild,RB545 OptiBuild
40003,BLS,BDB,Research Reagents,Research Core Cobalt,Cobalt YG OptiBuild,RY610 OptiBuild
40004,BLS,BDB,Research Reagents,Research Core Cobalt,Cobalt Blue OptiBuild,RB705 OptiBuild
40011,BLS,BDB,Research Reagents,Research Non-Core,Non-Flow Cytometry - Assays,Non-Flow Cytometry - Assays
40012,BLS,BDB,Research Reagents,Research Core Cobalt,Cobalt Blue OptiBuild,RB670 OptiBuild
40014,BLS,BDB,Research Reagents,Research Core Cobalt,Cobalt YG OptiBuild,RY610 OptiBuild
40016,BLS,BDB,Research Reagents,Research Core Cobalt,Cobalt Blue OptiBuild,RB613 OptiBuild
40018,BLS,BDB,Research Reagents,Research Non-Core,Non-Flow Cytometry - Assays,Non-Flow Cytometry - Assays
40025,BLS,BDB,Research Reagents,Research Core Non-Sirigen,Non Sirigen - Immune Function (Flow Cytometry),Non Sirigen - Immune Function (Flow Cytometry)
40028,BLS,BDB,Research Reagents,Research Core Sirigen,Sirigen - OptiBuild,Sirigen - OptiBuild (Flow Cytometry)
40029,BLS,BDB,Research Reagents,Research Core Cobalt,Cobalt YG OptiBuild,RY586 OptiBuild
40030,BLS,BDB,Research Reagents,Research Core Cobalt,Cobalt YG OptiBuild,RY610 OptiBuild
40031,BLS,BDB,Research Reagents,Research Core Cobalt,Cobalt YG OptiBuild,RY775 OptiBuild
40032,BLS,BDB,Research Reagents,Research Core Non-Sirigen,Non Sirigen - Immune Function (Flow Cytometry),Non Sirigen - Immune Function (Flow Cytometry)
40033,BLS,BDB,Research Reagents,Research Non-Core,Non-Flow Cytometry - Assays,Non-Flow Cytometry - Assays
40042,BLS,BDB,Research Reagents,Research Core Sirigen,Sirigen - Immune Function (Flow Cytometry),Sirigen - Immune Function (Flow Cytometry)
40043,BLS,BDB,Research Reagents,Research Core Cobalt,Cobalt YG OptiBuild,RY703 OptiBuild
40047,BLS,BDB,Research Reagents,Research Core Cobalt,Cobalt YG OptiBuild,RY775 OptiBuild
40051,BLS,BDB,Research Reagents,Research Core Sirigen,Sirigen - OptiBuild,Sirigen - OptiBuild (Flow Cytometry)
40059,BLS,BDB,Research Reagents,Research Core Cobalt,Cobalt Blue OptiBuild,RB670 OptiBuild
40064,BLS,BDB,Research Reagents,Research Core Sirigen,Sirigen - OptiBuild,Sirigen - OptiBuild (Flow Cytometry)
40065,BLS,BDB,Research Reagents,Research Core Cobalt,Cobalt YG MTS,RY775 MTS
40068,BLS,BDB,Research Reagents,Research Core Cobalt,Cobalt Blue OptiBuild,RB780 OptiBuild
40072,BLS,BDB,Research Reagents,Research Core Cobalt,Cobalt Blue OptiBuild,RB705 OptiBuild
40073,BLS,BDB,Research Reagents,Research Core Cobalt,Cobalt Blue OptiBuild,RB613 OptiBuild
40078,BLS,BDB,Research Reagents,Research Core Non-Sirigen,Non Sirigen - Immune Function (Flow Cytometry),Non Sirigen - Immune Function (Flow Cytometry)
40079,BLS,BDB,Research Reagents,Research Core Non-Sirigen,Non Sirigen - Immune Function (Flow Cytometry),Non Sirigen - Immune Function (Flow Cytometry)
40087,BLS,BDB,Research Reagents,Research Core Cobalt,Cobalt Blue MTS,RB613 MTS
40089,BLS,BDB,Research Reagents,Research Core Sirigen,Sirigen - OptiBuild,Sirigen - OptiBuild (Flow Cytometry)
40090,BDI,PI,Peripheral Vascular Disease,PTA PVD,Ultraverse,Ultraverse 018
40092,BLS,BDB,Research Reagents,Research Core Non-Sirigen,Non Sirigen - Immune Function (Flow Cytometry),Non Sirigen - Immune Function (Flow Cytometry)
40095,BLS,BDB,Research Reagents,Research Core Cobalt,Cobalt Blue OptiBuild,RB705 OptiBuild
40097,BLS,BDB,Research Reagents,Research Core Cobalt,Cobalt Blue OptiBuild,RB780 OptiBuild
40104,BLS,BDB,Research Reagents,Research Core Cobalt,Cobalt Blue OptiBuild,RB670 OptiBuild
40109,BLS,BDB,Research Reagents,Research Core Cobalt,Cobalt YG OptiBuild,RY610 OptiBuild
40110,BLS,BDB,Research Reagents,Research Core Cobalt,Cobalt YG MTS,RY586 MTS
40114,BLS,BDB,Research Reagents,Research Core Cobalt,Cobalt YG MTS,RY703 MTS
40116,BLS,DS,Microbiology,Microbiology - PC Adjustment,Microbiology - PC Adjustment,Microbiology - PC Adjustment
40119,BLS,BDB,Research Reagents,Research Core Sirigen,Sirigen - Immune Function (Flow Cytometry),Sirigen - Immune Function (Flow Cytometry)
40121,BLS,DS,Veritor Cov,Veritor Cov,Visual Read COV19 Antigen,Visual Read COV19 Antigen
40123,BLS,BDB,Research Reagents,Research Core Non-Sirigen,Non Sirigen - Immune Function (Flow Cytometry),Non Sirigen - Immune Function (Flow Cytometry)
40128,BLS,BDB,Clinical Reagents,Cytognos Reagents,Cytognos Immunology,Cytognos SUBCLASSES
40130,BLS,BDB,Research Reagents,Research Core Sirigen,Sirigen - Immune Function (Flow Cytometry),Sirigen - Immune Function (Flow Cytometry)
40131,BLS,BDB,Research Reagents,Research Core Cobalt,Cobalt Blue OptiBuild,RB670 OptiBuild
40132,BLS,BDB,Research Reagents,Research Core Cobalt,Cobalt Blue MTS,RB613 MTS
40134,BLS,BDB,Research Reagents,Research Core Non-Sirigen,Non Sirigen - Immune Function (Flow Cytometry),Non Sirigen - Immune Function (Flow Cytometry)
40142,BLS,BDB,Research Reagents,Research Core Sirigen,Sirigen - OptiBuild,Sirigen - OptiBuild (Flow Cytometry)
40146,BLS,BDB,Research Reagents,Research Core Cobalt,Cobalt YG OptiBuild,RY610 OptiBuild
40147,BLS,BDB,Research Reagents,Research Core Cobalt,Cobalt Blue MTS,RB670 MTS
40150,BLS,BDB,Research Reagents,Research Core Cobalt,Cobalt Blue OptiBuild,RB613 OptiBuild
40152,BLS,BDB,Research Reagents,Research Core Cobalt,Cobalt Blue MTS,RB780 MTS
40154,BLS,BDB,Research Reagents,Research Core Sirigen,Sirigen - Immune Function (Flow Cytometry),Sirigen - Immune Function (Flow Cytometry)
40161,BLS,BDB,Research Reagents,Research Core Sirigen,Sirigen - Immune Function (Flow Cytometry),Sirigen - Immune Function (Flow Cytometry)
40168,BLS,BDB,Research Reagents,Research Core Cobalt,Cobalt YG MTS,RY610 MTS
40172,BLS,BDB,Research Reagents,Research Core Sirigen,Sirigen - OptiBuild,Sirigen - OptiBuild (Flow Cytometry)
40176,BLS,BDB,Research Reagents,Research Core Cobalt,Cobalt Blue MTS,RB744 MTS
40180,BLS,BDB,Research Reagents,Research Core Cobalt,Cobalt YG MTS,RY610 MTS
40188,BLS,BDB,Research Reagents,Research Core Cobalt,Cobalt YG MTS,RY775 MTS
40190,BLS,BDB,Research Reagents,Research Core Cobalt,Cobalt YG MTS,RY775 MTS
40192,BLS,BDB,Research Reagents,Research Core Cobalt,Cobalt Blue OptiBuild,RB780 OptiBuild
40196,BLS,BDB,Research Reagents,Research Core Sirigen,Sirigen - OptiBuild,Sirigen - OptiBuild (Flow Cytometry)
40197,BLS,BDB,Research Reagents,Research Core Cobalt,Cobalt YG MTS,RY775 MTS
40198,BLS,BDB,Research Reagents,Research Core Non-Sirigen,Non Sirigen - Immune Function (Flow Cytometry),Non Sirigen - Immune Function (Flow Cytometry)
40200,BLS,BDB,Research Reagents,Research Core Cobalt,Cobalt YG OptiBuild,RY586 OptiBuild
40201,BLS,BDB,Research Reagents,Research Core Non-Sirigen,Non Sirigen - Immune Function (Flow Cytometry),Non Sirigen - Immune Function (Flow Cytometry)
40203,BLS,BDB,Research Reagents,Research Core Sirigen,Sirigen - Immune Function (Flow Cytometry),Sirigen - Immune Function (Flow Cytometry)
40204,BDI,UCC,Endourology,Stone Disposables,Dilation Products,Goodwin Sounds
40208,BLS,BDB,Research Reagents,Research Core Sirigen,Sirigen - OptiBuild,Sirigen - OptiBuild (Flow Cytometry)
40210,BLS,BDB,Research Reagents,Research Core Non-Sirigen,Non Sirigen - Immune Function (Flow Cytometry),Non Sirigen - Immune Function (Flow Cytometry)
40212,BLS,BDB,Research Reagents,Research Core Non-Sirigen,Non Sirigen - Immune Function (Flow Cytometry),Non Sirigen - Immune Function (Flow Cytometry)
40215,BLS,BDB,Research Reagents,Research Core Non-Sirigen,Non Sirigen - Immune Function (Flow Cytometry),Non Sirigen - Immune Function (Flow Cytometry)
40218,BLS,BDB,Research Reagents,Research Core Cobalt,Cobalt YG MTS,RY743 MTS
40220,BDI,PI,Peripheral Vascular Disease,PTA PVD,Ultraverse,Ultraverse RX
40221,BLS,BDB,Research Reagents,Research Core Cobalt,Cobalt Blue OptiBuild,RB670 OptiBuild
40226,BLS,BDB,Research Reagents,Research Core Non-Sirigen,Non Sirigen - Immune Function (Flow Cytometry),Non Sirigen - Immune Function (Flow Cytometry)
40232,BLS,BDB,Research Reagents,Research Core Cobalt,Cobalt Blue OptiBuild,RB613 OptiBuild
40240,BLS,BDB,Research Reagents,Research Core Cobalt,Cobalt YG MTS,RY775 MTS
40242,BLS,BDB,Research Reagents,Research Core Non-Sirigen,Non Sirigen - Immune Function (Flow Cytometry),Non Sirigen - Immune Function (Flow Cytometry)
40244,BLS,BDB,Research Reagents,Research Core Non-Sirigen,Non Sirigen - Immune Function (Flow Cytometry),Non Sirigen - Immune Function (Flow Cytometry)
40245,BLS,BDB,Research Reagents,Research Core Cobalt,Cobalt Blue MTS,RB613 MTS
40247,BLS,BDB,Research Reagents,Research Core Non-Sirigen,Non Sirigen - Immune Function (Flow Cytometry),Non Sirigen - Immune Function (Flow Cytometry)
40248,BLS,BDB,Research Reagents,Research Core Non-Sirigen,Non Sirigen - Immune Function (Flow Cytometry),Non Sirigen - Immune Function (Flow Cytometry)
40254,BLS,BDB,Research Reagents,Research Core Cobalt,Cobalt YG MTS,RY703 MTS
40256,BLS,BDB,Research Reagents,Research Core Cobalt,Cobalt YG MTS,RY703 MTS
40259,BLS,BDB,Research Reagents,Research Core Cobalt,Cobalt Blue OptiBuild,RB613 OptiBuild
40265,BLS,BDB,Research Reagents,Research Core Cobalt,Cobalt YG MTS,RY775 MTS
40267,BLS,BDB,Research Reagents,Research Core Cobalt,Cobalt YG MTS,RY775 MTS
40268,BLS,DS,Cancer,Cytology,All Other Instruments,FEA- Accessories
40269,BLS,BDB,Research Reagents,Research Core Non-Sirigen,Non Sirigen - Immune Function (Flow Cytometry),Non Sirigen - Immune Function (Flow Cytometry)
40272,BLS,BDB,Research Reagents,Research Core Sirigen,Sirigen - Immune Function (Flow Cytometry),Sirigen - Immune Function (Flow Cytometry)
40273,BLS,BDB,Research Reagents,Research Core Non-Sirigen,Non Sirigen - Immune Function (Flow Cytometry),Non Sirigen - Immune Function (Flow Cytometry)
40277,BDI,UCC,Total Home Care Sales,Urology Home Care,Home Care Non Bard,UK DAC Sales (Non Bard)
40282,BLS,BDB,Research Reagents,Research Core Non-Sirigen,Non Sirigen - Immune Function (Flow Cytometry),Non Sirigen - Immune Function (Flow Cytometry)
40293,BLS,BDB,Research Reagents,Research Core Cobalt,Cobalt YG MTS,RY586 MTS
40304,BLS,BDB,Research Reagents,Research Core Sirigen,Sirigen - Immune Function (Flow Cytometry),Sirigen - Immune Function (Flow Cytometry)
40305,BLS,BDB,Research Reagents,Research Core Non-Sirigen,Non Sirigen - Immune Function (Flow Cytometry),Non Sirigen - Immune Function (Flow Cytometry)
40306,BLS,BDB,Research Reagents,Research Core Cobalt,Cobalt YG MTS,RY775 MTS
40307,BLS,BDB,Research Instruments,Other Instrument Revenue (Research),Other Instrument Revenue (Research),Other Instrument Revenue (Research)
40312,BLS,BDB,Research Reagents,Research Core Sirigen,Sirigen - Immune Function (Flow Cytometry),Sirigen - Immune Function (Flow Cytometry)
40313,BLS,BDB,Clinical Reagents,Custom Clinical Reagents,Custom - CTT CM,CTT CM
40316,BLS,BDB,Research Reagents,Research Core Non-Sirigen,Non Sirigen - Immune Function (Flow Cytometry),Non Sirigen - Immune Function (Flow Cytometry)
40317,BLS,BDB,Research Reagents,Research Core Non-Sirigen,Non Sirigen - Immune Function (Flow Cytometry),Non Sirigen - Immune Function (Flow Cytometry)
40327,BLS,BDB,Research Reagents,Research Core Sirigen,Sirigen - OptiBuild,Sirigen - OptiBuild (Flow Cytometry)
40330,BLS,BDB,Research Reagents,Research Core Non-Sirigen,Non Sirigen - Immune Function (Flow Cytometry),Non Sirigen - Immune Function (Flow Cytometry)
40337,BLS,BDB,Research Reagents,Research Core Cobalt,Cobalt Blue OptiBuild,RB780 OptiBuild
40338,BLS,BDB,Research Reagents,Research Core Cobalt,Cobalt YG OptiBuild,RY703 OptiBuild
40339,BLS,BDB,Research Reagents,Research Core Cobalt,Cobalt YG OptiBuild,RY586 OptiBuild
40347,BDM,MMS,BD Nexus,Service,BD Nexus Service Parts,Spares SYP
40348,BLS,DS,Microbiology,Microbiology - PC Adjustment,Microbiology - PC Adjustment,Microbiology - PC Adjustment
40349,BDI,UCC,Endourology,Stone Disposables,Stents,Polyurethane Stents
40350,BLS,BDB,Research Reagents,Research Core Non-Sirigen,Non Sirigen - Immune Function (Flow Cytometry),Non Sirigen - Immune Function (Flow Cytometry)
40351,BDI,UCC,Endourology,Stone Disposables,Dilation Products,Phillips Follower
40352,BDI,UCC,Endourology,Stone Disposables,Dilation Products,Phillips Follower
40353,BDI,UCC,Endourology,Stone Disposables,Dilation Products,Phillips Follower
40354,BDI,UCC,Endourology,Stone Disposables,Dilation Products,Phillips Follower
40358,BLS,BDB,Clinical Reagents,Custom Clinical Reagents,Custom - CTT CM,CTT CM
40359,BLS,BDB,Clinical Reagents,Custom Clinical Reagents,Custom - CTT CM,CTT CM
40360,BLS,BDB,Clinical Reagents,Custom Clinical Reagents,Custom - CTT CM,CTT CM
40361,BLS,BDB,Clinical Reagents,Custom Clinical Reagents,Custom - CTT CM,CTT CM
40362,BLS,BDB,Clinical Reagents,Cytognos Reagents,Cytognos Other Reagents,Cytognos OTHER REAGENTS
40364,BLS,BDB,Clinical Reagents,Custom Clinical Reagents,Clinical Sirigen - CTT,Clinical Sirigen - CTT
40365,BLS,BDB,Clinical Reagents,Custom Clinical Reagents,Clinical Sirigen - CTT,Clinical Sirigen - CTT
40366,BLS,BDB,Clinical Reagents,Custom Clinical Reagents,Custom - CTT CM,CTT CM
40367,BLS,DS,Veritor Cov,Veritor Cov,Visual Read COV19 Antigen,Visual Read COV19 Antigen
40368,BLS,BDB,Clinical Reagents,Custom Clinical Reagents,Clinical Sirigen - CTT,Clinical Sirigen - CTT
40369,BLS,BDB,Clinical Reagents,Custom Clinical Reagents,Custom - CTT CM,CTT CM
40370,BLS,BDB,Clinical Reagents,Custom Clinical Reagents,Custom - CTT CM,CTT CM
40372,BLS,BDB,Clinical Reagents,Custom Clinical Reagents,Clinical Sirigen - CTT,Clinical Sirigen - CTT
40374,BLS,BDB,Clinical Reagents,Custom Clinical Reagents,Custom - CTT CM,CTT CM
40375,BLS,BDB,Clinical Reagents,Custom Clinical Reagents,Custom - CTT CM,CTT CM
40376,BLS,DS,Veritor Cov,Veritor Cov,Visual Read COV19 Antigen,Visual Read COV19 Antigen
40377,BLS,BDB,Clinical Reagents,Custom Clinical Reagents,Custom - CTT CM,CTT CM
40378,BLS,BDB,Clinical Reagents,Custom Clinical Reagents,Clinical Sirigen - CTT,Clinical Sirigen - CTT
40380,BLS,BDB,Clinical Reagents,Custom Clinical Reagents,Custom - CTT CM,CTT CM
40381,BLS,BDB,Clinical Reagents,Custom Clinical Reagents,Custom - CTT CM,CTT CM
40382,BLS,BDB,Clinical Reagents,Custom Clinical Reagents,Clinical Sirigen - CTT,Clinical Sirigen - CTT
40383,BLS,BDB,Clinical Reagents,Custom Clinical Reagents,Custom - CTT CM,CTT CM
40384,BDI,SUR,Hernia,Groin Hernia,Groin Open,Preshapes
40390,BDI,UCC,Total Home Care Sales,Urology Home Care,Home Care Non Bard,UK DAC Sales (Non Bard)
40392,BDI,UCC,Total Home Care Sales,Urology Home Care,Home Care Non Bard,UK DAC Sales (Non Bard)
40393,BDI,UCC,Total Home Care Sales,Urology Home Care,Home Care Non Bard,UK DAC Sales (Non Bard)
40394,BDI,UCC,Total Home Care Sales,Urology Home Care,Home Care Non Bard,UK DAC Sales (Non Bard)
40399,BLS,BDB,Research Instruments,Other Instrument Revenue (Research),Other Instrument Revenue (Research),Other Instrument Revenue (Research)
40401,BDM,MMS,BD Nexus,BD Nexus - PC Adjustment,BD Nexus - PC Adjustment,BD Nexus - PC Adjustment
40406,BDM,MMS,Alaris Plus,DI Inst,Alaris Plus Accessories - DI Inst,Stands
40407,BDM,MMS,Alaris Plus,DI Inst,Alaris Plus Accessories - DI Inst,Stands
40418,BLS,BDB,Research Instruments,LSR/Fortessa,LSR/Fortessa Options,LSR/Fortessa Options
40420,BLS,BDB,Research Instruments,Other Instrument Revenue (Research),Other Instrument Revenue (Research),Other Instrument Revenue (Research)
40425,BLS,DS,Molecular Diagnostics,ProbeTec/Viper,All Other BD Viper,Viper Ancillary Equipment
40428,BLS,DS,Informatics,Informatics,Epicenter,Epicenter Hardware
40438,BDI,PI,Oncology,Catheter Group,Chronic CVC Catheters,Catheter Accessories
40439,BDI,PI,Oncology,Biopsy Needles and Accessories,Core Needle Biopsy,Adjustments Biopsy
40451,BLS,BDB,Research Reagents,Custom Research Reagents,Cobalt - Customs,Cobalt - Customs
40452,BLS,BDB,Research Reagents,Custom Research Reagents,Sirigen - Customs,Sirigen - Customs
40462,BLS,BDB,Research Instruments,FACSAria,FACSAria Fusion Instrument,FACSAria Fusion Instrument
40467,BLS,BDB,Research Instruments,FACSymphony A1,FACSymphony A1 Instrument,FACSymphony A1 Instrument
40476,BLS,BDB,Research Instruments,FACSAria,FACSAria Options,FACSAria Options
40483,BLS,BDB,Research Instruments,FACSMelody,FACSMelody Options,FACSMelody Options
40497,BLS,BDB,Clinical Instruments,FACSLyric,FACSLyric Options,FACSLyric Options
40499,BLS,BDB,Single Cell Multiomics,SCM Reagents,BD Gene Expression Reagents,Custom Panels
40501,BLS,BDB,Research Reagents,Custom Research Reagents,Cobalt - Customs,Cobalt - Customs
40503,BLS,BDB,Research Reagents,Custom Research Reagents,Cobalt - Customs,Cobalt - Customs
40507,BLS,BDB,Research Reagents,Custom Research Reagents,Sirigen - Customs,Sirigen - Customs
40509,BLS,BDB,Research Reagents,Custom Research Reagents,Sirigen - High Parameter,Sirigen - High Parameter
40516,BLS,DS,Microbiology,Microbiology - PC Adjustment,Microbiology - PC Adjustment,Microbiology - PC Adjustment
40517,BLS,DS,Cancer,Cytology,Cancer - PC Adjustment,Cancer - PC Adjustment
40521,BDM,MMS,Alaris Plus,POC Systems,Alaris Plus Docking Station,AGW AUX-01
40528,BDM,MMS,Alaris Plus,POC Systems,Alaris Plus Docking Station,AGW BASE-02
40530,BLS,BDB,Research Instruments,Other Instrument Revenue (Research),Other Instrument Revenue (Research),Other Instrument Revenue (Research)
40531,BLS,DS,Molecular Diagnostics,ProbeTec/Viper,All Other BD Viper,Viper Ancillary Equipment
40532,BDI,PI,Oncology,Brachy,Brachy Equipment,Micro Tool Equipment
40537,BDI,PI,Oncology,Brachy,Brachy Equipment,Micro Tool Equipment
40540,BDI,PI,BD PI Other,OEM,Interventional OEM,Interventional OEM
40542,BLS,BDB,Single Cell Multiomics,SCM Reagents,BD Rhapsody Reagent Kits,BD Rhapsody Reagent Kits
40543,BLS,DS,Microbiology,ID/AST,BioTyper Reagents/Accessories,BioTyper Reagents/Accessories
40546,BDM,MMS,CME,POC Systems,CME Accessories,Infusion Accessories CME
40548,BDI,PI,Peripheral Vascular Disease,Stents PVD,E-Luminexx,E-Luminexx Biliary
40549,BLS,BDB,Research Instruments,Other Instrument Revenue (Research),Other Instrument Revenue (Research),Other Instrument Revenue (Research)
40550,BLS,DS,Cancer,Cytology,All Other Instruments,FEA- Accessories
40553,BLS,DS,Microbiology,Blood Culture,Blood Culture Other,Other Blood Culture
40558,BDI,PI,End Stage Kidney Disease,Stents and Stent Grafts ESKD,Fluency,Fluency
40561,BDI,PI,Peripheral Vascular Disease,Venous,Venovo,Venovo (LD Venous Stent)
40566,BLS,BDB,Clinical Reagents,Cancer Reagents,Cancer,CAN Single Color
40579,BLS,BDB,Research Reagents,Research Core Cobalt,Cobalt Blue OptiBuild,RB780 OptiBuild
40583,BLS,DS,Cancer,Cytology,All Other Instruments,FEA- Accessories
40591,BLS,SM,Lab Specimen Management,Lab Specimen Management - PC Adjustment,Lab Specimen Management - PC Adjustment,Lab Specimen Management - PC Adjustment
40598,BLS,BDB,Clinical Reagents,Cytognos Reagents,Cytognos Other Reagents,Cytognos OTHER REAGENTS
40602,BLS,BDB,Clinical Reagents,Cancer Reagents,Cancer,CAN Single Color
40610,BDI,PI,Peripheral Vascular Disease,Stents PVD,E-Luminexx,E-Luminexx Biliary
40612,BLS,BDB,Research Reagents,Research Core Sirigen,Sirigen - OptiBuild,Sirigen - OptiBuild (Flow Cytometry)
40613,BLS,BDB,Research Reagents,Research Core Sirigen,Sirigen - OptiBuild,Sirigen - OptiBuild (Flow Cytometry)
40618,BLS,BDB,Clinical Reagents,Cytognos Reagents,Cytognos Other Reagents,Cytognos OTHER REAGENTS
40627,BLS,BDB,Research Reagents,Research Core Sirigen,Sirigen - OptiBuild,Sirigen - OptiBuild (Flow Cytometry)
40629,BDI,SUR,Hernia,Ventral,Other Ventral Synthetic,Dulex
40643,BLS,BDB,Research Reagents,Research Core Sirigen,Sirigen - OptiBuild,Sirigen - OptiBuild (Flow Cytometry)
40645,BLS,BDB,Research Reagents,Research Core Sirigen,Sirigen - OptiBuild,Sirigen - OptiBuild (Flow Cytometry)
40666,BLS,BDB,Research Reagents,Research Core Sirigen,Sirigen - OptiBuild,Sirigen - OptiBuild (Flow Cytometry)
40671,BLS,BDB,Research Reagents,Research Core Sirigen,Sirigen - OptiBuild,Sirigen - OptiBuild (Flow Cytometry)
40674,BLS,BDB,Research Reagents,Research Core Sirigen,Sirigen - OptiBuild,Sirigen - OptiBuild (Flow Cytometry)
40683,BLS,BDB,Research Reagents,Research Core Sirigen,Sirigen - OptiBuild,Sirigen - OptiBuild (Flow Cytometry)
40685,BDI,PI,Peripheral Vascular Disease,Drug Coated Balloons PVD,Lutonix,Lutonix BTK
40690,BLS,BDB,Research Reagents,Research Non-Core,Non-Flow Cytometry - Assays,Non-Flow Cytometry - Assays
40697,BLS,BDB,Research Reagents,Research Core Sirigen,Sirigen - OptiBuild,Sirigen - OptiBuild (Flow Cytometry)
40702,BLS,BDB,Research Reagents,Research Core Sirigen,Sirigen - OptiBuild,Sirigen - OptiBuild (Flow Cytometry)
40706,BLS,BDB,Research Reagents,Research Core Sirigen,Sirigen - OptiBuild,Sirigen - OptiBuild (Flow Cytometry)
40707,BLS,DS,Microbiology,TB,TB Other,Growth Micro Othr TB
40709,BLS,BDB,Research Reagents,Research Core Sirigen,Sirigen - OptiBuild,Sirigen - OptiBuild (Flow Cytometry)
40710,BLS,BDB,Research Reagents,Research Core Sirigen,Sirigen - OptiBuild,Sirigen - OptiBuild (Flow Cytometry)
40711,BLS,BDB,Research Reagents,Research Core Sirigen,Sirigen - OptiBuild,Sirigen - OptiBuild (Flow Cytometry)
40713,BDI,PI,Peripheral Vascular Disease,Stents PVD,Lifestar,Lifestar
40717,BLS,BDB,Research Reagents,Research Core Sirigen,Sirigen - OptiBuild,Sirigen - OptiBuild (Flow Cytometry)
40718,BLS,BDB,Research Reagents,Research Core Sirigen,Sirigen - OptiBuild,Sirigen - OptiBuild (Flow Cytometry)
40719,BLS,BDB,Research Reagents,Research Core Sirigen,Sirigen - OptiBuild,Sirigen - OptiBuild (Flow Cytometry)
40720,BLS,BDB,Research Reagents,Research Core Sirigen,Sirigen - OptiBuild,Sirigen - OptiBuild (Flow Cytometry)
40723,BLS,BDB,Research Instruments,FACSymphony Analyzers,FACSymphony Other Options and Upgrades,FACSymphony Other Options and Upgrades
40726,BLS,BDB,Research Reagents,Research Core Sirigen,Sirigen - OptiBuild,Sirigen - OptiBuild (Flow Cytometry)
40731,BLS,BDB,Research Reagents,Research Core Sirigen,Sirigen - OptiBuild,Sirigen - OptiBuild (Flow Cytometry)
40732,BLS,BDB,Research Reagents,Research Non-Core,Non-Flow Cytometry - Assays,Non-Flow Cytometry - Assays
40733,BLS,BDB,Clinical Reagents,Cytognos Reagents,Cytognos Other Reagents,Cytognos OTHER REAGENTS
40735,BLS,BDB,Research Reagents,Research Core Sirigen,Sirigen - OptiBuild,Sirigen - OptiBuild (Flow Cytometry)
40737,BLS,BDB,Research Reagents,Research Core Sirigen,Sirigen - OptiBuild,Sirigen - OptiBuild (Flow Cytometry)
40741,BLS,BDB,Research Reagents,Research Core Sirigen,Sirigen - OptiBuild,Sirigen - OptiBuild (Flow Cytometry)
40750,BLS,BDB,Research Reagents,Research Core Sirigen,Sirigen - OptiBuild,Sirigen - OptiBuild (Flow Cytometry)
40762,BLS,BDB,Research Reagents,Research Core Sirigen,Sirigen - OptiBuild,Sirigen - OptiBuild (Flow Cytometry)
40768,BLS,BDB,Research Reagents,Research Core Sirigen,Sirigen - OptiBuild,Sirigen - OptiBuild (Flow Cytometry)
40771,BLS,BDB,Research Reagents,Research Core Sirigen,Sirigen - OptiBuild,Sirigen - OptiBuild (Flow Cytometry)
40773,BLS,BDB,Research Reagents,Research Core Sirigen,Sirigen - OptiBuild,Sirigen - OptiBuild (Flow Cytometry)
40787,BLS,BDB,Research Reagents,Research Core Sirigen,Sirigen - OptiBuild,Sirigen - OptiBuild (Flow Cytometry)
40788,BLS,BDB,Research Reagents,Research Core Sirigen,Sirigen - OptiBuild,Sirigen - OptiBuild (Flow Cytometry)
40790,BLS,BDB,Research Reagents,Research Core Cobalt,Cobalt YG OptiBuild,RY775 OptiBuild
40793,BLS,BDB,Research Reagents,Research Core Sirigen,Sirigen - OptiBuild,Sirigen - OptiBuild (Flow Cytometry)
40796,BLS,BDB,Research Reagents,Research Core Sirigen,Sirigen - OptiBuild,Sirigen - OptiBuild (Flow Cytometry)
40798,BLS,BDB,Research Reagents,Research Core Sirigen,Sirigen - OptiBuild,Sirigen - OptiBuild (Flow Cytometry)
40803,BLS,BDB,Research Reagents,Research Core Sirigen,Sirigen - OptiBuild,Sirigen - OptiBuild (Flow Cytometry)
40805,BLS,BDB,Research Reagents,Research Core Sirigen,Sirigen - OptiBuild,Sirigen - OptiBuild (Flow Cytometry)
40806,BLS,BDB,Research Reagents,Research Core Sirigen,Sirigen - OptiBuild,Sirigen - OptiBuild (Flow Cytometry)
40807,BLS,BDB,Research Reagents,Research Core Sirigen,Sirigen - OptiBuild,Sirigen - OptiBuild (Flow Cytometry)
40808,BLS,BDB,Research Reagents,Research Core Cobalt,Cobalt YG MTS,RY703 MTS
40812,BLS,BDB,Research Reagents,Research Core Sirigen,Sirigen - OptiBuild,Sirigen - OptiBuild (Flow Cytometry)
40822,BLS,BDB,Research Reagents,Research Non-Core,Non-Flow Cytometry - Assays,Non-Flow Cytometry - Assays
40824,BLS,BDB,Research Reagents,Research Core Cobalt,Cobalt YG OptiBuild,RY610 OptiBuild
40829,BLS,BDB,Research Reagents,Custom Research Reagents,Non Sirigen - CTT,Non Sirigen - CTT
40833,BLS,BDB,Research Reagents,Research Core Sirigen,Sirigen - OptiBuild,Sirigen - OptiBuild (Flow Cytometry)
40842,BLS,BDB,Research Reagents,Research Core Sirigen,Sirigen - OptiBuild,Sirigen - OptiBuild (Flow Cytometry)
40843,BLS,BDB,Research Reagents,Research Core Sirigen,Sirigen - OptiBuild,Sirigen - OptiBuild (Flow Cytometry)
40844,BLS,BDB,Research Reagents,Research Core Sirigen,Sirigen - OptiBuild,Sirigen - OptiBuild (Flow Cytometry)
40845,BLS,BDB,Research Reagents,Research Core Sirigen,Sirigen - OptiBuild,Sirigen - OptiBuild (Flow Cytometry)
40851,BLS,BDB,Research Reagents,Research Core Sirigen,Sirigen - Immune Function (Flow Cytometry),Sirigen - Immune Function (Flow Cytometry)
40855,BLS,BDB,Research Reagents,Research Core Cobalt,Cobalt Blue OptiBuild,RB670 OptiBuild
40857,BLS,BDB,Research Reagents,Research Core Cobalt,Cobalt Blue OptiBuild,RB670 OptiBuild
40860,BLS,BDB,Research Reagents,Research Core Cobalt,Cobalt Blue MTS,RB613 MTS
40861,BLS,BDB,Research Reagents,Research Core Cobalt,Cobalt Blue OptiBuild,RB613 OptiBuild
40863,BLS,BDB,Clinical Reagents,Cancer Reagents,Cancer,CAN Single Color
40865,BLS,BDB,Research Reagents,Research Core Cobalt,Cobalt Blue OptiBuild,RB613 OptiBuild
40868,BLS,BDB,Research Reagents,Research Core Cobalt,Cobalt Blue OptiBuild,RB780 OptiBuild
40874,BLS,BDB,Research Reagents,Research Core Sirigen,Sirigen - OptiBuild,Sirigen - OptiBuild (Flow Cytometry)
40875,BLS,BDB,Research Reagents,Research Core Sirigen,Sirigen - OptiBuild,Sirigen - OptiBuild (Flow Cytometry)
40877,BLS,BDB,Research Reagents,Research Core Cobalt,Cobalt YG OptiBuild,RY703 OptiBuild
40880,BLS,BDB,Research Reagents,Research Core Cobalt,Cobalt Blue OptiBuild,RB545 OptiBuild
40881,BLS,BDB,Research Reagents,Research Core Cobalt,Cobalt Blue OptiBuild,RB613 OptiBuild
40882,BLS,BDB,Research Reagents,Research Core Sirigen,Sirigen - OptiBuild,Sirigen - OptiBuild (Flow Cytometry)
40888,BLS,BDB,Research Reagents,Research Core Sirigen,Sirigen - OptiBuild,Sirigen - OptiBuild (Flow Cytometry)
40889,BLS,BDB,Research Reagents,Research Core Sirigen,Sirigen - OptiBuild,Sirigen - OptiBuild (Flow Cytometry)
40890,BLS,BDB,Research Reagents,Research Core Sirigen,Sirigen - OptiBuild,Sirigen - OptiBuild (Flow Cytometry)
40891,BLS,BDB,Research Reagents,Research Core Sirigen,Sirigen - OptiBuild,Sirigen - OptiBuild (Flow Cytometry)
40892,BLS,BDB,Research Reagents,Research Core Sirigen,Sirigen - OptiBuild,Sirigen - OptiBuild (Flow Cytometry)
40893,BLS,BDB,Research Reagents,Research Core Cobalt,Cobalt YG OptiBuild,RY703 OptiBuild
40894,BLS,BDB,Research Reagents,Research Non-Core,Non-Flow Cytometry - Assays,Non-Flow Cytometry - Assays
40899,BDI,PI,End Stage Kidney Disease,Chronic Dialysis Catheters,Chronic Dialysis,Glidepath Retrograde
40900,BLS,BDB,Research Reagents,Research Core Cobalt,Cobalt YG MTS,RY743 MTS
40901,BLS,BDB,Research Reagents,Research Core Sirigen,Sirigen - OptiBuild,Sirigen - OptiBuild (Flow Cytometry)
40903,BLS,BDB,Research Reagents,Research Core Sirigen,Sirigen - OptiBuild,Sirigen - OptiBuild (Flow Cytometry)
40905,BLS,BDB,Research Reagents,Research Core Cobalt,Cobalt YG OptiBuild,RY703 OptiBuild
40906,BLS,BDB,Research Reagents,Research Core Sirigen,Sirigen - OptiBuild,Sirigen - OptiBuild (Flow Cytometry)
40909,BLS,BDB,Research Reagents,Research Core Sirigen,Sirigen - OptiBuild,Sirigen - OptiBuild (Flow Cytometry)
40910,BLS,BDB,Research Reagents,Research Core Cobalt,Cobalt YG OptiBuild,RY610 OptiBuild
40913,BLS,BDB,Research Reagents,Research Core Cobalt,Cobalt Blue OptiBuild,RB545 OptiBuild
40916,BLS,BDB,Research Reagents,Research Core Cobalt,Cobalt Blue OptiBuild,RB545 OptiBuild
40917,BLS,BDB,Research Instruments,Other Instrument Revenue (Research),Other Instrument Revenue (Research),Other Instrument Revenue (Research)
40923,BLS,BDB,Research Reagents,Research Core Cobalt,Cobalt YG OptiBuild,RY775 OptiBuild
40927,BLS,BDB,Research Reagents,Research Core Sirigen,Sirigen - OptiBuild,Sirigen - OptiBuild (Flow Cytometry)
40940,BLS,BDB,Research Reagents,Research Core Sirigen,Sirigen - OptiBuild,Sirigen - OptiBuild (Flow Cytometry)
40943,BLS,BDB,Research Reagents,Research Core Non-Sirigen,Non-Sirigen - OptiBuild,Non Sirigen - Optibuild (Flow Cytometry)
40944,BLS,BDB,Research Reagents,Research Core Cobalt,Cobalt YG OptiBuild,RY610 OptiBuild
40945,BLS,BDB,Research Reagents,Research Core Sirigen,Sirigen - OptiBuild,Sirigen - OptiBuild (Flow Cytometry)
40946,BLS,BDB,Research Reagents,Research Core Sirigen,Sirigen - OptiBuild,Sirigen - OptiBuild (Flow Cytometry)
40948,BLS,BDB,Research Reagents,Research Core Sirigen,Sirigen - Immune Function (Flow Cytometry),Sirigen - Immune Function (Flow Cytometry)
40949,BLS,BDB,Research Reagents,Research Core Cobalt,Cobalt Blue OptiBuild,RB705 OptiBuild
40950,BLS,BDB,Research Reagents,Research Core Sirigen,Sirigen - OptiBuild,Sirigen - OptiBuild (Flow Cytometry)
40951,BLS,BDB,Research Reagents,Research Core Cobalt,Cobalt Blue OptiBuild,RB670 OptiBuild
40952,BLS,BDB,Research Reagents,Research Core Sirigen,Sirigen - OptiBuild,Sirigen - OptiBuild (Flow Cytometry)
40956,BLS,BDB,Research Reagents,Research Core Cobalt,Cobalt YG Support,Antibody Controls
40959,BLS,BDB,Research Reagents,Research Core Cobalt,Cobalt YG OptiBuild,RY610 OptiBuild
40960,BLS,BDB,Research Reagents,Research Core Sirigen,Sirigen - OptiBuild,Sirigen - OptiBuild (Flow Cytometry)
40962,BLS,BDB,Research Reagents,Research Core Sirigen,Sirigen - OptiBuild,Sirigen - OptiBuild (Flow Cytometry)
40967,BLS,BDB,Research Reagents,Research Core Sirigen,Sirigen - OptiBuild,Sirigen - OptiBuild (Flow Cytometry)
40968,BLS,BDB,Research Reagents,Research Core Sirigen,Sirigen - OptiBuild,Sirigen - OptiBuild (Flow Cytometry)
40973,BLS,BDB,Research Reagents,Research Core Sirigen,Sirigen - OptiBuild,Sirigen - OptiBuild (Flow Cytometry)
40974,BLS,BDB,Research Reagents,Research Core Cobalt,Cobalt Blue OptiBuild,RB670 OptiBuild
40977,BLS,BDB,Research Reagents,Research Core Cobalt,Cobalt YG OptiBuild,RY775 OptiBuild
40979,BLS,BDB,Research Reagents,Research Core Sirigen,Sirigen - OptiBuild,Sirigen - OptiBuild (Flow Cytometry)
40984,BLS,BDB,Research Reagents,Research Core Sirigen,Sirigen - OptiBuild,Sirigen - OptiBuild (Flow Cytometry)
40985,BLS,BDB,Research Reagents,Research Core Cobalt,Cobalt YG OptiBuild,RY775 OptiBuild
40990,BLS,BDB,Research Reagents,Research Core Sirigen,Sirigen - OptiBuild,Sirigen - OptiBuild (Flow Cytometry)
40991,BLS,BDB,Research Reagents,Research Core Cobalt,Cobalt Blue OptiBuild,RB670 OptiBuild
40996,BLS,BDB,Research Reagents,Research Core Cobalt,Cobalt Blue MTS,RB705 MTS
41005,BLS,BDB,Research Reagents,Research Core Cobalt,Cobalt YG OptiBuild,RY703 OptiBuild
41008,BLS,BDB,Research Reagents,Research Non-Core,Non-Flow Cytometry - Assays,Non-Flow Cytometry - Assays
41010,BLS,BDB,Research Reagents,Research Core Cobalt,Cobalt YG OptiBuild,RY703 OptiBuild
41012,BLS,BDB,Research Reagents,Research Core Cobalt,Cobalt YG OptiBuild,RY610 OptiBuild
41013,BLS,BDB,Research Reagents,Research Core Sirigen,Sirigen - OptiBuild,Sirigen - OptiBuild (Flow Cytometry)
41014,BLS,BDB,Research Reagents,Research Core Cobalt,Cobalt YG OptiBuild,RY703 OptiBuild
41016,BLS,BDB,Research Reagents,Research Core Cobalt,Cobalt YG OptiBuild,RY775 OptiBuild
41019,BLS,BDB,Single Cell Multiomics,SCM Reagents,BD AbSeq,BD AbSeq
41020,BLS,BDB,Single Cell Multiomics,SCM Reagents,BD AbSeq,BD AbSeq
41022,BLS,BDB,Research Reagents,Research Core Cobalt,Cobalt YG OptiBuild,RY775 OptiBuild
41023,BLS,BDB,Research Reagents,Research Core Cobalt,Cobalt YG OptiBuild,RY703 OptiBuild
41026,BLS,BDB,Research Reagents,Research Core Sirigen,Sirigen - OptiBuild,Sirigen - OptiBuild (Flow Cytometry)
41030,BLS,BDB,Research Reagents,Research Core Cobalt,Cobalt YG OptiBuild,RY610 OptiBuild
41031,BLS,BDB,Research Reagents,Research Core Non-Sirigen,Non Sirigen - Immune Function (Flow Cytometry),Non Sirigen - Immune Function (Flow Cytometry)
41040,BLS,BDB,Research Reagents,Research Core Sirigen,Sirigen - OptiBuild,Sirigen - OptiBuild (Flow Cytometry)
41042,BLS,BDB,Research Reagents,Research Core Cobalt,Cobalt YG OptiBuild,RY703 OptiBuild
41055,BLS,BDB,Research Reagents,Research Core Cobalt,Cobalt YG MTS,RY775 MTS
41061,BLS,BDB,Research Reagents,Research Core Sirigen,Sirigen - OptiBuild,Sirigen - OptiBuild (Flow Cytometry)
41062,BLS,BDB,Research Reagents,Research Core Cobalt,Cobalt Blue OptiBuild,RB670 OptiBuild
41063,BLS,BDB,Research Reagents,Research Core Sirigen,Sirigen - OptiBuild,Sirigen - OptiBuild (Flow Cytometry)
41064,BLS,BDB,Research Reagents,Research Core Cobalt,Cobalt Blue OptiBuild,RB670 OptiBuild
41067,BLS,BDB,Research Reagents,Research Core Sirigen,Sirigen - OptiBuild,Sirigen - OptiBuild (Flow Cytometry)
41069,BLS,BDB,Research Reagents,Research Core Cobalt,Cobalt YG OptiBuild,RY703 OptiBuild
41073,BLS,BDB,Research Reagents,Research Core Cobalt,Cobalt Blue OptiBuild,RB670 OptiBuild
41076,BLS,BDB,Research Reagents,Research Core Sirigen,Sirigen - OptiBuild,Sirigen - OptiBuild (Flow Cytometry)
41077,BLS,BDB,Research Reagents,Research Core Sirigen,Sirigen - OptiBuild,Sirigen - OptiBuild (Flow Cytometry)
41079,BLS,BDB,Research Reagents,Research Core Cobalt,Cobalt Blue OptiBuild,RB613 OptiBuild
41082,BLS,DS,Microbiology,Microbiology - PC Adjustment,Microbiology - PC Adjustment,Microbiology - PC Adjustment
41083,BLS,BDB,Research Reagents,Research Core Cobalt,Cobalt Blue OptiBuild,RB670 OptiBuild
41086,BLS,BDB,Research Reagents,Research Core Sirigen,Sirigen - OptiBuild,Sirigen - OptiBuild (Flow Cytometry)
41088,BLS,BDB,Research Reagents,Research Core Cobalt,Cobalt YG OptiBuild,RY610 OptiBuild
41089,BLS,BDB,Research Reagents,Research Core Sirigen,Sirigen - OptiBuild,Sirigen - OptiBuild (Flow Cytometry)
41091,BLS,BDB,Research Reagents,Research Core Cobalt,Cobalt YG OptiBuild,RY703 OptiBuild
41092,BLS,BDB,Research Reagents,Research Core Non-Sirigen,Non Sirigen - Immune Function (Flow Cytometry),Non Sirigen - Immune Function (Flow Cytometry)
41099,BLS,BDB,Research Reagents,Research Core Sirigen,Sirigen - OptiBuild,Sirigen - OptiBuild (Flow Cytometry)
41101,BLS,BDB,Research Reagents,Research Core Sirigen,Sirigen - OptiBuild,Sirigen - OptiBuild (Flow Cytometry)
41108,BLS,BDB,Research Reagents,Research Core Sirigen,Sirigen - OptiBuild,Sirigen - OptiBuild (Flow Cytometry)
41110,BLS,BDB,Research Reagents,Research Core Cobalt,Cobalt YG OptiBuild,RY703 OptiBuild
41112,BLS,BDB,Research Reagents,Research Core Sirigen,Sirigen - OptiBuild,Sirigen - OptiBuild (Flow Cytometry)
41113,BLS,BDB,Research Reagents,Research Core Cobalt,Cobalt Blue OptiBuild,RB613 OptiBuild
41114,BLS,BDB,Research Reagents,Research Core Cobalt,Cobalt Blue MTS,RB613 MTS
41115,BLS,BDB,Research Reagents,Research Core Cobalt,Cobalt Blue OptiBuild,RB545 OptiBuild
41116,BLS,BDB,Research Reagents,Research Core Cobalt,Cobalt YG OptiBuild,RY610 OptiBuild
41117,BLS,BDB,Research Reagents,Research Core Cobalt,Cobalt Blue OptiBuild,RB545 OptiBuild
41118,BLS,BDB,Research Reagents,Research Core Cobalt,Cobalt YG OptiBuild,RY655 OptiBuild
41119,BLS,BDB,Research Reagents,Research Core Cobalt,Cobalt YG OptiBuild,RY775 OptiBuild
41120,BLS,BDB,Research Reagents,Research Core Sirigen,Sirigen - Immune Function (Flow Cytometry),Sirigen - Immune Function (Flow Cytometry)
41121,BLS,BDB,Research Reagents,Research Core Sirigen,Sirigen - OptiBuild,Sirigen - OptiBuild (Flow Cytometry)
41122,BLS,BDB,Research Reagents,Research Core Cobalt,Cobalt Blue OptiBuild,RB670 OptiBuild
41123,BLS,BDB,Research Reagents,Research Core Cobalt,Cobalt Blue OptiBuild,RB670 OptiBuild
41128,BLS,BDB,Research Reagents,Research Core Cobalt,Cobalt Blue OptiBuild,RB705 OptiBuild
41131,BLS,BDB,Research Reagents,Research Core Cobalt,Cobalt YG OptiBuild,RY775 OptiBuild
41132,BLS,BDB,Research Reagents,Research Core Sirigen,Sirigen - OptiBuild,Sirigen - OptiBuild (Flow Cytometry)
41134,BLS,BDB,Research Reagents,Research Core Sirigen,Sirigen - OptiBuild,Sirigen - OptiBuild (Flow Cytometry)
41138,BLS,BDB,Research Reagents,Research Core Sirigen,Sirigen - OptiBuild,Sirigen - OptiBuild (Flow Cytometry)
41141,BLS,BDB,Research Reagents,Research Core Cobalt,Cobalt YG OptiBuild,RY775 OptiBuild
41142,BLS,BDB,Research Reagents,Research Core Sirigen,Sirigen - OptiBuild,Sirigen - OptiBuild (Flow Cytometry)
41148,BLS,BDB,Research Reagents,Research Core Cobalt,Cobalt Blue OptiBuild,RB613 OptiBuild
41149,BLS,BDB,Research Reagents,Research Core Cobalt,Cobalt YG OptiBuild,RY610 OptiBuild
41154,BLS,BDB,Research Reagents,Research Core Cobalt,Cobalt YG OptiBuild,RY586 OptiBuild
41156,BLS,BDB,Research Reagents,Research Core Cobalt,Cobalt YG OptiBuild,RY775 OptiBuild
41158,BLS,BDB,Research Reagents,Research Core Sirigen,Sirigen - OptiBuild,Sirigen - OptiBuild (Flow Cytometry)
41160,BLS,BDB,Research Reagents,Research Core Non-Sirigen,Non Sirigen - Immune Function (Flow Cytometry),Non Sirigen - Immune Function (Flow Cytometry)
41165,BLS,BDB,Research Reagents,Research Core Cobalt,Cobalt Blue OptiBuild,RB744 OptiBuild
41175,BLS,BDB,Research Reagents,Research Core Cobalt,Cobalt Blue OptiBuild,RB613 OptiBuild
41177,BLS,BDB,Research Reagents,Research Core Sirigen,Sirigen - OptiBuild,Sirigen - OptiBuild (Flow Cytometry)
41182,BLS,BDB,Research Reagents,Research Core Cobalt,Cobalt Blue OptiBuild,RB670 OptiBuild
41184,BLS,BDB,Research Reagents,Research Core Sirigen,Sirigen - OptiBuild,Sirigen - OptiBuild (Flow Cytometry)
41185,BLS,BDB,Research Reagents,Research Core Sirigen,Sirigen - OptiBuild,Sirigen - OptiBuild (Flow Cytometry)
41189,BLS,BDB,Research Reagents,Research Core Sirigen,Sirigen - OptiBuild,Sirigen - OptiBuild (Flow Cytometry)
41190,BLS,BDB,Research Reagents,Research Core Sirigen,Sirigen - OptiBuild,Sirigen - OptiBuild (Flow Cytometry)
41191,BLS,BDB,Research Reagents,Research Core Sirigen,Sirigen - OptiBuild,Sirigen - OptiBuild (Flow Cytometry)
41192,BLS,BDB,Research Reagents,Research Core Sirigen,Sirigen - OptiBuild,Sirigen - OptiBuild (Flow Cytometry)
41194,BLS,BDB,Research Reagents,Research Core Sirigen,Sirigen - OptiBuild,Sirigen - OptiBuild (Flow Cytometry)
41195,BLS,BDB,Research Reagents,Research Core Sirigen,Sirigen - OptiBuild,Sirigen - OptiBuild (Flow Cytometry)
41198,BLS,BDB,Research Reagents,Research Non-Core,Non-Flow Cytometry - Assays,Non-Flow Cytometry - Assays
41199,BLS,BDB,Research Reagents,Research Core Cobalt,Cobalt YG OptiBuild,RY610 OptiBuild
41200,BLS,BDB,Research Reagents,Research Core Sirigen,Sirigen - OptiBuild,Sirigen - OptiBuild (Flow Cytometry)
41202,BLS,BDB,Research Reagents,Research Core Cobalt,Cobalt YG OptiBuild,RY610 OptiBuild
41203,BLS,BDB,Research Reagents,Research Core Cobalt,Cobalt Blue OptiBuild,RB705 OptiBuild
41204,BLS,BDB,Research Reagents,Research Core Cobalt,Cobalt YG OptiBuild,RY703 OptiBuild
41206,BLS,BDB,Research Reagents,Research Core Sirigen,Sirigen - OptiBuild,Sirigen - OptiBuild (Flow Cytometry)
41207,BLS,BDB,Research Reagents,Research Core Cobalt,Cobalt YG MTS,RY775 MTS
41208,BLS,BDB,Research Reagents,Research Core Sirigen,Sirigen - OptiBuild,Sirigen - OptiBuild (Flow Cytometry)
41212,BLS,BDB,Research Reagents,Research Core Cobalt,Cobalt Blue OptiBuild,RB780 OptiBuild
41218,BLS,BDB,Research Reagents,Research Core Cobalt,Cobalt YG OptiBuild,RY775 OptiBuild
41221,BLS,BDB,Research Reagents,Research Core Sirigen,Sirigen - Immune Function (Flow Cytometry),Sirigen - Immune Function (Flow Cytometry)
41227,BLS,BDB,Research Reagents,Research Core Cobalt,Cobalt Blue OptiBuild,RB613 OptiBuild
41228,BLS,BDB,Research Reagents,Research Core Sirigen,Sirigen - OptiBuild,Sirigen - OptiBuild (Flow Cytometry)
41230,BLS,BDB,Research Reagents,Research Core Non-Sirigen,Non-Sirigen - OptiBuild,Non Sirigen - Optibuild (Flow Cytometry)
41232,BLS,BDB,Research Reagents,Research Core Cobalt,Cobalt Blue OptiBuild,RB545 OptiBuild
41239,BLS,BDB,Research Reagents,Research Core Sirigen,Sirigen - OptiBuild,Sirigen - OptiBuild (Flow Cytometry)
41240,BLS,BDB,Research Reagents,Research Core Cobalt,Cobalt YG OptiBuild,RY703 OptiBuild
41241,BLS,BDB,Research Reagents,Research Core Cobalt,Cobalt Blue OptiBuild,RB670 OptiBuild
41242,BLS,BDB,Research Reagents,Research Core Cobalt,Cobalt Blue OptiBuild,RB670 OptiBuild
41244,BLS,BDB,Research Reagents,Research Core Cobalt,Cobalt YG OptiBuild,RY703 OptiBuild
41246,BDI,PI,Peripheral Vascular Disease,Stents PVD,Lifestar,Lifestar
41248,BLS,BDB,Research Reagents,Research Core Sirigen,Sirigen - OptiBuild,Sirigen - OptiBuild (Flow Cytometry)
41253,BLS,BDB,Research Reagents,Research Core Cobalt,Cobalt Blue OptiBuild,RB613 OptiBuild
41255,BLS,BDB,Research Reagents,Research Core Cobalt,Cobalt Blue OptiBuild,RB670 OptiBuild
41256,BLS,BDB,Research Reagents,Research Core Cobalt,Cobalt Blue OptiBuild,RB613 OptiBuild
41265,BLS,BDB,Research Reagents,Research Core Cobalt,Cobalt Blue OptiBuild,RB545 OptiBuild
41277,BLS,BDB,Research Reagents,Research Core Cobalt,Cobalt Blue OptiBuild,RB780 OptiBuild
41278,BLS,BDB,Research Reagents,Research Core Sirigen,Sirigen - OptiBuild,Sirigen - OptiBuild (Flow Cytometry)
41279,BLS,BDB,Research Reagents,Research Core Cobalt,Cobalt YG OptiBuild,RY775 OptiBuild
41280,BLS,BDB,Research Reagents,Research Core Sirigen,Sirigen - OptiBuild,Sirigen - OptiBuild (Flow Cytometry)
41283,BLS,BDB,Research Reagents,Research Core Cobalt,Cobalt YG OptiBuild,RY610 OptiBuild
41290,BLS,BDB,Research Reagents,Research Core Cobalt,Cobalt Blue OptiBuild,RB744 OptiBuild
41291,BLS,BDB,Research Reagents,Research Core Cobalt,Cobalt YG OptiBuild,RY610 OptiBuild
41297,BLS,BDB,Research Reagents,Research Core Cobalt,Cobalt YG OptiBuild,RY703 OptiBuild
41299,BLS,BDB,Research Reagents,Research Non-Core,Non-Flow Cytometry - Assays,Non-Flow Cytometry - Assays
41301,BLS,BDB,Research Reagents,Research Core Sirigen,Sirigen - Immune Function (Flow Cytometry),Sirigen - Immune Function (Flow Cytometry)
41303,BLS,BDB,Research Reagents,Research Core Cobalt,Cobalt Blue OptiBuild,RB613 OptiBuild
41304,BLS,BDB,Research Reagents,Research Core Sirigen,Sirigen - OptiBuild,Sirigen - OptiBuild (Flow Cytometry)
41306,BLS,BDB,Research Reagents,Research Core Cobalt,Cobalt Blue OptiBuild,RB670 OptiBuild
41307,BLS,BDB,Research Reagents,Research Core Cobalt,Cobalt YG OptiBuild,RY775 OptiBuild
41308,BLS,BDB,Research Reagents,Research Core Sirigen,Sirigen - OptiBuild,Sirigen - OptiBuild (Flow Cytometry)
41311,BLS,BDB,Research Reagents,Research Core Cobalt,Cobalt Blue OptiBuild,RB613 OptiBuild
41312,BLS,BDB,Research Reagents,Research Core Cobalt,Cobalt Blue OptiBuild,RB545 OptiBuild
41313,BLS,BDB,Research Reagents,Research Core Sirigen,Sirigen - OptiBuild,Sirigen - OptiBuild (Flow Cytometry)
41316,BLS,BDB,Research Reagents,Research Core Sirigen,Sirigen - OptiBuild,Sirigen - OptiBuild (Flow Cytometry)
41317,BLS,BDB,Research Reagents,Research Core Sirigen,Sirigen - OptiBuild,Sirigen - OptiBuild (Flow Cytometry)
41319,BLS,BDB,Research Reagents,Research Core Cobalt,Cobalt Blue OptiBuild,RB670 OptiBuild
41323,BLS,BDB,Research Reagents,Research Core Cobalt,Cobalt Blue OptiBuild,RB613 OptiBuild
41324,BLS,BDB,Research Reagents,Research Core Cobalt,Cobalt Blue OptiBuild,RB670 OptiBuild
41325,BLS,BDB,Research Reagents,Research Core Sirigen,Sirigen - OptiBuild,Sirigen - OptiBuild (Flow Cytometry)
41326,BLS,BDB,Research Reagents,Research Core Sirigen,Sirigen - OptiBuild,Sirigen - OptiBuild (Flow Cytometry)
41327,BLS,BDB,Research Reagents,Research Core Cobalt,Cobalt Blue OptiBuild,RB613 OptiBuild
41328,BLS,BDB,Research Reagents,Research Core Cobalt,Cobalt Blue OptiBuild,RB705 OptiBuild
41329,BLS,BDB,Research Reagents,Research Core Cobalt,Cobalt Blue OptiBuild,RB545 OptiBuild
41330,BLS,BDB,Research Reagents,Research Core Sirigen,Sirigen - OptiBuild,Sirigen - OptiBuild (Flow Cytometry)
41332,BLS,BDB,Research Reagents,Research Core Cobalt,Cobalt YG OptiBuild,RY610 OptiBuild
41333,BLS,BDB,Research Reagents,Research Core Cobalt,Cobalt YG OptiBuild,RY610 OptiBuild
41334,BLS,BDB,Research Reagents,Research Core Cobalt,Cobalt Blue OptiBuild,RB744 OptiBuild
41341,BLS,BDB,Research Reagents,Research Core Sirigen,Sirigen - OptiBuild,Sirigen - OptiBuild (Flow Cytometry)
41342,BLS,BDB,Research Reagents,Research Core Sirigen,Sirigen - OptiBuild,Sirigen - OptiBuild (Flow Cytometry)
41343,BLS,BDB,Research Reagents,Research Core Cobalt,Cobalt YG OptiBuild,RY703 OptiBuild
41344,BLS,BDB,Research Reagents,Research Core Sirigen,Sirigen - Immune Function (Flow Cytometry),Sirigen - Immune Function (Flow Cytometry)
41345,BLS,BDB,Research Reagents,Research Core Cobalt,Cobalt YG OptiBuild,RY703 OptiBuild
41349,BLS,BDB,Research Reagents,Research Core Sirigen,Sirigen - OptiBuild,Sirigen - OptiBuild (Flow Cytometry)
41351,BLS,BDB,Research Reagents,Research Core Cobalt,Cobalt YG OptiBuild,RY610 OptiBuild
41352,BLS,BDB,Research Reagents,Research Core Cobalt,Cobalt Blue OptiBuild,RB705 OptiBuild
41354,BLS,BDB,Research Reagents,Research Core Cobalt,Cobalt Blue OptiBuild,RB613 OptiBuild
41355,BLS,BDB,Research Reagents,Research Core Sirigen,Sirigen - OptiBuild,Sirigen - OptiBuild (Flow Cytometry)
41357,BLS,BDB,Research Reagents,Research Core Cobalt,Cobalt Blue OptiBuild,RB613 OptiBuild
41358,BLS,BDB,Research Reagents,Research Core Sirigen,Sirigen - OptiBuild,Sirigen - OptiBuild (Flow Cytometry)
41359,BLS,BDB,Research Reagents,Research Core Cobalt,Cobalt Blue OptiBuild,RB744 OptiBuild
41361,BLS,BDB,Research Reagents,Research Core Cobalt,Cobalt Blue OptiBuild,RB613 OptiBuild
41365,BLS,BDB,Research Reagents,Research Core Sirigen,Sirigen - OptiBuild,Sirigen - OptiBuild (Flow Cytometry)
41367,BLS,BDB,Research Reagents,Research Core Cobalt,Cobalt YG OptiBuild,RY610 OptiBuild
41370,BLS,BDB,Research Reagents,Research Core Cobalt,Cobalt YG MTS,RY703 MTS
41371,BLS,BDB,Research Reagents,Research Core Cobalt,Cobalt YG OptiBuild,RY610 OptiBuild
41374,BLS,BDB,Research Reagents,Research Core Cobalt,Cobalt Blue OptiBuild,RB545 OptiBuild
41375,BLS,BDB,Research Reagents,Research Core Cobalt,Cobalt Blue OptiBuild,RB744 OptiBuild
41377,BLS,BDB,Research Reagents,Research Core Cobalt,Cobalt Blue OptiBuild,RB744 OptiBuild
41380,BLS,BDB,Research Reagents,Research Core Cobalt,Cobalt Blue OptiBuild,RB613 OptiBuild
41382,BLS,BDB,Research Reagents,Research Core Sirigen,Sirigen - Immune Function (Flow Cytometry),Sirigen - Immune Function (Flow Cytometry)
41383,BLS,BDB,Research Reagents,Research Core Sirigen,Sirigen - OptiBuild,Sirigen - OptiBuild (Flow Cytometry)
41384,BLS,BDB,Research Reagents,Research Core Cobalt,Cobalt Red MTS,RR688 MTS
41389,BLS,BDB,Research Reagents,Research Core Non-Sirigen,Non-Sirigen - OptiBuild,Non Sirigen - Optibuild (Flow Cytometry)
41391,BLS,BDB,Research Reagents,Research Core Cobalt,Cobalt Blue OptiBuild,RB613 OptiBuild
41392,BLS,BDB,Research Reagents,Research Core Sirigen,Sirigen - OptiBuild,Sirigen - OptiBuild (Flow Cytometry)
41397,BLS,BDB,Research Reagents,Research Core Cobalt,Cobalt YG OptiBuild,RY775 OptiBuild
41398,BLS,BDB,Research Reagents,Research Core Cobalt,Cobalt YG OptiBuild,RY703 OptiBuild
41402,BLS,BDB,Research Reagents,Research Core Cobalt,Cobalt Blue OptiBuild,RB705 OptiBuild
41403,BLS,BDB,Research Reagents,Research Core Cobalt,Cobalt YG OptiBuild,RY610 OptiBuild
41405,BLS,BDB,Research Reagents,Research Core Cobalt,Cobalt YG OptiBuild,RY775 OptiBuild
41406,BLS,BDB,Research Reagents,Research Core Cobalt,Cobalt Blue OptiBuild,RB670 OptiBuild
41412,BLS,BDB,Research Reagents,Research Core Cobalt,Cobalt YG OptiBuild,RY703 OptiBuild
41413,BLS,BDB,Research Reagents,Research Core Cobalt,Cobalt YG OptiBuild,RY586 OptiBuild
41414,BLS,BDB,Research Reagents,Research Core Cobalt,Cobalt YG OptiBuild,RY703 OptiBuild
41415,BLS,BDB,Research Reagents,Research Core Cobalt,Cobalt YG OptiBuild,RY703 OptiBuild
41416,BLS,BDB,Research Reagents,Research Core Sirigen,Sirigen - OptiBuild,Sirigen - OptiBuild (Flow Cytometry)
41419,BLS,BDB,Research Reagents,Research Core Cobalt,Cobalt YG OptiBuild,RY775 OptiBuild
41421,BLS,BDB,Research Reagents,Research Core Non-Sirigen,Non Sirigen - Immune Function (Flow Cytometry),Non Sirigen - Immune Function (Flow Cytometry)
41427,BLS,BDB,Research Reagents,Research Non-Core,Non-Flow Cytometry - Assays,Non-Flow Cytometry - Assays
41429,BLS,BDB,Research Reagents,Research Core Cobalt,Cobalt Blue OptiBuild,RB545 OptiBuild
41433,BLS,BDB,Research Reagents,Research Core Cobalt,Cobalt YG OptiBuild,RY703 OptiBuild
41434,BLS,BDB,Research Reagents,Research Core Cobalt,Cobalt Blue OptiBuild,RB744 OptiBuild
41436,BLS,BDB,Research Reagents,Research Core Cobalt,Cobalt YG OptiBuild,RY703 OptiBuild
41437,BLS,BDB,Research Reagents,Research Core Cobalt,Cobalt YG OptiBuild,RY775 OptiBuild
41440,BLS,BDB,Research Reagents,Research Core Cobalt,Cobalt YG OptiBuild,RY703 OptiBuild
41442,BLS,BDB,Research Reagents,Research Core Cobalt,Cobalt Blue OptiBuild,RB670 OptiBuild
41447,BLS,BDB,Research Reagents,Research Core Sirigen,Sirigen - OptiBuild,Sirigen - OptiBuild (Flow Cytometry)
41448,BLS,BDB,Research Reagents,Research Core Sirigen,Sirigen - OptiBuild,Sirigen - OptiBuild (Flow Cytometry)
41450,BLS,BDB,Research Reagents,Research Core Cobalt,Cobalt Blue OptiBuild,RB613 OptiBuild
41454,BLS,BDB,Research Reagents,Research Core Sirigen,Sirigen - OptiBuild,Sirigen - OptiBuild (Flow Cytometry)
41456,BLS,BDB,Research Reagents,Research Core Cobalt,Cobalt YG OptiBuild,RY775 OptiBuild
41457,BLS,BDB,Research Reagents,Research Core Cobalt,Cobalt YG OptiBuild,RY610 OptiBuild
41459,BLS,BDB,Clinical Reagents,Cytognos Reagents,Cytognos Other Reagents,Cytognos OTHER REAGENTS
41461,BLS,BDB,Research Reagents,Research Core Cobalt,Cobalt Blue OptiBuild,RB670 OptiBuild
41462,BLS,BDB,Research Reagents,Research Core Cobalt,Cobalt YG OptiBuild,RY775 OptiBuild
41463,BLS,BDB,Research Reagents,Research Core Cobalt,Cobalt YG OptiBuild,RY610 OptiBuild
41465,BLS,BDB,Research Reagents,Research Core Cobalt,Cobalt Blue OptiBuild,RB613 OptiBuild
41477,BLS,BDB,Research Reagents,Research Core Sirigen,Sirigen - OptiBuild,Sirigen - OptiBuild (Flow Cytometry)
41479,BLS,BDB,Research Reagents,Research Core Cobalt,Cobalt YG OptiBuild,RY775 OptiBuild
41480,BLS,BDB,Research Reagents,Research Core Sirigen,Sirigen - OptiBuild,Sirigen - OptiBuild (Flow Cytometry)
41483,BLS,BDB,Research Reagents,Research Core Cobalt,Cobalt YG MTS,RY743 MTS
41484,BLS,BDB,Research Reagents,Research Core Cobalt,Cobalt YG Support,Antibody Controls
41489,BLS,BDB,Research Reagents,Research Core Cobalt,Cobalt Blue OptiBuild,RB670 OptiBuild
41490,BLS,BDB,Research Reagents,Research Core Cobalt,Cobalt Blue OptiBuild,RB705 OptiBuild
41493,BLS,BDB,Research Reagents,Research Core Cobalt,Cobalt YG Support,Antibody Controls
41494,BLS,BDB,Research Reagents,Research Core Sirigen,Sirigen - OptiBuild,Sirigen - OptiBuild (Flow Cytometry)
41496,BLS,BDB,Research Reagents,Research Core Cobalt,Cobalt Blue OptiBuild,RB744 OptiBuild
41498,BLS,BDB,Research Reagents,Research Core Cobalt,Cobalt YG MTS,RY743 MTS
41503,BLS,BDB,Research Reagents,Research Core Sirigen,Sirigen - OptiBuild,Sirigen - OptiBuild (Flow Cytometry)
41504,BLS,BDB,Research Reagents,Research Core Sirigen,Sirigen - OptiBuild,Sirigen - OptiBuild (Flow Cytometry)
41505,BLS,BDB,Research Reagents,Research Core Sirigen,Sirigen - OptiBuild,Sirigen - OptiBuild (Flow Cytometry)
41513,BLS,BDB,Research Reagents,Research Core Sirigen,Sirigen - OptiBuild,Sirigen - OptiBuild (Flow Cytometry)
41515,BLS,BDB,Research Reagents,Research Core Sirigen,Sirigen - OptiBuild,Sirigen - OptiBuild (Flow Cytometry)
41516,BLS,BDB,Research Reagents,Research Core Cobalt,Cobalt YG OptiBuild,RY703 OptiBuild
41517,BLS,BDB,Research Reagents,Research Core Cobalt,Cobalt YG OptiBuild,RY775 OptiBuild
41522,BLS,BDB,Research Reagents,Research Core Cobalt,Cobalt Blue OptiBuild,RB705 OptiBuild
41524,BLS,BDB,Research Reagents,Research Core Sirigen,Sirigen - OptiBuild,Sirigen - OptiBuild (Flow Cytometry)
41527,BLS,BDB,Research Reagents,Research Core Cobalt,Cobalt Blue OptiBuild,RB705 OptiBuild
41539,BLS,BDB,Research Reagents,Research Core Sirigen,Sirigen - OptiBuild,Sirigen - OptiBuild (Flow Cytometry)
41542,BLS,BDB,Research Reagents,Research Core Cobalt,Cobalt Blue OptiBuild,RB613 OptiBuild
41543,BLS,BDB,Research Reagents,Research Core Cobalt,Cobalt Blue OptiBuild,RB744 OptiBuild
41544,BLS,BDB,Research Reagents,Research Core Cobalt,Cobalt YG OptiBuild,RY703 OptiBuild
41549,BLS,BDB,Research Reagents,Research Core Cobalt,Cobalt YG OptiBuild,RY703 OptiBuild
41553,BLS,BDB,Research Reagents,Research Core Cobalt,Cobalt Blue OptiBuild,RB613 OptiBuild
41555,BLS,BDB,Research Reagents,Research Core Sirigen,Sirigen - OptiBuild,Sirigen - OptiBuild (Flow Cytometry)
41557,BLS,BDB,Research Reagents,Research Core Sirigen,Sirigen - OptiBuild,Sirigen - OptiBuild (Flow Cytometry)
41558,BLS,BDB,Research Reagents,Research Core Cobalt,Cobalt YG OptiBuild,RY610 OptiBuild
41559,BLS,BDB,Research Reagents,Research Core Cobalt,Cobalt YG OptiBuild,RY586 OptiBuild
41563,BLS,BDB,Research Reagents,Research Core Sirigen,Sirigen - OptiBuild,Sirigen - OptiBuild (Flow Cytometry)
41565,BLS,BDB,Research Reagents,Research Core Cobalt,Cobalt Blue OptiBuild,RB670 OptiBuild
41568,BLS,BDB,Research Reagents,Research Non-Core,Non-Flow Cytometry - Assays,Non-Flow Cytometry - Assays
41570,BLS,BDB,Research Reagents,Research Core Cobalt,Cobalt YG OptiBuild,RY775 OptiBuild
41574,BLS,BDB,Research Reagents,Research Core Cobalt,Cobalt Blue OptiBuild,RB780 OptiBuild
41576,BLS,BDB,Research Reagents,Research Core Cobalt,Cobalt Blue OptiBuild,RB613 OptiBuild
41579,BLS,BDB,Research Reagents,Research Core Cobalt,Cobalt Blue OptiBuild,RB670 OptiBuild
41580,BLS,BDB,Research Reagents,Research Core Sirigen,Sirigen - OptiBuild,Sirigen - OptiBuild (Flow Cytometry)
41581,BLS,BDB,Research Reagents,Research Core Cobalt,Cobalt YG OptiBuild,RY775 OptiBuild
41582,BLS,BDB,Research Reagents,Research Core Cobalt,Cobalt Blue OptiBuild,RB613 OptiBuild
41586,BLS,BDB,Research Reagents,Research Core Cobalt,Cobalt YG OptiBuild,RY586 OptiBuild
41587,BLS,BDB,Research Reagents,Research Core Cobalt,Cobalt Blue OptiBuild,RB744 OptiBuild
41588,BLS,BDB,Research Reagents,Research Core Sirigen,Sirigen - Immune Function (Flow Cytometry),Sirigen - Immune Function (Flow Cytometry)
41590,BLS,BDB,Research Reagents,Research Core Sirigen,Sirigen - OptiBuild,Sirigen - OptiBuild (Flow Cytometry)
41591,BLS,BDB,Research Reagents,Research Core Cobalt,Cobalt YG Support,Antibody Controls
41592,BLS,BDB,Research Reagents,Research Core Sirigen,Sirigen - OptiBuild,Sirigen - OptiBuild (Flow Cytometry)
41595,BLS,BDB,Research Reagents,Research Non-Core,Non-Flow Cytometry - Assays,Non-Flow Cytometry - Assays
41596,BLS,BDB,Research Reagents,Research Core Cobalt,Cobalt YG OptiBuild,RY610 OptiBuild
41598,BLS,BDB,Research Reagents,Research Core Cobalt,Cobalt Blue OptiBuild,RB613 OptiBuild
41601,BLS,BDB,Research Reagents,Research Core Sirigen,Sirigen - OptiBuild,Sirigen - OptiBuild (Flow Cytometry)
41602,BLS,BDB,Research Reagents,Research Non-Core,Non-Flow Cytometry - Assays,Non-Flow Cytometry - Assays
41603,BLS,BDB,Research Reagents,Research Core Sirigen,Sirigen - OptiBuild,Sirigen - OptiBuild (Flow Cytometry)
41612,BLS,BDB,Research Reagents,Research Core Sirigen,Sirigen - OptiBuild,Sirigen - OptiBuild (Flow Cytometry)
41613,BLS,BDB,Research Reagents,Research Core Cobalt,Cobalt YG MTS,RY703 MTS
41616,BLS,BDB,Research Reagents,Research Core Cobalt,Cobalt Blue OptiBuild,RB670 OptiBuild
41618,BLS,BDB,Research Reagents,Research Core Sirigen,Sirigen - OptiBuild,Sirigen - OptiBuild (Flow Cytometry)
41623,BLS,BDB,Research Reagents,Research Core Cobalt,Cobalt YG OptiBuild,RY775 OptiBuild
41624,BLS,BDB,Research Reagents,Research Core Cobalt,Cobalt YG OptiBuild,RY610 OptiBuild
41625,BLS,BDB,Research Reagents,Research Core Cobalt,Cobalt YG OptiBuild,RY775 OptiBuild
41633,BLS,BDB,Research Reagents,Research Core Cobalt,Cobalt YG OptiBuild,RY610 OptiBuild
41635,BLS,BDB,Research Reagents,Research Core Sirigen,Sirigen - OptiBuild,Sirigen - OptiBuild (Flow Cytometry)
41636,BLS,BDB,Research Reagents,Research Core Cobalt,Cobalt YG OptiBuild,RY703 OptiBuild
41637,BLS,BDB,Research Reagents,Research Non-Core,Non-Flow Cytometry - Assays,Non-Flow Cytometry - Assays
41643,BLS,BDB,Research Reagents,Research Core Cobalt,Cobalt YG OptiBuild,RY610 OptiBuild
41645,BLS,BDB,Research Reagents,Research Core Sirigen,Sirigen - OptiBuild,Sirigen - OptiBuild (Flow Cytometry)
41646,BLS,BDB,Research Reagents,Research Core Cobalt,Cobalt Blue OptiBuild,RB780 OptiBuild
41647,BLS,BDB,Research Reagents,Research Core Cobalt,Cobalt YG OptiBuild,RY703 OptiBuild
41648,BLS,BDB,Research Reagents,Research Core Cobalt,Cobalt Blue OptiBuild,RB744 OptiBuild
41649,BLS,BDB,Research Reagents,Research Core Cobalt,Cobalt YG MTS,RY655 MTS
41650,BLS,BDB,Research Reagents,Research Core Cobalt,Cobalt Blue OptiBuild,RB744 OptiBuild
41652,BLS,BDB,Research Reagents,Research Core Cobalt,Cobalt Blue OptiBuild,RB744 OptiBuild
41653,BLS,BDB,Research Reagents,Research Core Sirigen,Sirigen - Immune Function (Flow Cytometry),Sirigen - Immune Function (Flow Cytometry)
41654,BDI,PI,Peripheral Vascular Disease,Stents PVD,Lifestar,Lifestar
41655,BLS,BDB,Research Reagents,Research Core Cobalt,Cobalt Blue OptiBuild,RB545 OptiBuild
41657,BLS,BDB,Research Reagents,Research Core Cobalt,Cobalt YG MTS,RY610 MTS
41659,BLS,BDB,Research Reagents,Research Core Sirigen,Sirigen - OptiBuild,Sirigen - OptiBuild (Flow Cytometry)
41664,BLS,BDB,Research Reagents,Research Core Cobalt,Cobalt Blue OptiBuild,RB670 OptiBuild
41665,BLS,BDB,Research Reagents,Research Core Cobalt,Cobalt YG OptiBuild,RY703 OptiBuild
41666,BLS,BDB,Research Reagents,Research Core Cobalt,Cobalt Blue OptiBuild,RB613 OptiBuild
41672,BLS,BDB,Research Reagents,Research Core Cobalt,Cobalt YG OptiBuild,RY703 OptiBuild
41673,BLS,BDB,Research Reagents,Research Core Cobalt,Cobalt Blue OptiBuild,RB670 OptiBuild
41677,BLS,BDB,Research Reagents,Research Core Cobalt,Cobalt YG OptiBuild,RY703 OptiBuild
41685,BLS,BDB,Research Reagents,Research Core Cobalt,Cobalt YG OptiBuild,RY775 OptiBuild
41689,BLS,BDB,Research Reagents,Research Core Cobalt,Cobalt Blue OptiBuild,RB670 OptiBuild
41692,BLS,BDB,Research Reagents,Research Core Non-Sirigen,Non Sirigen - Immune Function (Flow Cytometry),Non Sirigen - Immune Function (Flow Cytometry)
41698,BLS,BDB,Research Reagents,Research Core Cobalt,Cobalt Blue OptiBuild,RB670 OptiBuild
41702,BLS,BDB,Research Reagents,Research Core Cobalt,Cobalt YG OptiBuild,RY775 OptiBuild
41703,BLS,BDB,Research Reagents,Research Core Cobalt,Cobalt Blue OptiBuild,RB545 OptiBuild
41704,BLS,BDB,Research Reagents,Research Core Cobalt,Cobalt Blue OptiBuild,RB613 OptiBuild
41705,BLS,BDB,Research Reagents,Research Core Sirigen,Sirigen - OptiBuild,Sirigen - OptiBuild (Flow Cytometry)
41706,BLS,BDB,Research Reagents,Research Core Cobalt,Cobalt Blue OptiBuild,RB613 OptiBuild
41707,BLS,BDB,Research Reagents,Research Core Cobalt,Cobalt YG OptiBuild,RY775 OptiBuild
41708,BLS,BDB,Research Reagents,Research Core Cobalt,Cobalt Blue MTS,RB545 MTS
41710,BLS,BDB,Research Reagents,Research Core Cobalt,Cobalt YG OptiBuild,RY775 OptiBuild
41713,BLS,BDB,Research Reagents,Research Core Sirigen,Sirigen - OptiBuild,Sirigen - OptiBuild (Flow Cytometry)
41714,BLS,BDB,Research Reagents,Research Core Sirigen,Sirigen - OptiBuild,Sirigen - OptiBuild (Flow Cytometry)
41715,BLS,BDB,Research Reagents,Research Core Non-Sirigen,Non Sirigen - Immune Function (Flow Cytometry),Non Sirigen - Immune Function (Flow Cytometry)
41720,BLS,BDB,Research Reagents,Research Core Cobalt,Cobalt Blue OptiBuild,RB705 OptiBuild
41725,BLS,BDB,Research Reagents,Research Core Sirigen,Sirigen - OptiBuild,Sirigen - OptiBuild (Flow Cytometry)
41726,BLS,BDB,Research Reagents,Research Core Sirigen,Sirigen - OptiBuild,Sirigen - OptiBuild (Flow Cytometry)
41727,BLS,BDB,Research Reagents,Research Core Cobalt,Cobalt Blue OptiBuild,RB670 OptiBuild
41728,BLS,BDB,Research Reagents,Research Core Cobalt,Cobalt YG OptiBuild,RY610 OptiBuild
41729,BLS,BDB,Research Reagents,Research Core Sirigen,Sirigen - OptiBuild,Sirigen - OptiBuild (Flow Cytometry)
41731,BLS,BDB,Research Reagents,Research Core Cobalt,Cobalt Blue OptiBuild,RB545 OptiBuild
41735,BLS,BDB,Research Reagents,Research Core Sirigen,Sirigen - OptiBuild,Sirigen - OptiBuild (Flow Cytometry)
41736,BLS,BDB,Research Reagents,Research Core Sirigen,Sirigen - OptiBuild,Sirigen - OptiBuild (Flow Cytometry)
41737,BLS,BDB,Research Reagents,Research Core Cobalt,Cobalt Blue OptiBuild,RB613 OptiBuild
41738,BLS,BDB,Research Reagents,Research Core Cobalt,Cobalt Blue OptiBuild,RB613 OptiBuild
41739,BLS,BDB,Research Reagents,Research Core Sirigen,Sirigen - OptiBuild,Sirigen - OptiBuild (Flow Cytometry)
41740,BLS,BDB,Research Reagents,Research Core Cobalt,Cobalt YG OptiBuild,RY775 OptiBuild
41742,BLS,BDB,Research Reagents,Research Core Non-Sirigen,Non Sirigen - Immune Function (Flow Cytometry),Non Sirigen - Immune Function (Flow Cytometry)
41743,BLS,BDB,Research Reagents,Research Core Cobalt,Cobalt YG OptiBuild,RY586 OptiBuild
41744,BLS,BDB,Research Reagents,Research Core Sirigen,Sirigen - OptiBuild,Sirigen - OptiBuild (Flow Cytometry)
41745,BLS,BDB,Research Reagents,Research Core Sirigen,Sirigen - OptiBuild,Sirigen - OptiBuild (Flow Cytometry)
41746,BLS,BDB,Research Reagents,Research Core Sirigen,Sirigen - OptiBuild,Sirigen - OptiBuild (Flow Cytometry)
41747,BLS,BDB,Research Reagents,Research Core Cobalt,Cobalt YG OptiBuild,RY703 OptiBuild
41751,BLS,BDB,Research Reagents,Research Core Sirigen,Sirigen - OptiBuild,Sirigen - OptiBuild (Flow Cytometry)
41752,BLS,BDB,Research Reagents,Research Core Cobalt,Cobalt YG OptiBuild,RY610 OptiBuild
41753,BLS,BDB,Research Reagents,Research Core Cobalt,Cobalt YG OptiBuild,RY610 OptiBuild
41760,BLS,BDB,Research Reagents,Research Core Cobalt,Cobalt Blue OptiBuild,RB545 OptiBuild
41766,BLS,BDB,Research Reagents,Research Core Cobalt,Cobalt Blue OptiBuild,RB670 OptiBuild
41767,BLS,BDB,Research Reagents,Research Core Cobalt,Cobalt Blue OptiBuild,RB670 OptiBuild
41769,BLS,BDB,Research Reagents,Research Core Cobalt,Cobalt Blue OptiBuild,RB613 OptiBuild
41773,BLS,BDB,Research Reagents,Research Core Cobalt,Cobalt YG OptiBuild,RY775 OptiBuild
41774,BLS,BDB,Research Reagents,Research Core Cobalt,Cobalt Blue OptiBuild,RB613 OptiBuild
41777,BLS,BDB,Research Reagents,Research Core Cobalt,Cobalt YG MTS,RY655 MTS
41781,BLS,BDB,Research Reagents,Research Core Sirigen,Sirigen - OptiBuild,Sirigen - OptiBuild (Flow Cytometry)
41785,BLS,BDB,Research Reagents,Research Core Sirigen,Sirigen - OptiBuild,Sirigen - OptiBuild (Flow Cytometry)
41791,BLS,BDB,Research Reagents,Research Core Sirigen,Sirigen - OptiBuild,Sirigen - OptiBuild (Flow Cytometry)
41792,BLS,BDB,Research Reagents,Research Core Sirigen,Sirigen - Immune Function (Flow Cytometry),Sirigen - Immune Function (Flow Cytometry)
41795,BLS,BDB,Research Reagents,Research Core Cobalt,Cobalt Blue OptiBuild,RB613 OptiBuild
41797,BLS,BDB,Research Reagents,Research Core Sirigen,Sirigen - OptiBuild,Sirigen - OptiBuild (Flow Cytometry)
41798,BLS,BDB,Research Reagents,Research Non-Core,Non-Flow Cytometry - Assays,Non-Flow Cytometry - Assays
41801,BLS,BDB,Research Reagents,Research Core Sirigen,Sirigen - OptiBuild,Sirigen - OptiBuild (Flow Cytometry)
41803,BLS,BDB,Research Reagents,Research Core Sirigen,Sirigen - OptiBuild,Sirigen - OptiBuild (Flow Cytometry)
41804,BLS,BDB,Research Reagents,Research Core Non-Sirigen,Non-Sirigen - OptiBuild,Non Sirigen - Optibuild (Flow Cytometry)
41805,BLS,BDB,Research Reagents,Research Core Cobalt,Cobalt YG OptiBuild,RY775 OptiBuild
41808,BLS,BDB,Research Reagents,Research Core Cobalt,Cobalt YG OptiBuild,RY610 OptiBuild
41810,BLS,BDB,Research Reagents,Research Core Cobalt,Cobalt Blue OptiBuild,RB670 OptiBuild
41811,BLS,BDB,Research Reagents,Research Core Cobalt,Cobalt YG OptiBuild,RY775 OptiBuild
41814,BLS,BDB,Research Reagents,Research Core Cobalt,Cobalt Blue OptiBuild,RB670 OptiBuild
41817,BLS,BDB,Research Reagents,Research Core Cobalt,Cobalt Blue OptiBuild,RB705 OptiBuild
41818,BLS,BDB,Research Reagents,Research Core Cobalt,Cobalt YG OptiBuild,RY775 OptiBuild
41819,BLS,BDB,Research Reagents,Research Core Sirigen,Sirigen - OptiBuild,Sirigen - OptiBuild (Flow Cytometry)
41820,BLS,BDB,Research Reagents,Research Core Cobalt,Cobalt YG OptiBuild,RY610 OptiBuild
41827,BLS,BDB,Research Reagents,Research Core Cobalt,Cobalt Blue OptiBuild,RB613 OptiBuild
41829,BLS,BDB,Research Reagents,Research Core Cobalt,Cobalt Red MTS,RR688 MTS
41830,BLS,BDB,Research Reagents,Research Core Cobalt,Cobalt Blue OptiBuild,RB613 OptiBuild
41832,BLS,BDB,Research Reagents,Research Core Cobalt,Cobalt Blue OptiBuild,RB613 OptiBuild
41841,BLS,BDB,Research Reagents,Research Non-Core,Non-Flow Cytometry - Assays,Non-Flow Cytometry - Assays
41843,BLS,BDB,Research Reagents,Research Core Cobalt,Cobalt Blue OptiBuild,RB705 OptiBuild
41845,BLS,BDB,Research Reagents,Research Core Cobalt,Cobalt YG OptiBuild,RY703 OptiBuild
41848,BLS,BDB,Research Reagents,Research Core Cobalt,Cobalt Blue OptiBuild,RB613 OptiBuild
41850,BLS,BDB,Research Reagents,Research Core Cobalt,Cobalt YG Support,Antibody Controls
41853,BLS,BDB,Research Reagents,Research Core Cobalt,Cobalt YG OptiBuild,RY610 OptiBuild
41854,BLS,BDB,Research Reagents,Research Core Sirigen,Sirigen - OptiBuild,Sirigen - OptiBuild (Flow Cytometry)
41857,BLS,BDB,Research Reagents,Research Core Cobalt,Cobalt YG OptiBuild,RY610 OptiBuild
41858,BLS,BDB,Single Cell Multiomics,SCM Reagents,BD AbSeq,AbSeq - MTS vials
41859,BLS,BDB,Research Reagents,Research Core Sirigen,Sirigen - OptiBuild,Sirigen - OptiBuild (Flow Cytometry)
41860,BLS,BDB,Research Reagents,Research Core Sirigen,Sirigen - OptiBuild,Sirigen - OptiBuild (Flow Cytometry)
41864,BLS,BDB,Single Cell Multiomics,SCM Reagents,BD AbSeq,AbSeq - MTS vials
41866,BLS,BDB,Research Reagents,Research Core Cobalt,Cobalt YG OptiBuild,RY610 OptiBuild
41870,BLS,BDB,Research Reagents,Research Core Cobalt,Cobalt Blue OptiBuild,RB744 OptiBuild
41875,BLS,BDB,Research Reagents,Research Core Cobalt,Cobalt Blue OptiBuild,RB545 OptiBuild
41882,BLS,BDB,Research Reagents,Research Core Cobalt,Cobalt Blue OptiBuild,RB613 OptiBuild
41884,BLS,BDB,Research Reagents,Research Core Cobalt,Cobalt Blue OptiBuild,RB613 OptiBuild
41885,BLS,BDB,Research Reagents,Research Core Non-Sirigen,Non Sirigen - Immune Function (Flow Cytometry),Non Sirigen - Immune Function (Flow Cytometry)
41890,BLS,BDB,Research Reagents,Research Core Cobalt,Cobalt Blue OptiBuild,RB613 OptiBuild
41896,BLS,BDB,Research Reagents,Research Core Cobalt,Cobalt Blue OptiBuild,RB613 OptiBuild
41897,BLS,BDB,Research Reagents,Research Core Cobalt,Cobalt YG Support,Antibody Controls
41899,BLS,BDB,Research Reagents,Research Core Cobalt,Cobalt Blue OptiBuild,RB744 OptiBuild
41901,BLS,BDB,Research Reagents,Research Core Cobalt,Cobalt Blue OptiBuild,RB545 OptiBuild
41902,BLS,BDB,Research Reagents,Research Core Cobalt,Cobalt YG OptiBuild,RY610 OptiBuild
41903,BLS,BDB,Research Reagents,Research Core Sirigen,Sirigen - OptiBuild,Sirigen - OptiBuild (Flow Cytometry)
41904,BLS,BDB,Research Reagents,Research Core Cobalt,Cobalt Blue OptiBuild,RB613 OptiBuild
41905,BLS,BDB,Research Reagents,Research Core Non-Sirigen,Non-Sirigen - OptiBuild,Non Sirigen - Optibuild (Flow Cytometry)
41906,BLS,BDB,Research Reagents,Research Core Cobalt,Cobalt Blue OptiBuild,RB744 OptiBuild
41908,BLS,BDB,Research Reagents,Research Core Cobalt,Cobalt YG OptiBuild,RY703 OptiBuild
41915,BLS,BDB,Research Reagents,Research Core Cobalt,Cobalt Blue OptiBuild,RB780 OptiBuild
41918,BLS,BDB,Research Reagents,Research Core Cobalt,Cobalt Blue OptiBuild,RB744 OptiBuild
41920,BLS,BDB,Research Reagents,Research Core Sirigen,Sirigen - OptiBuild,Sirigen - OptiBuild (Flow Cytometry)
41921,BLS,BDB,Research Reagents,Research Core Cobalt,Cobalt YG OptiBuild,RY775 OptiBuild
41922,BLS,BDB,Research Reagents,Research Core Cobalt,Cobalt YG MTS,RY743 MTS
41923,BLS,BDB,Research Reagents,Research Core Cobalt,Cobalt YG OptiBuild,RY703 OptiBuild
41924,BLS,BDB,Research Reagents,Research Core Cobalt,Cobalt YG OptiBuild,RY775 OptiBuild
41926,BLS,BDB,Research Reagents,Research Core Cobalt,Cobalt YG OptiBuild,RY610 OptiBuild
41927,BLS,BDB,Research Reagents,Research Core Sirigen,Sirigen - OptiBuild,Sirigen - OptiBuild (Flow Cytometry)
41928,BLS,BDB,Research Reagents,Research Core Sirigen,Sirigen - OptiBuild,Sirigen - OptiBuild (Flow Cytometry)
41930,BLS,BDB,Research Reagents,Research Core Cobalt,Cobalt Blue Support,Antibody Controls
41931,BLS,BDB,Research Reagents,Research Core Sirigen,Sirigen - OptiBuild,Sirigen - OptiBuild (Flow Cytometry)
41932,BLS,BDB,Research Reagents,Research Core Cobalt,Cobalt Blue OptiBuild,RB613 OptiBuild
41933,BLS,BDB,Research Reagents,Research Core Cobalt,Cobalt Blue OptiBuild,RB744 OptiBuild
41937,BLS,BDB,Research Reagents,Research Core Cobalt,Cobalt Blue OptiBuild,RB705 OptiBuild
41940,BLS,BDB,Research Reagents,Research Core Cobalt,Cobalt YG OptiBuild,RY775 OptiBuild
41942,BLS,BDB,Research Reagents,Research Core Sirigen,Sirigen - OptiBuild,Sirigen - OptiBuild (Flow Cytometry)
41943,BLS,BDB,Research Reagents,Research Core Cobalt,Cobalt Blue OptiBuild,RB705 OptiBuild
41949,BLS,BDB,Research Reagents,Research Core Non-Sirigen,Non Sirigen - Immune Function (Flow Cytometry),Non Sirigen - Immune Function (Flow Cytometry)
41950,BLS,BDB,Research Reagents,Research Core Cobalt,Cobalt Blue MTS,RB744 MTS
41952,BLS,BDB,Research Reagents,Research Core Cobalt,Cobalt YG OptiBuild,RY586 OptiBuild
41953,BLS,BDB,Research Reagents,Research Core Cobalt,Cobalt Blue OptiBuild,RB744 OptiBuild
41954,BDM,MMS,BD Nexus,Service,BD Nexus Service Parts,Spares Parts
41955,BLS,BDB,Research Reagents,Research Core Sirigen,Sirigen - OptiBuild,Sirigen - OptiBuild (Flow Cytometry)
41958,BLS,BDB,Research Reagents,Research Core Non-Sirigen,Non Sirigen - Immune Function (Flow Cytometry),Non Sirigen - Immune Function (Flow Cytometry)
41961,BLS,BDB,Research Reagents,Research Core Cobalt,Cobalt YG OptiBuild,RY610 OptiBuild
41965,BLS,BDB,Research Reagents,Research Core Cobalt,Cobalt Blue OptiBuild,RB613 OptiBuild
41966,BLS,BDB,Research Reagents,Research Core Cobalt,Cobalt YG OptiBuild,RY703 OptiBuild
41968,BLS,BDB,Research Reagents,Research Core Cobalt,Cobalt Blue OptiBuild,RB613 OptiBuild
41972,BLS,BDB,Research Reagents,Research Core Sirigen,Sirigen - OptiBuild,Sirigen - OptiBuild (Flow Cytometry)
41978,BLS,BDB,Research Reagents,Research Core Cobalt,Cobalt YG OptiBuild,RY703 OptiBuild
41980,BLS,BDB,Research Reagents,Research Core Cobalt,Cobalt YG OptiBuild,RY775 OptiBuild
41981,BLS,BDB,Research Reagents,Research Core Cobalt,Cobalt YG OptiBuild,RY610 OptiBuild
41986,BLS,BDB,Research Reagents,Research Core Non-Sirigen,Non-Sirigen - OptiBuild,Non Sirigen - Optibuild (Flow Cytometry)
41988,BLS,BDB,Single Cell Multiomics,SCM Reagents,BD AbSeq,AbSeq - MTS vials
41990,BLS,BDB,Research Reagents,Research Core Cobalt,Cobalt Blue OptiBuild,RB780 OptiBuild
41995,BLS,BDB,Research Reagents,Research Core Cobalt,Cobalt YG OptiBuild,RY610 OptiBuild
41996,BLS,BDB,Research Reagents,Research Core Cobalt,Cobalt YG OptiBuild,RY743 OptiBuild
41997,BLS,BDB,Research Reagents,Research Core Cobalt,Cobalt Blue OptiBuild,RB613 OptiBuild
41998,BLS,BDB,Research Reagents,Research Core Sirigen,Sirigen - OptiBuild,Sirigen - OptiBuild (Flow Cytometry)
42003,BLS,BDB,Research Reagents,Research Core Cobalt,Cobalt Blue OptiBuild,RB545 OptiBuild
42005,BLS,BDB,Research Reagents,Research Core Cobalt,Cobalt YG OptiBuild,RY775 OptiBuild
42007,BLS,BDB,Single Cell Multiomics,SCM Reagents,BD AbSeq,AbSeq - MTS vials
42008,BLS,BDB,Research Reagents,Research Core Cobalt,Cobalt YG OptiBuild,RY703 OptiBuild
42009,BLS,BDB,Research Reagents,Research Core Cobalt,Cobalt Blue OptiBuild,RB780 OptiBuild
42011,BLS,BDB,Research Reagents,Research Core Non-Sirigen,Non Sirigen - Immune Function (Flow Cytometry),Non Sirigen - Immune Function (Flow Cytometry)
42012,BLS,BDB,Research Reagents,Research Core Sirigen,Sirigen - OptiBuild,Sirigen - OptiBuild (Flow Cytometry)
42015,BLS,BDB,Research Reagents,Research Core Cobalt,Cobalt YG OptiBuild,RY610 OptiBuild
42016,BLS,BDB,Research Reagents,Research Core Cobalt,Cobalt YG OptiBuild,RY610 OptiBuild
42019,BLS,BDB,Research Reagents,Research Core Cobalt,Cobalt Blue OptiBuild,RB670 OptiBuild
42021,BLS,BDB,Research Reagents,Research Core Cobalt,Cobalt YG OptiBuild,RY703 OptiBuild
42022,BLS,BDB,Research Reagents,Research Core Sirigen,Sirigen - OptiBuild,Sirigen - OptiBuild (Flow Cytometry)
42023,BLS,BDB,Research Reagents,Research Core Cobalt,Cobalt Blue OptiBuild,RB613 OptiBuild
42032,BLS,BDB,Research Reagents,Research Core Cobalt,Cobalt Blue OptiBuild,RB670 OptiBuild
42037,BLS,BDB,Research Reagents,Research Core Sirigen,Sirigen - OptiBuild,Sirigen - OptiBuild (Flow Cytometry)
42039,BLS,BDB,Research Reagents,Research Core Cobalt,Cobalt YG OptiBuild,RY610 OptiBuild
42042,BLS,BDB,Research Reagents,Research Core Cobalt,Cobalt YG OptiBuild,RY703 OptiBuild
42046,BLS,BDB,Research Reagents,Research Core Cobalt,Cobalt YG OptiBuild,RY610 OptiBuild
42048,BLS,BDB,Research Reagents,Research Core Sirigen,Sirigen - OptiBuild,Sirigen - OptiBuild (Flow Cytometry)
42049,BLS,BDB,Research Reagents,Research Core Sirigen,Sirigen - OptiBuild,Sirigen - OptiBuild (Flow Cytometry)
42053,BLS,BDB,Research Reagents,Research Core Cobalt,Cobalt Blue OptiBuild,RB670 OptiBuild
42054,BLS,BDB,Research Reagents,Research Core Cobalt,Cobalt Blue OptiBuild,RB613 OptiBuild
42055,BLS,BDB,Research Reagents,Research Core Cobalt,Cobalt YG OptiBuild,RY775 OptiBuild
42056,BLS,BDB,Research Reagents,Research Core Cobalt,Cobalt Blue OptiBuild,RB670 OptiBuild
42057,BLS,BDB,Research Reagents,Research Non-Core,Non-Flow Cytometry - Assays,Non-Flow Cytometry - Assays
42059,BDI,UCC,Endourology,Stone Disposables,Dilation Products,Goodwin Sounds
42060,BLS,BDB,Research Reagents,Research Core Cobalt,Cobalt Blue OptiBuild,RB670 OptiBuild
42061,BLS,BDB,Research Reagents,Research Core Cobalt,Cobalt Blue OptiBuild,RB670 OptiBuild
42062,BLS,BDB,Research Reagents,Research Core Sirigen,Sirigen - Immune Function (Flow Cytometry),Sirigen - Immune Function (Flow Cytometry)
42064,BLS,BDB,Research Reagents,Research Core Cobalt,Cobalt Blue OptiBuild,RB670 OptiBuild
42066,BLS,BDB,Research Reagents,Research Core Cobalt,Cobalt YG OptiBuild,RY775 OptiBuild
42067,BLS,BDB,Research Reagents,Research Core Sirigen,Sirigen - OptiBuild,Sirigen - OptiBuild (Flow Cytometry)
42068,BLS,BDB,Research Reagents,Research Core Cobalt,Cobalt YG OptiBuild,RY610 OptiBuild
42069,BLS,BDB,Research Reagents,Research Core Sirigen,Sirigen - OptiBuild,Sirigen - OptiBuild (Flow Cytometry)
42070,BLS,BDB,Research Reagents,Research Core Cobalt,Cobalt Blue OptiBuild,RB744 OptiBuild
42075,BLS,BDB,Research Reagents,Research Core Cobalt,Cobalt YG OptiBuild,RY610 OptiBuild
42077,BLS,BDB,Research Reagents,Research Core Cobalt,Cobalt YG OptiBuild,RY775 OptiBuild
42078,BLS,BDB,Research Reagents,Research Core Cobalt,Cobalt Blue Support,Antibody Controls
42079,BLS,BDB,Research Reagents,Research Core Sirigen,Sirigen - OptiBuild,Sirigen - OptiBuild (Flow Cytometry)
42083,BLS,BDB,Research Reagents,Research Core Cobalt,Cobalt Blue OptiBuild,RB705 OptiBuild
42089,BLS,BDB,Research Reagents,Research Core Sirigen,Sirigen - OptiBuild,Sirigen - OptiBuild (Flow Cytometry)
42090,BLS,BDB,Research Reagents,Research Core Non-Sirigen,Non Sirigen - Cell Signal Cancer (Flow Cytometry),Non Sirigen - Cell Signal Cancer (Flow Cytometry)
42091,BLS,BDB,Research Reagents,Research Core Non-Sirigen,Non-Sirigen - OptiBuild,Non Sirigen - Optibuild (Flow Cytometry)
42093,BLS,BDB,Research Reagents,Research Core Cobalt,Cobalt YG OptiBuild,RY610 OptiBuild
42096,BLS,BDB,Research Reagents,Research Core Sirigen,Sirigen - Immune Function (Flow Cytometry),Sirigen - Immune Function (Flow Cytometry)
42098,BLS,BDB,Research Reagents,Research Core Sirigen,Sirigen - OptiBuild,Sirigen - OptiBuild (Flow Cytometry)
42099,BLS,BDB,Research Reagents,Research Core Cobalt,Cobalt YG OptiBuild,RY586 OptiBuild
42102,BLS,BDB,Research Reagents,Research Core Cobalt,Cobalt Blue OptiBuild,RB670 OptiBuild
42104,BLS,BDB,Research Reagents,Research Non-Core,Non-Flow Cytometry - Assays,Non-Flow Cytometry - Assays
42107,BLS,BDB,Research Reagents,Research Core Cobalt,Cobalt Blue OptiBuild,RB670 OptiBuild
42110,BLS,BDB,Research Reagents,Research Core Non-Sirigen,Non-Sirigen - OptiBuild,Non Sirigen - Optibuild (Flow Cytometry)
42112,BLS,BDB,Research Reagents,Research Core Cobalt,Cobalt Blue OptiBuild,RB613 OptiBuild
42114,BLS,BDB,Research Reagents,Research Core Cobalt,Cobalt Blue OptiBuild,RB613 OptiBuild
42115,BLS,BDB,Research Reagents,Research Core Cobalt,Cobalt Blue OptiBuild,RB744 OptiBuild
42118,BLS,BDB,Research Reagents,Research Core Sirigen,Sirigen - OptiBuild,Sirigen - OptiBuild (Flow Cytometry)
42125,BLS,SM,Specimen Management Other,Specimen Management Other,Specimen Management Other,All Other PAS
42128,BLS,BDB,Research Reagents,Research Core Cobalt,Cobalt YG OptiBuild,RY610 OptiBuild
42133,BLS,BDB,Research Reagents,Research Core Cobalt,Cobalt Blue OptiBuild,RB670 OptiBuild
42141,BLS,BDB,Research Reagents,Research Core Cobalt,Cobalt YG Support,Antibody Controls
42142,BLS,BDB,Research Reagents,Research Core Cobalt,Cobalt Blue OptiBuild,RB670 OptiBuild
42145,BLS,BDB,Research Reagents,Research Core Sirigen,Sirigen - OptiBuild,Sirigen - OptiBuild (Flow Cytometry)
42150,BLS,BDB,Research Reagents,Research Core Cobalt,Cobalt Blue OptiBuild,RB705 OptiBuild
42151,BLS,DS,Informatics,Informatics,Other Informatics,DMS (Japan)
42152,BLS,BDB,Research Reagents,Research Core Cobalt,Cobalt Blue OptiBuild,RB744 OptiBuild
42156,BLS,BDB,Research Reagents,Research Core Non-Sirigen,Non Sirigen - Immune Function (Flow Cytometry),Non Sirigen - Immune Function (Flow Cytometry)
42158,BLS,BDB,Research Reagents,Research Core Cobalt,Cobalt YG OptiBuild,RY610 OptiBuild
42161,BLS,BDB,Research Reagents,Research Core Cobalt,Cobalt YG OptiBuild,RY610 OptiBuild
42166,BLS,BDB,Research Reagents,Research Core Cobalt,Cobalt Blue OptiBuild,RB705 OptiBuild
42169,BLS,BDB,Research Reagents,Research Core Cobalt,Cobalt YG OptiBuild,RY703 OptiBuild
42170,BLS,BDB,Research Reagents,Research Core Cobalt,Cobalt Blue OptiBuild,RB670 OptiBuild
42171,BLS,BDB,Research Reagents,Research Core Cobalt,Cobalt YG OptiBuild,RY586 OptiBuild
42175,BLS,BDB,Research Reagents,Research Core Cobalt,Cobalt Blue OptiBuild,RB670 OptiBuild
42176,BLS,BDB,Research Reagents,Research Core Cobalt,Cobalt Blue OptiBuild,RB670 OptiBuild
42177,BLS,BDB,Research Reagents,Research Core Cobalt,Cobalt Blue OptiBuild,RB744 OptiBuild
42179,BLS,BDB,Research Reagents,Research Core Sirigen,Sirigen - OptiBuild,Sirigen - OptiBuild (Flow Cytometry)
42180,BLS,BDB,Research Reagents,Research Core Cobalt,Cobalt YG OptiBuild,RY610 OptiBuild
42181,BLS,BDB,Research Reagents,Research Core Cobalt,Cobalt YG OptiBuild,RY610 OptiBuild
42182,BLS,BDB,Research Reagents,Research Core Non-Sirigen,Non-Sirigen - OptiBuild,Non Sirigen - Optibuild (Flow Cytometry)
42183,BLS,BDB,Research Reagents,Research Core Sirigen,Sirigen - OptiBuild,Sirigen - OptiBuild (Flow Cytometry)
42191,BLS,BDB,Research Reagents,Research Core Cobalt,Cobalt Blue OptiBuild,RB705 OptiBuild
42194,BLS,BDB,Research Reagents,Research Core Non-Sirigen,Non Sirigen - Immune Function (Flow Cytometry),Non Sirigen - Immune Function (Flow Cytometry)
42195,BLS,BDB,Research Reagents,Research Core Cobalt,Cobalt Blue OptiBuild,RB613 OptiBuild
42196,BLS,BDB,Research Reagents,Research Non-Core,Non-Flow Cytometry - Assays,Non-Flow Cytometry - Assays
42198,BLS,BDB,Research Reagents,Research Core Sirigen,Sirigen - Immune Function (Flow Cytometry),Sirigen - Immune Function (Flow Cytometry)
42201,BLS,BDB,Research Reagents,Research Core Cobalt,Cobalt Blue OptiBuild,RB613 OptiBuild
42202,BLS,BDB,Research Reagents,Research Core Cobalt,Cobalt YG OptiBuild,RY586 OptiBuild
42204,BLS,BDB,Research Reagents,Research Core Cobalt,Cobalt Blue OptiBuild,RB780 OptiBuild
42206,BLS,BDB,Research Reagents,Research Core Cobalt,Cobalt Blue OptiBuild,RB705 OptiBuild
42208,BLS,BDB,Research Reagents,Research Core Non-Sirigen,Non-Sirigen - OptiBuild,Non Sirigen - Optibuild (Flow Cytometry)
42209,BLS,BDB,Research Reagents,Research Core Cobalt,Cobalt YG OptiBuild,RY610 OptiBuild
42211,BLS,BDB,Research Reagents,Research Core Cobalt,Cobalt Blue OptiBuild,RB613 OptiBuild
42212,BLS,BDB,Research Reagents,Research Core Cobalt,Cobalt Blue OptiBuild,RB670 OptiBuild
42213,BLS,BDB,Research Reagents,Research Core Cobalt,Cobalt YG OptiBuild,RY610 OptiBuild
42216,BLS,BDB,Research Reagents,Research Core Non-Sirigen,Non Sirigen - Immune Function (Flow Cytometry),Non Sirigen - Immune Function (Flow Cytometry)
42217,BLS,BDB,Research Reagents,Research Core Cobalt,Cobalt Blue OptiBuild,RB670 OptiBuild
42218,BLS,BDB,Research Reagents,Research Core Non-Sirigen,Non Sirigen - Immune Function (Flow Cytometry),Non Sirigen - Immune Function (Flow Cytometry)
42219,BLS,BDB,Research Reagents,Research Core Cobalt,Cobalt Blue OptiBuild,RB670 OptiBuild
42220,BLS,BDB,Research Reagents,Research Core Cobalt,Cobalt YG OptiBuild,RY703 OptiBuild
42221,BLS,BDB,Research Reagents,Research Core Cobalt,Cobalt YG OptiBuild,RY775 OptiBuild
42222,BLS,BDB,Research Reagents,Research Non-Core,Non-Flow Cytometry - Assays,Non-Flow Cytometry - Assays
42223,BLS,BDB,Research Reagents,Research Core Cobalt,Cobalt Blue OptiBuild,RB744 OptiBuild
42227,BLS,BDB,Research Reagents,Research Core Cobalt,Cobalt Blue OptiBuild,RB670 OptiBuild
42229,BLS,BDB,Research Reagents,Research Core Cobalt,Cobalt Blue OptiBuild,RB670 OptiBuild
42232,BLS,BDB,Research Reagents,Research Core Cobalt,Cobalt YG OptiBuild,RY775 OptiBuild
42238,BLS,BDB,Research Reagents,Research Core Cobalt,Cobalt YG OptiBuild,RY703 OptiBuild
42239,BDI,PI,End Stage Kidney Disease,Chronic Dialysis Catheters,Chronic Dialysis,Glidepath Slim
42240,BLS,BDB,Research Reagents,Research Core Non-Sirigen,Non Sirigen - Immune Function (Flow Cytometry),Non Sirigen - Immune Function (Flow Cytometry)
42241,BLS,BDB,Research Reagents,Research Core Cobalt,Cobalt Blue OptiBuild,RB670 OptiBuild
42242,BLS,BDB,Research Reagents,Research Core Cobalt,Cobalt YG OptiBuild,RY703 OptiBuild
42243,BLS,BDB,Research Reagents,Research Core Cobalt,Cobalt Blue MTS,RB780 MTS
42247,BLS,BDB,Research Reagents,Research Core Cobalt,Cobalt YG OptiBuild,RY586 OptiBuild
42253,BLS,BDB,Research Reagents,Research Core Cobalt,Cobalt Blue OptiBuild,RB545 OptiBuild
42254,BLS,BDB,Research Reagents,Research Core Cobalt,Cobalt Blue OptiBuild,RB670 OptiBuild
42255,BLS,BDB,Research Reagents,Research Core Cobalt,Cobalt YG OptiBuild,RY775 OptiBuild
42257,BLS,BDB,Research Reagents,Research Core Sirigen,Sirigen - OptiBuild,Sirigen - OptiBuild (Flow Cytometry)
42263,BLS,BDB,Single Cell Multiomics,SCM Reagents,BD AbSeq,AbSeq - MTS vials
42270,BLS,BDB,Research Reagents,Research Core Sirigen,Sirigen - Immune Function (Flow Cytometry),Sirigen - Immune Function (Flow Cytometry)
42276,BLS,BDB,Research Reagents,Research Core Cobalt,Cobalt Blue OptiBuild,RB670 OptiBuild
42277,BLS,BDB,Research Reagents,Research Core Sirigen,Sirigen - OptiBuild,Sirigen - OptiBuild (Flow Cytometry)
42279,BLS,BDB,Research Reagents,Research Core Cobalt,Cobalt Blue OptiBuild,RB670 OptiBuild
42280,BLS,BDB,Research Reagents,Research Core Cobalt,Cobalt YG Support,Antibody Controls
42282,BLS,BDB,Research Reagents,Research Core Cobalt,Cobalt YG OptiBuild,RY586 OptiBuild
42285,BLS,BDB,Research Reagents,Research Core Sirigen,Sirigen - OptiBuild,Sirigen - OptiBuild (Flow Cytometry)
42288,BLS,BDB,Research Reagents,Research Non-Core,Non-Flow Cytometry - Assays,Non-Flow Cytometry - Assays
42289,BLS,BDB,Research Reagents,Research Core Cobalt,Cobalt Blue OptiBuild,RB670 OptiBuild
42293,BLS,BDB,Research Reagents,Research Core Sirigen,Sirigen - OptiBuild,Sirigen - OptiBuild (Flow Cytometry)
42297,BLS,BDB,Research Reagents,Research Core Cobalt,Cobalt YG OptiBuild,RY775 OptiBuild
42299,BLS,DS,Molecular Diagnostics,BD COR,BD COR Other Consumables,BD COR Other Consumables
42300,BLS,BDB,Research Reagents,Research Core Sirigen,Sirigen - OptiBuild,Sirigen - OptiBuild (Flow Cytometry)
42302,BLS,BDB,Research Reagents,Research Core Cobalt,Cobalt Blue OptiBuild,RB670 OptiBuild
42304,BLS,BDB,Research Reagents,Research Core Cobalt,Cobalt Blue OptiBuild,RB705 OptiBuild
42306,BLS,BDB,Research Reagents,Research Core Cobalt,Cobalt YG OptiBuild,RY775 OptiBuild
42308,BLS,BDB,Research Reagents,Research Core Cobalt,Cobalt Blue OptiBuild,RB670 OptiBuild
42309,BLS,BDB,Research Reagents,Research Core Cobalt,Cobalt Blue OptiBuild,RB705 OptiBuild
42310,BLS,BDB,Research Reagents,Research Core Sirigen,Sirigen - OptiBuild,Sirigen - OptiBuild (Flow Cytometry)
42311,BLS,BDB,Research Reagents,Research Core Cobalt,Cobalt YG OptiBuild,RY610 OptiBuild
42313,BLS,BDB,Research Reagents,Research Core Cobalt,Cobalt Blue OptiBuild,RB613 OptiBuild
42320,BLS,BDB,Research Reagents,Research Core Sirigen,Sirigen - OptiBuild,Sirigen - OptiBuild (Flow Cytometry)
42324,BLS,BDB,Research Reagents,Research Non-Core,Non-Flow Cytometry - Assays,Non-Flow Cytometry - Assays
42328,BLS,BDB,Research Reagents,Research Core Sirigen,Sirigen - OptiBuild,Sirigen - OptiBuild (Flow Cytometry)
42345,BLS,BDB,Research Reagents,Research Core Cobalt,Cobalt Blue OptiBuild,RB670 OptiBuild
42347,BLS,BDB,Research Reagents,Research Core Cobalt,Cobalt Blue OptiBuild,RB670 OptiBuild
42350,BLS,BDB,Research Reagents,Research Core Non-Sirigen,Non Sirigen - Immune Function (Flow Cytometry),Non Sirigen - Immune Function (Flow Cytometry)
42351,BLS,BDB,Research Reagents,Research Core Cobalt,Cobalt YG OptiBuild,RY610 OptiBuild
42352,BLS,BDB,Research Reagents,Research Core Cobalt,Cobalt Blue OptiBuild,RB670 OptiBuild
42361,BLS,BDB,Single Cell Multiomics,SCM Reagents,BD AbSeq,AbSeq - MTS vials
42365,BLS,BDB,Single Cell Multiomics,SCM Reagents,BD AbSeq,AbSeq - MTS vials
42375,BLS,BDB,Research Reagents,Research Core Non-Sirigen,Non-Sirigen - OptiBuild,Non Sirigen - Optibuild (Flow Cytometry)
42381,BLS,BDB,Research Reagents,Research Core Cobalt,Cobalt Blue OptiBuild,RB670 OptiBuild
42387,BLS,BDB,Research Reagents,Research Core Sirigen,Sirigen - OptiBuild,Sirigen - OptiBuild (Flow Cytometry)
42389,BLS,BDB,Research Reagents,Research Core Cobalt,Cobalt YG OptiBuild,RY586 OptiBuild
42390,BLS,BDB,Research Reagents,Research Non-Core,Non-Flow Cytometry - Assays,Non-Flow Cytometry - Assays
42391,BLS,BDB,Research Reagents,Research Core Non-Sirigen,Non Sirigen - Immune Function (Flow Cytometry),Non Sirigen - Immune Function (Flow Cytometry)
42393,BLS,BDB,Research Reagents,Research Core Cobalt,Cobalt Blue OptiBuild,RB670 OptiBuild
42394,BLS,BDB,Research Reagents,Research Non-Core,Non-Flow Cytometry - Assays,Non-Flow Cytometry - Assays
42397,BLS,BDB,Single Cell Multiomics,SCM Reagents,BD AbSeq,AbSeq - MTS vials
42400,BLS,BDB,Research Reagents,Research Core Cobalt,Cobalt YG Support,Antibody Controls
42401,BLS,BDB,Research Reagents,Research Core Cobalt,Cobalt YG MTS,RY655 MTS
42403,BLS,BDB,Research Reagents,Research Core Sirigen,Sirigen - OptiBuild,Sirigen - OptiBuild (Flow Cytometry)
42406,BLS,BDB,Research Reagents,Research Core Cobalt,Cobalt YG OptiBuild,RY703 OptiBuild
42407,BLS,BDB,Research Reagents,Research Core Cobalt,Cobalt YG OptiBuild,RY703 OptiBuild
42408,BLS,BDB,Research Reagents,Research Core Cobalt,Cobalt Blue OptiBuild,RB705 OptiBuild
42409,BLS,BDB,Research Reagents,Research Core Cobalt,Cobalt YG OptiBuild,RY775 OptiBuild
42412,BLS,BDB,Research Reagents,Research Core Cobalt,Cobalt YG OptiBuild,RY610 OptiBuild
42413,BLS,BDB,Research Reagents,Research Core Cobalt,Cobalt Blue OptiBuild,RB670 OptiBuild
42414,BLS,BDB,Research Reagents,Research Core Sirigen,Sirigen - OptiBuild,Sirigen - OptiBuild (Flow Cytometry)
42415,BLS,BDB,Research Reagents,Research Non-Core,Non-Flow Cytometry - Assays,Non-Flow Cytometry - Assays
42417,BLS,BDB,Research Reagents,Research Core Cobalt,Cobalt Blue OptiBuild,RB670 OptiBuild
42420,BLS,BDB,Research Reagents,Research Core Cobalt,Cobalt Blue OptiBuild,RB705 OptiBuild
42421,BLS,BDB,Research Reagents,Research Core Cobalt,Cobalt Blue OptiBuild,RB705 OptiBuild
42422,BLS,BDB,Research Reagents,Research Core Non-Sirigen,Non Sirigen - Immune Function (Flow Cytometry),Non Sirigen - Immune Function (Flow Cytometry)
42425,BLS,BDB,Research Reagents,Research Core Cobalt,Cobalt Blue OptiBuild,RB780 OptiBuild
42429,BLS,BDB,Research Reagents,Research Core Cobalt,Cobalt YG OptiBuild,RY610 OptiBuild
42431,BLS,BDB,Research Reagents,Research Core Non-Sirigen,Non-Sirigen - OptiBuild,Non Sirigen - Optibuild (Flow Cytometry)
42432,BLS,BDB,Research Reagents,Research Core Cobalt,Cobalt YG OptiBuild,RY586 OptiBuild
42434,BLS,BDB,Research Reagents,Research Core Cobalt,Cobalt Blue MTS,RB670 MTS
42438,BLS,BDB,Research Reagents,Research Core Sirigen,Sirigen - OptiBuild,Sirigen - OptiBuild (Flow Cytometry)
42443,BLS,BDB,Research Reagents,Research Core Cobalt,Cobalt Blue Support,Antibody Controls
42449,BLS,BDB,Research Reagents,Research Core Sirigen,Sirigen - OptiBuild,Sirigen - OptiBuild (Flow Cytometry)
42450,BLS,BDB,Research Reagents,Research Core Cobalt,Cobalt Blue OptiBuild,RB670 OptiBuild
42451,BLS,BDB,Research Reagents,Research Core Cobalt,Cobalt Blue MTS,RB705 MTS
42453,BLS,BDB,Research Reagents,Research Non-Core,Non-Flow Cytometry - Assays,Non-Flow Cytometry - Assays
42455,BLS,BDB,Research Reagents,Research Core Cobalt,Cobalt YG OptiBuild,RY586 OptiBuild
42456,BLS,BDB,Research Reagents,Research Core Cobalt,Cobalt YG MTS,RY655 MTS
42458,BLS,BDB,Research Reagents,Research Core Cobalt,Cobalt YG OptiBuild,RY586 OptiBuild
42462,BLS,BDB,Research Reagents,Research Core Cobalt,Cobalt YG OptiBuild,RY775 OptiBuild
42463,BLS,BDB,Research Reagents,Research Non-Core,Non-Flow Cytometry - Assays,Non-Flow Cytometry - Assays
42466,BLS,BDB,Research Reagents,Research Core Cobalt,Cobalt YG MTS,RY703 MTS
42467,BLS,BDB,Research Reagents,Research Core Cobalt,Cobalt YG MTS,RY743 MTS
42468,BLS,BDB,Research Reagents,Research Core Cobalt,Cobalt YG OptiBuild,RY703 OptiBuild
42469,BLS,BDB,Research Reagents,Research Core Cobalt,Cobalt Blue MTS,RB613 MTS
42470,BLS,BDB,Research Reagents,Research Core Non-Sirigen,Non Sirigen - Immune Function (Flow Cytometry),Non Sirigen - Immune Function (Flow Cytometry)
42471,BLS,BDB,Research Reagents,Research Core Cobalt,Cobalt Blue OptiBuild,RB670 OptiBuild
42473,BLS,BDB,Research Reagents,Research Core Non-Sirigen,Non Sirigen - Immune Function (Flow Cytometry),Non Sirigen - Immune Function (Flow Cytometry)
42477,BLS,BDB,Research Reagents,Research Core Cobalt,Cobalt YG OptiBuild,RY703 OptiBuild
42480,BLS,BDB,Research Reagents,Research Core Cobalt,Cobalt YG MTS,RY655 MTS
42481,BLS,BDB,Research Reagents,Research Core Cobalt,Cobalt Blue OptiBuild,RB670 OptiBuild
42483,BLS,BDB,Research Reagents,Research Core Cobalt,Cobalt YG OptiBuild,RY610 OptiBuild
42488,BLS,BDB,Research Reagents,Research Core Cobalt,Cobalt YG MTS,RY655 MTS
42490,BLS,BDB,Research Reagents,Research Core Cobalt,Cobalt Blue OptiBuild,RB613 OptiBuild
42492,BLS,BDB,Research Reagents,Research Core Cobalt,Cobalt Blue OptiBuild,RB670 OptiBuild
42493,BLS,BDB,Research Reagents,Research Core Cobalt,Cobalt YG OptiBuild,RY703 OptiBuild
42499,BLS,BDB,Clinical Reagents,Cancer Reagents,Cancer,CAN Single Color
42504,BLS,BDB,Research Reagents,Research Core Sirigen,Sirigen - OptiBuild,Sirigen - OptiBuild (Flow Cytometry)
42505,BLS,BDB,Research Reagents,Research Core Cobalt,Cobalt YG MTS,RY655 MTS
42509,BLS,BDB,Research Reagents,Research Core Sirigen,Sirigen - Immune Function (Flow Cytometry),Sirigen - Immune Function (Flow Cytometry)
42517,BLS,BDB,Research Reagents,Research Core Cobalt,Cobalt YG OptiBuild,RY586 OptiBuild
42530,BLS,BDB,Research Reagents,Research Core Cobalt,Cobalt YG OptiBuild,RY775 OptiBuild
42533,BLS,BDB,Research Reagents,Research Non-Core,Non-Flow Cytometry - Assays,Non-Flow Cytometry - Assays
42534,BLS,BDB,Research Reagents,Research Core Sirigen,Sirigen - Immune Function (Flow Cytometry),Sirigen - Immune Function (Flow Cytometry)
42535,BLS,BDB,Research Reagents,Research Core Cobalt,Cobalt Blue MTS,RB670 MTS
42536,BLS,BDB,Research Reagents,Research Core Sirigen,Sirigen - OptiBuild,Sirigen - OptiBuild (Flow Cytometry)
42540,BLS,BDB,Research Reagents,Research Core Cobalt,Cobalt YG MTS,RY775 MTS
42545,BLS,BDB,Research Reagents,Research Core Cobalt,Cobalt Blue OptiBuild,RB670 OptiBuild
42546,BLS,BDB,Research Reagents,Research Core Cobalt,Cobalt Blue OptiBuild,RB670 OptiBuild
42547,BLS,BDB,Research Reagents,Research Core Cobalt,Cobalt Blue OptiBuild,RB670 OptiBuild
42549,BLS,BDB,Research Reagents,Research Core Non-Sirigen,Non Sirigen - Immune Function (Flow Cytometry),Non Sirigen - Immune Function (Flow Cytometry)
42552,BLS,SM,Specimen Management Other,Specimen Management Other,Specimen Management Other,ACCUVEIN
42554,BLS,BDB,Research Reagents,Research Core Cobalt,Cobalt YG MTS,RY655 MTS
42555,BLS,BDB,Research Reagents,Research Core Cobalt,Cobalt YG OptiBuild,RY703 OptiBuild
42557,BLS,BDB,Research Reagents,Research Core Sirigen,Sirigen - Support (Flow Cytometry),Sirigen - Support (Flow Cytometry)
42558,BLS,BDB,Research Reagents,Research Core Cobalt,Cobalt Blue Support,Antibody Controls
42559,BLS,BDB,Research Reagents,Research Core Cobalt,Cobalt YG OptiBuild,RY586 OptiBuild
42560,BLS,BDB,Research Reagents,Research Core Cobalt,Cobalt Blue MTS,RB780 MTS
42562,BLS,BDB,Research Reagents,Research Core Sirigen,Sirigen - Immune Function (Flow Cytometry),Sirigen - Immune Function (Flow Cytometry)
42564,BLS,BDB,Research Reagents,Research Core Cobalt,Cobalt Blue OptiBuild,RB545 OptiBuild
42565,BLS,BDB,Research Reagents,Research Core Non-Sirigen,Non Sirigen - Immune Function (Flow Cytometry),Non Sirigen - Immune Function (Flow Cytometry)
42566,BLS,BDB,Research Reagents,Research Core Cobalt,Cobalt YG MTS,RY586 MTS
42568,BLS,BDB,Research Reagents,Research Core Sirigen,Sirigen - Support (Flow Cytometry),Sirigen - Support (Flow Cytometry)
42569,BLS,BDB,Research Reagents,Research Core Cobalt,Cobalt YG MTS,RY655 MTS
42570,BLS,BDB,Research Reagents,Research Core Cobalt,Cobalt Blue OptiBuild,RB744 OptiBuild
42573,BLS,BDB,Research Reagents,Research Core Cobalt,Cobalt Blue OptiBuild,RB670 OptiBuild
42574,BLS,BDB,Research Reagents,Research Core Cobalt,Cobalt YG OptiBuild,RY586 OptiBuild
42576,BLS,BDB,Research Reagents,Research Core Cobalt,Cobalt YG MTS,RY610 MTS
42577,BLS,BDB,Research Reagents,Research Core Cobalt,Cobalt YG MTS,RY775 MTS
42580,BLS,BDB,Research Reagents,Research Core Sirigen,Sirigen - Immune Function (Flow Cytometry),Sirigen - Immune Function (Flow Cytometry)
42581,BLS,BDB,Research Reagents,Research Core Cobalt,Cobalt Blue OptiBuild,RB670 OptiBuild
42583,BLS,BDB,Research Reagents,Research Core Cobalt,Cobalt Blue OptiBuild,RB545 OptiBuild
42585,BLS,BDB,Research Reagents,Research Core Cobalt,Cobalt Blue OptiBuild,RB705 OptiBuild
42591,BLS,BDB,Research Reagents,Research Core Cobalt,Cobalt Blue MTS,RB744 MTS
42593,BLS,BDB,Research Reagents,Research Core Sirigen,Sirigen - Immune Function (Flow Cytometry),Sirigen - Immune Function (Flow Cytometry)
42595,BLS,BDB,Research Reagents,Research Core Non-Sirigen,Non Sirigen - Immune Function (Flow Cytometry),Non Sirigen - Immune Function (Flow Cytometry)
42599,BLS,BDB,Research Reagents,Research Core Non-Sirigen,Non Sirigen - Immune Function (Flow Cytometry),Non Sirigen - Immune Function (Flow Cytometry)
42601,BLS,BDB,Research Reagents,Research Core Cobalt,Cobalt Blue MTS,RB780 MTS
42602,BLS,BDB,Research Reagents,Research Core Cobalt,Cobalt YG OptiBuild,RY610 OptiBuild
42605,BLS,BDB,Research Reagents,Research Core Cobalt,Cobalt Blue OptiBuild,RB780 OptiBuild
42606,BLS,BDB,Research Reagents,Research Core Cobalt,Cobalt YG OptiBuild,RY775 OptiBuild
42608,BLS,BDB,Research Reagents,Research Core Non-Sirigen,Non Sirigen - Immune Function (Flow Cytometry),Non Sirigen - Immune Function (Flow Cytometry)
42610,BLS,BDB,Research Reagents,Research Core Non-Sirigen,Non Sirigen - Immune Function (Flow Cytometry),Non Sirigen - Immune Function (Flow Cytometry)
42611,BLS,BDB,Research Reagents,Research Core Sirigen,Sirigen - Immune Function (Flow Cytometry),Sirigen - Immune Function (Flow Cytometry)
42614,BLS,BDB,Research Reagents,Research Non-Core,Non-Flow Cytometry - Assays,Non-Flow Cytometry - Assays
42620,BLS,BDB,Research Reagents,Research Core Cobalt,Cobalt YG OptiBuild,RY775 OptiBuild
42621,BLS,BDB,Research Reagents,Research Core Cobalt,Cobalt YG MTS,RY743 MTS
42623,BLS,BDB,Research Reagents,Research Core Sirigen,Sirigen - Immune Function (Flow Cytometry),Sirigen - Immune Function (Flow Cytometry)
42625,BLS,BDB,Research Reagents,Research Core Cobalt,Cobalt Blue OptiBuild,RB670 OptiBuild
42626,BLS,BDB,Research Reagents,Research Core Cobalt,Cobalt Blue MTS,RB670 MTS
42627,BLS,BDB,Research Reagents,Research Core Non-Sirigen,Non Sirigen - Immune Function (Flow Cytometry),Non Sirigen - Immune Function (Flow Cytometry)
42628,BLS,BDB,Research Reagents,Research Core Cobalt,Cobalt YG MTS,RY610 MTS
42631,BLS,BDB,Research Reagents,Research Core Cobalt,Cobalt YG MTS,RY743 MTS
42632,BLS,BDB,Research Reagents,Research Core Cobalt,Cobalt Blue MTS,RB705 MTS
42634,BLS,DS,Veritor Cov,Veritor Cov,Visual Read COV19 Antigen,Visual Read COV19 Antigen
42636,BLS,BDB,Research Reagents,Research Core Cobalt,Cobalt Red MTS,RR688 MTS
42639,BLS,BDB,Research Reagents,Research Core Cobalt,Cobalt Blue MTS,RB780 MTS
42640,BLS,BDB,Research Reagents,Research Core Cobalt,Cobalt YG OptiBuild,RY610 OptiBuild
42641,BLS,BDB,Research Reagents,Research Core Cobalt,Cobalt Blue OptiBuild,RB705 OptiBuild
42642,BLS,BDB,Research Reagents,Research Core Cobalt,Cobalt Blue OptiBuild,RB780 OptiBuild
42643,BLS,BDB,Research Reagents,Research Core Cobalt,Cobalt Blue OptiBuild,RB613 OptiBuild
42646,BLS,DS,Informatics,Informatics,Epicenter,Epicenter Hardware
42647,BLS,BDB,Research Reagents,Research Core Non-Sirigen,Non-Sirigen - OptiBuild,Non Sirigen - Optibuild (Flow Cytometry)
42648,BLS,BDB,Research Reagents,Research Core Cobalt,Cobalt Blue MTS,RB744 MTS
42651,BLS,BDB,Research Reagents,Research Core Non-Sirigen,Non Sirigen - Immune Function (Flow Cytometry),Non Sirigen - Immune Function (Flow Cytometry)
42652,BLS,BDB,Research Reagents,Research Core Non-Sirigen,Non Sirigen - Immune Function (Flow Cytometry),Non Sirigen - Immune Function (Flow Cytometry)
42657,BLS,BDB,Research Reagents,Research Core Cobalt,Cobalt Blue MTS,RB780 MTS
42662,BLS,BDB,Research Reagents,Research Core Cobalt,Cobalt Blue MTS,RB670 MTS
42665,BLS,BDB,Research Reagents,Research Core Non-Sirigen,Non Sirigen - Immune Function (Flow Cytometry),Non Sirigen - Immune Function (Flow Cytometry)
42670,BLS,BDB,Research Reagents,Research Core Non-Sirigen,Non Sirigen - Immune Function (Flow Cytometry),Non Sirigen - Immune Function (Flow Cytometry)
42672,BLS,BDB,Research Reagents,Research Core Cobalt,Cobalt YG MTS,RY743 MTS
42673,BLS,BDB,Research Reagents,Research Core Cobalt,Cobalt YG MTS,RY775 MTS
42674,BLS,BDB,Research Reagents,Research Core Non-Sirigen,Non Sirigen - Immune Function (Flow Cytometry),Non Sirigen - Immune Function (Flow Cytometry)
42677,BLS,BDB,Research Reagents,Research Core Cobalt,Cobalt YG MTS,RY775 MTS
42678,BLS,BDB,Research Reagents,Research Core Cobalt,Cobalt Blue OptiBuild,RB705 OptiBuild
42683,BLS,DS,Veritor Cov,Veritor Cov,Visual Read COV19 Antigen,Visual Read COV19 Antigen
42684,BLS,BDB,Research Reagents,Research Core Cobalt,Cobalt Blue OptiBuild,RB670 OptiBuild
42690,BLS,BDB,Research Reagents,Research Core Sirigen,Sirigen - OptiBuild,Sirigen - OptiBuild (Flow Cytometry)
42692,BLS,BDB,Research Reagents,Research Core Cobalt,Cobalt YG MTS,RY703 MTS
42694,BLS,BDB,Research Reagents,Research Core Cobalt,Cobalt Red MTS,RR688 MTS
42695,BLS,BDB,Research Reagents,Research Core Non-Sirigen,Non Sirigen - Immune Function (Flow Cytometry),Non Sirigen - Immune Function (Flow Cytometry)
42698,BLS,BDB,Research Reagents,Research Core Cobalt,Cobalt YG OptiBuild,RY586 OptiBuild
42701,BLS,BDB,Research Reagents,Research Core Cobalt,Cobalt YG OptiBuild,RY610 OptiBuild
42703,BLS,BDB,Research Reagents,Research Core Cobalt,Cobalt Blue OptiBuild,RB670 OptiBuild
42704,BLS,BDB,Research Reagents,Research Core Cobalt,Cobalt YG OptiBuild,RY586 OptiBuild
42706,BLS,BDB,Research Reagents,Research Core Cobalt,Cobalt Blue MTS,RB780 MTS
42709,BLS,BDB,Research Reagents,Research Core Sirigen,Sirigen - Immune Function (Flow Cytometry),Sirigen - Immune Function (Flow Cytometry)
42715,BLS,BDB,Research Reagents,Research Core Non-Sirigen,Non Sirigen - Immune Function (Flow Cytometry),Non Sirigen - Immune Function (Flow Cytometry)
42721,BDI,UCC,Endourology,Stone Disposables,Dilation Products,Goodwin Sounds
42722,BLS,BDB,Research Reagents,Research Core Non-Sirigen,Non Sirigen - Immune Function (Flow Cytometry),Non Sirigen - Immune Function (Flow Cytometry)
42728,BLS,BDB,Research Reagents,Research Core Cobalt,Cobalt YG MTS,RY586 MTS
42735,BDM,MMS,BD Nexus,Service,BD Nexus Service Parts,Spares Parts
42741,BLS,BDB,Research Reagents,Research Core Cobalt,Cobalt YG OptiBuild,RY586 OptiBuild
42743,BLS,BDB,Research Reagents,Research Core Cobalt,Cobalt Blue MTS,RB613 MTS
42744,BLS,BDB,Research Reagents,Research Core Non-Sirigen,Non Sirigen - Immune Function (Flow Cytometry),Non Sirigen - Immune Function (Flow Cytometry)
42746,BLS,BDB,Research Reagents,Research Core Cobalt,Cobalt YG OptiBuild,RY703 OptiBuild
42747,BLS,BDB,Research Reagents,Research Core Non-Sirigen,Non Sirigen - Immune Function (Flow Cytometry),Non Sirigen - Immune Function (Flow Cytometry)
42748,BLS,BDB,Research Reagents,Research Non-Core,Non-Flow Cytometry - Assays,Non-Flow Cytometry - Assays
42751,BLS,BDB,Research Reagents,Research Core Sirigen,Sirigen - Immune Function (Flow Cytometry),Sirigen - Immune Function (Flow Cytometry)
42753,BLS,BDB,Research Reagents,Research Core Cobalt,Cobalt Blue OptiBuild,RB705 OptiBuild
42754,BLS,BDB,Research Reagents,Research Core Cobalt,Cobalt YG MTS,RY743 MTS
42755,BLS,BDB,Research Reagents,Research Core Cobalt,Cobalt Blue OptiBuild,RB705 OptiBuild
42756,BLS,BDB,Research Reagents,Research Core Sirigen,Sirigen - Immune Function (Flow Cytometry),Sirigen - Immune Function (Flow Cytometry)
42759,BLS,BDB,Research Reagents,Research Core Cobalt,Cobalt YG OptiBuild,RY610 OptiBuild
42770,BLS,BDB,Research Reagents,Research Core Cobalt,Cobalt YG OptiBuild,RY586 OptiBuild
42771,BDM,MDS,Vascular Access Technologies,Sherlock,Sherlock Accessories,Sherlock Accessories
42774,BLS,BDB,Research Reagents,Research Core Cobalt,Cobalt YG MTS,RY743 MTS
42777,BDI,UCC,Endourology,Stone Disposables,Stents,Polyurethane Stents
42780,BDI,UCC,Total Home Care Sales,Urology Home Care,Home Care Non Bard,UK DAC Sales (Non Bard)
42781,BLS,BDB,Research Reagents,Research Core Cobalt,Cobalt YG MTS,RY743 MTS
42782,BLS,BDB,Research Reagents,Research Core Cobalt,Cobalt Blue OptiBuild,RB705 OptiBuild
42785,BLS,BDB,Research Reagents,Research Core Non-Sirigen,Non Sirigen - Immune Function (Flow Cytometry),Non Sirigen - Immune Function (Flow Cytometry)
42789,BLS,BDB,Research Reagents,Research Core Cobalt,Cobalt YG OptiBuild,RY610 OptiBuild
42795,BLS,BDB,Research Reagents,Research Core Cobalt,Cobalt YG OptiBuild,RY586 OptiBuild
42796,BLS,BDB,Research Reagents,Research Core Cobalt,Cobalt YG MTS,RY610 MTS
42798,BLS,BDB,Research Reagents,Research Core Cobalt,Cobalt YG MTS,RY586 MTS
42799,BDM,MMS,BD Nexus,Service,BD Nexus Service Parts,Spares Parts
42800,BLS,BDB,Research Reagents,Research Core Cobalt,Cobalt Blue OptiBuild,RB705 OptiBuild
42802,BLS,BDB,Research Reagents,Research Core Cobalt,Cobalt YG OptiBuild,RY586 OptiBuild
42804,BLS,BDB,Research Reagents,Research Core Cobalt,Cobalt Blue OptiBuild,RB613 OptiBuild
42806,BDI,UCC,Endourology,Stone Disposables,Dilation Products,Spiral Filiform
42807,BLS,BDB,Research Reagents,Research Core Cobalt,Cobalt YG OptiBuild,RY775 OptiBuild
42808,BDI,PI,Peripheral Vascular Disease,PTA PVD,Other PTA,Halo One
42809,BLS,BDB,Research Reagents,Research Non-Core,Non-Flow Cytometry - Assays,Non-Flow Cytometry - Assays
42811,BLS,BDB,Research Instruments,FACSCelesta,FACSCelesta Options,FACSCelesta Options
42813,BLS,BDB,Research Reagents,Research Core Non-Sirigen,Non Sirigen - Immune Function (Flow Cytometry),Non Sirigen - Immune Function (Flow Cytometry)
42814,BLS,BDB,Research Reagents,Research Core Cobalt,Cobalt Red MTS,RR688 MTS
42816,BLS,BDB,Research Reagents,Research Core Non-Sirigen,Non Sirigen - Immune Function (Flow Cytometry),Non Sirigen - Immune Function (Flow Cytometry)
42825,BLS,BDB,Research Reagents,Research Core Non-Sirigen,Non Sirigen - Immune Function (Flow Cytometry),Non Sirigen - Immune Function (Flow Cytometry)
42828,BDI,PI,Oncology,Vacuum Assisted,Encor Capital,Encor Enspire Capital
42831,BDI,UCC,Total Home Care Sales,Urology Home Care,Home Care Non Bard,UK DAC Sales (Non Bard)
42832,BLS,BDB,Research Reagents,Research Core Non-Sirigen,Non Sirigen - Immune Function (Flow Cytometry),Non Sirigen - Immune Function (Flow Cytometry)
42833,BDI,UCC,Total Home Care Sales,Urology Home Care,Home Care Non Bard,UK DAC Sales (Non Bard)
42834,BLS,BDB,Research Reagents,Research Core Cobalt,Cobalt YG MTS,RY775 MTS
42835,BLS,BDB,Research Reagents,Research Core Cobalt,Cobalt YG OptiBuild,RY586 OptiBuild
42837,BLS,BDB,Research Reagents,Research Core Cobalt,Cobalt YG OptiBuild,RY610 OptiBuild
42838,BLS,BDB,Research Reagents,Research Core Cobalt,Cobalt Blue OptiBuild,RB780 OptiBuild
42839,BLS,BDB,Research Reagents,Research Core Cobalt,Cobalt YG OptiBuild,RY586 OptiBuild
42840,BDI,SUR,Hernia,Groin Hernia,Groin Open,Soft Mesh
42841,BLS,BDB,Research Reagents,Research Core Cobalt,Cobalt Blue OptiBuild,RB613 OptiBuild
42842,BLS,BDB,Research Reagents,Research Core Cobalt,Cobalt YG OptiBuild,RY775 OptiBuild
42843,BDM,MMS,BD Nexus,Service,BD Nexus Service Parts,Spares Parts
42848,BDM,MMS,Alaris System,Service,Alaris System Service Parts,Support Materials NONCATALOG
42849,BLS,BDB,Research Reagents,Research Core Cobalt,Cobalt YG OptiBuild,RY703 OptiBuild
42851,BLS,BDB,Research Reagents,Research Core Cobalt,Cobalt Blue MTS,RB613 MTS
42853,BDM,MMS,CME,CME - PC Adjustment,CME - PC Adjustment,CME - PC Adjustment
42856,BDI,UCC,Total Home Care Sales,Urology Home Care,Home Care Non Bard,UK DAC Sales (Non Bard)
42857,BLS,BDB,Clinical Reagents,Custom Clinical Reagents,Custom - CTT CM,CTT CM
42862,BDM,MMS,BD Nexus,Service,BD Nexus Service Parts,Spares Parts
42866,BDI,UCC,Total Home Care Sales,Urology Home Care,Home Care Non Bard,UK DAC Sales (Non Bard)
42869,BDI,UCC,Total Home Care Sales,Urology Home Care,Home Care Non Bard,UK DAC Sales (Non Bard)
42871,BDM,MMS,BD Nexus,Service,BD Nexus Service Parts,Spares Parts
42874,BDI,UCC,Total Home Care Sales,Urology Home Care,Home Care Non Bard,UK DAC Sales (Non Bard)
42875,BDI,UCC,Total Home Care Sales,Urology Home Care,Home Care Non Bard,UK DAC Sales (Non Bard)
42876,BDI,UCC,Total Home Care Sales,Urology Home Care,Home Care Non Bard,UK DAC Sales (Non Bard)
42882,BDI,UCC,Total Home Care Sales,Urology Home Care,Home Care Non Bard,UK DAC Sales (Non Bard)
42884,BLS,BDB,Research Instruments,Other Instrument Revenue (Research),Other Instrument Revenue (Research),Other Instrument Revenue (Research)
42888,BDM,MMS,BD Nexus,Service,BD Nexus Service Parts,Spares SYP
42895,BDI,PI,Peripheral Vascular Disease,PAD Mechanical,Rotarex Capital,Rotarex Capital
42896,BLS,BDB,Research Reagents,Custom Research Reagents,Non Sirigen - CTT,Non Sirigen - CTT
42897,BLS,BDB,Research Reagents,Custom Research Reagents,Non Sirigen - CTT,Non Sirigen - CTT
42900,BDI,PI,Oncology,Biopsy Needles and Accessories,Core Needle Biopsy Capital,Magnum Capital
42901,BDI,PI,Oncology,Biopsy Needles and Accessories,Core Needle Biopsy Capital,Magnum Capital
42902,BDI,PI,Oncology,Biopsy Needles and Accessories,Core Needle Biopsy Capital,Magnum Capital
42903,BDI,PI,Oncology,Biopsy Needles and Accessories,Core Needle Biopsy Capital,Magnum Capital
42904,BDI,PI,Oncology,Biopsy Needles and Accessories,Core Needle Biopsy Capital,Magnum Capital
42905,BDI,PI,Oncology,Biopsy Needles and Accessories,Core Needle Biopsy Capital,Magnum Capital
42910,BLS,DS,Molecular Diagnostics,Molecular Diagnostics - PC Adjustment,Molecular Diagnostics - PC Adjustment,Molecular Diagnostics - PC Adjustment
42918,BDM,MMS,BD Nexus,Service,BD Nexus Service Parts,Directions for Use (DFU)
42919,BDM,MMS,BD Nexus,Service,BD Nexus Service Parts,Directions for Use (DFU)
42920,BDM,MMS,BD Nexus,Service,BD Nexus Service Parts,Directions for Use (DFU)
42921,BLS,BDB,Clinical Instruments,Cytognos Software,Cytognos Infinicyt,Cytognos Infinicyt
42924,BLS,BDB,Clinical Reagents,Custom Clinical Reagents,Custom - CTT CM,CTT CM
42925,BLS,BDB,Clinical Reagents,Custom Clinical Reagents,Custom - CTT CM,CTT CM
42926,BLS,BDB,Clinical Reagents,Custom Clinical Reagents,Custom - CTT CM,CTT CM
42927,BLS,BDB,Clinical Reagents,Custom Clinical Reagents,Custom - CTT CM,CTT CM
42928,BLS,BDB,Clinical Reagents,Custom Clinical Reagents,Custom - CTT CM,CTT CM
42929,BLS,BDB,Clinical Reagents,Custom Clinical Reagents,Custom - CTT CM,CTT CM
42930,BLS,BDB,Clinical Reagents,Custom Clinical Reagents,Custom - CTT CM,CTT CM
42931,BLS,BDB,Clinical Reagents,Custom Clinical Reagents,Custom - CTT CM,CTT CM
42932,BLS,BDB,Clinical Reagents,Custom Clinical Reagents,Custom - CTT CM,CTT CM
42933,BLS,BDB,Clinical Reagents,Custom Clinical Reagents,Custom - CTT CM,CTT CM
42934,BLS,BDB,Clinical Reagents,Custom Clinical Reagents,Custom - CTT CM,CTT CM
42935,BLS,BDB,Clinical Reagents,Custom Clinical Reagents,Custom - CTT CM,CTT CM
42936,BLS,BDB,Clinical Reagents,Custom Clinical Reagents,Custom - CTT CM,CTT CM
42937,BLS,BDB,Clinical Reagents,Custom Clinical Reagents,Custom - CTT CM,CTT CM
42938,BLS,BDB,Clinical Reagents,Custom Clinical Reagents,Custom - CTT CM,CTT CM
42939,BLS,BDB,Clinical Reagents,Custom Clinical Reagents,Custom - CTT CM,CTT CM
42940,BLS,BDB,Clinical Reagents,Custom Clinical Reagents,Custom - CTT CM,CTT CM
42941,BLS,BDB,Clinical Reagents,Custom Clinical Reagents,Custom - CTT CM,CTT CM
42942,BLS,BDB,Clinical Reagents,Custom Clinical Reagents,Custom - CTT CM,CTT CM
42943,BLS,BDB,Clinical Reagents,Custom Clinical Reagents,Custom - CTT CM,CTT CM
42944,BLS,BDB,Clinical Reagents,Custom Clinical Reagents,Custom - CTT CM,CTT CM
42945,BLS,BDB,Clinical Reagents,Custom Clinical Reagents,Custom - CTT CM,CTT CM
42946,BLS,BDB,Clinical Reagents,Custom Clinical Reagents,Custom - CTT CM,CTT CM
42947,BLS,BDB,Clinical Reagents,Custom Clinical Reagents,Clinical Sirigen - CTT,Clinical Sirigen - CTT
42948,BLS,BDB,Clinical Reagents,Custom Clinical Reagents,Clinical Sirigen - CTT,Clinical Sirigen - CTT
42949,BLS,BDB,Clinical Reagents,Custom Clinical Reagents,Clinical Sirigen - CTT,Clinical Sirigen - CTT
42951,BLS,BDB,Research Instruments,FACSAria,FACSAria Options,FACSAria Options
42956,BLS,BDB,Research Instruments,LSR/Fortessa,LSR/Fortessa Options,LSR/Fortessa Options
42957,BLS,BDB,Research Instruments,Other Instrument Revenue (Research),Other Instrument Revenue (Research),Other Instrument Revenue (Research)
42958,BLS,BDB,Research Instruments,Other Instrument Revenue (Research),Other Instrument Revenue (Research),Other Instrument Revenue (Research)
42962,BLS,BDB,Research Instruments,Other Instrument Revenue (Research),Other Instrument Revenue (Research),Other Instrument Revenue (Research)
42963,BLS,BDB,Research Reagents,Custom Research Reagents,Non Sirigen - CTT,Non Sirigen - CTT
42964,BLS,BDB,Research Reagents,Custom Research Reagents,Non Sirigen - CTT,Non Sirigen - CTT
42967,BLS,BDB,Research Reagents,Research Core Non-Sirigen,Non Sirigen - Cell Signal Cancer (Flow Cytometry),Non Sirigen - Cell Signal Cancer (Flow Cytometry)
42968,BLS,BDB,Research Reagents,Research Core Non-Sirigen,Non Sirigen - Cell Signal Cancer (Flow Cytometry),Non Sirigen - Cell Signal Cancer (Flow Cytometry)
42975,BLS,DS,Molecular Diagnostics,BD MAX,All Other BD MAX,MAX Instrument Other
42976,BLS,DS,Microbiology,TB,TB Other,Growth Micro Othr TB
42979,BLS,DS,Informatics,Informatics,Epicenter,Epicenter Hardware
42982,BLS,DS,Lab Automation,Lab Automation,All Other Lab Automation Instruments,Other Instr- Sale
42984,BLS,DS,Cancer,Cytology,FocalPoint Instr - Sale,FocalPoint Sales
42985,BLS,DS,Cancer,Cytology,All Other Instruments,FocalPoint Instrument Accessories
42986,BLS,DS,Cancer,Cytology,All Other Instruments,FocalPoint Instrument Accessories
42987,BLS,DS,Cancer,Cytology,All Other Instruments,FocalPoint Instrument Accessories
42989,BLS,DS,Cancer,Cytology,All Other Instruments,PrepStain Plus Accessories
42990,BLS,DS,Cancer,Cytology,All Other Instruments,FEA- Accessories
42996,BLS,BDB,Research Reagents,Custom Research Reagents,Cobalt - Customs,Cobalt - Customs
42999,BLS,BDB,Research Reagents,Custom Research Reagents,Sirigen - Customs,Sirigen - Customs
43004,BLS,BDB,Research Reagents,Custom Research Reagents,Cobalt - Customs,Cobalt - Customs
43009,BLS,BDB,Research Reagents,Custom Research Reagents,Non-Sirigen - High Parameter,Non Sirigen - High Parameter (Flow Cytometry)
43018,BLS,SM,Specimen Management Other,Specimen Management Other,Specimen Management Other,All Other PAS
43022,BLS,BDB,Research Instruments,Other Instrument Revenue (Research),Other Instrument Revenue (Research),Other Instrument Revenue (Research)
43039,BLS,BDB,Research Instruments,FACSymphony Sorters,FACSymphony S6,FACSymphony S6
43041,BLS,BDB,Research Instruments,FACSymphony Sorters,FACSymphony S6,FACSymphony S6
43043,BLS,BDB,Research Instruments,FACSymphony Sorters,FACSymphony S6,FACSymphony S6
43044,BLS,BDB,Research Instruments,FACSymphony Analyzers,FACSymphony A5 Sorp Instrument,FACSymphony A5 Sorp Instrument
43047,BLS,BDB,Research Instruments,FACSymphony Sorters,FACSymphony S6,FACSymphony S6
43050,BLS,BDB,Research Instruments,FACSAria,FACSAria Fusion Instrument,FACSAria Fusion Instrument
43051,BLS,BDB,Research Instruments,FACSymphony Sorters,FACSymphony S6,FACSymphony S6
43052,BLS,BDB,Research Instruments,FACSAria,FACSAria Fusion Instrument,FACSAria Fusion Instrument
43053,BLS,BDB,Research Instruments,FACSymphony Analyzers,FACSymphony A3 Sorp Instrument,FACSymphony A3 Sorp Instrument
43054,BLS,BDB,Research Instruments,FACSymphony Analyzers,FACSymphony A5 Sorp Instrument,FACSymphony A5 Sorp Instrument
43056,BLS,BDB,Research Instruments,FACSymphony Analyzers,FACSymphony A3 Sorp Instrument,FACSymphony A3 Sorp Instrument
43059,BLS,BDB,Research Instruments,FACSymphony Analyzers,FACSymphony A3 Sorp Instrument,FACSymphony A3 Sorp Instrument
43060,BLS,BDB,Research Instruments,FACSymphony Analyzers,FACSymphony A5 Sorp Instrument,FACSymphony A5 Sorp Instrument
43062,BDM,MDS,Hypodermic Products,Hypodermic Products - PC Adjustment,Hypodermic Products - PC Adjustment,Hypodermic Products - PC Adjustment
43063,BLS,BDB,Research Instruments,FACSAria,FACSAria Fusion Instrument,FACSAria Fusion Instrument
43065,BLS,BDB,Research Instruments,FACSymphony Analyzers,FACSymphony A3 Sorp Instrument,FACSymphony A3 Sorp Instrument
43066,BLS,DS,Cancer,Cytology,FocalPoint Instr - Sale,FocalPoint Sales
43069,BLS,BDB,Research Instruments,FACSAria,FACSAria Fusion Instrument,FACSAria Fusion Instrument
43070,BLS,BDB,Research Instruments,LSR/Fortessa,LSR/Fortessa X-20,LSR/Fortessa X-20
43073,BLS,BDB,Research Instruments,FACSymphony Analyzers,FACSymphony A3 Sorp Instrument,FACSymphony A3 Sorp Instrument
43074,BLS,BDB,Research Instruments,LSR/Fortessa,LSR/Fortessa X-20,LSR/Fortessa X-20
43076,BLS,BDB,Research Instruments,LSR/Fortessa,LSR/Fortessa,LSR/Fortessa
43077,BLS,BDB,Research Instruments,FACSymphony Analyzers,FACSymphony A3 Sorp Instrument,FACSymphony A3 Sorp Instrument
43081,BLS,BDB,Research Instruments,LSR/Fortessa,LSR/Fortessa X-20,LSR/Fortessa X-20
43082,BLS,BDB,Research Instruments,FACSymphony Analyzers,FACSymphony A3 Sorp Instrument,FACSymphony A3 Sorp Instrument
43083,BLS,BDB,Research Instruments,LSR/Fortessa,LSR/Fortessa X-20,LSR/Fortessa X-20
43085,BLS,BDB,Research Instruments,FACSymphony Analyzers,FACSymphony A3 Sorp Instrument,FACSymphony A3 Sorp Instrument
43086,BLS,BDB,Research Instruments,LSR/Fortessa,LSR/Fortessa X-20,LSR/Fortessa X-20
43090,BLS,BDB,Research Instruments,FACSymphony Analyzers,FACSymphony A3 Sorp Instrument,FACSymphony A3 Sorp Instrument
43094,BLS,BDB,Research Instruments,FACSymphony Analyzers,FACSymphony A3 Sorp Instrument,FACSymphony A3 Sorp Instrument
43095,BLS,BDB,Research Instruments,LSR/Fortessa,LSR/Fortessa X-20,LSR/Fortessa X-20
43096,BLS,BDB,Research Instruments,LSR/Fortessa,LSR/Fortessa X-20,LSR/Fortessa X-20
43097,BLS,BDB,Research Instruments,FACSMelody,FACSMelody Instrument,FACSMelody Instrument
43098,BLS,BDB,Research Instruments,FACSMelody,FACSMelody Instrument,FACSMelody Instrument
43099,BDM,MMS,ROWA Retail,ROWA Retail,ROWA Retail - Other,ROWA Retail - Other
43102,BLS,BDB,Research Instruments,FACSymphony Analyzers,FACSymphony A5 Sorp Instrument,FACSymphony A5 Sorp Instrument
43107,BLS,BDB,Research Instruments,FACSMelody,FACSMelody Instrument,FACSMelody Instrument
43108,BLS,BDB,Clinical Instruments,FACSLyric,FACSLyric Instrument,FACSLyric Instrument
43109,BLS,BDB,Research Instruments,FACSMelody,FACSMelody Instrument,FACSMelody Instrument
43110,BLS,BDB,Research Instruments,FACSymphony Sorters,FACSymphony Sorter Options and Upgrades,FACSymphony Sorter Options and Upgrades
43113,BLS,BDB,Research Instruments,FACSymphony Analyzers,FACSymphony Other Options and Upgrades,FACSymphony Other Options and Upgrades
43114,BDM,MMS,Alaris System,Software,Alaris System Interop,Perpetual License
43115,BLS,BDB,Research Instruments,FACSymphony A1,FACSymphony A1 Instrument,FACSymphony A1 Instrument
43116,BLS,BDB,Research Instruments,FACSAria,FACSAria Options,FACSAria Options
43117,BDM,MMS,Alaris System,Software,Alaris System Interop,Perpetual License
43118,BLS,BDB,Research Instruments,FACSymphony Sorters,FACSymphony Sorter Options and Upgrades,FACSymphony Sorter Options and Upgrades
43119,BLS,BDB,Research Instruments,FACSAria,FACSAria Options,FACSAria Options
43120,BLS,BDB,Research Instruments,FACSAria,FACSAria Options,FACSAria Options
43121,BLS,BDB,Research Instruments,LSR/Fortessa,LSR/Fortessa X-20,LSR/Fortessa X-20
43122,BLS,BDB,Research Instruments,FACSAria,FACSAria Options,FACSAria Options
43123,BLS,BDB,Research Instruments,LSR/Fortessa,LSR/Fortessa Options,LSR/Fortessa Options
43128,BLS,BDB,Research Instruments,FACSymphony Analyzers,FACSymphony Other Options and Upgrades,FACSymphony Other Options and Upgrades
43129,BLS,BDB,Research Instruments,FACSAria,FACSAria Options,FACSAria Options
43130,BLS,BDB,Research Instruments,LSR/Fortessa,LSR/Fortessa Options,LSR/Fortessa Options
43131,BDM,PS,SAIS,Device,Autoinjector Physioject,Autoinjector Physioject - Adjustment
43132,BDI,PI,Oncology,Other Biopsy,CoreLite Capital,CoreLite Capital
43133,BLS,BDB,Research Instruments,FACSAria,FACSAria Options,FACSAria Options
43134,BLS,BDB,Research Instruments,LSR/Fortessa,LSR/Fortessa Options,LSR/Fortessa Options
43135,BLS,BDB,Research Instruments,FACSAria,FACSAria Options,FACSAria Options
43139,BDM,MMS,Alaris System,Software,Alaris System Interop,Perpetual License
43142,BLS,BDB,Research Instruments,FACSAria,FACSAria Options,FACSAria Options
43143,BLS,BDB,Research Instruments,LSR/Fortessa,LSR/Fortessa Options,LSR/Fortessa Options
43145,BLS,BDB,Research Instruments,FACSMelody,FACSMelody Options,FACSMelody Options
43146,BLS,BDB,Research Instruments,Other Instrument Revenue (Research),Other Instrument Revenue (Research),Other Instrument Revenue (Research)
43147,BLS,BDB,Research Instruments,LSR/Fortessa,LSR/Fortessa Options,LSR/Fortessa Options
43149,BLS,BDB,Research Instruments,FACSMelody,FACSMelody Options,FACSMelody Options
43150,BLS,BDB,Research Instruments,Other Instrument Revenue (Research),Other Instrument Revenue (Research),Other Instrument Revenue (Research)
43154,BDI,PI,Oncology,Brachy,Brachy Equipment,Third-party Equipment
43155,BLS,BDB,Research Instruments,FACSAria,FACSAria Options,FACSAria Options
43156,BLS,BDB,Research Instruments,FACSAria,FACSAria Options,FACSAria Options
43159,BDI,PI,Oncology,Other Biopsy,CoreLite Capital,CoreLite Capital
43160,BLS,DS,Lab Automation,Lab Automation - PC Adjustment,Lab Automation - PC Adjustment,Lab Automation - PC Adjustment
43161,BLS,BDB,Research Instruments,FACSymphony Analyzers,FACSymphony Other Options and Upgrades,FACSymphony Other Options and Upgrades
43164,BLS,BDB,Research Instruments,FACSAria,FACSAria Options,FACSAria Options
43165,BDI,PI,Oncology,Other Biopsy,CoreLite Capital,CoreLite Capital
43167,BDI,PI,Peripheral Vascular Disease,PAD Mechanical,Rotarex Capital,Rotarex Capital
43169,BLS,BDB,Research Instruments,LSR/Fortessa,LSR/Fortessa Options,LSR/Fortessa Options
43173,BLS,BDB,Clinical Instruments,Other Instrument Revenue (Clinical),Other Instrument Revenue (Clinical),Other Instrument Revenue (Clinical)
43176,BDI,PI,Peripheral Vascular Disease,PAD Mechanical,Rotarex Capital,Rotarex Capital
43177,BLS,BDB,Research Instruments,Other Instrument Revenue (Research),Other Instrument Revenue (Research),Other Instrument Revenue (Research)
43180,BLS,DS,Lab Automation,Lab Automation - PC Adjustment,Lab Automation - PC Adjustment,Lab Automation - PC Adjustment
43182,BLS,BDB,Clinical Instruments,Cytognos Software,Cytognos Infinicyt,Cytognos Infinicyt
43184,BDM,MDS,Vascular Access Technologies,Site-Rite,Site-Rite Consoles - ISALES,Site Rite 9 Consoles
43193,BLS,BDB,Research Instruments,LSR/Fortessa,LSR/Fortessa Options,LSR/Fortessa Options
43195,BLS,DS,Lab Automation,Lab Automation,All Other Lab Automation Instruments,Other Instr- Sale
43196,BLS,BDB,Research Instruments,Other Instrument Revenue (Research),Other Instrument Revenue (Research),Other Instrument Revenue (Research)
43199,BLS,BDB,Research Instruments,FACSMelody,FACSMelody Options,FACSMelody Options
43202,BLS,BDB,Research Instruments,Other Instrument Revenue (Research),Other Instrument Revenue (Research),Other Instrument Revenue (Research)
43204,BLS,BDB,Research Instruments,LSR/Fortessa,LSR/Fortessa Options,LSR/Fortessa Options
43207,BDI,SUR,Hernia,Ventral,Lap Ventral,Composix LP
43208,BDI,PI,End Stage Kidney Disease,Dialysis Access Grafts,AV Grafts,Access Grafts
43209,BLS,BDB,Research Instruments,LSR/Fortessa,LSR/Fortessa Options,LSR/Fortessa Options
43213,BLS,DS,Microbiology,Industrial Microbiology,Misc Industrial Microbiology,Miscellaneous
43215,BDI,SUR,Hernia,Complex Abdominal Wall Reconstruction,Phasix,Phasix Prevent
43216,BLS,DS,Microbiology,Blood Culture,BACTEC FX Instr - Plcmt,BACTEC FX Inst Place
43218,BLS,BDB,Research Instruments,FACSAria,FACSAria Options,FACSAria Options
43219,BLS,BDB,Clinical Reagents,Other Reagents,Other Reagents,Immune Function
43228,BLS,BDB,Research Reagents,Research Non-Core,Non-Flow Cytometry - Assays,Non-Flow Cytometry - Assays
43231,BDM,MDS,Vascular Access Technologies,Sherlock,Sherlock Accessories,Sherlock Accessories
43233,BLS,BDB,Research Instruments,FACSAria,FACSAria Options,FACSAria Options
43234,BDI,SUR,Hernia,Complex Abdominal Wall Reconstruction,Phasix,Phasix Prevent
43240,BLS,DS,Cancer,Cytology,All Other Instruments,FEA- Accessories
43241,BLS,BDB,Research Instruments,Other Instrument Revenue (Research),Other Instrument Revenue (Research),Other Instrument Revenue (Research)
43245,BLS,BDB,Single Cell Multiomics,SCM Reagents,BD AbSeq,AbSeq - Custom vials
43248,BLS,BDB,Single Cell Multiomics,SCM Reagents,BD AbSeq,AbSeq - Custom vials
43249,BLS,BDB,Single Cell Multiomics,SCM Reagents,BD AbSeq,BD AbSeq
43252,BLS,BDB,Single Cell Multiomics,SCM Reagents,BD AbSeq,AbSeq - Custom vials
43253,BLS,BDB,Single Cell Multiomics,SCM Reagents,BD AbSeq,AbSeq - Custom vials
43254,BLS,BDB,Single Cell Multiomics,SCM Reagents,BD AbSeq,BD AbSeq
43255,BLS,BDB,Single Cell Multiomics,SCM Reagents,BD AbSeq,BD AbSeq
43256,BLS,BDB,Single Cell Multiomics,SCM Reagents,BD AbSeq,BD AbSeq
43258,BLS,BDB,Single Cell Multiomics,SCM Reagents,BD AbSeq,AbSeq - Custom vials
43259,BLS,BDB,Single Cell Multiomics,SCM Reagents,BD AbSeq,AbSeq - Custom vials
43260,BLS,BDB,Single Cell Multiomics,SCM Reagents,BD AbSeq,AbSeq - Custom vials
43261,BLS,BDB,Single Cell Multiomics,SCM Reagents,BD AbSeq,AbSeq - Custom vials
43262,BLS,BDB,Single Cell Multiomics,SCM Reagents,BD AbSeq,BD AbSeq
43263,BLS,BDB,Single Cell Multiomics,SCM Reagents,BD AbSeq,AbSeq - Custom vials
43266,BDI,UCC,Targeted Temperature Management,Arctic Sun,Arctic Sun-Hardware,Arctic Sun-Hrdware Repl Parts
43268,BLS,DS,Cancer,Cytology,All Other Instruments,FEA- Accessories
43269,BDI,UCC,Targeted Temperature Management,TTM - Non-Sellable,TTM - Non-Sellable,TTM - Non-Sellable
43272,BLS,BDB,Research Instruments,Other Instrument Revenue (Research),Other Instrument Revenue (Research),Other Instrument Revenue (Research)
43273,BLS,BDB,Research Instruments,Accuri,Accuri Options,Accuri Options
43275,BDI,UCC,Targeted Temperature Management,Arctic Sun,Arctic Sun-Hardware,Arctic Sun-Hrdware Repl Parts
43276,BDI,PI,Oncology,Vacuum Assisted,Encor Capital,Encor Ultra Capital
43279,BDM,MDS,Vascular Access Technologies,Sherlock,Sherlock Displays,Sherlock Displays
43280,BDM,MMS,Alaris System,Service,Alaris System Service Parts,Medley
43282,BLS,BDB,Research Reagents,Research Non-Core,Non-Flow Cytometry - Assays,Non-Flow Cytometry - Assays
43284,BLS,DS,Lab Automation,Lab Automation,All Other Lab Automation Instruments,Other Instr- Sale
43287,BLS,BDB,Research Instruments,Other Instrument Revenue (Research),Other Instrument Revenue (Research),Other Instrument Revenue (Research)
43288,BDI,UCC,Endourology,Visualization,Image Processors - Aptra,Image Processors - Aptra
43289,BDI,UCC,Endourology,Visualization,Image Processors - Aptra,Image Processors - Aptra
43292,BDI,PI,BD PI Other,OEM,Interventional OEM,Interventional OEM
43293,BDI,PI,End Stage Kidney Disease,PTA ESKD,Atlas Gold PTA,Atlas Gold PTA
43295,BLS,BDB,Single Cell Multiomics,SCM Reagents,BD Rhapsody Reagent Kits,BD Rhapsody Reagent Kits
43297,BLS,DS,Lab Automation,Lab Automation,All Other Lab Automation Instruments,Other Instr- Sale
43298,BLS,BDB,Clinical Reagents,Cancer Reagents,Cancer,CAN Single Color
43301,BLS,BDB,Research Instruments,LSR/Fortessa,LSR/Fortessa,LSR/Fortessa
43302,BDI,PI,BD PI Other,OEM,Interventional OEM,Interventional OEM
43303,BDM,MMS,Alaris Plus,POC Systems,Alaris Plus Docking Station,AGW AUX-01
43304,BLS,BDB,Clinical Reagents,Cancer Reagents,Cancer,CAN Single Color
43307,BLS,BDB,Research Instruments,Other Instrument Revenue (Research),Other Instrument Revenue (Research),Other Instrument Revenue (Research)
43308,BLS,BDB,Clinical Reagents,Open System Immune Monitoring,Multitest Immune Monitoring,Open System Multitest Immune Monitoring - Quantibrite
43309,BLS,DS,Microbiology,Microbiology - PC Adjustment,Microbiology - PC Adjustment,Microbiology - PC Adjustment
43314,BLS,BDB,Research Reagents,Research Core Non-Sirigen,Non Sirigen - Immune Function (Flow Cytometry),Non Sirigen - Immune Function (Flow Cytometry)
43315,BLS,DS,Lab Automation,Lab Automation,All Other Lab Automation Instruments,Other Instr- Sale
43317,BDI,PI,BD PI Other,OEM,PTFE OEM,PTFE OEM
43320,BDI,PI,BD PI Other,Non-Sellable,Non-Sellable,Non-Sellable
43325,BLS,BDB,Research Reagents,Research Core Cobalt,Cobalt YG OptiBuild,RY775 OptiBuild
43329,BLS,DS,Cancer,Cytology,All Other Instruments,FEA- Accessories
43332,BLS,BDB,Research Reagents,Research Core Cobalt,Cobalt Blue OptiBuild,RB670 OptiBuild
43337,BLS,BDB,Research Reagents,Custom Research Reagents,Cobalt - Customs,Cobalt - Customs
43339,BDI,PI,End Stage Kidney Disease,Drug Coated Balloons ESKD,Lutonix 035 (AV),Lutonix AV
43340,BDI,PI,Peripheral Vascular Disease,Peripheral Grafts,PV Grafts,Dynaflo
43341,BDI,PI,Peripheral Vascular Disease,Peripheral Grafts,PV Grafts,Carboflo
43345,BDI,PI,Peripheral Vascular Disease,Drug Coated Balloons PVD,Lutonix,Lutonix BTK
43346,BDI,PI,Peripheral Vascular Disease,Drug Coated Balloons PVD,Lutonix,Lutonix BTK
43348,BDI,PI,Peripheral Vascular Disease,Stents PVD,E-Luminexx,E-Luminexx Vascular
43350,BLS,BDB,Research Reagents,Research Core Sirigen,Sirigen - OptiBuild,Sirigen - OptiBuild (Flow Cytometry)
43351,BLS,BDB,Research Reagents,Research Core Sirigen,Sirigen - OptiBuild,Sirigen - OptiBuild (Flow Cytometry)
43353,BDI,PI,Peripheral Vascular Disease,Venous,Venclose,Venclose Maven Catheter
43356,BLS,DS,Cancer,Cytology,SurePath LBC Reagents,All Other/ Accessories
43357,BLS,BDB,Research Instruments,Other Instrument Revenue (Research),Other Instrument Revenue (Research),Other Instrument Revenue (Research)
43358,BLS,BDB,Single Cell Multiomics,SCM Reagents,BD AbSeq,AbSeq - Custom vials
43361,BLS,BDB,Clinical Reagents,Cancer Reagents,Sirigen - Cancer Rgt,Sirigen - CAN Single Color Rgt
43362,BLS,BDB,Single Cell Multiomics,SCM Reagents,BD AbSeq,AbSeq - Custom vials
43364,BLS,BDB,Research Instruments,Other Instrument Revenue (Research),Other Instrument Revenue (Research),Other Instrument Revenue (Research)
43365,BLS,BDB,Research Reagents,Research Core Sirigen,Sirigen - OptiBuild,Sirigen - OptiBuild (Flow Cytometry)
43367,BLS,BDB,Single Cell Multiomics,SCM Reagents,BD AbSeq,AbSeq - Custom vials
43368,BLS,BDB,Research Reagents,Research Core Cobalt,Cobalt YG MTS,RY610 MTS
43370,BLS,BDB,Research Reagents,Research Core Cobalt,Cobalt YG OptiBuild,RY586 OptiBuild
43372,BLS,BDB,Research Reagents,Research Core Sirigen,Sirigen - OptiBuild,Sirigen - OptiBuild (Flow Cytometry)
43376,BLS,BDB,Research Reagents,Research Core Cobalt,Cobalt Blue OptiBuild,RB613 OptiBuild
43381,BLS,DS,Cancer,Cytology,All Other Instruments,PrepStain Instr Accessories
43383,BLS,BDB,Research Reagents,Research Core Cobalt,Cobalt Blue OptiBuild,RB613 OptiBuild
43385,BLS,BDB,Single Cell Multiomics,SCM Reagents,BD AbSeq,AbSeq - Custom vials
43386,BLS,BDB,Single Cell Multiomics,SCM Reagents,BD AbSeq,AbSeq - Custom vials
43387,BLS,DS,Cancer,Cytology,All Other Instruments,PrepStain Instr Accessories
43388,BLS,BDB,Research Reagents,Research Core Cobalt,Cobalt Blue OptiBuild,RB780 OptiBuild
43390,BLS,BDB,Clinical Reagents,Cancer Reagents,Cancer,CAN Single Color
43391,BLS,BDB,Research Reagents,Research Core Cobalt,Cobalt Blue OptiBuild,RB613 OptiBuild
43392,BLS,BDB,Clinical Reagents,Cancer Reagents,Cancer,CAN Single Color
43395,BLS,BDB,Research Reagents,Research Core Sirigen,Sirigen - OptiBuild,Sirigen - OptiBuild (Flow Cytometry)
43396,BLS,BDB,Research Reagents,Research Core Sirigen,Sirigen - OptiBuild,Sirigen - OptiBuild (Flow Cytometry)
43398,BLS,DS,Lab Automation,Lab Automation,All Other Lab Automation Instruments,Other Instr- Sale
43401,BLS,BDB,Research Reagents,Research Core Cobalt,Cobalt YG OptiBuild,RY775 OptiBuild
43402,BDI,PI,Peripheral Vascular Disease,Stents PVD,E-Luminexx,E-Luminexx Biliary
43404,BLS,BDB,Single Cell Multiomics,SCM Reagents,BD AbSeq,AbSeq - Custom vials
43414,BLS,BDB,Research Reagents,Research Core Sirigen,Sirigen - OptiBuild,Sirigen - OptiBuild (Flow Cytometry)
43415,BLS,BDB,Research Reagents,Research Core Sirigen,Sirigen - OptiBuild,Sirigen - OptiBuild (Flow Cytometry)
43419,BLS,BDB,Research Reagents,Research Core Cobalt,Cobalt Blue OptiBuild,RB780 OptiBuild
43421,BLS,BDB,Research Instruments,Other Instrument Revenue (Research),Other Instrument Revenue (Research),Other Instrument Revenue (Research)
43422,BLS,BDB,Single Cell Multiomics,SCM Reagents,BD AbSeq,AbSeq - Custom vials
43423,BLS,BDB,Single Cell Multiomics,SCM Reagents,BD AbSeq,AbSeq - Custom vials
43424,BLS,BDB,Single Cell Multiomics,SCM Reagents,BD AbSeq,AbSeq - Custom vials
43425,BLS,BDB,Single Cell Multiomics,SCM Reagents,BD AbSeq,AbSeq - Custom vials
43426,BLS,BDB,Single Cell Multiomics,SCM Reagents,BD AbSeq,AbSeq - Custom vials
43427,BLS,BDB,Single Cell Multiomics,SCM Reagents,BD AbSeq,AbSeq - Custom vials
43428,BLS,BDB,Research Reagents,Research Core Cobalt,Cobalt YG OptiBuild,RY703 OptiBuild
43430,BLS,BDB,Single Cell Multiomics,SCM Reagents,BD AbSeq,AbSeq - Custom vials
43431,BDI,SUR,Hernia,Ventral,Other Ventral Synthetic,Dulex
43432,BLS,BDB,Single Cell Multiomics,SCM Reagents,BD AbSeq,BD AbSeq
43433,BLS,BDB,Single Cell Multiomics,SCM Reagents,BD AbSeq,BD AbSeq
43438,BLS,BDB,Clinical Reagents,Cytognos Reagents,Cytognos Other Reagents,Cytognos OTHER REAGENTS
43441,BLS,BDB,Research Reagents,Research Core Sirigen,Sirigen - OptiBuild,Sirigen - OptiBuild (Flow Cytometry)
43442,BLS,BDB,Research Reagents,Research Core Sirigen,Sirigen - OptiBuild,Sirigen - OptiBuild (Flow Cytometry)
43446,BLS,BDB,Research Reagents,Research Core Sirigen,Sirigen - OptiBuild,Sirigen - OptiBuild (Flow Cytometry)
43447,BLS,BDB,Research Reagents,Research Core Sirigen,Sirigen - OptiBuild,Sirigen - OptiBuild (Flow Cytometry)
43448,BLS,BDB,Research Reagents,Research Core Sirigen,Sirigen - OptiBuild,Sirigen - OptiBuild (Flow Cytometry)
43451,BLS,BDB,Research Reagents,Research Core Sirigen,Sirigen - OptiBuild,Sirigen - OptiBuild (Flow Cytometry)
43453,BLS,BDB,Research Reagents,Research Core Sirigen,Sirigen - OptiBuild,Sirigen - OptiBuild (Flow Cytometry)
43455,BLS,BDB,Research Reagents,Research Core Sirigen,Sirigen - OptiBuild,Sirigen - OptiBuild (Flow Cytometry)
43458,BLS,BDB,Research Reagents,Research Core Sirigen,Sirigen - OptiBuild,Sirigen - OptiBuild (Flow Cytometry)
43460,BLS,BDB,Research Reagents,Research Core Sirigen,Sirigen - OptiBuild,Sirigen - OptiBuild (Flow Cytometry)
43462,BLS,BDB,Research Reagents,Research Core Sirigen,Sirigen - OptiBuild,Sirigen - OptiBuild (Flow Cytometry)
43463,BLS,BDB,Research Reagents,Research Core Sirigen,Sirigen - OptiBuild,Sirigen - OptiBuild (Flow Cytometry)
43464,BLS,BDB,Research Reagents,Research Core Cobalt,Cobalt Blue OptiBuild,RB780 OptiBuild
43465,BLS,BDB,Research Reagents,Research Core Sirigen,Sirigen - OptiBuild,Sirigen - OptiBuild (Flow Cytometry)
43466,BLS,BDB,Research Instruments,Other Instrument Revenue (Research),Other Instrument Revenue (Research),Other Instrument Revenue (Research)
43467,BLS,BDB,Single Cell Multiomics,SCM Reagents,BD AbSeq,AbSeq - Custom vials
43468,BLS,BDB,Single Cell Multiomics,SCM Reagents,BD AbSeq,AbSeq - Custom vials
43469,BLS,BDB,Single Cell Multiomics,SCM Reagents,BD AbSeq,AbSeq - Custom vials
43472,BLS,BDB,Research Reagents,Research Core Sirigen,Sirigen - OptiBuild,Sirigen - OptiBuild (Flow Cytometry)
43475,BLS,BDB,Research Reagents,Research Core Sirigen,Sirigen - OptiBuild,Sirigen - OptiBuild (Flow Cytometry)
43476,BLS,BDB,Research Reagents,Research Core Sirigen,Sirigen - OptiBuild,Sirigen - OptiBuild (Flow Cytometry)
43479,BLS,BDB,Research Reagents,Research Core Sirigen,Sirigen - OptiBuild,Sirigen - OptiBuild (Flow Cytometry)
43481,BLS,BDB,Single Cell Multiomics,SCM Reagents,BD AbSeq,AbSeq - Custom vials
43482,BLS,BDB,Research Reagents,Research Core Cobalt,Cobalt YG OptiBuild,RY703 OptiBuild
43483,BLS,BDB,Research Reagents,Research Core Sirigen,Sirigen - OptiBuild,Sirigen - OptiBuild (Flow Cytometry)
43485,BLS,BDB,Research Reagents,Research Core Sirigen,Sirigen - OptiBuild,Sirigen - OptiBuild (Flow Cytometry)
43490,BLS,BDB,Research Instruments,Other Instrument Revenue (Research),Other Instrument Revenue (Research),Other Instrument Revenue (Research)
43491,BLS,BDB,Research Instruments,Other Instrument Revenue (Research),Other Instrument Revenue (Research),Other Instrument Revenue (Research)
43492,BLS,BDB,Research Instruments,Other Instrument Revenue (Research),Other Instrument Revenue (Research),Other Instrument Revenue (Research)
43493,BLS,BDB,Research Reagents,Research Core Cobalt,Cobalt YG OptiBuild,RY586 OptiBuild
43498,BLS,BDB,Single Cell Multiomics,SCM Reagents,BD AbSeq,AbSeq - Custom vials
43499,BLS,BDB,Research Reagents,Research Core Cobalt,Cobalt YG OptiBuild,RY703 OptiBuild
43500,BLS,BDB,Research Reagents,Research Core Cobalt,Cobalt YG OptiBuild,RY703 OptiBuild
43504,BLS,BDB,Research Reagents,Research Core Sirigen,Sirigen - OptiBuild,Sirigen - OptiBuild (Flow Cytometry)
43505,BLS,BDB,Research Reagents,Research Core Sirigen,Sirigen - OptiBuild,Sirigen - OptiBuild (Flow Cytometry)
43506,BLS,BDB,Research Reagents,Research Core Sirigen,Sirigen - OptiBuild,Sirigen - OptiBuild (Flow Cytometry)
43507,BLS,BDB,Research Reagents,Research Core Sirigen,Sirigen - OptiBuild,Sirigen - OptiBuild (Flow Cytometry)
43513,BLS,BDB,Research Reagents,Research Core Sirigen,Sirigen - OptiBuild,Sirigen - OptiBuild (Flow Cytometry)
43515,BLS,BDB,Research Reagents,Research Core Sirigen,Sirigen - OptiBuild,Sirigen - OptiBuild (Flow Cytometry)
43517,BLS,BDB,Research Reagents,Research Core Sirigen,Sirigen - OptiBuild,Sirigen - OptiBuild (Flow Cytometry)
43518,BLS,BDB,Research Reagents,Research Core Sirigen,Sirigen - OptiBuild,Sirigen - OptiBuild (Flow Cytometry)
43520,BLS,BDB,Research Reagents,Research Core Sirigen,Sirigen - OptiBuild,Sirigen - OptiBuild (Flow Cytometry)
43521,BLS,BDB,Research Reagents,Research Core Sirigen,Sirigen - OptiBuild,Sirigen - OptiBuild (Flow Cytometry)
43523,BLS,BDB,Research Reagents,Research Core Sirigen,Sirigen - OptiBuild,Sirigen - OptiBuild (Flow Cytometry)
43525,BLS,BDB,Research Reagents,Research Core Sirigen,Sirigen - OptiBuild,Sirigen - OptiBuild (Flow Cytometry)
43526,BLS,BDB,Research Reagents,Research Core Sirigen,Sirigen - OptiBuild,Sirigen - OptiBuild (Flow Cytometry)
43528,BLS,BDB,Research Reagents,Research Core Sirigen,Sirigen - OptiBuild,Sirigen - OptiBuild (Flow Cytometry)
43537,BLS,BDB,Research Reagents,Research Core Sirigen,Sirigen - OptiBuild,Sirigen - OptiBuild (Flow Cytometry)
43542,BLS,BDB,Research Reagents,Research Core Sirigen,Sirigen - OptiBuild,Sirigen - OptiBuild (Flow Cytometry)
43543,BLS,BDB,Single Cell Multiomics,SCM Reagents,BD AbSeq,AbSeq - Custom vials
43544,BLS,BDB,Research Reagents,Research Core Non-Sirigen,Non Sirigen - Immune Function (Flow Cytometry),Non Sirigen - Immune Function (Flow Cytometry)
43549,BLS,BDB,Research Instruments,Other Instrument Revenue (Research),Other Instrument Revenue (Research),Other Instrument Revenue (Research)
43551,BLS,BDB,Research Reagents,Research Core Cobalt,Cobalt Blue OptiBuild,RB670 OptiBuild
43556,BLS,BDB,Research Reagents,Research Core Sirigen,Sirigen - OptiBuild,Sirigen - OptiBuild (Flow Cytometry)
43559,BLS,BDB,Research Reagents,Research Core Sirigen,Sirigen - OptiBuild,Sirigen - OptiBuild (Flow Cytometry)
43560,BLS,BDB,Research Reagents,Research Core Sirigen,Sirigen - OptiBuild,Sirigen - OptiBuild (Flow Cytometry)
43562,BLS,BDB,Research Reagents,Research Core Cobalt,Cobalt Blue OptiBuild,RB613 OptiBuild
43563,BLS,BDB,Research Reagents,Research Core Cobalt,Cobalt Blue OptiBuild,RB613 OptiBuild
43564,BLS,BDB,Research Reagents,Research Core Sirigen,Sirigen - OptiBuild,Sirigen - OptiBuild (Flow Cytometry)
43566,BDI,PI,End Stage Kidney Disease,PTA ESKD,Atlas PTA,Atlas PTA
43571,BLS,BDB,Research Reagents,Research Core Sirigen,Sirigen - OptiBuild,Sirigen - OptiBuild (Flow Cytometry)
43572,BLS,BDB,Research Reagents,Research Core Cobalt,Cobalt YG MTS,RY703 MTS
43577,BLS,BDB,Research Reagents,Research Core Sirigen,Sirigen - OptiBuild,Sirigen - OptiBuild (Flow Cytometry)
43584,BLS,BDB,Research Reagents,Research Non-Core,Non-Flow Cytometry - Assays,Non-Flow Cytometry - Assays
43592,BLS,BDB,Research Reagents,Research Core Sirigen,Sirigen - OptiBuild,Sirigen - OptiBuild (Flow Cytometry)
43593,BLS,BDB,Research Reagents,Research Core Sirigen,Sirigen - OptiBuild,Sirigen - OptiBuild (Flow Cytometry)
43598,BLS,BDB,Research Reagents,Research Core Sirigen,Sirigen - OptiBuild,Sirigen - OptiBuild (Flow Cytometry)
43600,BLS,BDB,Research Reagents,Research Core Sirigen,Sirigen - OptiBuild,Sirigen - OptiBuild (Flow Cytometry)
43604,BLS,BDB,Research Reagents,Research Core Sirigen,Sirigen - OptiBuild,Sirigen - OptiBuild (Flow Cytometry)
43605,BLS,BDB,Research Reagents,Research Core Sirigen,Sirigen - OptiBuild,Sirigen - OptiBuild (Flow Cytometry)
43608,BLS,BDB,Single Cell Multiomics,SCM Reagents,BD AbSeq,AbSeq - MTS vials
43611,BLS,BDB,Research Reagents,Research Core Sirigen,Sirigen - OptiBuild,Sirigen - OptiBuild (Flow Cytometry)
43612,BLS,DS,Molecular Diagnostics,ProbeTec/Viper,All Other BD Viper,Viper Ancillary Equipment
43613,BLS,BDB,Research Reagents,Research Core Sirigen,Sirigen - OptiBuild,Sirigen - OptiBuild (Flow Cytometry)
43615,BLS,BDB,Research Reagents,Research Core Sirigen,Sirigen - OptiBuild,Sirigen - OptiBuild (Flow Cytometry)
43617,BLS,BDB,Research Reagents,Research Core Sirigen,Sirigen - OptiBuild,Sirigen - OptiBuild (Flow Cytometry)
43618,BLS,BDB,Research Reagents,Research Core Sirigen,Sirigen - OptiBuild,Sirigen - OptiBuild (Flow Cytometry)
43619,BLS,BDB,Research Reagents,Research Core Sirigen,Sirigen - OptiBuild,Sirigen - OptiBuild (Flow Cytometry)
43620,BLS,BDB,Single Cell Multiomics,SCM Reagents,BD AbSeq,AbSeq - Custom vials
43621,BLS,BDB,Single Cell Multiomics,SCM Reagents,BD AbSeq,AbSeq - Custom vials
43622,BLS,BDB,Research Reagents,Research Core Sirigen,Sirigen - OptiBuild,Sirigen - OptiBuild (Flow Cytometry)
43623,BLS,BDB,Research Reagents,Research Core Sirigen,Sirigen - OptiBuild,Sirigen - OptiBuild (Flow Cytometry)
43624,BLS,BDB,Research Reagents,Research Core Cobalt,Cobalt Blue OptiBuild,RB744 OptiBuild
43634,BLS,BDB,Research Reagents,Research Core Cobalt,Cobalt YG OptiBuild,RY703 OptiBuild
43638,BLS,BDB,Research Reagents,Research Core Sirigen,Sirigen - OptiBuild,Sirigen - OptiBuild (Flow Cytometry)
43641,BLS,BDB,Research Instruments,FACSAria,FACSAria Options,FACSAria Options
43648,BLS,BDB,Research Reagents,Research Core Sirigen,Sirigen - OptiBuild,Sirigen - OptiBuild (Flow Cytometry)
43649,BLS,BDB,Research Reagents,Research Core Sirigen,Sirigen - OptiBuild,Sirigen - OptiBuild (Flow Cytometry)
43652,BLS,BDB,Research Reagents,Research Core Sirigen,Sirigen - OptiBuild,Sirigen - OptiBuild (Flow Cytometry)
43653,BLS,BDB,Research Reagents,Research Core Sirigen,Sirigen - Immune Function (Flow Cytometry),Sirigen - Immune Function (Flow Cytometry)
43654,BLS,BDB,Clinical Reagents,Open System Immune Monitoring,TriTest/Simultest Immune Monitoring,Open System Tir/Simul Test Immune Monitoring - SimulTest
43656,BLS,BDB,Clinical Reagents,Cancer Reagents,Cancer,CAN Single Color
43659,BLS,BDB,Research Reagents,Research Core Sirigen,Sirigen - OptiBuild,Sirigen - OptiBuild (Flow Cytometry)
43660,BLS,BDB,Research Reagents,Research Core Cobalt,Cobalt YG OptiBuild,RY703 OptiBuild
43661,BLS,BDB,Clinical Reagents,Cancer Reagents,Cancer,CAN Single Color
43666,BLS,BDB,Research Reagents,Research Core Sirigen,Sirigen - OptiBuild,Sirigen - OptiBuild (Flow Cytometry)
43667,BLS,BDB,Research Reagents,Research Core Sirigen,Sirigen - OptiBuild,Sirigen - OptiBuild (Flow Cytometry)
43669,BLS,BDB,Research Reagents,Research Core Cobalt,Cobalt Blue OptiBuild,RB670 OptiBuild
43673,BLS,BDB,Research Reagents,Research Core Sirigen,Sirigen - OptiBuild,Sirigen - OptiBuild (Flow Cytometry)
43674,BLS,BDB,Research Reagents,Research Core Cobalt,Cobalt Blue OptiBuild,RB705 OptiBuild
43675,BLS,BDB,Research Reagents,Research Core Cobalt,Cobalt Blue OptiBuild,RB705 OptiBuild
43677,BLS,BDB,Research Reagents,Research Core Sirigen,Sirigen - OptiBuild,Sirigen - OptiBuild (Flow Cytometry)
43678,BLS,BDB,Research Reagents,Research Core Sirigen,Sirigen - OptiBuild,Sirigen - OptiBuild (Flow Cytometry)
43680,BLS,BDB,Research Reagents,Research Core Sirigen,Sirigen - OptiBuild,Sirigen - OptiBuild (Flow Cytometry)
43681,BLS,BDB,Research Reagents,Research Core Sirigen,Sirigen - OptiBuild,Sirigen - OptiBuild (Flow Cytometry)
43683,BDI,PI,Peripheral Vascular Disease,Drug Coated Balloons PVD,Lutonix,Lutonix BTK
43687,BLS,BDB,Research Reagents,Research Core Sirigen,Sirigen - OptiBuild,Sirigen - OptiBuild (Flow Cytometry)
43689,BLS,BDB,Research Reagents,Research Core Sirigen,Sirigen - OptiBuild,Sirigen - OptiBuild (Flow Cytometry)
43690,BLS,BDB,Research Reagents,Research Core Sirigen,Sirigen - OptiBuild,Sirigen - OptiBuild (Flow Cytometry)
43693,BLS,BDB,Research Reagents,Research Core Sirigen,Sirigen - OptiBuild,Sirigen - OptiBuild (Flow Cytometry)
43701,BLS,BDB,Research Reagents,Research Core Sirigen,Sirigen - OptiBuild,Sirigen - OptiBuild (Flow Cytometry)
43704,BLS,BDB,Research Reagents,Research Core Sirigen,Sirigen - OptiBuild,Sirigen - OptiBuild (Flow Cytometry)
43705,BLS,BDB,Research Reagents,Research Core Sirigen,Sirigen - OptiBuild,Sirigen - OptiBuild (Flow Cytometry)
43707,BLS,BDB,Research Reagents,Research Core Sirigen,Sirigen - OptiBuild,Sirigen - OptiBuild (Flow Cytometry)
43708,BLS,BDB,Research Reagents,Research Core Sirigen,Sirigen - OptiBuild,Sirigen - OptiBuild (Flow Cytometry)
43711,BLS,BDB,Research Reagents,Research Core Sirigen,Sirigen - OptiBuild,Sirigen - OptiBuild (Flow Cytometry)
43713,BLS,BDB,Research Reagents,Research Core Sirigen,Sirigen - OptiBuild,Sirigen - OptiBuild (Flow Cytometry)
43714,BLS,BDB,Research Reagents,Research Core Sirigen,Sirigen - OptiBuild,Sirigen - OptiBuild (Flow Cytometry)
43718,BLS,BDB,Research Reagents,Research Core Sirigen,Sirigen - OptiBuild,Sirigen - OptiBuild (Flow Cytometry)
43724,BLS,BDB,Research Reagents,Research Core Sirigen,Sirigen - OptiBuild,Sirigen - OptiBuild (Flow Cytometry)
43726,BLS,BDB,Research Reagents,Research Core Sirigen,Sirigen - OptiBuild,Sirigen - OptiBuild (Flow Cytometry)
43736,BLS,BDB,Research Reagents,Research Core Sirigen,Sirigen - OptiBuild,Sirigen - OptiBuild (Flow Cytometry)
43741,BLS,BDB,Research Reagents,Research Core Sirigen,Sirigen - OptiBuild,Sirigen - OptiBuild (Flow Cytometry)
43742,BLS,BDB,Research Reagents,Research Core Sirigen,Sirigen - OptiBuild,Sirigen - OptiBuild (Flow Cytometry)
43743,BLS,BDB,Research Reagents,Research Core Sirigen,Sirigen - OptiBuild,Sirigen - OptiBuild (Flow Cytometry)
43746,BLS,BDB,Research Reagents,Research Core Sirigen,Sirigen - OptiBuild,Sirigen - OptiBuild (Flow Cytometry)
43749,BLS,BDB,Research Reagents,Research Core Sirigen,Sirigen - OptiBuild,Sirigen - OptiBuild (Flow Cytometry)
43751,BLS,BDB,Research Reagents,Research Core Sirigen,Sirigen - OptiBuild,Sirigen - OptiBuild (Flow Cytometry)
43752,BLS,BDB,Research Reagents,Research Core Sirigen,Sirigen - OptiBuild,Sirigen - OptiBuild (Flow Cytometry)
43757,BLS,BDB,Research Reagents,Research Core Cobalt,Cobalt YG OptiBuild,RY775 OptiBuild
43758,BLS,BDB,Research Reagents,Research Core Sirigen,Sirigen - OptiBuild,Sirigen - OptiBuild (Flow Cytometry)
43759,BLS,BDB,Research Reagents,Research Core Sirigen,Sirigen - OptiBuild,Sirigen - OptiBuild (Flow Cytometry)
43762,BLS,BDB,Research Reagents,Research Core Sirigen,Sirigen - OptiBuild,Sirigen - OptiBuild (Flow Cytometry)
43763,BLS,BDB,Research Reagents,Research Core Sirigen,Sirigen - OptiBuild,Sirigen - OptiBuild (Flow Cytometry)
43764,BLS,BDB,Research Reagents,Research Core Sirigen,Sirigen - OptiBuild,Sirigen - OptiBuild (Flow Cytometry)
43766,BLS,BDB,Research Reagents,Research Core Sirigen,Sirigen - OptiBuild,Sirigen - OptiBuild (Flow Cytometry)
43767,BLS,BDB,Research Reagents,Research Core Sirigen,Sirigen - OptiBuild,Sirigen - OptiBuild (Flow Cytometry)
43770,BLS,BDB,Research Reagents,Research Core Sirigen,Sirigen - OptiBuild,Sirigen - OptiBuild (Flow Cytometry)
43772,BLS,BDB,Research Reagents,Research Core Cobalt,Cobalt YG OptiBuild,RY775 OptiBuild
43776,BLS,BDB,Research Reagents,Research Core Cobalt,Cobalt YG OptiBuild,RY703 OptiBuild
43778,BLS,BDB,Research Reagents,Research Core Sirigen,Sirigen - OptiBuild,Sirigen - OptiBuild (Flow Cytometry)
43784,BLS,BDB,Research Reagents,Research Core Sirigen,Sirigen - OptiBuild,Sirigen - OptiBuild (Flow Cytometry)
43785,BLS,BDB,Research Reagents,Research Core Sirigen,Sirigen - OptiBuild,Sirigen - OptiBuild (Flow Cytometry)
43786,BLS,BDB,Research Reagents,Research Core Sirigen,Sirigen - OptiBuild,Sirigen - OptiBuild (Flow Cytometry)
43788,BDI,PI,Peripheral Vascular Disease,Drug Coated Balloons PVD,Lutonix,Lutonix BTK
43789,BDI,PI,Peripheral Vascular Disease,Drug Coated Balloons PVD,Lutonix,Lutonix BTK
43790,BDI,PI,Peripheral Vascular Disease,Drug Coated Balloons PVD,Lutonix,Lutonix BTK
43793,BLS,SM,Specimen Management Other,Specimen Management Other,Specimen Management Other,BioTransport (DDS)
43794,BLS,BDB,Research Instruments,Other Instrument Revenue (Research),Other Instrument Revenue (Research),Other Instrument Revenue (Research)
43795,BLS,BDB,Research Reagents,Research Core Cobalt,Cobalt Blue OptiBuild,RB780 OptiBuild
43798,BLS,BDB,Research Reagents,Research Core Sirigen,Sirigen - OptiBuild,Sirigen - OptiBuild (Flow Cytometry)
43800,BLS,BDB,Research Reagents,Research Core Sirigen,Sirigen - OptiBuild,Sirigen - OptiBuild (Flow Cytometry)
43803,BLS,BDB,Research Reagents,Research Core Sirigen,Sirigen - OptiBuild,Sirigen - OptiBuild (Flow Cytometry)
43804,BLS,BDB,Research Reagents,Research Core Cobalt,Cobalt Blue OptiBuild,RB613 OptiBuild
43805,BLS,BDB,Research Reagents,Research Core Cobalt,Cobalt Blue OptiBuild,RB613 OptiBuild
43806,BLS,BDB,Research Reagents,Research Core Cobalt,Cobalt Blue OptiBuild,RB613 OptiBuild
43810,BLS,BDB,Research Reagents,Research Core Sirigen,Sirigen - OptiBuild,Sirigen - OptiBuild (Flow Cytometry)
43812,BLS,BDB,Research Reagents,Research Core Cobalt,Cobalt YG OptiBuild,RY775 OptiBuild
43813,BLS,BDB,Research Reagents,Research Core Sirigen,Sirigen - OptiBuild,Sirigen - OptiBuild (Flow Cytometry)
43814,BLS,BDB,Research Reagents,Research Core Sirigen,Sirigen - OptiBuild,Sirigen - OptiBuild (Flow Cytometry)
43816,BLS,BDB,Research Reagents,Research Core Sirigen,Sirigen - OptiBuild,Sirigen - OptiBuild (Flow Cytometry)
43817,BLS,BDB,Research Reagents,Research Core Sirigen,Sirigen - OptiBuild,Sirigen - OptiBuild (Flow Cytometry)
43819,BLS,BDB,Research Reagents,Research Core Sirigen,Sirigen - OptiBuild,Sirigen - OptiBuild (Flow Cytometry)
43820,BLS,BDB,Research Reagents,Research Core Sirigen,Sirigen - Immune Function (Flow Cytometry),Sirigen - Immune Function (Flow Cytometry)
43823,BLS,BDB,Research Reagents,Research Core Sirigen,Sirigen - OptiBuild,Sirigen - OptiBuild (Flow Cytometry)
43825,BLS,BDB,Research Reagents,Research Core Sirigen,Sirigen - OptiBuild,Sirigen - OptiBuild (Flow Cytometry)
43826,BLS,BDB,Research Reagents,Research Core Cobalt,Cobalt YG OptiBuild,RY703 OptiBuild
43829,BLS,BDB,Research Reagents,Research Core Cobalt,Cobalt Blue OptiBuild,RB670 OptiBuild
43830,BLS,BDB,Research Reagents,Research Core Cobalt,Cobalt Blue OptiBuild,RB705 OptiBuild
43834,BLS,BDB,Research Reagents,Research Core Cobalt,Cobalt YG OptiBuild,RY586 OptiBuild
43835,BLS,BDB,Research Reagents,Research Core Cobalt,Cobalt YG MTS,RY655 MTS
43839,BLS,BDB,Research Reagents,Research Core Sirigen,Sirigen - OptiBuild,Sirigen - OptiBuild (Flow Cytometry)
43840,BLS,BDB,Research Reagents,Research Core Cobalt,Cobalt Blue MTS,RB780 MTS
43841,BLS,BDB,Research Reagents,Research Core Cobalt,Cobalt Blue OptiBuild,RB744 OptiBuild
43845,BLS,BDB,Research Reagents,Research Core Sirigen,Sirigen - OptiBuild,Sirigen - OptiBuild (Flow Cytometry)
43846,BLS,BDB,Research Reagents,Research Core Sirigen,Sirigen - OptiBuild,Sirigen - OptiBuild (Flow Cytometry)
43847,BLS,BDB,Research Reagents,Research Core Sirigen,Sirigen - OptiBuild,Sirigen - OptiBuild (Flow Cytometry)
43849,BLS,BDB,Research Reagents,Research Core Cobalt,Cobalt Blue OptiBuild,RB545 OptiBuild
43850,BLS,BDB,Clinical Reagents,Cytognos Reagents,Cytognos Other Reagents,Cytognos OTHER REAGENTS
43851,BLS,BDB,Research Reagents,Research Core Sirigen,Sirigen - Immune Function (Flow Cytometry),Sirigen - Immune Function (Flow Cytometry)
43853,BLS,BDB,Research Reagents,Research Core Cobalt,Cobalt YG OptiBuild,RY775 OptiBuild
43854,BLS,BDB,Research Reagents,Research Core Sirigen,Sirigen - OptiBuild,Sirigen - OptiBuild (Flow Cytometry)
43855,BLS,BDB,Research Reagents,Research Core Sirigen,Sirigen - OptiBuild,Sirigen - OptiBuild (Flow Cytometry)
43857,BLS,BDB,Research Reagents,Research Core Cobalt,Cobalt YG OptiBuild,RY703 OptiBuild
43859,BLS,BDB,Research Reagents,Research Core Non-Sirigen,Non Sirigen - Immune Function (Flow Cytometry),Non Sirigen - Immune Function (Flow Cytometry)
43860,BLS,BDB,Research Reagents,Research Core Sirigen,Sirigen - OptiBuild,Sirigen - OptiBuild (Flow Cytometry)
43861,BLS,BDB,Research Reagents,Research Core Cobalt,Cobalt Blue OptiBuild,RB705 OptiBuild
43863,BLS,BDB,Research Reagents,Research Core Non-Sirigen,Non Sirigen - Immune Function (Flow Cytometry),Non Sirigen - Immune Function (Flow Cytometry)
43864,BLS,BDB,Research Reagents,Research Core Cobalt,Cobalt YG MTS,RY703 MTS
43865,BLS,BDB,Research Reagents,Research Core Cobalt,Cobalt YG MTS,RY703 MTS
43867,BLS,BDB,Research Reagents,Research Core Sirigen,Sirigen - OptiBuild,Sirigen - OptiBuild (Flow Cytometry)
43870,BLS,BDB,Research Reagents,Research Core Non-Sirigen,Non Sirigen - Immune Function (Flow Cytometry),Non Sirigen - Immune Function (Flow Cytometry)
43872,BLS,BDB,Research Reagents,Research Core Cobalt,Cobalt YG OptiBuild,RY775 OptiBuild
43873,BLS,BDB,Research Reagents,Research Core Cobalt,Cobalt YG OptiBuild,RY703 OptiBuild
43874,BLS,BDB,Research Reagents,Research Core Cobalt,Cobalt Blue OptiBuild,RB670 OptiBuild
43875,BLS,BDB,Research Reagents,Research Core Cobalt,Cobalt Blue OptiBuild,RB670 OptiBuild
43876,BLS,BDB,Research Reagents,Research Core Cobalt,Cobalt Blue OptiBuild,RB670 OptiBuild
43877,BLS,BDB,Research Reagents,Research Core Cobalt,Cobalt Blue OptiBuild,RB670 OptiBuild
43879,BLS,BDB,Research Reagents,Research Core Cobalt,Cobalt Blue OptiBuild,RB613 OptiBuild
43881,BLS,BDB,Research Reagents,Research Core Cobalt,Cobalt YG OptiBuild,RY610 OptiBuild
43883,BLS,BDB,Research Reagents,Research Core Cobalt,Cobalt YG OptiBuild,RY703 OptiBuild
43884,BLS,BDB,Research Reagents,Research Core Cobalt,Cobalt Blue OptiBuild,RB670 OptiBuild
43886,BLS,BDB,Research Reagents,Research Core Sirigen,Sirigen - OptiBuild,Sirigen - OptiBuild (Flow Cytometry)
43887,BLS,BDB,Research Reagents,Research Core Cobalt,Cobalt YG OptiBuild,RY610 OptiBuild
43888,BLS,BDB,Research Reagents,Research Core Cobalt,Cobalt Blue OptiBuild,RB744 OptiBuild
43890,BLS,BDB,Research Reagents,Research Core Sirigen,Sirigen - OptiBuild,Sirigen - OptiBuild (Flow Cytometry)
43891,BLS,BDB,Research Reagents,Research Non-Core,Non-Flow Cytometry - Assays,Non-Flow Cytometry - Assays
43892,BLS,BDB,Research Reagents,Research Core Sirigen,Sirigen - OptiBuild,Sirigen - OptiBuild (Flow Cytometry)
43894,BLS,BDB,Research Reagents,Research Core Sirigen,Sirigen - OptiBuild,Sirigen - OptiBuild (Flow Cytometry)
43895,BLS,BDB,Research Reagents,Research Core Sirigen,Sirigen - OptiBuild,Sirigen - OptiBuild (Flow Cytometry)
43897,BLS,BDB,Research Reagents,Research Core Cobalt,Cobalt Blue OptiBuild,RB613 OptiBuild
43898,BLS,BDB,Research Reagents,Research Core Sirigen,Sirigen - OptiBuild,Sirigen - OptiBuild (Flow Cytometry)
43902,BLS,BDB,Research Reagents,Research Core Sirigen,Sirigen - OptiBuild,Sirigen - OptiBuild (Flow Cytometry)
43903,BLS,BDB,Research Reagents,Research Core Sirigen,Sirigen - OptiBuild,Sirigen - OptiBuild (Flow Cytometry)
43904,BLS,BDB,Research Reagents,Research Core Sirigen,Sirigen - OptiBuild,Sirigen - OptiBuild (Flow Cytometry)
43905,BLS,BDB,Research Reagents,Research Core Cobalt,Cobalt YG MTS,RY775 MTS
43909,BLS,BDB,Research Reagents,Research Core Cobalt,Cobalt Blue OptiBuild,RB613 OptiBuild
43912,BLS,BDB,Research Reagents,Research Core Sirigen,Sirigen - OptiBuild,Sirigen - OptiBuild (Flow Cytometry)
43917,BLS,BDB,Research Reagents,Research Core Cobalt,Cobalt Blue OptiBuild,RB670 OptiBuild
43918,BDI,PI,Oncology,Ports,Ports,Dual Lumen Ports
43920,BLS,BDB,Research Reagents,Research Core Cobalt,Cobalt YG OptiBuild,RY610 OptiBuild
43921,BLS,BDB,Research Reagents,Research Core Sirigen,Sirigen - OptiBuild,Sirigen - OptiBuild (Flow Cytometry)
43923,BLS,BDB,Research Reagents,Research Core Cobalt,Cobalt YG OptiBuild,RY610 OptiBuild
43924,BLS,BDB,Research Reagents,Research Core Sirigen,Sirigen - OptiBuild,Sirigen - OptiBuild (Flow Cytometry)
43926,BLS,BDB,Research Reagents,Research Core Cobalt,Cobalt YG OptiBuild,RY703 OptiBuild
43929,BLS,BDB,Research Reagents,Research Core Sirigen,Sirigen - OptiBuild,Sirigen - OptiBuild (Flow Cytometry)
43930,BLS,BDB,Research Reagents,Research Core Sirigen,Sirigen - OptiBuild,Sirigen - OptiBuild (Flow Cytometry)
43932,BLS,BDB,Research Reagents,Research Core Sirigen,Sirigen - OptiBuild,Sirigen - OptiBuild (Flow Cytometry)
43933,BLS,BDB,Research Reagents,Research Core Sirigen,Sirigen - OptiBuild,Sirigen - OptiBuild (Flow Cytometry)
43939,BLS,BDB,Research Reagents,Research Core Sirigen,Sirigen - OptiBuild,Sirigen - OptiBuild (Flow Cytometry)
43941,BLS,BDB,Research Reagents,Research Core Sirigen,Sirigen - OptiBuild,Sirigen - OptiBuild (Flow Cytometry)
43942,BLS,BDB,Research Reagents,Research Core Sirigen,Sirigen - OptiBuild,Sirigen - OptiBuild (Flow Cytometry)
43943,BLS,BDB,Research Reagents,Research Core Sirigen,Sirigen - OptiBuild,Sirigen - OptiBuild (Flow Cytometry)
43945,BLS,BDB,Research Reagents,Research Core Sirigen,Sirigen - OptiBuild,Sirigen - OptiBuild (Flow Cytometry)
43947,BLS,BDB,Research Reagents,Research Core Sirigen,Sirigen - OptiBuild,Sirigen - OptiBuild (Flow Cytometry)
43948,BLS,BDB,Research Reagents,Research Core Cobalt,Cobalt Blue OptiBuild,RB705 OptiBuild
43950,BLS,BDB,Research Reagents,Research Core Cobalt,Cobalt YG OptiBuild,RY775 OptiBuild
43954,BLS,BDB,Research Reagents,Research Core Cobalt,Cobalt YG OptiBuild,RY775 OptiBuild
43957,BLS,BDB,Research Reagents,Research Core Sirigen,Sirigen - OptiBuild,Sirigen - OptiBuild (Flow Cytometry)
43958,BLS,BDB,Research Reagents,Research Core Sirigen,Sirigen - OptiBuild,Sirigen - OptiBuild (Flow Cytometry)
43959,BLS,BDB,Research Reagents,Research Core Cobalt,Cobalt Blue OptiBuild,RB613 OptiBuild
43960,BLS,BDB,Research Reagents,Research Core Cobalt,Cobalt Blue OptiBuild,RB780 OptiBuild
43964,BLS,BDB,Research Reagents,Research Core Cobalt,Cobalt Blue OptiBuild,RB613 OptiBuild
43965,BLS,BDB,Research Reagents,Research Core Cobalt,Cobalt YG OptiBuild,RY703 OptiBuild
43966,BLS,BDB,Research Reagents,Research Core Non-Sirigen,Non-Sirigen - OptiBuild,Non Sirigen - Optibuild (Flow Cytometry)
43967,BLS,BDB,Research Reagents,Research Core Sirigen,Sirigen - OptiBuild,Sirigen - OptiBuild (Flow Cytometry)
43968,BLS,BDB,Research Reagents,Research Core Cobalt,Cobalt YG OptiBuild,RY610 OptiBuild
43971,BLS,BDB,Research Reagents,Research Core Cobalt,Cobalt YG OptiBuild,RY775 OptiBuild
43975,BLS,BDB,Research Reagents,Research Core Sirigen,Sirigen - OptiBuild,Sirigen - OptiBuild (Flow Cytometry)
43976,BLS,BDB,Research Reagents,Research Core Cobalt,Cobalt Blue OptiBuild,RB780 OptiBuild
43978,BLS,BDB,Research Reagents,Research Core Sirigen,Sirigen - OptiBuild,Sirigen - OptiBuild (Flow Cytometry)
43979,BLS,BDB,Research Reagents,Research Non-Core,Non-Flow Cytometry - Assays,Non-Flow Cytometry - Assays
43982,BLS,BDB,Research Reagents,Research Core Sirigen,Sirigen - OptiBuild,Sirigen - OptiBuild (Flow Cytometry)
43983,BLS,BDB,Research Reagents,Research Core Sirigen,Sirigen - OptiBuild,Sirigen - OptiBuild (Flow Cytometry)
43984,BLS,BDB,Research Reagents,Research Core Sirigen,Sirigen - OptiBuild,Sirigen - OptiBuild (Flow Cytometry)
43985,BLS,BDB,Research Reagents,Research Core Sirigen,Sirigen - OptiBuild,Sirigen - OptiBuild (Flow Cytometry)
43987,BLS,BDB,Research Reagents,Research Core Sirigen,Sirigen - OptiBuild,Sirigen - OptiBuild (Flow Cytometry)
43989,BLS,BDB,Research Reagents,Research Core Cobalt,Cobalt Blue OptiBuild,RB670 OptiBuild
43990,BLS,BDB,Research Reagents,Research Core Cobalt,Cobalt YG OptiBuild,RY703 OptiBuild
43991,BLS,BDB,Research Reagents,Research Core Cobalt,Cobalt YG OptiBuild,RY775 OptiBuild
43992,BLS,BDB,Research Reagents,Research Core Cobalt,Cobalt YG OptiBuild,RY703 OptiBuild
43993,BLS,BDB,Research Reagents,Research Core Cobalt,Cobalt YG OptiBuild,RY703 OptiBuild
43994,BLS,BDB,Research Reagents,Research Core Cobalt,Cobalt Blue OptiBuild,RB613 OptiBuild
43995,BLS,BDB,Research Reagents,Research Core Sirigen,Sirigen - OptiBuild,Sirigen - OptiBuild (Flow Cytometry)
43999,BLS,BDB,Research Reagents,Research Core Cobalt,Cobalt YG OptiBuild,RY775 OptiBuild
44000,BLS,BDB,Research Reagents,Research Core Sirigen,Sirigen - OptiBuild,Sirigen - OptiBuild (Flow Cytometry)
44001,BLS,BDB,Research Reagents,Research Core Cobalt,Cobalt Blue OptiBuild,RB780 OptiBuild
44002,BLS,BDB,Research Reagents,Research Core Cobalt,Cobalt Blue MTS,RB780 MTS
44003,BLS,BDB,Research Reagents,Research Core Cobalt,Cobalt YG OptiBuild,RY775 OptiBuild
44004,BLS,BDB,Research Reagents,Research Core Sirigen,Sirigen - OptiBuild,Sirigen - OptiBuild (Flow Cytometry)
44005,BLS,BDB,Research Reagents,Research Core Cobalt,Cobalt Blue OptiBuild,RB613 OptiBuild
44006,BLS,BDB,Research Reagents,Research Core Sirigen,Sirigen - OptiBuild,Sirigen - OptiBuild (Flow Cytometry)
44007,BDI,SUR,Infection Prevention - Surgical,Hair Removal,ClipVac,ClipVac Hardware
44008,BLS,BDB,Research Reagents,Research Core Cobalt,Cobalt Blue OptiBuild,RB705 OptiBuild
44010,BLS,BDB,Research Reagents,Research Core Sirigen,Sirigen - OptiBuild,Sirigen - OptiBuild (Flow Cytometry)
44014,BLS,BDB,Research Reagents,Research Core Cobalt,Cobalt Blue OptiBuild,RB670 OptiBuild
44018,BLS,BDB,Research Reagents,Research Core Sirigen,Sirigen - OptiBuild,Sirigen - OptiBuild (Flow Cytometry)
44022,BLS,BDB,Research Reagents,Research Core Sirigen,Sirigen - OptiBuild,Sirigen - OptiBuild (Flow Cytometry)
44026,BLS,BDB,Research Reagents,Research Core Cobalt,Cobalt Blue OptiBuild,RB670 OptiBuild
44027,BLS,BDB,Research Reagents,Research Core Cobalt,Cobalt YG OptiBuild,RY610 OptiBuild
44028,BLS,BDB,Research Reagents,Research Core Cobalt,Cobalt Blue OptiBuild,RB705 OptiBuild
44030,BLS,BDB,Research Reagents,Research Core Cobalt,Cobalt YG OptiBuild,RY703 OptiBuild
44031,BLS,BDB,Research Reagents,Research Core Cobalt,Cobalt Blue OptiBuild,RB545 OptiBuild
44034,BLS,BDB,Research Reagents,Research Core Cobalt,Cobalt Blue OptiBuild,RB613 OptiBuild
44035,BLS,BDB,Research Reagents,Research Core Non-Sirigen,Non Sirigen - Immune Function (Flow Cytometry),Non Sirigen - Immune Function (Flow Cytometry)
44036,BLS,BDB,Research Reagents,Research Core Cobalt,Cobalt Blue OptiBuild,RB670 OptiBuild
44037,BLS,BDB,Research Reagents,Research Core Sirigen,Sirigen - OptiBuild,Sirigen - OptiBuild (Flow Cytometry)
44039,BLS,BDB,Research Reagents,Research Core Cobalt,Cobalt YG OptiBuild,RY703 OptiBuild
44042,BLS,BDB,Research Reagents,Research Core Sirigen,Sirigen - OptiBuild,Sirigen - OptiBuild (Flow Cytometry)
44043,BLS,BDB,Research Reagents,Research Core Sirigen,Sirigen - OptiBuild,Sirigen - OptiBuild (Flow Cytometry)
44045,BLS,BDB,Research Reagents,Research Core Sirigen,Sirigen - OptiBuild,Sirigen - OptiBuild (Flow Cytometry)
44048,BLS,BDB,Research Reagents,Research Core Cobalt,Cobalt YG OptiBuild,RY610 OptiBuild
44049,BLS,BDB,Research Reagents,Research Core Cobalt,Cobalt YG OptiBuild,RY610 OptiBuild
44050,BLS,BDB,Research Reagents,Research Core Cobalt,Cobalt Blue OptiBuild,RB705 OptiBuild
44051,BLS,BDB,Research Reagents,Research Core Cobalt,Cobalt Blue OptiBuild,RB744 OptiBuild
44052,BLS,BDB,Research Reagents,Research Core Cobalt,Cobalt Blue OptiBuild,RB744 OptiBuild
44054,BLS,BDB,Research Reagents,Research Core Sirigen,Sirigen - OptiBuild,Sirigen - OptiBuild (Flow Cytometry)
44055,BLS,BDB,Research Reagents,Research Core Sirigen,Sirigen - OptiBuild,Sirigen - OptiBuild (Flow Cytometry)
44056,BLS,BDB,Research Reagents,Research Core Cobalt,Cobalt YG OptiBuild,RY703 OptiBuild
44059,BLS,BDB,Research Reagents,Research Core Sirigen,Sirigen - OptiBuild,Sirigen - OptiBuild (Flow Cytometry)
44060,BLS,BDB,Research Reagents,Research Core Non-Sirigen,Non-Sirigen - OptiBuild,Non Sirigen - Optibuild (Flow Cytometry)
44061,BLS,BDB,Research Reagents,Research Core Sirigen,Sirigen - OptiBuild,Sirigen - OptiBuild (Flow Cytometry)
44062,BLS,BDB,Research Reagents,Research Core Cobalt,Cobalt YG OptiBuild,RY703 OptiBuild
44063,BLS,BDB,Research Reagents,Research Core Cobalt,Cobalt Blue OptiBuild,RB670 OptiBuild
44065,BLS,BDB,Research Reagents,Research Core Sirigen,Sirigen - OptiBuild,Sirigen - OptiBuild (Flow Cytometry)
44066,BLS,BDB,Research Reagents,Research Core Sirigen,Sirigen - OptiBuild,Sirigen - OptiBuild (Flow Cytometry)
44067,BLS,BDB,Research Reagents,Research Core Cobalt,Cobalt YG OptiBuild,RY775 OptiBuild
44068,BLS,BDB,Research Reagents,Research Core Sirigen,Sirigen - OptiBuild,Sirigen - OptiBuild (Flow Cytometry)
44069,BLS,BDB,Research Reagents,Research Core Cobalt,Cobalt YG OptiBuild,RY586 OptiBuild
44070,BLS,BDB,Research Reagents,Research Core Cobalt,Cobalt Blue OptiBuild,RB744 OptiBuild
44074,BLS,BDB,Research Reagents,Research Core Cobalt,Cobalt YG OptiBuild,RY775 OptiBuild
44075,BLS,BDB,Research Reagents,Research Core Cobalt,Cobalt Blue OptiBuild,RB670 OptiBuild
44077,BLS,BDB,Research Reagents,Research Core Cobalt,Cobalt YG OptiBuild,RY775 OptiBuild
44082,BLS,BDB,Research Reagents,Research Core Sirigen,Sirigen - OptiBuild,Sirigen - OptiBuild (Flow Cytometry)
44085,BLS,BDB,Research Reagents,Research Core Cobalt,Cobalt YG OptiBuild,RY775 OptiBuild
44086,BLS,BDB,Research Reagents,Research Core Sirigen,Sirigen - OptiBuild,Sirigen - OptiBuild (Flow Cytometry)
44087,BLS,BDB,Research Reagents,Research Core Cobalt,Cobalt YG OptiBuild,RY586 OptiBuild
44088,BLS,BDB,Research Reagents,Research Core Sirigen,Sirigen - OptiBuild,Sirigen - OptiBuild (Flow Cytometry)
44089,BLS,BDB,Research Reagents,Research Core Cobalt,Cobalt YG OptiBuild,RY775 OptiBuild
44090,BLS,BDB,Research Reagents,Research Core Sirigen,Sirigen - OptiBuild,Sirigen - OptiBuild (Flow Cytometry)
44091,BLS,BDB,Research Reagents,Research Core Cobalt,Cobalt Blue OptiBuild,RB670 OptiBuild
44092,BLS,BDB,Research Reagents,Research Core Sirigen,Sirigen - OptiBuild,Sirigen - OptiBuild (Flow Cytometry)
44094,BLS,BDB,Research Reagents,Research Core Cobalt,Cobalt Blue MTS,RB780 MTS
44098,BLS,BDB,Research Reagents,Research Core Cobalt,Cobalt YG OptiBuild,RY610 OptiBuild
44101,BLS,BDB,Research Reagents,Research Core Cobalt,Cobalt Blue OptiBuild,RB670 OptiBuild
44102,BLS,BDB,Research Reagents,Research Core Cobalt,Cobalt Blue OptiBuild,RB780 OptiBuild
44103,BLS,BDB,Research Reagents,Research Core Non-Sirigen,Non-Sirigen - OptiBuild,Non Sirigen - Optibuild (Flow Cytometry)
44105,BLS,BDB,Research Reagents,Research Core Cobalt,Cobalt YG OptiBuild,RY610 OptiBuild
44107,BLS,BDB,Research Reagents,Research Core Cobalt,Cobalt YG OptiBuild,RY775 OptiBuild
44108,BLS,BDB,Research Reagents,Research Core Cobalt,Cobalt YG OptiBuild,RY775 OptiBuild
44109,BLS,BDB,Clinical Reagents,Cytognos Reagents,Cytognos Other Reagents,Cytognos OTHER REAGENTS
44112,BLS,BDB,Research Reagents,Research Core Sirigen,Sirigen - OptiBuild,Sirigen - OptiBuild (Flow Cytometry)
44116,BLS,BDB,Research Reagents,Research Core Cobalt,Cobalt YG OptiBuild,RY610 OptiBuild
44118,BLS,BDB,Research Reagents,Research Core Sirigen,Sirigen - OptiBuild,Sirigen - OptiBuild (Flow Cytometry)
44119,BLS,BDB,Research Reagents,Research Core Sirigen,Sirigen - OptiBuild,Sirigen - OptiBuild (Flow Cytometry)
44121,BLS,BDB,Research Reagents,Research Core Sirigen,Sirigen - OptiBuild,Sirigen - OptiBuild (Flow Cytometry)
44122,BLS,BDB,Research Reagents,Research Core Cobalt,Cobalt YG OptiBuild,RY610 OptiBuild
44124,BLS,BDB,Research Reagents,Research Core Sirigen,Sirigen - OptiBuild,Sirigen - OptiBuild (Flow Cytometry)
44127,BLS,BDB,Research Reagents,Research Core Sirigen,Sirigen - OptiBuild,Sirigen - OptiBuild (Flow Cytometry)
44128,BLS,BDB,Research Reagents,Research Core Sirigen,Sirigen - OptiBuild,Sirigen - OptiBuild (Flow Cytometry)
44129,BLS,BDB,Research Reagents,Research Reagents - PC Adjustment,Research Reagents - PC Adjustment,Research Reagents - PC Adjustment
44130,BLS,BDB,Research Reagents,Research Core Cobalt,Cobalt YG OptiBuild,RY775 OptiBuild
44131,BLS,BDB,Research Reagents,Research Core Cobalt,Cobalt YG OptiBuild,RY703 OptiBuild
44132,BLS,BDB,Research Reagents,Research Core Cobalt,Cobalt YG OptiBuild,RY703 OptiBuild
44133,BLS,BDB,Research Reagents,Research Core Cobalt,Cobalt Blue OptiBuild,RB670 OptiBuild
44134,BLS,BDB,Research Reagents,Research Core Cobalt,Cobalt Blue OptiBuild,RB670 OptiBuild
44135,BLS,BDB,Research Reagents,Research Core Cobalt,Cobalt Blue OptiBuild,RB670 OptiBuild
44136,BLS,BDB,Research Reagents,Research Core Cobalt,Cobalt Blue OptiBuild,RB670 OptiBuild
44137,BLS,BDB,Research Reagents,Research Core Cobalt,Cobalt Blue OptiBuild,RB545 OptiBuild
44139,BLS,BDB,Research Reagents,Research Core Sirigen,Sirigen - OptiBuild,Sirigen - OptiBuild (Flow Cytometry)
44143,BLS,BDB,Research Reagents,Research Core Sirigen,Sirigen - Immune Function (Flow Cytometry),Sirigen - Immune Function (Flow Cytometry)
44145,BLS,BDB,Research Reagents,Research Core Cobalt,Cobalt YG OptiBuild,RY703 OptiBuild
44147,BLS,BDB,Research Reagents,Research Core Sirigen,Sirigen - OptiBuild,Sirigen - OptiBuild (Flow Cytometry)
44151,BLS,BDB,Research Reagents,Research Core Sirigen,Sirigen - OptiBuild,Sirigen - OptiBuild (Flow Cytometry)
44154,BLS,BDB,Research Reagents,Research Core Sirigen,Sirigen - OptiBuild,Sirigen - OptiBuild (Flow Cytometry)
44155,BLS,BDB,Research Reagents,Research Core Cobalt,Cobalt YG OptiBuild,RY703 OptiBuild
44156,BLS,BDB,Research Reagents,Research Core Sirigen,Sirigen - OptiBuild,Sirigen - OptiBuild (Flow Cytometry)
44157,BLS,BDB,Research Reagents,Research Core Sirigen,Sirigen - OptiBuild,Sirigen - OptiBuild (Flow Cytometry)
44158,BLS,BDB,Research Reagents,Research Core Sirigen,Sirigen - OptiBuild,Sirigen - OptiBuild (Flow Cytometry)
44162,BLS,DS,Lab Automation,Lab Automation,All Other Lab Automation Instruments,Other Instr- Sale
44164,BLS,BDB,Research Reagents,Research Core Cobalt,Cobalt YG OptiBuild,RY586 OptiBuild
44166,BLS,BDB,Research Reagents,Research Core Sirigen,Sirigen - OptiBuild,Sirigen - OptiBuild (Flow Cytometry)
44168,BLS,BDB,Research Reagents,Research Core Sirigen,Sirigen - OptiBuild,Sirigen - OptiBuild (Flow Cytometry)
44169,BLS,BDB,Research Reagents,Research Core Sirigen,Sirigen - OptiBuild,Sirigen - OptiBuild (Flow Cytometry)
44170,BLS,BDB,Research Reagents,Research Core Sirigen,Sirigen - OptiBuild,Sirigen - OptiBuild (Flow Cytometry)
44172,BLS,BDB,Research Reagents,Research Core Cobalt,Cobalt YG OptiBuild,RY703 OptiBuild
44174,BLS,BDB,Research Reagents,Research Core Sirigen,Sirigen - OptiBuild,Sirigen - OptiBuild (Flow Cytometry)
44176,BLS,BDB,Research Reagents,Research Core Sirigen,Sirigen - OptiBuild,Sirigen - OptiBuild (Flow Cytometry)
44181,BLS,BDB,Research Reagents,Research Core Sirigen,Sirigen - OptiBuild,Sirigen - OptiBuild (Flow Cytometry)
44182,BLS,BDB,Research Reagents,Research Core Sirigen,Sirigen - OptiBuild,Sirigen - OptiBuild (Flow Cytometry)
44183,BLS,BDB,Research Reagents,Research Core Sirigen,Sirigen - OptiBuild,Sirigen - OptiBuild (Flow Cytometry)
44185,BLS,BDB,Research Reagents,Research Core Cobalt,Cobalt YG OptiBuild,RY610 OptiBuild
44190,BLS,BDB,Research Reagents,Research Core Cobalt,Cobalt Blue OptiBuild,RB705 OptiBuild
44191,BLS,BDB,Research Reagents,Research Core Cobalt,Cobalt Blue OptiBuild,RB744 OptiBuild
44196,BLS,BDB,Research Reagents,Research Core Sirigen,Sirigen - OptiBuild,Sirigen - OptiBuild (Flow Cytometry)
44198,BLS,BDB,Research Reagents,Research Core Sirigen,Sirigen - OptiBuild,Sirigen - OptiBuild (Flow Cytometry)
44199,BLS,BDB,Research Reagents,Research Core Non-Sirigen,Non Sirigen - Immune Function (Flow Cytometry),Non Sirigen - Immune Function (Flow Cytometry)
44200,BLS,BDB,Research Reagents,Research Core Sirigen,Sirigen - OptiBuild,Sirigen - OptiBuild (Flow Cytometry)
44201,BLS,BDB,Research Reagents,Research Core Sirigen,Sirigen - OptiBuild,Sirigen - OptiBuild (Flow Cytometry)
44202,BLS,BDB,Research Reagents,Research Core Sirigen,Sirigen - OptiBuild,Sirigen - OptiBuild (Flow Cytometry)
44203,BLS,BDB,Research Reagents,Research Core Cobalt,Cobalt Blue MTS,RB744 MTS
44205,BLS,BDB,Research Reagents,Research Core Sirigen,Sirigen - OptiBuild,Sirigen - OptiBuild (Flow Cytometry)
44207,BLS,BDB,Research Reagents,Research Core Sirigen,Sirigen - OptiBuild,Sirigen - OptiBuild (Flow Cytometry)
44210,BLS,BDB,Research Reagents,Research Core Cobalt,Cobalt YG OptiBuild,RY775 OptiBuild
44213,BLS,BDB,Research Reagents,Research Core Cobalt,Cobalt YG OptiBuild,RY610 OptiBuild
44215,BLS,BDB,Research Reagents,Research Core Sirigen,Sirigen - OptiBuild,Sirigen - OptiBuild (Flow Cytometry)
44216,BLS,BDB,Research Reagents,Research Core Sirigen,Sirigen - OptiBuild,Sirigen - OptiBuild (Flow Cytometry)
44217,BLS,BDB,Research Reagents,Research Core Sirigen,Sirigen - OptiBuild,Sirigen - OptiBuild (Flow Cytometry)
44218,BLS,BDB,Research Reagents,Research Core Cobalt,Cobalt YG OptiBuild,RY775 OptiBuild
44220,BLS,BDB,Research Reagents,Research Core Non-Sirigen,Non Sirigen - Immune Function (Flow Cytometry),Non Sirigen - Immune Function (Flow Cytometry)
44221,BLS,BDB,Research Reagents,Research Core Cobalt,Cobalt YG OptiBuild,RY775 OptiBuild
44223,BLS,BDB,Research Reagents,Research Core Cobalt,Cobalt YG OptiBuild,RY610 OptiBuild
44224,BLS,BDB,Research Reagents,Research Core Cobalt,Cobalt YG OptiBuild,RY610 OptiBuild
44225,BLS,BDB,Research Reagents,Research Core Cobalt,Cobalt Blue OptiBuild,RB705 OptiBuild
44226,BLS,BDB,Research Reagents,Research Core Cobalt,Cobalt Blue OptiBuild,RB744 OptiBuild
44227,BLS,BDB,Research Reagents,Research Core Cobalt,Cobalt Blue OptiBuild,RB744 OptiBuild
44230,BLS,BDB,Research Reagents,Research Core Cobalt,Cobalt Blue OptiBuild,RB613 OptiBuild
44231,BLS,BDB,Research Reagents,Research Core Cobalt,Cobalt Blue OptiBuild,RB613 OptiBuild
44234,BLS,BDB,Research Reagents,Research Non-Core,Non-Flow Cytometry - Assays,Non-Flow Cytometry - Assays
44237,BLS,BDB,Research Reagents,Research Core Sirigen,Sirigen - OptiBuild,Sirigen - OptiBuild (Flow Cytometry)
44241,BLS,BDB,Research Reagents,Research Core Sirigen,Sirigen - OptiBuild,Sirigen - OptiBuild (Flow Cytometry)
44242,BLS,BDB,Research Reagents,Research Core Sirigen,Sirigen - OptiBuild,Sirigen - OptiBuild (Flow Cytometry)
44245,BLS,BDB,Research Reagents,Research Core Sirigen,Sirigen - OptiBuild,Sirigen - OptiBuild (Flow Cytometry)
44248,BLS,BDB,Research Reagents,Research Core Sirigen,Sirigen - OptiBuild,Sirigen - OptiBuild (Flow Cytometry)
44251,BLS,BDB,Research Reagents,Research Core Sirigen,Sirigen - OptiBuild,Sirigen - OptiBuild (Flow Cytometry)
44252,BLS,BDB,Research Reagents,Research Core Sirigen,Sirigen - OptiBuild,Sirigen - OptiBuild (Flow Cytometry)
44256,BLS,BDB,Research Reagents,Research Core Sirigen,Sirigen - OptiBuild,Sirigen - OptiBuild (Flow Cytometry)
44257,BLS,BDB,Research Reagents,Research Core Sirigen,Sirigen - OptiBuild,Sirigen - OptiBuild (Flow Cytometry)
44259,BLS,BDB,Research Reagents,Research Core Sirigen,Sirigen - OptiBuild,Sirigen - OptiBuild (Flow Cytometry)
44261,BLS,BDB,Research Reagents,Research Core Sirigen,Sirigen - OptiBuild,Sirigen - OptiBuild (Flow Cytometry)
44264,BLS,BDB,Research Reagents,Research Core Sirigen,Sirigen - OptiBuild,Sirigen - OptiBuild (Flow Cytometry)
44266,BLS,BDB,Research Reagents,Research Core Sirigen,Sirigen - OptiBuild,Sirigen - OptiBuild (Flow Cytometry)
44267,BLS,BDB,Research Reagents,Research Core Sirigen,Sirigen - OptiBuild,Sirigen - OptiBuild (Flow Cytometry)
44269,BLS,BDB,Research Reagents,Research Core Sirigen,Sirigen - OptiBuild,Sirigen - OptiBuild (Flow Cytometry)
44271,BLS,BDB,Research Reagents,Research Core Sirigen,Sirigen - OptiBuild,Sirigen - OptiBuild (Flow Cytometry)
44274,BLS,BDB,Research Reagents,Research Core Sirigen,Sirigen - OptiBuild,Sirigen - OptiBuild (Flow Cytometry)
44277,BLS,BDB,Research Reagents,Research Core Cobalt,Cobalt YG OptiBuild,RY586 OptiBuild
44279,BLS,BDB,Research Reagents,Research Core Sirigen,Sirigen - OptiBuild,Sirigen - OptiBuild (Flow Cytometry)
44281,BLS,BDB,Research Reagents,Research Core Sirigen,Sirigen - OptiBuild,Sirigen - OptiBuild (Flow Cytometry)
44282,BLS,BDB,Research Reagents,Research Non-Core,Non-Flow Cytometry - Assays,Non-Flow Cytometry - Assays
44288,BLS,BDB,Research Reagents,Research Core Cobalt,Cobalt Blue OptiBuild,RB670 OptiBuild
44289,BLS,BDB,Research Reagents,Research Core Cobalt,Cobalt Blue OptiBuild,RB670 OptiBuild
44291,BLS,BDB,Research Reagents,Research Core Cobalt,Cobalt Blue OptiBuild,RB744 OptiBuild
44292,BLS,BDB,Research Reagents,Research Core Sirigen,Sirigen - OptiBuild,Sirigen - OptiBuild (Flow Cytometry)
44293,BLS,BDB,Research Reagents,Research Core Cobalt,Cobalt YG OptiBuild,RY655 OptiBuild
44295,BLS,BDB,Research Reagents,Research Core Cobalt,Cobalt YG OptiBuild,RY703 OptiBuild
44297,BLS,BDB,Research Reagents,Research Core Sirigen,Sirigen - OptiBuild,Sirigen - OptiBuild (Flow Cytometry)
44298,BLS,BDB,Research Reagents,Research Core Non-Sirigen,Non-Sirigen - OptiBuild,Non Sirigen - Optibuild (Flow Cytometry)
44299,BLS,BDB,Research Reagents,Research Core Sirigen,Sirigen - OptiBuild,Sirigen - OptiBuild (Flow Cytometry)
44301,BLS,BDB,Research Reagents,Research Core Cobalt,Cobalt YG OptiBuild,RY610 OptiBuild
44302,BLS,BDB,Research Reagents,Research Core Cobalt,Cobalt YG OptiBuild,RY703 OptiBuild
44303,BLS,BDB,Single Cell Multiomics,SCM Reagents,BD AbSeq,AbSeq - Custom vials
44304,BLS,BDB,Single Cell Multiomics,SCM Reagents,BD AbSeq,AbSeq - Custom vials
44305,BLS,BDB,Single Cell Multiomics,SCM Reagents,BD AbSeq,AbSeq - Custom vials
44306,BLS,BDB,Single Cell Multiomics,SCM Reagents,BD AbSeq,AbSeq - Custom vials
44307,BLS,BDB,Single Cell Multiomics,SCM Reagents,BD AbSeq,AbSeq - Custom vials
44312,BLS,BDB,Research Reagents,Research Core Sirigen,Sirigen - OptiBuild,Sirigen - OptiBuild (Flow Cytometry)
44313,BLS,BDB,Research Reagents,Research Core Cobalt,Cobalt YG OptiBuild,RY775 OptiBuild
44314,BLS,BDB,Research Reagents,Research Core Cobalt,Cobalt YG OptiBuild,RY775 OptiBuild
44316,BLS,BDB,Research Reagents,Research Core Cobalt,Cobalt Blue OptiBuild,RB613 OptiBuild
44318,BLS,BDB,Research Reagents,Research Core Sirigen,Sirigen - OptiBuild,Sirigen - OptiBuild (Flow Cytometry)
44319,BLS,BDB,Research Reagents,Research Core Cobalt,Cobalt Blue OptiBuild,RB545 OptiBuild
44320,BLS,BDB,Research Reagents,Research Core Sirigen,Sirigen - OptiBuild,Sirigen - OptiBuild (Flow Cytometry)
44321,BLS,BDB,Research Reagents,Research Core Sirigen,Sirigen - OptiBuild,Sirigen - OptiBuild (Flow Cytometry)
44322,BLS,BDB,Research Reagents,Research Core Cobalt,Cobalt YG OptiBuild,RY703 OptiBuild
44326,BLS,BDB,Research Reagents,Research Core Sirigen,Sirigen - OptiBuild,Sirigen - OptiBuild (Flow Cytometry)
44329,BLS,BDB,Research Reagents,Research Core Cobalt,Cobalt YG OptiBuild,RY586 OptiBuild
44331,BLS,BDB,Research Reagents,Research Core Cobalt,Cobalt YG OptiBuild,RY586 OptiBuild
44334,BLS,BDB,Research Reagents,Research Core Cobalt,Cobalt YG MTS,RY610 MTS
44335,BLS,BDB,Research Reagents,Research Core Sirigen,Sirigen - OptiBuild,Sirigen - OptiBuild (Flow Cytometry)
44337,BLS,BDB,Research Reagents,Research Core Cobalt,Cobalt YG MTS,RY775 MTS
44338,BLS,BDB,Research Reagents,Research Core Sirigen,Sirigen - OptiBuild,Sirigen - OptiBuild (Flow Cytometry)
44340,BLS,BDB,Research Reagents,Research Core Sirigen,Sirigen - OptiBuild,Sirigen - OptiBuild (Flow Cytometry)
44341,BLS,BDB,Research Reagents,Research Core Sirigen,Sirigen - OptiBuild,Sirigen - OptiBuild (Flow Cytometry)
44343,BLS,BDB,Research Reagents,Research Core Sirigen,Sirigen - OptiBuild,Sirigen - OptiBuild (Flow Cytometry)
44345,BLS,BDB,Research Reagents,Research Core Cobalt,Cobalt YG OptiBuild,RY775 OptiBuild
44346,BLS,BDB,Research Reagents,Research Core Cobalt,Cobalt YG OptiBuild,RY775 OptiBuild
44347,BLS,BDB,Research Reagents,Research Core Cobalt,Cobalt YG OptiBuild,RY703 OptiBuild
44348,BLS,BDB,Research Reagents,Research Core Cobalt,Cobalt YG OptiBuild,RY703 OptiBuild
44349,BLS,BDB,Research Reagents,Research Core Cobalt,Cobalt YG OptiBuild,RY703 OptiBuild
44351,BLS,BDB,Research Reagents,Research Core Cobalt,Cobalt YG OptiBuild,RY610 OptiBuild
44352,BLS,BDB,Research Reagents,Research Core Cobalt,Cobalt Blue OptiBuild,RB705 OptiBuild
44355,BLS,BDB,Research Reagents,Research Core Cobalt,Cobalt YG OptiBuild,RY775 OptiBuild
44356,BLS,BDB,Research Reagents,Research Core Cobalt,Cobalt Blue OptiBuild,RB670 OptiBuild
44359,BLS,BDB,Research Reagents,Research Core Cobalt,Cobalt Blue OptiBuild,RB670 OptiBuild
44363,BLS,BDB,Research Reagents,Research Core Cobalt,Cobalt Blue OptiBuild,RB670 OptiBuild
44364,BLS,BDB,Research Reagents,Research Core Cobalt,Cobalt YG OptiBuild,RY586 OptiBuild
44368,BLS,BDB,Research Reagents,Research Core Sirigen,Sirigen - OptiBuild,Sirigen - OptiBuild (Flow Cytometry)
44369,BLS,BDB,Research Reagents,Research Core Cobalt,Cobalt YG OptiBuild,RY610 OptiBuild
44378,BLS,BDB,Research Reagents,Research Core Sirigen,Sirigen - OptiBuild,Sirigen - OptiBuild (Flow Cytometry)
44381,BLS,BDB,Research Reagents,Research Core Cobalt,Cobalt YG OptiBuild,RY703 OptiBuild
44383,BLS,BDB,Research Reagents,Research Core Cobalt,Cobalt YG OptiBuild,RY610 OptiBuild
44384,BLS,BDB,Research Reagents,Research Core Cobalt,Cobalt YG OptiBuild,RY703 OptiBuild
44387,BLS,BDB,Research Reagents,Research Core Non-Sirigen,Non Sirigen - Immune Function (Flow Cytometry),Non Sirigen - Immune Function (Flow Cytometry)
44389,BLS,BDB,Research Reagents,Research Core Sirigen,Sirigen - OptiBuild,Sirigen - OptiBuild (Flow Cytometry)
44391,BLS,BDB,Research Reagents,Research Core Sirigen,Sirigen - OptiBuild,Sirigen - OptiBuild (Flow Cytometry)
44394,BLS,BDB,Research Reagents,Research Core Sirigen,Sirigen - OptiBuild,Sirigen - OptiBuild (Flow Cytometry)
44399,BLS,BDB,Research Reagents,Research Core Sirigen,Sirigen - OptiBuild,Sirigen - OptiBuild (Flow Cytometry)
44400,BLS,BDB,Research Reagents,Research Core Cobalt,Cobalt YG OptiBuild,RY610 OptiBuild
44403,BLS,BDB,Research Reagents,Research Core Cobalt,Cobalt YG OptiBuild,RY610 OptiBuild
44406,BLS,BDB,Research Reagents,Research Core Sirigen,Sirigen - OptiBuild,Sirigen - OptiBuild (Flow Cytometry)
44409,BLS,BDB,Research Reagents,Research Core Sirigen,Sirigen - OptiBuild,Sirigen - OptiBuild (Flow Cytometry)
44412,BLS,BDB,Research Reagents,Research Core Cobalt,Cobalt YG OptiBuild,RY610 OptiBuild
44413,BLS,BDB,Research Reagents,Research Core Cobalt,Cobalt Blue OptiBuild,RB744 OptiBuild
44417,BLS,BDB,Research Reagents,Research Core Cobalt,Cobalt Blue OptiBuild,RB545 OptiBuild
44418,BLS,BDB,Research Reagents,Research Core Sirigen,Sirigen - OptiBuild,Sirigen - OptiBuild (Flow Cytometry)
44419,BLS,BDB,Research Reagents,Research Core Cobalt,Cobalt Blue OptiBuild,RB780 OptiBuild
44421,BLS,BDB,Research Reagents,Research Core Sirigen,Sirigen - OptiBuild,Sirigen - OptiBuild (Flow Cytometry)
44422,BLS,BDB,Research Reagents,Research Core Sirigen,Sirigen - OptiBuild,Sirigen - OptiBuild (Flow Cytometry)
44423,BLS,BDB,Research Reagents,Research Core Cobalt,Cobalt YG OptiBuild,RY586 OptiBuild
44424,BLS,BDB,Research Reagents,Research Core Cobalt,Cobalt YG OptiBuild,RY586 OptiBuild
44427,BLS,BDB,Research Reagents,Research Core Sirigen,Sirigen - OptiBuild,Sirigen - OptiBuild (Flow Cytometry)
44429,BLS,BDB,Research Reagents,Research Core Cobalt,Cobalt Red MTS,RR688 MTS
44430,BLS,BDB,Research Reagents,Research Core Cobalt,Cobalt Blue OptiBuild,RB705 OptiBuild
44431,BLS,BDB,Research Reagents,Research Core Sirigen,Sirigen - OptiBuild,Sirigen - OptiBuild (Flow Cytometry)
44432,BLS,BDB,Research Reagents,Research Core Sirigen,Sirigen - Immune Function (Flow Cytometry),Sirigen - Immune Function (Flow Cytometry)
44433,BLS,BDB,Research Reagents,Research Core Sirigen,Sirigen - OptiBuild,Sirigen - OptiBuild (Flow Cytometry)
44435,BLS,BDB,Research Reagents,Research Core Cobalt,Cobalt YG OptiBuild,RY610 OptiBuild
44436,BLS,BDB,Research Reagents,Research Core Cobalt,Cobalt YG OptiBuild,RY610 OptiBuild
44439,BLS,BDB,Research Reagents,Research Core Non-Sirigen,Non Sirigen - Immune Function (Flow Cytometry),Non Sirigen - Immune Function (Flow Cytometry)
44440,BLS,BDB,Research Reagents,Research Core Cobalt,Cobalt YG OptiBuild,RY610 OptiBuild
44441,BLS,BDB,Research Reagents,Research Core Cobalt,Cobalt Blue OptiBuild,RB705 OptiBuild
44442,BLS,BDB,Research Reagents,Research Core Cobalt,Cobalt Blue OptiBuild,RB744 OptiBuild
44443,BLS,BDB,Research Reagents,Research Core Cobalt,Cobalt Blue OptiBuild,RB545 OptiBuild
44444,BLS,DS,Informatics,Informatics,Epicenter,Epicenter Hardware
44446,BLS,BDB,Research Reagents,Research Core Sirigen,Sirigen - OptiBuild,Sirigen - OptiBuild (Flow Cytometry)
44447,BLS,BDB,Research Reagents,Research Core Cobalt,Cobalt Blue OptiBuild,RB780 OptiBuild
44449,BLS,BDB,Research Reagents,Research Core Non-Sirigen,Non-Sirigen - OptiBuild,Non Sirigen - Optibuild (Flow Cytometry)
44451,BLS,BDB,Research Reagents,Research Core Sirigen,Sirigen - OptiBuild,Sirigen - OptiBuild (Flow Cytometry)
44452,BLS,BDB,Research Reagents,Research Core Sirigen,Sirigen - OptiBuild,Sirigen - OptiBuild (Flow Cytometry)
44453,BLS,BDB,Research Reagents,Research Core Cobalt,Cobalt Blue OptiBuild,RB744 OptiBuild
44454,BLS,BDB,Research Reagents,Research Core Cobalt,Cobalt Blue OptiBuild,RB780 OptiBuild
44455,BLS,BDB,Research Reagents,Research Core Cobalt,Cobalt YG OptiBuild,RY703 OptiBuild
44456,BLS,BDB,Research Reagents,Research Core Cobalt,Cobalt YG MTS,RY743 MTS
44457,BLS,BDB,Research Reagents,Research Core Cobalt,Cobalt Blue OptiBuild,RB670 OptiBuild
44458,BLS,BDB,Research Reagents,Research Core Sirigen,Sirigen - OptiBuild,Sirigen - OptiBuild (Flow Cytometry)
44461,BLS,BDB,Research Reagents,Research Core Cobalt,Cobalt YG OptiBuild,RY610 OptiBuild
44462,BLS,BDB,Research Reagents,Research Non-Core,Non-Flow Cytometry - Assays,Non-Flow Cytometry - Assays
44464,BLS,BDB,Research Reagents,Research Core Cobalt,Cobalt YG MTS,RY743 MTS
44466,BLS,BDB,Research Reagents,Research Core Sirigen,Sirigen - OptiBuild,Sirigen - OptiBuild (Flow Cytometry)
44467,BLS,BDB,Research Reagents,Research Core Sirigen,Sirigen - OptiBuild,Sirigen - OptiBuild (Flow Cytometry)
44470,BLS,BDB,Research Reagents,Research Core Cobalt,Cobalt YG OptiBuild,RY610 OptiBuild
44473,BDI,PI,Peripheral Vascular Disease,Stents PVD,Lifestar,Lifestar
44474,BLS,BDB,Research Reagents,Research Core Non-Sirigen,Non Sirigen - Immune Function (Flow Cytometry),Non Sirigen - Immune Function (Flow Cytometry)
44478,BLS,BDB,Research Reagents,Research Core Sirigen,Sirigen - OptiBuild,Sirigen - OptiBuild (Flow Cytometry)
44479,BLS,BDB,Research Reagents,Research Core Sirigen,Sirigen - OptiBuild,Sirigen - OptiBuild (Flow Cytometry)
44481,BLS,BDB,Clinical Reagents,Cytognos Reagents,Cytognos Other Reagents,Cytognos OTHER REAGENTS
44482,BLS,BDB,Research Reagents,Research Core Cobalt,Cobalt Blue OptiBuild,RB705 OptiBuild
44483,BLS,BDB,Research Reagents,Research Core Cobalt,Cobalt Blue OptiBuild,RB705 OptiBuild
44485,BLS,BDB,Research Reagents,Research Core Sirigen,Sirigen - OptiBuild,Sirigen - OptiBuild (Flow Cytometry)
44488,BLS,BDB,Research Reagents,Research Core Cobalt,Cobalt Blue OptiBuild,RB613 OptiBuild
44490,BLS,BDB,Research Reagents,Research Core Sirigen,Sirigen - OptiBuild,Sirigen - OptiBuild (Flow Cytometry)
44493,BLS,BDB,Research Reagents,Research Core Sirigen,Sirigen - OptiBuild,Sirigen - OptiBuild (Flow Cytometry)
44496,BLS,BDB,Research Reagents,Research Core Cobalt,Cobalt Blue OptiBuild,RB613 OptiBuild
44497,BLS,BDB,Research Reagents,Research Core Cobalt,Cobalt YG OptiBuild,RY610 OptiBuild
44498,BLS,BDB,Research Reagents,Research Core Cobalt,Cobalt YG OptiBuild,RY703 OptiBuild
44499,BLS,BDB,Research Reagents,Research Core Cobalt,Cobalt Blue OptiBuild,RB613 OptiBuild
44500,BLS,BDB,Research Reagents,Research Core Cobalt,Cobalt YG OptiBuild,RY775 OptiBuild
44501,BLS,BDB,Research Reagents,Research Core Cobalt,Cobalt YG OptiBuild,RY775 OptiBuild
44502,BLS,BDB,Research Reagents,Research Core Cobalt,Cobalt Blue OptiBuild,RB545 OptiBuild
44504,BLS,BDB,Research Reagents,Research Core Cobalt,Cobalt YG OptiBuild,RY610 OptiBuild
44509,BLS,BDB,Research Reagents,Research Core Sirigen,Sirigen - OptiBuild,Sirigen - OptiBuild (Flow Cytometry)
44510,BLS,BDB,Research Reagents,Research Core Sirigen,Sirigen - OptiBuild,Sirigen - OptiBuild (Flow Cytometry)
44511,BLS,BDB,Research Reagents,Research Core Sirigen,Sirigen - OptiBuild,Sirigen - OptiBuild (Flow Cytometry)
44512,BLS,BDB,Research Reagents,Research Core Cobalt,Cobalt YG OptiBuild,RY610 OptiBuild
44513,BLS,BDB,Research Reagents,Research Core Cobalt,Cobalt Blue OptiBuild,RB613 OptiBuild
44514,BLS,BDB,Research Reagents,Research Core Sirigen,Sirigen - OptiBuild,Sirigen - OptiBuild (Flow Cytometry)
44515,BLS,BDB,Research Reagents,Research Core Sirigen,Sirigen - OptiBuild,Sirigen - OptiBuild (Flow Cytometry)
44516,BLS,SM,Lab Specimen Management,Lab Specimen Management - PC Adjustment,Lab Specimen Management - PC Adjustment,Lab Specimen Management - PC Adjustment
44517,BLS,SM,Lab Specimen Management,Lab Specimen Management - PC Adjustment,Lab Specimen Management - PC Adjustment,Lab Specimen Management - PC Adjustment
44518,BLS,SM,Lab Specimen Management,Lab Specimen Management - PC Adjustment,Lab Specimen Management - PC Adjustment,Lab Specimen Management - PC Adjustment
44522,BLS,BDB,Research Reagents,Research Core Sirigen,Sirigen - OptiBuild,Sirigen - OptiBuild (Flow Cytometry)
44523,BLS,BDB,Research Reagents,Research Core Sirigen,Sirigen - Immune Function (Flow Cytometry),Sirigen - Immune Function (Flow Cytometry)
44524,BLS,BDB,Research Reagents,Research Core Cobalt,Cobalt YG OptiBuild,RY703 OptiBuild
44526,BLS,BDB,Research Reagents,Research Core Cobalt,Cobalt YG Support,Antibody Controls
44527,BLS,BDB,Research Reagents,Research Core Cobalt,Cobalt YG OptiBuild,RY775 OptiBuild
44528,BLS,BDB,Research Reagents,Research Core Cobalt,Cobalt YG OptiBuild,RY775 OptiBuild
44531,BLS,BDB,Research Reagents,Research Core Cobalt,Cobalt Blue MTS,RB744 MTS
44532,BLS,BDB,Research Reagents,Research Core Cobalt,Cobalt YG OptiBuild,RY610 OptiBuild
44533,BLS,BDB,Research Reagents,Research Core Cobalt,Cobalt Blue OptiBuild,RB670 OptiBuild
44534,BLS,BDB,Research Reagents,Research Core Cobalt,Cobalt YG OptiBuild,RY610 OptiBuild
44535,BLS,BDB,Research Reagents,Research Core Cobalt,Cobalt YG OptiBuild,RY610 OptiBuild
44538,BLS,BDB,Research Reagents,Research Core Cobalt,Cobalt Blue OptiBuild,RB744 OptiBuild
44539,BLS,BDB,Research Reagents,Research Core Cobalt,Cobalt Blue OptiBuild,RB613 OptiBuild
44541,BLS,BDB,Research Reagents,Research Core Cobalt,Cobalt Blue OptiBuild,RB613 OptiBuild
44544,BLS,BDB,Research Reagents,Research Core Cobalt,Cobalt Blue MTS,RB780 MTS
44546,BLS,BDB,Research Reagents,Research Core Cobalt,Cobalt Blue OptiBuild,RB670 OptiBuild
44549,BLS,BDB,Research Reagents,Research Core Sirigen,Sirigen - OptiBuild,Sirigen - OptiBuild (Flow Cytometry)
44551,BLS,BDB,Research Reagents,Research Core Cobalt,Cobalt YG OptiBuild,RY610 OptiBuild
44552,BLS,BDB,Research Reagents,Research Core Sirigen,Sirigen - OptiBuild,Sirigen - OptiBuild (Flow Cytometry)
44555,BLS,BDB,Research Reagents,Research Core Non-Sirigen,Non Sirigen - Immune Function (Flow Cytometry),Non Sirigen - Immune Function (Flow Cytometry)
44558,BLS,BDB,Research Reagents,Research Core Cobalt,Cobalt YG OptiBuild,RY703 OptiBuild
44559,BLS,BDB,Research Reagents,Research Core Sirigen,Sirigen - OptiBuild,Sirigen - OptiBuild (Flow Cytometry)
44561,BLS,BDB,Research Reagents,Research Core Cobalt,Cobalt Blue OptiBuild,RB744 OptiBuild
44562,BLS,BDB,Research Reagents,Research Core Cobalt,Cobalt YG MTS,RY703 MTS
44563,BLS,BDB,Research Reagents,Research Core Cobalt,Cobalt Blue OptiBuild,RB744 OptiBuild
44564,BLS,BDB,Research Reagents,Research Core Sirigen,Sirigen - Immune Function (Flow Cytometry),Sirigen - Immune Function (Flow Cytometry)
44566,BLS,BDB,Research Reagents,Research Core Cobalt,Cobalt Blue OptiBuild,RB670 OptiBuild
44568,BLS,BDB,Research Reagents,Research Core Sirigen,Sirigen - OptiBuild,Sirigen - OptiBuild (Flow Cytometry)
44569,BLS,BDB,Research Reagents,Research Core Sirigen,Sirigen - OptiBuild,Sirigen - OptiBuild (Flow Cytometry)
44570,BLS,BDB,Research Reagents,Research Core Cobalt,Cobalt Blue OptiBuild,RB545 OptiBuild
44571,BLS,BDB,Research Reagents,Research Core Sirigen,Sirigen - Immune Function (Flow Cytometry),Sirigen - Immune Function (Flow Cytometry)
44572,BLS,BDB,Research Reagents,Research Core Cobalt,Cobalt Blue OptiBuild,RB613 OptiBuild
44574,BLS,BDB,Research Reagents,Research Core Cobalt,Cobalt Blue OptiBuild,RB744 OptiBuild
44575,BLS,BDB,Research Reagents,Research Core Cobalt,Cobalt YG OptiBuild,RY610 OptiBuild
44576,BLS,BDB,Research Reagents,Research Core Sirigen,Sirigen - OptiBuild,Sirigen - OptiBuild (Flow Cytometry)
44578,BLS,BDB,Research Reagents,Research Core Cobalt,Cobalt Blue OptiBuild,RB613 OptiBuild
44579,BLS,BDB,Research Reagents,Research Core Cobalt,Cobalt Blue OptiBuild,RB744 OptiBuild
44582,BLS,BDB,Research Reagents,Research Core Cobalt,Cobalt Blue OptiBuild,RB744 OptiBuild
44583,BLS,BDB,Research Reagents,Research Core Sirigen,Sirigen - OptiBuild,Sirigen - OptiBuild (Flow Cytometry)
44584,BLS,BDB,Research Reagents,Research Core Cobalt,Cobalt YG OptiBuild,RY703 OptiBuild
44585,BLS,BDB,Research Reagents,Research Core Cobalt,Cobalt YG OptiBuild,RY610 OptiBuild
44586,BLS,BDB,Research Reagents,Research Core Cobalt,Cobalt YG OptiBuild,RY610 OptiBuild
44587,BLS,BDB,Research Reagents,Research Core Cobalt,Cobalt Blue OptiBuild,RB613 OptiBuild
44588,BLS,BDB,Research Reagents,Research Core Sirigen,Sirigen - OptiBuild,Sirigen - OptiBuild (Flow Cytometry)
44589,BLS,BDB,Research Reagents,Research Core Cobalt,Cobalt YG OptiBuild,RY610 OptiBuild
44590,BLS,BDB,Research Reagents,Research Core Cobalt,Cobalt YG OptiBuild,RY703 OptiBuild
44591,BLS,BDB,Research Reagents,Research Core Sirigen,Sirigen - OptiBuild,Sirigen - OptiBuild (Flow Cytometry)
44593,BLS,BDB,Research Reagents,Research Core Cobalt,Cobalt YG OptiBuild,RY703 OptiBuild
44595,BLS,BDB,Research Reagents,Research Core Cobalt,Cobalt YG OptiBuild,RY775 OptiBuild
44596,BLS,BDB,Research Reagents,Research Core Sirigen,Sirigen - OptiBuild,Sirigen - OptiBuild (Flow Cytometry)
44597,BLS,BDB,Research Reagents,Research Core Sirigen,Sirigen - OptiBuild,Sirigen - OptiBuild (Flow Cytometry)
44599,BLS,BDB,Research Reagents,Research Core Sirigen,Sirigen - OptiBuild,Sirigen - OptiBuild (Flow Cytometry)
44601,BLS,BDB,Research Reagents,Research Core Non-Sirigen,Non-Sirigen - OptiBuild,Non Sirigen - Optibuild (Flow Cytometry)
44603,BLS,BDB,Research Reagents,Research Core Non-Sirigen,Non-Sirigen - OptiBuild,Non Sirigen - Optibuild (Flow Cytometry)
44604,BLS,BDB,Research Reagents,Research Core Cobalt,Cobalt Blue OptiBuild,RB744 OptiBuild
44605,BLS,BDB,Research Reagents,Research Core Cobalt,Cobalt Blue OptiBuild,RB613 OptiBuild
44606,BLS,BDB,Research Reagents,Research Core Sirigen,Sirigen - OptiBuild,Sirigen - OptiBuild (Flow Cytometry)
44607,BLS,BDB,Research Reagents,Research Core Cobalt,Cobalt YG OptiBuild,RY703 OptiBuild
44609,BLS,BDB,Research Reagents,Research Core Cobalt,Cobalt YG OptiBuild,RY775 OptiBuild
44611,BLS,BDB,Research Reagents,Research Core Cobalt,Cobalt Blue OptiBuild,RB613 OptiBuild
44613,BLS,BDB,Research Reagents,Research Core Cobalt,Cobalt Blue OptiBuild,RB613 OptiBuild
44614,BLS,BDB,Research Reagents,Research Core Cobalt,Cobalt Blue OptiBuild,RB613 OptiBuild
44616,BLS,BDB,Research Reagents,Research Core Sirigen,Sirigen - OptiBuild,Sirigen - OptiBuild (Flow Cytometry)
44622,BLS,BDB,Research Reagents,Research Core Sirigen,Sirigen - OptiBuild,Sirigen - OptiBuild (Flow Cytometry)
44623,BLS,BDB,Research Reagents,Research Core Sirigen,Sirigen - OptiBuild,Sirigen - OptiBuild (Flow Cytometry)
44626,BLS,BDB,Research Reagents,Research Core Cobalt,Cobalt Blue OptiBuild,RB613 OptiBuild
44627,BLS,BDB,Research Reagents,Research Core Cobalt,Cobalt YG OptiBuild,RY610 OptiBuild
44628,BLS,BDB,Research Reagents,Research Core Cobalt,Cobalt YG OptiBuild,RY610 OptiBuild
44629,BLS,BDB,Research Reagents,Research Core Cobalt,Cobalt Blue OptiBuild,RB613 OptiBuild
44630,BLS,BDB,Research Reagents,Research Core Non-Sirigen,Non Sirigen - Immune Function (Flow Cytometry),Non Sirigen - Immune Function (Flow Cytometry)
44631,BLS,BDB,Research Reagents,Research Core Cobalt,Cobalt Blue OptiBuild,RB613 OptiBuild
44632,BLS,BDB,Research Reagents,Research Core Sirigen,Sirigen - OptiBuild,Sirigen - OptiBuild (Flow Cytometry)
44633,BLS,BDB,Research Reagents,Research Core Cobalt,Cobalt YG OptiBuild,RY610 OptiBuild
44635,BLS,BDB,Research Reagents,Research Core Cobalt,Cobalt YG MTS,RY610 MTS
44636,BLS,BDB,Research Reagents,Research Core Cobalt,Cobalt Blue OptiBuild,RB613 OptiBuild
44638,BLS,BDB,Research Reagents,Research Core Cobalt,Cobalt YG OptiBuild,RY775 OptiBuild
44639,BLS,BDB,Research Reagents,Research Core Cobalt,Cobalt Blue OptiBuild,RB705 OptiBuild
44641,BLS,BDB,Research Reagents,Research Core Cobalt,Cobalt YG OptiBuild,RY610 OptiBuild
44642,BLS,BDB,Research Reagents,Research Core Cobalt,Cobalt YG OptiBuild,RY703 OptiBuild
44645,BLS,BDB,Research Reagents,Research Core Cobalt,Cobalt Blue OptiBuild,RB613 OptiBuild
44646,BLS,BDB,Research Reagents,Research Core Cobalt,Cobalt Blue OptiBuild,RB744 OptiBuild
44650,BLS,BDB,Research Reagents,Research Core Sirigen,Sirigen - OptiBuild,Sirigen - OptiBuild (Flow Cytometry)
44652,BLS,BDB,Single Cell Multiomics,SCM Reagents,BD AbSeq,AbSeq - MTS vials
44653,BLS,BDB,Research Reagents,Research Core Cobalt,Cobalt YG OptiBuild,RY703 OptiBuild
44654,BLS,BDB,Research Reagents,Research Core Non-Sirigen,Non Sirigen - Immune Function (Flow Cytometry),Non Sirigen - Immune Function (Flow Cytometry)
44655,BLS,BDB,Research Reagents,Research Core Cobalt,Cobalt YG OptiBuild,RY610 OptiBuild
44656,BLS,BDB,Research Reagents,Research Core Sirigen,Sirigen - OptiBuild,Sirigen - OptiBuild (Flow Cytometry)
44657,BLS,BDB,Research Reagents,Research Core Cobalt,Cobalt Blue OptiBuild,RB744 OptiBuild
44658,BLS,BDB,Research Reagents,Research Core Sirigen,Sirigen - OptiBuild,Sirigen - OptiBuild (Flow Cytometry)
44659,BLS,BDB,Research Reagents,Research Core Cobalt,Cobalt YG OptiBuild,RY775 OptiBuild
44660,BLS,BDB,Research Reagents,Research Core Cobalt,Cobalt YG OptiBuild,RY703 OptiBuild
44661,BLS,BDB,Research Reagents,Research Core Cobalt,Cobalt YG OptiBuild,RY703 OptiBuild
44662,BLS,BDB,Research Reagents,Research Core Cobalt,Cobalt YG OptiBuild,RY703 OptiBuild
44663,BLS,BDB,Research Reagents,Research Core Cobalt,Cobalt YG OptiBuild,RY703 OptiBuild
44664,BLS,BDB,Research Reagents,Research Core Cobalt,Cobalt YG OptiBuild,RY703 OptiBuild
44665,BLS,BDB,Research Reagents,Research Core Cobalt,Cobalt Blue OptiBuild,RB670 OptiBuild
44666,BLS,BDB,Research Reagents,Research Core Cobalt,Cobalt Blue OptiBuild,RB670 OptiBuild
44667,BLS,BDB,Research Reagents,Research Core Cobalt,Cobalt Blue OptiBuild,RB670 OptiBuild
44668,BLS,BDB,Research Reagents,Research Core Cobalt,Cobalt Blue OptiBuild,RB670 OptiBuild
44669,BLS,BDB,Research Reagents,Research Core Cobalt,Cobalt Blue OptiBuild,RB705 OptiBuild
44671,BLS,BDB,Research Reagents,Research Core Sirigen,Sirigen - OptiBuild,Sirigen - OptiBuild (Flow Cytometry)
44675,BLS,BDB,Research Reagents,Research Core Sirigen,Sirigen - OptiBuild,Sirigen - OptiBuild (Flow Cytometry)
44676,BLS,BDB,Research Reagents,Research Core Cobalt,Cobalt Blue OptiBuild,RB744 OptiBuild
44677,BLS,BDB,Research Reagents,Research Core Cobalt,Cobalt Blue OptiBuild,RB613 OptiBuild
44678,BLS,BDB,Research Reagents,Research Core Cobalt,Cobalt YG OptiBuild,RY655 OptiBuild
44679,BLS,BDB,Research Reagents,Research Core Non-Sirigen,Non-Sirigen - OptiBuild,Non Sirigen - Optibuild (Flow Cytometry)
44680,BLS,BDB,Research Reagents,Research Core Cobalt,Cobalt YG MTS,RY586 MTS
44681,BLS,BDB,Research Reagents,Research Core Cobalt,Cobalt Blue OptiBuild,RB613 OptiBuild
44683,BLS,BDB,Research Reagents,Research Core Cobalt,Cobalt Blue OptiBuild,RB670 OptiBuild
44688,BLS,BDB,Research Reagents,Research Core Sirigen,Sirigen - OptiBuild,Sirigen - OptiBuild (Flow Cytometry)
44689,BLS,BDB,Research Reagents,Research Core Cobalt,Cobalt YG OptiBuild,RY775 OptiBuild
44690,BLS,BDB,Research Reagents,Research Core Sirigen,Sirigen - OptiBuild,Sirigen - OptiBuild (Flow Cytometry)
44692,BLS,BDB,Research Reagents,Research Core Cobalt,Cobalt YG OptiBuild,RY703 OptiBuild
44695,BLS,BDB,Single Cell Multiomics,SCM Reagents,BD AbSeq,AbSeq - MTS vials
44696,BLS,BDB,Single Cell Multiomics,SCM Reagents,BD AbSeq,AbSeq - MTS vials
44697,BLS,BDB,Single Cell Multiomics,SCM Reagents,BD AbSeq,AbSeq - MTS vials
44698,BLS,BDB,Single Cell Multiomics,SCM Reagents,BD AbSeq,AbSeq - MTS vials
44699,BLS,BDB,Research Reagents,Research Core Cobalt,Cobalt YG OptiBuild,RY703 OptiBuild
44700,BLS,BDB,Research Reagents,Research Core Cobalt,Cobalt YG OptiBuild,RY703 OptiBuild
44701,BLS,BDB,Research Reagents,Research Core Cobalt,Cobalt YG OptiBuild,RY610 OptiBuild
44702,BLS,BDB,Research Reagents,Research Core Cobalt,Cobalt YG OptiBuild,RY610 OptiBuild
44703,BLS,BDB,Research Reagents,Research Core Cobalt,Cobalt YG OptiBuild,RY703 OptiBuild
44704,BLS,BDB,Research Reagents,Research Core Cobalt,Cobalt YG OptiBuild,RY610 OptiBuild
44707,BLS,BDB,Research Reagents,Research Core Cobalt,Cobalt Blue MTS,RB780 MTS
44709,BLS,BDB,Research Reagents,Research Core Sirigen,Sirigen - OptiBuild,Sirigen - OptiBuild (Flow Cytometry)
44710,BLS,BDB,Research Reagents,Research Core Cobalt,Cobalt Blue OptiBuild,RB613 OptiBuild
44711,BLS,BDB,Research Reagents,Research Core Cobalt,Cobalt Blue OptiBuild,RB744 OptiBuild
44712,BLS,BDB,Research Reagents,Research Core Sirigen,Sirigen - OptiBuild,Sirigen - OptiBuild (Flow Cytometry)
44715,BLS,BDB,Research Reagents,Research Core Cobalt,Cobalt Blue OptiBuild,RB780 OptiBuild
44717,BLS,BDB,Research Reagents,Research Core Cobalt,Cobalt Blue OptiBuild,RB670 OptiBuild
44719,BLS,BDB,Research Reagents,Research Core Cobalt,Cobalt YG OptiBuild,RY775 OptiBuild
44720,BLS,BDB,Research Reagents,Research Core Cobalt,Cobalt Blue OptiBuild,RB670 OptiBuild
44721,BLS,BDB,Research Reagents,Research Core Sirigen,Sirigen - OptiBuild,Sirigen - OptiBuild (Flow Cytometry)
44722,BLS,BDB,Research Reagents,Research Core Cobalt,Cobalt YG OptiBuild,RY703 OptiBuild
44723,BLS,BDB,Research Reagents,Research Core Non-Sirigen,Non-Sirigen - OptiBuild,Non Sirigen - Optibuild (Flow Cytometry)
44724,BLS,BDB,Research Reagents,Research Core Cobalt,Cobalt YG OptiBuild,RY610 OptiBuild
44726,BLS,BDB,Research Reagents,Research Core Non-Sirigen,Non-Sirigen - OptiBuild,Non Sirigen - Optibuild (Flow Cytometry)
44729,BLS,BDB,Research Reagents,Research Core Cobalt,Cobalt YG OptiBuild,RY703 OptiBuild
44730,BLS,BDB,Research Reagents,Research Core Cobalt,Cobalt YG OptiBuild,RY703 OptiBuild
44731,BLS,BDB,Research Reagents,Research Core Sirigen,Sirigen - OptiBuild,Sirigen - OptiBuild (Flow Cytometry)
44732,BLS,BDB,Research Reagents,Research Core Sirigen,Sirigen - OptiBuild,Sirigen - OptiBuild (Flow Cytometry)
44733,BLS,BDB,Research Reagents,Research Core Cobalt,Cobalt Blue OptiBuild,RB744 OptiBuild
44735,BLS,BDB,Research Reagents,Research Core Cobalt,Cobalt Blue OptiBuild,RB744 OptiBuild
44736,BLS,BDB,Research Reagents,Research Core Cobalt,Cobalt Blue OptiBuild,RB670 OptiBuild
44738,BLS,BDB,Research Reagents,Research Core Cobalt,Cobalt YG OptiBuild,RY586 OptiBuild
44739,BDM,MMS,Alaris Plus,POC Systems,Alaris Plus GH Pump,GH
44740,BLS,BDB,Research Reagents,Research Core Cobalt,Cobalt YG OptiBuild,RY775 OptiBuild
44741,BLS,BDB,Research Reagents,Research Core Cobalt,Cobalt YG OptiBuild,RY775 OptiBuild
44743,BLS,BDB,Research Reagents,Research Core Cobalt,Cobalt YG OptiBuild,RY775 OptiBuild
44744,BLS,BDB,Research Reagents,Research Core Cobalt,Cobalt YG OptiBuild,RY775 OptiBuild
44745,BLS,BDB,Research Reagents,Research Core Cobalt,Cobalt YG OptiBuild,RY703 OptiBuild
44746,BLS,BDB,Research Reagents,Research Core Cobalt,Cobalt YG OptiBuild,RY775 OptiBuild
44747,BLS,BDB,Research Reagents,Research Core Sirigen,Sirigen - OptiBuild,Sirigen - OptiBuild (Flow Cytometry)
44748,BLS,BDB,Research Reagents,Research Core Cobalt,Cobalt YG OptiBuild,RY703 OptiBuild
44751,BLS,BDB,Research Reagents,Research Core Cobalt,Cobalt YG OptiBuild,RY775 OptiBuild
44752,BLS,BDB,Research Reagents,Research Core Cobalt,Cobalt YG OptiBuild,RY775 OptiBuild
44753,BLS,BDB,Research Reagents,Research Core Sirigen,Sirigen - Immune Function (Flow Cytometry),Sirigen - Immune Function (Flow Cytometry)
44755,BLS,BDB,Research Reagents,Research Core Cobalt,Cobalt Blue OptiBuild,RB670 OptiBuild
44756,BLS,BDB,Research Reagents,Research Core Cobalt,Cobalt YG OptiBuild,RY703 OptiBuild
44757,BLS,BDB,Research Reagents,Research Non-Core,Non-Flow Cytometry - Assays,Non-Flow Cytometry - Assays
44760,BLS,BDB,Research Reagents,Research Core Cobalt,Cobalt YG OptiBuild,RY703 OptiBuild
44763,BLS,BDB,Research Reagents,Research Core Sirigen,Sirigen - OptiBuild,Sirigen - OptiBuild (Flow Cytometry)
44764,BLS,BDB,Research Reagents,Research Core Sirigen,Sirigen - OptiBuild,Sirigen - OptiBuild (Flow Cytometry)
44767,BLS,BDB,Research Reagents,Research Core Sirigen,Sirigen - OptiBuild,Sirigen - OptiBuild (Flow Cytometry)
44770,BLS,BDB,Research Reagents,Research Core Sirigen,Sirigen - OptiBuild,Sirigen - OptiBuild (Flow Cytometry)
44775,BLS,BDB,Research Reagents,Research Core Sirigen,Sirigen - OptiBuild,Sirigen - OptiBuild (Flow Cytometry)
44776,BLS,BDB,Research Reagents,Research Core Sirigen,Sirigen - OptiBuild,Sirigen - OptiBuild (Flow Cytometry)
44778,BLS,BDB,Research Reagents,Research Core Sirigen,Sirigen - OptiBuild,Sirigen - OptiBuild (Flow Cytometry)
44781,BLS,BDB,Research Reagents,Research Core Sirigen,Sirigen - OptiBuild,Sirigen - OptiBuild (Flow Cytometry)
44784,BLS,BDB,Research Reagents,Research Core Sirigen,Sirigen - OptiBuild,Sirigen - OptiBuild (Flow Cytometry)
44788,BLS,BDB,Research Reagents,Research Core Sirigen,Sirigen - OptiBuild,Sirigen - OptiBuild (Flow Cytometry)
44790,BLS,BDB,Research Reagents,Research Core Sirigen,Sirigen - OptiBuild,Sirigen - OptiBuild (Flow Cytometry)
44791,BLS,BDB,Research Reagents,Research Core Sirigen,Sirigen - OptiBuild,Sirigen - OptiBuild (Flow Cytometry)
44792,BLS,BDB,Research Reagents,Research Core Sirigen,Sirigen - OptiBuild,Sirigen - OptiBuild (Flow Cytometry)
44794,BLS,BDB,Research Reagents,Research Core Sirigen,Sirigen - OptiBuild,Sirigen - OptiBuild (Flow Cytometry)
44796,BLS,BDB,Research Reagents,Research Core Sirigen,Sirigen - OptiBuild,Sirigen - OptiBuild (Flow Cytometry)
44798,BLS,BDB,Research Reagents,Research Core Sirigen,Sirigen - OptiBuild,Sirigen - OptiBuild (Flow Cytometry)
44799,BLS,BDB,Research Reagents,Research Core Cobalt,Cobalt YG OptiBuild,RY586 OptiBuild
44800,BLS,BDB,Research Reagents,Research Core Cobalt,Cobalt Blue OptiBuild,RB613 OptiBuild
44801,BLS,BDB,Research Reagents,Research Core Cobalt,Cobalt Blue OptiBuild,RB613 OptiBuild
44802,BLS,BDB,Research Reagents,Research Core Sirigen,Sirigen - OptiBuild,Sirigen - OptiBuild (Flow Cytometry)
44804,BLS,BDB,Research Reagents,Research Core Sirigen,Sirigen - OptiBuild,Sirigen - OptiBuild (Flow Cytometry)
44806,BLS,BDB,Research Reagents,Research Core Cobalt,Cobalt Blue OptiBuild,RB780 OptiBuild
44807,BLS,BDB,Research Reagents,Research Core Sirigen,Sirigen - OptiBuild,Sirigen - OptiBuild (Flow Cytometry)
44809,BLS,BDB,Research Reagents,Research Core Sirigen,Sirigen - OptiBuild,Sirigen - OptiBuild (Flow Cytometry)
44813,BLS,BDB,Research Reagents,Research Core Sirigen,Sirigen - OptiBuild,Sirigen - OptiBuild (Flow Cytometry)
44814,BLS,BDB,Research Reagents,Research Core Sirigen,Sirigen - OptiBuild,Sirigen - OptiBuild (Flow Cytometry)
44816,BLS,BDB,Research Reagents,Research Core Sirigen,Sirigen - OptiBuild,Sirigen - OptiBuild (Flow Cytometry)
44817,BLS,BDB,Research Reagents,Research Core Sirigen,Sirigen - OptiBuild,Sirigen - OptiBuild (Flow Cytometry)
44820,BLS,BDB,Research Reagents,Research Core Sirigen,Sirigen - OptiBuild,Sirigen - OptiBuild (Flow Cytometry)
44821,BLS,BDB,Research Reagents,Research Core Non-Sirigen,Non-Sirigen - OptiBuild,Non Sirigen - Optibuild (Flow Cytometry)
44823,BLS,BDB,Research Reagents,Research Core Cobalt,Cobalt YG OptiBuild,RY775 OptiBuild
44825,BLS,BDB,Research Reagents,Research Core Sirigen,Sirigen - OptiBuild,Sirigen - OptiBuild (Flow Cytometry)
44828,BLS,BDB,Research Reagents,Research Core Sirigen,Sirigen - OptiBuild,Sirigen - OptiBuild (Flow Cytometry)
44830,BLS,BDB,Research Reagents,Research Core Cobalt,Cobalt Blue Support,Antibody Controls
44834,BLS,BDB,Research Reagents,Research Core Sirigen,Sirigen - OptiBuild,Sirigen - OptiBuild (Flow Cytometry)
44837,BLS,BDB,Research Reagents,Research Core Cobalt,Cobalt Blue OptiBuild,RB670 OptiBuild
44838,BLS,BDB,Research Reagents,Research Core Sirigen,Sirigen - OptiBuild,Sirigen - OptiBuild (Flow Cytometry)
44842,BLS,BDB,Research Reagents,Research Core Sirigen,Sirigen - OptiBuild,Sirigen - OptiBuild (Flow Cytometry)
44843,BLS,BDB,Research Reagents,Research Core Sirigen,Sirigen - OptiBuild,Sirigen - OptiBuild (Flow Cytometry)
44846,BLS,BDB,Research Reagents,Research Core Sirigen,Sirigen - OptiBuild,Sirigen - OptiBuild (Flow Cytometry)
44848,BLS,BDB,Research Reagents,Research Core Sirigen,Sirigen - OptiBuild,Sirigen - OptiBuild (Flow Cytometry)
44849,BLS,BDB,Research Reagents,Research Core Sirigen,Sirigen - OptiBuild,Sirigen - OptiBuild (Flow Cytometry)
44851,BLS,BDB,Research Reagents,Research Core Cobalt,Cobalt Blue OptiBuild,RB613 OptiBuild
44852,BLS,BDB,Research Reagents,Research Core Sirigen,Sirigen - OptiBuild,Sirigen - OptiBuild (Flow Cytometry)
44855,BLS,BDB,Research Reagents,Research Core Sirigen,Sirigen - OptiBuild,Sirigen - OptiBuild (Flow Cytometry)
44857,BLS,BDB,Research Reagents,Research Core Sirigen,Sirigen - OptiBuild,Sirigen - OptiBuild (Flow Cytometry)
44859,BLS,BDB,Research Reagents,Research Core Sirigen,Sirigen - OptiBuild,Sirigen - OptiBuild (Flow Cytometry)
44861,BLS,BDB,Research Reagents,Research Core Cobalt,Cobalt Blue OptiBuild,RB670 OptiBuild
44867,BLS,BDB,Research Reagents,Research Core Sirigen,Sirigen - OptiBuild,Sirigen - OptiBuild (Flow Cytometry)
44870,BLS,BDB,Research Reagents,Research Core Sirigen,Sirigen - OptiBuild,Sirigen - OptiBuild (Flow Cytometry)
44873,BLS,BDB,Research Reagents,Research Core Cobalt,Cobalt Blue OptiBuild,RB670 OptiBuild
44874,BLS,BDB,Research Reagents,Research Core Cobalt,Cobalt Blue OptiBuild,RB613 OptiBuild
44875,BLS,BDB,Research Reagents,Research Core Cobalt,Cobalt YG OptiBuild,RY775 OptiBuild
44876,BLS,BDB,Research Reagents,Research Core Cobalt,Cobalt Blue OptiBuild,RB670 OptiBuild
44877,BLS,BDB,Research Reagents,Research Core Non-Sirigen,Non-Sirigen - OptiBuild,Non Sirigen - Optibuild (Flow Cytometry)
44878,BLS,BDB,Research Reagents,Research Core Cobalt,Cobalt YG OptiBuild,RY775 OptiBuild
44879,BLS,BDB,Research Reagents,Research Core Sirigen,Sirigen - OptiBuild,Sirigen - OptiBuild (Flow Cytometry)
44880,BLS,BDB,Research Reagents,Research Core Sirigen,Sirigen - OptiBuild,Sirigen - OptiBuild (Flow Cytometry)
44881,BLS,BDB,Research Reagents,Research Core Cobalt,Cobalt Blue OptiBuild,RB670 OptiBuild
44882,BLS,BDB,Research Reagents,Research Core Sirigen,Sirigen - OptiBuild,Sirigen - OptiBuild (Flow Cytometry)
44885,BLS,BDB,Research Reagents,Research Core Non-Sirigen,Non Sirigen - Cell Signal Cancer (Flow Cytometry),Non Sirigen - Cell Signal Cancer (Flow Cytometry)
44888,BLS,BDB,Research Reagents,Research Core Cobalt,Cobalt Blue OptiBuild,RB744 OptiBuild
44890,BLS,BDB,Research Reagents,Research Core Sirigen,Sirigen - OptiBuild,Sirigen - OptiBuild (Flow Cytometry)
44891,BLS,BDB,Research Reagents,Research Core Sirigen,Sirigen - OptiBuild,Sirigen - OptiBuild (Flow Cytometry)
44892,BLS,BDB,Research Reagents,Research Core Sirigen,Sirigen - OptiBuild,Sirigen - OptiBuild (Flow Cytometry)
44893,BLS,BDB,Research Reagents,Research Core Sirigen,Sirigen - OptiBuild,Sirigen - OptiBuild (Flow Cytometry)
44898,BLS,BDB,Research Reagents,Research Core Sirigen,Sirigen - OptiBuild,Sirigen - OptiBuild (Flow Cytometry)
44902,BLS,BDB,Research Reagents,Research Core Cobalt,Cobalt Blue OptiBuild,RB780 OptiBuild
44904,BLS,BDB,Research Reagents,Research Core Cobalt,Cobalt Blue OptiBuild,RB780 OptiBuild
44905,BLS,BDB,Research Reagents,Research Core Cobalt,Cobalt Blue OptiBuild,RB780 OptiBuild
44906,BLS,BDB,Research Reagents,Research Core Cobalt,Cobalt Blue OptiBuild,RB780 OptiBuild
44908,BLS,BDB,Research Reagents,Research Core Sirigen,Sirigen - OptiBuild,Sirigen - OptiBuild (Flow Cytometry)
44914,BLS,BDB,Research Reagents,Research Core Cobalt,Cobalt YG OptiBuild,RY775 OptiBuild
44917,BLS,BDB,Research Reagents,Research Core Sirigen,Sirigen - OptiBuild,Sirigen - OptiBuild (Flow Cytometry)
44918,BLS,BDB,Research Reagents,Research Core Sirigen,Sirigen - OptiBuild,Sirigen - OptiBuild (Flow Cytometry)
44919,BLS,BDB,Research Reagents,Research Core Sirigen,Sirigen - OptiBuild,Sirigen - OptiBuild (Flow Cytometry)
44920,BLS,BDB,Research Reagents,Research Core Sirigen,Sirigen - OptiBuild,Sirigen - OptiBuild (Flow Cytometry)
44923,BLS,BDB,Research Reagents,Research Core Non-Sirigen,Non Sirigen - Immune Function (Flow Cytometry),Non Sirigen - Immune Function (Flow Cytometry)
44926,BLS,BDB,Research Reagents,Research Core Sirigen,Sirigen - OptiBuild,Sirigen - OptiBuild (Flow Cytometry)
44927,BLS,BDB,Research Reagents,Research Core Sirigen,Sirigen - OptiBuild,Sirigen - OptiBuild (Flow Cytometry)
44928,BLS,BDB,Research Reagents,Research Core Sirigen,Sirigen - OptiBuild,Sirigen - OptiBuild (Flow Cytometry)
44929,BLS,BDB,Research Reagents,Research Core Sirigen,Sirigen - OptiBuild,Sirigen - OptiBuild (Flow Cytometry)
44931,BLS,BDB,Research Reagents,Research Core Sirigen,Sirigen - OptiBuild,Sirigen - OptiBuild (Flow Cytometry)
44932,BLS,BDB,Research Reagents,Research Core Cobalt,Cobalt YG OptiBuild,RY610 OptiBuild
44933,BLS,BDB,Research Reagents,Research Core Sirigen,Sirigen - OptiBuild,Sirigen - OptiBuild (Flow Cytometry)
44934,BLS,BDB,Research Reagents,Research Core Cobalt,Cobalt YG OptiBuild,RY703 OptiBuild
44936,BLS,BDB,Research Reagents,Research Core Cobalt,Cobalt YG OptiBuild,RY775 OptiBuild
44940,BLS,BDB,Research Reagents,Research Core Cobalt,Cobalt Blue OptiBuild,RB670 OptiBuild
44941,BLS,BDB,Research Reagents,Research Core Cobalt,Cobalt Blue OptiBuild,RB613 OptiBuild
44942,BLS,BDB,Research Reagents,Research Core Cobalt,Cobalt Red MTS,RR688 MTS
44947,BLS,BDB,Research Reagents,Research Core Cobalt,Cobalt Blue OptiBuild,RB670 OptiBuild
44948,BLS,BDB,Research Reagents,Research Core Cobalt,Cobalt Blue OptiBuild,RB780 OptiBuild
44949,BLS,BDB,Research Reagents,Research Core Non-Sirigen,Non-Sirigen - OptiBuild,Non Sirigen - Optibuild (Flow Cytometry)
44951,BLS,BDB,Research Reagents,Research Core Sirigen,Sirigen - OptiBuild,Sirigen - OptiBuild (Flow Cytometry)
44955,BLS,BDB,Research Reagents,Research Core Cobalt,Cobalt YG OptiBuild,RY610 OptiBuild
44958,BLS,BDB,Research Reagents,Research Core Cobalt,Cobalt Blue OptiBuild,RB613 OptiBuild
44959,BLS,BDB,Research Reagents,Research Core Sirigen,Sirigen - OptiBuild,Sirigen - OptiBuild (Flow Cytometry)
44960,BLS,BDB,Research Reagents,Research Core Sirigen,Sirigen - OptiBuild,Sirigen - OptiBuild (Flow Cytometry)
44962,BLS,BDB,Research Reagents,Research Core Cobalt,Cobalt YG OptiBuild,RY775 OptiBuild
44963,BLS,BDB,Research Reagents,Research Core Cobalt,Cobalt YG OptiBuild,RY586 OptiBuild
44964,BLS,BDB,Research Reagents,Research Core Sirigen,Sirigen - OptiBuild,Sirigen - OptiBuild (Flow Cytometry)
44965,BLS,BDB,Research Reagents,Research Core Sirigen,Sirigen - OptiBuild,Sirigen - OptiBuild (Flow Cytometry)
44967,BLS,BDB,Research Reagents,Research Core Sirigen,Sirigen - OptiBuild,Sirigen - OptiBuild (Flow Cytometry)
44969,BLS,BDB,Research Reagents,Research Core Sirigen,Sirigen - OptiBuild,Sirigen - OptiBuild (Flow Cytometry)
44972,BLS,BDB,Research Reagents,Research Core Sirigen,Sirigen - OptiBuild,Sirigen - OptiBuild (Flow Cytometry)
44977,BLS,BDB,Research Reagents,Research Core Cobalt,Cobalt YG OptiBuild,RY775 OptiBuild
44978,BLS,BDB,Research Reagents,Research Core Sirigen,Sirigen - OptiBuild,Sirigen - OptiBuild (Flow Cytometry)
44979,BLS,BDB,Research Reagents,Research Core Sirigen,Sirigen - OptiBuild,Sirigen - OptiBuild (Flow Cytometry)
44984,BLS,BDB,Research Reagents,Research Core Sirigen,Sirigen - OptiBuild,Sirigen - OptiBuild (Flow Cytometry)
44989,BLS,BDB,Research Reagents,Research Core Sirigen,Sirigen - OptiBuild,Sirigen - OptiBuild (Flow Cytometry)
44995,BLS,BDB,Research Reagents,Research Core Cobalt,Cobalt Blue OptiBuild,RB545 OptiBuild
44999,BLS,BDB,Research Reagents,Research Core Sirigen,Sirigen - OptiBuild,Sirigen - OptiBuild (Flow Cytometry)
45004,BLS,BDB,Research Reagents,Research Core Sirigen,Sirigen - OptiBuild,Sirigen - OptiBuild (Flow Cytometry)
45005,BLS,BDB,Research Reagents,Research Core Cobalt,Cobalt Blue OptiBuild,RB670 OptiBuild
45007,BLS,BDB,Research Reagents,Research Core Sirigen,Sirigen - OptiBuild,Sirigen - OptiBuild (Flow Cytometry)
45008,BLS,BDB,Research Reagents,Research Core Sirigen,Sirigen - OptiBuild,Sirigen - OptiBuild (Flow Cytometry)
45009,BLS,BDB,Research Reagents,Research Core Cobalt,Cobalt YG OptiBuild,RY775 OptiBuild
45010,BLS,BDB,Research Reagents,Research Core Sirigen,Sirigen - OptiBuild,Sirigen - OptiBuild (Flow Cytometry)
45011,BLS,BDB,Research Reagents,Research Core Sirigen,Sirigen - OptiBuild,Sirigen - OptiBuild (Flow Cytometry)
45014,BLS,BDB,Research Reagents,Research Core Sirigen,Sirigen - OptiBuild,Sirigen - OptiBuild (Flow Cytometry)
45018,BLS,BDB,Research Reagents,Research Core Cobalt,Cobalt YG OptiBuild,RY775 OptiBuild
45019,BLS,BDB,Research Reagents,Research Core Cobalt,Cobalt YG OptiBuild,RY775 OptiBuild
45020,BLS,BDB,Research Reagents,Research Core Sirigen,Sirigen - OptiBuild,Sirigen - OptiBuild (Flow Cytometry)
45022,BLS,BDB,Research Reagents,Research Core Sirigen,Sirigen - OptiBuild,Sirigen - OptiBuild (Flow Cytometry)
45023,BLS,BDB,Research Reagents,Research Core Cobalt,Cobalt YG OptiBuild,RY610 OptiBuild
45025,BLS,BDB,Research Reagents,Research Core Cobalt,Cobalt YG OptiBuild,RY703 OptiBuild
45027,BLS,BDB,Research Reagents,Research Core Sirigen,Sirigen - OptiBuild,Sirigen - OptiBuild (Flow Cytometry)
45029,BLS,BDB,Research Reagents,Research Core Sirigen,Sirigen - OptiBuild,Sirigen - OptiBuild (Flow Cytometry)
45031,BLS,BDB,Research Reagents,Research Core Sirigen,Sirigen - OptiBuild,Sirigen - OptiBuild (Flow Cytometry)
45033,BLS,BDB,Research Reagents,Research Core Sirigen,Sirigen - OptiBuild,Sirigen - OptiBuild (Flow Cytometry)
45036,BLS,BDB,Research Reagents,Research Core Sirigen,Sirigen - OptiBuild,Sirigen - OptiBuild (Flow Cytometry)
45038,BLS,BDB,Research Reagents,Research Core Sirigen,Sirigen - OptiBuild,Sirigen - OptiBuild (Flow Cytometry)
45042,BLS,BDB,Research Reagents,Research Core Cobalt,Cobalt YG OptiBuild,RY610 OptiBuild
45043,BLS,BDB,Research Reagents,Research Core Sirigen,Sirigen - OptiBuild,Sirigen - OptiBuild (Flow Cytometry)
45044,BLS,BDB,Research Reagents,Research Core Cobalt,Cobalt YG OptiBuild,RY775 OptiBuild
45045,BLS,BDB,Research Reagents,Research Core Cobalt,Cobalt YG OptiBuild,RY703 OptiBuild
45046,BLS,BDB,Research Reagents,Research Core Sirigen,Sirigen - OptiBuild,Sirigen - OptiBuild (Flow Cytometry)
45049,BLS,BDB,Research Reagents,Research Core Cobalt,Cobalt YG OptiBuild,RY775 OptiBuild
45050,BLS,BDB,Research Reagents,Research Core Cobalt,Cobalt Blue OptiBuild,RB670 OptiBuild
45051,BLS,BDB,Research Reagents,Research Core Cobalt,Cobalt YG OptiBuild,RY775 OptiBuild
45052,BLS,BDB,Research Reagents,Research Core Cobalt,Cobalt Blue OptiBuild,RB705 OptiBuild
45053,BLS,BDB,Research Reagents,Research Core Sirigen,Sirigen - OptiBuild,Sirigen - OptiBuild (Flow Cytometry)
45054,BLS,BDB,Research Reagents,Research Core Cobalt,Cobalt YG OptiBuild,RY775 OptiBuild
45056,BLS,BDB,Research Reagents,Research Core Sirigen,Sirigen - OptiBuild,Sirigen - OptiBuild (Flow Cytometry)
45057,BLS,BDB,Research Reagents,Research Core Cobalt,Cobalt Blue OptiBuild,RB613 OptiBuild
45058,BLS,BDB,Research Reagents,Research Core Non-Sirigen,Non Sirigen - Immune Function (Flow Cytometry),Non Sirigen - Immune Function (Flow Cytometry)
45065,BLS,BDB,Research Reagents,Research Core Non-Sirigen,Non-Sirigen - OptiBuild,Non Sirigen - Optibuild (Flow Cytometry)
45068,BLS,BDB,Research Reagents,Research Core Sirigen,Sirigen - OptiBuild,Sirigen - OptiBuild (Flow Cytometry)
45069,BLS,BDB,Research Reagents,Research Core Non-Sirigen,Non-Sirigen - OptiBuild,Non Sirigen - Optibuild (Flow Cytometry)
45071,BLS,BDB,Research Reagents,Research Non-Core,Non-Flow Cytometry - Assays,Non-Flow Cytometry - Assays
45072,BLS,BDB,Research Reagents,Research Core Cobalt,Cobalt YG OptiBuild,RY586 OptiBuild
45073,BLS,BDB,Research Reagents,Research Core Cobalt,Cobalt YG OptiBuild,RY610 OptiBuild
45074,BLS,BDB,Research Reagents,Research Core Cobalt,Cobalt Blue OptiBuild,RB780 OptiBuild
45075,BLS,BDB,Research Reagents,Research Core Cobalt,Cobalt YG OptiBuild,RY610 OptiBuild
45076,BLS,BDB,Research Reagents,Research Core Sirigen,Sirigen - OptiBuild,Sirigen - OptiBuild (Flow Cytometry)
45078,BLS,BDB,Research Reagents,Research Core Cobalt,Cobalt YG OptiBuild,RY775 OptiBuild
45079,BLS,BDB,Research Reagents,Research Core Cobalt,Cobalt YG OptiBuild,RY703 OptiBuild
45080,BLS,BDB,Research Reagents,Research Core Sirigen,Sirigen - OptiBuild,Sirigen - OptiBuild (Flow Cytometry)
45081,BLS,BDB,Research Reagents,Research Core Cobalt,Cobalt YG OptiBuild,RY703 OptiBuild
45082,BLS,BDB,Research Reagents,Research Core Cobalt,Cobalt Blue OptiBuild,RB670 OptiBuild
45083,BLS,BDB,Research Reagents,Research Core Cobalt,Cobalt YG OptiBuild,RY775 OptiBuild
45085,BLS,BDB,Research Reagents,Research Core Cobalt,Cobalt Blue OptiBuild,RB613 OptiBuild
45088,BLS,BDB,Research Reagents,Research Core Sirigen,Sirigen - OptiBuild,Sirigen - OptiBuild (Flow Cytometry)
45090,BLS,BDB,Research Reagents,Research Core Sirigen,Sirigen - OptiBuild,Sirigen - OptiBuild (Flow Cytometry)
45092,BLS,BDB,Research Reagents,Research Core Cobalt,Cobalt YG OptiBuild,RY703 OptiBuild
45094,BLS,BDB,Research Reagents,Research Core Sirigen,Sirigen - OptiBuild,Sirigen - OptiBuild (Flow Cytometry)
45098,BLS,BDB,Research Reagents,Research Core Sirigen,Sirigen - OptiBuild,Sirigen - OptiBuild (Flow Cytometry)
45099,BLS,BDB,Research Reagents,Research Core Cobalt,Cobalt YG OptiBuild,RY610 OptiBuild
45101,BLS,BDB,Research Reagents,Research Core Cobalt,Cobalt YG OptiBuild,RY703 OptiBuild
45102,BLS,BDB,Research Reagents,Research Core Sirigen,Sirigen - OptiBuild,Sirigen - OptiBuild (Flow Cytometry)
45106,BLS,BDB,Research Reagents,Research Core Sirigen,Sirigen - OptiBuild,Sirigen - OptiBuild (Flow Cytometry)
45108,BLS,BDB,Research Reagents,Research Core Sirigen,Sirigen - OptiBuild,Sirigen - OptiBuild (Flow Cytometry)
45110,BLS,BDB,Research Reagents,Research Core Cobalt,Cobalt YG OptiBuild,RY775 OptiBuild
45114,BLS,BDB,Research Reagents,Research Core Cobalt,Cobalt YG OptiBuild,RY775 OptiBuild
45116,BLS,BDB,Research Reagents,Research Core Cobalt,Cobalt YG MTS,RY775 MTS
45124,BDM,MMS,Alaris System,DI Inst,Alaris System Accessories - DI Inst,Guardrails TechSmart Consultancy ISALES
45127,BLS,BDB,Research Reagents,Research Core Sirigen,Sirigen - OptiBuild,Sirigen - OptiBuild (Flow Cytometry)
45128,BLS,BDB,Research Reagents,Research Core Sirigen,Sirigen - OptiBuild,Sirigen - OptiBuild (Flow Cytometry)
45129,BLS,BDB,Research Reagents,Research Core Cobalt,Cobalt YG OptiBuild,RY610 OptiBuild
45131,BLS,BDB,Research Reagents,Research Core Sirigen,Sirigen - OptiBuild,Sirigen - OptiBuild (Flow Cytometry)
45133,BLS,BDB,Research Reagents,Research Core Sirigen,Sirigen - OptiBuild,Sirigen - OptiBuild (Flow Cytometry)
45140,BLS,BDB,Research Reagents,Research Core Sirigen,Sirigen - OptiBuild,Sirigen - OptiBuild (Flow Cytometry)
45141,BLS,BDB,Research Reagents,Research Core Cobalt,Cobalt Blue OptiBuild,RB705 OptiBuild
45142,BLS,BDB,Research Reagents,Research Core Cobalt,Cobalt YG OptiBuild,RY775 OptiBuild
45143,BLS,BDB,Research Reagents,Research Core Cobalt,Cobalt Blue OptiBuild,RB670 OptiBuild
45144,BLS,BDB,Research Reagents,Research Core Cobalt,Cobalt Blue OptiBuild,RB670 OptiBuild
45145,BLS,BDB,Research Reagents,Research Core Cobalt,Cobalt Blue OptiBuild,RB613 OptiBuild
45151,BLS,BDB,Research Reagents,Research Core Sirigen,Sirigen - OptiBuild,Sirigen - OptiBuild (Flow Cytometry)
45154,BLS,BDB,Research Reagents,Research Core Cobalt,Cobalt YG OptiBuild,RY586 OptiBuild
45155,BLS,BDB,Research Reagents,Research Core Sirigen,Sirigen - OptiBuild,Sirigen - OptiBuild (Flow Cytometry)
45156,BLS,BDB,Research Reagents,Research Core Non-Sirigen,Non-Sirigen - OptiBuild,Non Sirigen - Optibuild (Flow Cytometry)
45160,BLS,BDB,Research Reagents,Research Core Non-Sirigen,Non-Sirigen - OptiBuild,Non Sirigen - Optibuild (Flow Cytometry)
45162,BLS,BDB,Research Reagents,Research Core Cobalt,Cobalt YG OptiBuild,RY775 OptiBuild
45163,BLS,BDB,Research Reagents,Research Core Cobalt,Cobalt Blue OptiBuild,RB744 OptiBuild
45166,BLS,BDB,Research Reagents,Research Core Cobalt,Cobalt Blue OptiBuild,RB613 OptiBuild
45167,BLS,BDB,Research Reagents,Research Core Cobalt,Cobalt YG OptiBuild,RY703 OptiBuild
45168,BLS,BDB,Research Reagents,Research Core Sirigen,Sirigen - Immune Function (Flow Cytometry),Sirigen - Immune Function (Flow Cytometry)
45169,BLS,BDB,Research Reagents,Research Core Cobalt,Cobalt Blue OptiBuild,RB744 OptiBuild
45170,BLS,BDB,Research Reagents,Research Core Cobalt,Cobalt Blue OptiBuild,RB705 OptiBuild
45171,BLS,BDB,Research Reagents,Research Core Cobalt,Cobalt Blue OptiBuild,RB744 OptiBuild
45172,BLS,BDB,Research Reagents,Research Core Cobalt,Cobalt Blue OptiBuild,RB744 OptiBuild
45173,BLS,BDB,Research Reagents,Research Core Cobalt,Cobalt Blue OptiBuild,RB744 OptiBuild
45174,BLS,BDB,Research Reagents,Research Core Cobalt,Cobalt Blue OptiBuild,RB613 OptiBuild
45175,BLS,BDB,Research Reagents,Research Core Cobalt,Cobalt Blue OptiBuild,RB613 OptiBuild
45176,BLS,BDB,Research Reagents,Research Core Sirigen,Sirigen - OptiBuild,Sirigen - OptiBuild (Flow Cytometry)
45179,BLS,BDB,Research Reagents,Research Core Cobalt,Cobalt YG OptiBuild,RY610 OptiBuild
45180,BLS,BDB,Research Reagents,Research Core Non-Sirigen,Non Sirigen - Immune Function (Flow Cytometry),Non Sirigen - Immune Function (Flow Cytometry)
45181,BLS,BDB,Research Reagents,Research Core Sirigen,Sirigen - OptiBuild,Sirigen - OptiBuild (Flow Cytometry)
45182,BLS,BDB,Research Reagents,Research Core Cobalt,Cobalt Blue OptiBuild,RB670 OptiBuild
45194,BLS,BDB,Research Reagents,Research Core Cobalt,Cobalt YG OptiBuild,RY775 OptiBuild
45198,BLS,BDB,Research Reagents,Research Core Sirigen,Sirigen - OptiBuild,Sirigen - OptiBuild (Flow Cytometry)
45199,BLS,BDB,Research Reagents,Research Core Non-Sirigen,Non-Sirigen - OptiBuild,Non Sirigen - Optibuild (Flow Cytometry)
45200,BLS,BDB,Research Reagents,Research Core Cobalt,Cobalt YG OptiBuild,RY703 OptiBuild
45201,BLS,BDB,Research Reagents,Research Core Cobalt,Cobalt Blue OptiBuild,RB705 OptiBuild
45202,BLS,BDB,Research Reagents,Research Core Sirigen,Sirigen - OptiBuild,Sirigen - OptiBuild (Flow Cytometry)
45205,BLS,BDB,Research Reagents,Research Core Cobalt,Cobalt YG OptiBuild,RY775 OptiBuild
45207,BLS,BDB,Research Reagents,Research Core Sirigen,Sirigen - OptiBuild,Sirigen - OptiBuild (Flow Cytometry)
45208,BLS,BDB,Research Reagents,Research Core Cobalt,Cobalt YG MTS,RY703 MTS
45209,BLS,BDB,Research Reagents,Research Core Cobalt,Cobalt YG OptiBuild,RY610 OptiBuild
45210,BLS,BDB,Research Reagents,Research Core Sirigen,Sirigen - OptiBuild,Sirigen - OptiBuild (Flow Cytometry)
45213,BLS,BDB,Research Reagents,Research Core Cobalt,Cobalt Blue OptiBuild,RB780 OptiBuild
45216,BLS,BDB,Research Reagents,Research Core Sirigen,Sirigen - OptiBuild,Sirigen - OptiBuild (Flow Cytometry)
45218,BLS,BDB,Research Reagents,Research Core Cobalt,Cobalt YG MTS,RY775 MTS
45221,BLS,BDB,Research Reagents,Research Core Cobalt,Cobalt Blue OptiBuild,RB705 OptiBuild
45223,BLS,BDB,Research Reagents,Research Core Cobalt,Cobalt Blue OptiBuild,RB705 OptiBuild
45226,BLS,BDB,Research Reagents,Research Core Cobalt,Cobalt YG MTS,RY586 MTS
45228,BLS,BDB,Research Reagents,Research Core Cobalt,Cobalt YG OptiBuild,RY775 OptiBuild
45229,BLS,BDB,Research Reagents,Research Non-Core,Non-Flow Cytometry - Assays,Non-Flow Cytometry - Assays
45230,BLS,BDB,Research Reagents,Research Core Cobalt,Cobalt YG OptiBuild,RY586 OptiBuild
45233,BLS,BDB,Research Reagents,Research Core Cobalt,Cobalt Blue OptiBuild,RB613 OptiBuild
45234,BLS,BDB,Research Reagents,Research Core Cobalt,Cobalt YG OptiBuild,RY610 OptiBuild
45235,BLS,BDB,Research Reagents,Research Core Cobalt,Cobalt Blue OptiBuild,RB613 OptiBuild
45239,BLS,BDB,Research Reagents,Research Core Cobalt,Cobalt YG OptiBuild,RY775 OptiBuild
45240,BLS,BDB,Research Reagents,Research Core Cobalt,Cobalt YG OptiBuild,RY775 OptiBuild
45241,BLS,BDB,Research Reagents,Research Core Cobalt,Cobalt YG OptiBuild,RY703 OptiBuild
45242,BLS,BDB,Research Reagents,Research Core Cobalt,Cobalt Blue OptiBuild,RB744 OptiBuild
45243,BLS,BDB,Research Reagents,Research Core Cobalt,Cobalt Blue OptiBuild,RB613 OptiBuild
45244,BLS,BDB,Research Reagents,Research Core Cobalt,Cobalt Blue OptiBuild,RB545 OptiBuild
45245,BLS,BDB,Research Reagents,Research Core Sirigen,Sirigen - OptiBuild,Sirigen - OptiBuild (Flow Cytometry)
45246,BLS,BDB,Research Reagents,Research Core Cobalt,Cobalt Blue OptiBuild,RB744 OptiBuild
45249,BLS,BDB,Research Reagents,Research Core Sirigen,Sirigen - OptiBuild,Sirigen - OptiBuild (Flow Cytometry)
45253,BLS,BDB,Research Reagents,Research Core Cobalt,Cobalt Blue OptiBuild,RB744 OptiBuild
45254,BLS,BDB,Research Reagents,Research Core Cobalt,Cobalt YG OptiBuild,RY775 OptiBuild
45255,BLS,BDB,Research Reagents,Research Core Cobalt,Cobalt YG OptiBuild,RY703 OptiBuild
45257,BLS,BDB,Research Reagents,Research Core Sirigen,Sirigen - OptiBuild,Sirigen - OptiBuild (Flow Cytometry)
45258,BLS,BDB,Research Reagents,Research Core Cobalt,Cobalt YG OptiBuild,RY610 OptiBuild
45259,BLS,BDB,Research Reagents,Research Core Cobalt,Cobalt YG OptiBuild,RY610 OptiBuild
45262,BLS,BDB,Research Instruments,Other Instrument Revenue (Research),Other Instrument Revenue (Research),Other Instrument Revenue (Research)
45265,BLS,BDB,Research Reagents,Research Core Cobalt,Cobalt Blue OptiBuild,RB613 OptiBuild
45268,BLS,BDB,Research Reagents,Research Core Cobalt,Cobalt YG OptiBuild,RY703 OptiBuild
45269,BLS,BDB,Research Reagents,Research Core Cobalt,Cobalt YG OptiBuild,RY586 OptiBuild
45270,BLS,BDB,Research Reagents,Research Core Sirigen,Sirigen - OptiBuild,Sirigen - OptiBuild (Flow Cytometry)
45271,BLS,BDB,Research Reagents,Research Core Cobalt,Cobalt YG OptiBuild,RY703 OptiBuild
45272,BLS,BDB,Research Reagents,Research Core Cobalt,Cobalt YG OptiBuild,RY775 OptiBuild
45275,BLS,BDB,Research Reagents,Research Core Cobalt,Cobalt Blue OptiBuild,RB744 OptiBuild
45277,BLS,BDB,Research Reagents,Research Core Sirigen,Sirigen - OptiBuild,Sirigen - OptiBuild (Flow Cytometry)
45281,BLS,BDB,Research Reagents,Research Core Cobalt,Cobalt Blue OptiBuild,RB744 OptiBuild
45282,BLS,BDB,Research Reagents,Research Core Cobalt,Cobalt Blue OptiBuild,RB744 OptiBuild
45283,BLS,BDB,Single Cell Multiomics,SCM Reagents,BD AbSeq,AbSeq - MTS vials
45286,BLS,BDB,Research Reagents,Research Core Sirigen,Sirigen - OptiBuild,Sirigen - OptiBuild (Flow Cytometry)
45287,BLS,BDB,Research Reagents,Research Core Sirigen,Sirigen - OptiBuild,Sirigen - OptiBuild (Flow Cytometry)
45291,BLS,BDB,Research Reagents,Research Core Sirigen,Sirigen - OptiBuild,Sirigen - OptiBuild (Flow Cytometry)
45294,BLS,BDB,Research Reagents,Research Core Sirigen,Sirigen - OptiBuild,Sirigen - OptiBuild (Flow Cytometry)
45295,BLS,BDB,Research Reagents,Research Core Cobalt,Cobalt YG OptiBuild,RY703 OptiBuild
45297,BLS,BDB,Research Reagents,Research Core Sirigen,Sirigen - OptiBuild,Sirigen - OptiBuild (Flow Cytometry)
45299,BLS,BDB,Research Reagents,Research Core Cobalt,Cobalt Blue OptiBuild,RB670 OptiBuild
45300,BLS,BDB,Research Reagents,Research Non-Core,Non-Flow Cytometry - Assays,Non-Flow Cytometry - Assays
45301,BLS,BDB,Research Reagents,Research Core Cobalt,Cobalt YG OptiBuild,RY703 OptiBuild
45303,BLS,BDB,Research Reagents,Research Core Non-Sirigen,Non-Sirigen - OptiBuild,Non Sirigen - Optibuild (Flow Cytometry)
45304,BLS,BDB,Research Reagents,Research Core Sirigen,Sirigen - OptiBuild,Sirigen - OptiBuild (Flow Cytometry)
45305,BLS,BDB,Research Reagents,Research Core Cobalt,Cobalt YG OptiBuild,RY703 OptiBuild
45306,BLS,BDB,Research Reagents,Research Core Cobalt,Cobalt Blue Support,Antibody Controls
45307,BLS,BDB,Research Reagents,Research Core Cobalt,Cobalt YG OptiBuild,RY703 OptiBuild
45308,BLS,BDB,Research Reagents,Research Core Cobalt,Cobalt YG OptiBuild,RY703 OptiBuild
45309,BLS,BDB,Research Reagents,Research Core Sirigen,Sirigen - OptiBuild,Sirigen - OptiBuild (Flow Cytometry)
45312,BLS,BDB,Research Reagents,Research Core Sirigen,Sirigen - OptiBuild,Sirigen - OptiBuild (Flow Cytometry)
45313,BLS,BDB,Research Reagents,Research Core Cobalt,Cobalt YG OptiBuild,RY610 OptiBuild
45314,BLS,BDB,Research Reagents,Research Core Cobalt,Cobalt YG OptiBuild,RY703 OptiBuild
45315,BLS,BDB,Research Reagents,Research Core Cobalt,Cobalt YG OptiBuild,RY703 OptiBuild
45316,BLS,BDB,Research Reagents,Research Core Sirigen,Sirigen - OptiBuild,Sirigen - OptiBuild (Flow Cytometry)
45317,BLS,BDB,Research Reagents,Research Core Cobalt,Cobalt Blue OptiBuild,RB705 OptiBuild
45318,BLS,BDB,Research Reagents,Research Core Cobalt,Cobalt YG OptiBuild,RY775 OptiBuild
45319,BLS,BDB,Research Reagents,Research Core Cobalt,Cobalt YG OptiBuild,RY775 OptiBuild
45322,BLS,BDB,Research Reagents,Research Core Sirigen,Sirigen - OptiBuild,Sirigen - OptiBuild (Flow Cytometry)
45323,BLS,BDB,Research Reagents,Research Core Cobalt,Cobalt Blue OptiBuild,RB705 OptiBuild
45326,BLS,BDB,Research Reagents,Research Core Cobalt,Cobalt YG OptiBuild,RY703 OptiBuild
45327,BLS,BDB,Research Reagents,Research Core Cobalt,Cobalt YG OptiBuild,RY703 OptiBuild
45330,BLS,BDB,Research Reagents,Research Core Sirigen,Sirigen - OptiBuild,Sirigen - OptiBuild (Flow Cytometry)
45333,BLS,BDB,Research Reagents,Research Core Non-Sirigen,Non-Sirigen - OptiBuild,Non Sirigen - Optibuild (Flow Cytometry)
45334,BLS,BDB,Research Reagents,Research Core Cobalt,Cobalt YG OptiBuild,RY703 OptiBuild
45335,BLS,BDB,Research Reagents,Research Core Sirigen,Sirigen - OptiBuild,Sirigen - OptiBuild (Flow Cytometry)
45336,BLS,BDB,Research Reagents,Research Core Cobalt,Cobalt Blue OptiBuild,RB613 OptiBuild
45337,BLS,BDB,Research Reagents,Research Core Cobalt,Cobalt Blue OptiBuild,RB670 OptiBuild
45341,BLS,BDB,Research Reagents,Research Core Cobalt,Cobalt Blue OptiBuild,RB613 OptiBuild
45342,BLS,BDB,Research Reagents,Research Core Non-Sirigen,Non-Sirigen - OptiBuild,Non Sirigen - Optibuild (Flow Cytometry)
45343,BLS,BDB,Research Reagents,Research Non-Core,Non-Flow Cytometry - Assays,Non-Flow Cytometry - Assays
45344,BLS,BDB,Research Reagents,Research Core Cobalt,Cobalt Blue OptiBuild,RB670 OptiBuild
45345,BLS,BDB,Research Reagents,Research Core Cobalt,Cobalt Blue OptiBuild,RB670 OptiBuild
45346,BLS,BDB,Research Reagents,Research Core Cobalt,Cobalt Blue OptiBuild,RB744 OptiBuild
45347,BLS,BDB,Research Reagents,Research Core Non-Sirigen,Non-Sirigen - OptiBuild,Non Sirigen - Optibuild (Flow Cytometry)
45350,BLS,BDB,Research Reagents,Research Core Sirigen,Sirigen - OptiBuild,Sirigen - OptiBuild (Flow Cytometry)
45352,BLS,BDB,Research Reagents,Research Core Cobalt,Cobalt Blue OptiBuild,RB744 OptiBuild
45356,BLS,BDB,Research Reagents,Research Core Sirigen,Sirigen - OptiBuild,Sirigen - OptiBuild (Flow Cytometry)
45357,BLS,BDB,Research Reagents,Research Core Sirigen,Sirigen - OptiBuild,Sirigen - OptiBuild (Flow Cytometry)
45359,BLS,BDB,Research Reagents,Research Core Cobalt,Cobalt YG OptiBuild,RY703 OptiBuild
45362,BLS,BDB,Research Reagents,Research Core Cobalt,Cobalt Blue OptiBuild,RB613 OptiBuild
45363,BLS,BDB,Research Reagents,Research Core Sirigen,Sirigen - OptiBuild,Sirigen - OptiBuild (Flow Cytometry)
45364,BLS,BDB,Research Reagents,Research Core Cobalt,Cobalt YG OptiBuild,RY775 OptiBuild
45365,BLS,BDB,Research Reagents,Research Core Cobalt,Cobalt YG OptiBuild,RY775 OptiBuild
45366,BLS,BDB,Research Reagents,Research Core Cobalt,Cobalt YG OptiBuild,RY775 OptiBuild
45367,BLS,BDB,Research Reagents,Research Non-Core,Non-Flow Cytometry - Assays,Non-Flow Cytometry - Assays
45370,BLS,BDB,Research Reagents,Research Core Cobalt,Cobalt Blue OptiBuild,RB705 OptiBuild
45373,BLS,BDB,Research Reagents,Research Core Cobalt,Cobalt Blue OptiBuild,RB744 OptiBuild
45375,BLS,BDB,Research Reagents,Research Core Cobalt,Cobalt Blue OptiBuild,RB705 OptiBuild
45376,BLS,BDB,Research Reagents,Research Core Sirigen,Sirigen - OptiBuild,Sirigen - OptiBuild (Flow Cytometry)
45377,BLS,BDB,Research Reagents,Research Core Cobalt,Cobalt YG OptiBuild,RY610 OptiBuild
45378,BLS,BDB,Research Reagents,Research Core Sirigen,Sirigen - OptiBuild,Sirigen - OptiBuild (Flow Cytometry)
45380,BLS,BDB,Research Reagents,Research Core Sirigen,Sirigen - OptiBuild,Sirigen - OptiBuild (Flow Cytometry)
45381,BLS,BDB,Research Reagents,Research Core Sirigen,Sirigen - OptiBuild,Sirigen - OptiBuild (Flow Cytometry)
45384,BLS,BDB,Research Reagents,Research Core Sirigen,Sirigen - OptiBuild,Sirigen - OptiBuild (Flow Cytometry)
45388,BLS,BDB,Single Cell Multiomics,SCM Reagents,BD AbSeq,AbSeq - MTS vials
45397,BLS,BDB,Research Reagents,Research Core Sirigen,Sirigen - OptiBuild,Sirigen - OptiBuild (Flow Cytometry)
45399,BLS,BDB,Research Reagents,Research Core Cobalt,Cobalt YG Support,Antibody Controls
45400,BLS,BDB,Research Reagents,Research Core Cobalt,Cobalt YG OptiBuild,RY775 OptiBuild
45401,BLS,BDB,Research Reagents,Research Core Sirigen,Sirigen - OptiBuild,Sirigen - OptiBuild (Flow Cytometry)
45402,BLS,BDB,Research Reagents,Research Core Cobalt,Cobalt YG OptiBuild,RY703 OptiBuild
45403,BLS,BDB,Research Reagents,Research Core Non-Sirigen,Non Sirigen - Immune Function (Flow Cytometry),Non Sirigen - Immune Function (Flow Cytometry)
45404,BLS,BDB,Research Reagents,Research Core Cobalt,Cobalt Blue OptiBuild,RB613 OptiBuild
45405,BLS,BDB,Research Reagents,Research Core Sirigen,Sirigen - OptiBuild,Sirigen - OptiBuild (Flow Cytometry)
45406,BLS,BDB,Research Reagents,Research Non-Core,Non-Flow Cytometry - Assays,Non-Flow Cytometry - Assays
45407,BLS,BDB,Research Reagents,Research Core Sirigen,Sirigen - OptiBuild,Sirigen - OptiBuild (Flow Cytometry)
45408,BLS,BDB,Research Reagents,Research Core Cobalt,Cobalt YG OptiBuild,RY586 OptiBuild
45409,BLS,BDB,Research Reagents,Research Core Cobalt,Cobalt YG OptiBuild,RY610 OptiBuild
45410,BLS,BDB,Research Reagents,Research Core Cobalt,Cobalt YG OptiBuild,RY610 OptiBuild
45411,BLS,BDB,Research Reagents,Research Core Cobalt,Cobalt Blue OptiBuild,RB744 OptiBuild
45413,BLS,BDB,Research Reagents,Research Core Sirigen,Sirigen - OptiBuild,Sirigen - OptiBuild (Flow Cytometry)
45416,BLS,BDB,Research Reagents,Research Core Cobalt,Cobalt YG OptiBuild,RY703 OptiBuild
45417,BLS,BDB,Research Reagents,Research Core Cobalt,Cobalt Blue OptiBuild,RB670 OptiBuild
45418,BLS,BDB,Research Reagents,Research Core Cobalt,Cobalt Blue OptiBuild,RB545 OptiBuild
45419,BLS,BDB,Research Reagents,Research Core Cobalt,Cobalt YG OptiBuild,RY586 OptiBuild
45420,BLS,BDB,Research Reagents,Research Core Sirigen,Sirigen - OptiBuild,Sirigen - OptiBuild (Flow Cytometry)
45421,BLS,BDB,Research Reagents,Research Core Sirigen,Sirigen - OptiBuild,Sirigen - OptiBuild (Flow Cytometry)
45422,BLS,BDB,Research Reagents,Research Core Cobalt,Cobalt YG OptiBuild,RY586 OptiBuild
45424,BLS,BDB,Research Reagents,Research Core Cobalt,Cobalt YG OptiBuild,RY610 OptiBuild
45425,BLS,BDB,Research Reagents,Research Core Cobalt,Cobalt Blue OptiBuild,RB613 OptiBuild
45426,BLS,BDB,Research Reagents,Research Core Cobalt,Cobalt Blue OptiBuild,RB545 OptiBuild
45427,BLS,BDB,Research Reagents,Research Core Cobalt,Cobalt Blue OptiBuild,RB670 OptiBuild
45428,BLS,BDB,Research Reagents,Research Core Non-Sirigen,Non-Sirigen - OptiBuild,Non Sirigen - Optibuild (Flow Cytometry)
45429,BLS,BDB,Research Reagents,Research Core Sirigen,Sirigen - OptiBuild,Sirigen - OptiBuild (Flow Cytometry)
45430,BLS,BDB,Research Reagents,Research Core Sirigen,Sirigen - OptiBuild,Sirigen - OptiBuild (Flow Cytometry)
45431,BLS,BDB,Research Reagents,Research Core Sirigen,Sirigen - OptiBuild,Sirigen - OptiBuild (Flow Cytometry)
45432,BLS,BDB,Research Reagents,Research Core Sirigen,Sirigen - OptiBuild,Sirigen - OptiBuild (Flow Cytometry)
45437,BLS,BDB,Research Reagents,Research Core Sirigen,Sirigen - OptiBuild,Sirigen - OptiBuild (Flow Cytometry)
45439,BLS,BDB,Research Reagents,Research Core Cobalt,Cobalt YG OptiBuild,RY610 OptiBuild
45444,BLS,BDB,Research Reagents,Research Core Cobalt,Cobalt YG MTS,RY775 MTS
45445,BLS,BDB,Research Reagents,Research Core Cobalt,Cobalt Blue OptiBuild,RB780 OptiBuild
45446,BLS,BDB,Research Reagents,Research Core Cobalt,Cobalt YG OptiBuild,RY610 OptiBuild
45450,BLS,BDB,Research Reagents,Research Core Cobalt,Cobalt Blue OptiBuild,RB670 OptiBuild
45451,BLS,BDB,Research Reagents,Research Core Non-Sirigen,Non-Sirigen - OptiBuild,Non Sirigen - Optibuild (Flow Cytometry)
45453,BLS,BDB,Research Reagents,Research Core Sirigen,Sirigen - OptiBuild,Sirigen - OptiBuild (Flow Cytometry)
45457,BLS,BDB,Research Reagents,Research Core Sirigen,Sirigen - OptiBuild,Sirigen - OptiBuild (Flow Cytometry)
45461,BLS,BDB,Research Reagents,Research Core Non-Sirigen,Non-Sirigen - OptiBuild,Non Sirigen - Optibuild (Flow Cytometry)
45462,BLS,BDB,Research Reagents,Research Core Cobalt,Cobalt YG OptiBuild,RY586 OptiBuild
45466,BLS,BDB,Research Reagents,Research Core Cobalt,Cobalt YG OptiBuild,RY586 OptiBuild
45467,BLS,BDB,Research Reagents,Research Core Sirigen,Sirigen - OptiBuild,Sirigen - OptiBuild (Flow Cytometry)
45468,BLS,BDB,Research Reagents,Research Core Sirigen,Sirigen - OptiBuild,Sirigen - OptiBuild (Flow Cytometry)
45469,BLS,BDB,Research Reagents,Research Core Cobalt,Cobalt Blue OptiBuild,RB780 OptiBuild
45475,BLS,BDB,Research Reagents,Research Core Cobalt,Cobalt YG OptiBuild,RY775 OptiBuild
45476,BLS,BDB,Research Reagents,Research Core Cobalt,Cobalt YG OptiBuild,RY586 OptiBuild
45478,BLS,BDB,Research Reagents,Research Core Cobalt,Cobalt Blue OptiBuild,RB670 OptiBuild
45479,BLS,BDB,Research Reagents,Research Core Sirigen,Sirigen - OptiBuild,Sirigen - OptiBuild (Flow Cytometry)
45482,BLS,BDB,Research Reagents,Research Core Cobalt,Cobalt Blue OptiBuild,RB744 OptiBuild
45487,BLS,BDB,Research Reagents,Research Core Cobalt,Cobalt Blue OptiBuild,RB613 OptiBuild
45490,BLS,BDB,Single Cell Multiomics,SCM Reagents,BD AbSeq,AbSeq - MTS vials
45492,BLS,BDB,Research Reagents,Research Core Sirigen,Sirigen - OptiBuild,Sirigen - OptiBuild (Flow Cytometry)
45494,BLS,BDB,Research Reagents,Research Core Cobalt,Cobalt Blue Support,Antibody Controls
45497,BLS,BDB,Research Reagents,Research Core Sirigen,Sirigen - Immune Function (Flow Cytometry),Sirigen - Immune Function (Flow Cytometry)
45499,BLS,BDB,Research Reagents,Research Core Cobalt,Cobalt Blue OptiBuild,RB744 OptiBuild
45501,BLS,BDB,Research Reagents,Research Core Sirigen,Sirigen - OptiBuild,Sirigen - OptiBuild (Flow Cytometry)
45504,BLS,BDB,Research Reagents,Research Core Sirigen,Sirigen - Immune Function (Flow Cytometry),Sirigen - Immune Function (Flow Cytometry)
45505,BLS,BDB,Research Reagents,Research Core Sirigen,Sirigen - OptiBuild,Sirigen - OptiBuild (Flow Cytometry)
45507,BLS,BDB,Research Reagents,Research Core Cobalt,Cobalt YG OptiBuild,RY703 OptiBuild
45508,BLS,BDB,Research Reagents,Research Core Sirigen,Sirigen - OptiBuild,Sirigen - OptiBuild (Flow Cytometry)
45510,BLS,BDB,Research Reagents,Research Core Cobalt,Cobalt Blue OptiBuild,RB613 OptiBuild
45512,BLS,BDB,Research Reagents,Research Core Sirigen,Sirigen - OptiBuild,Sirigen - OptiBuild (Flow Cytometry)
45513,BLS,BDB,Research Reagents,Research Core Non-Sirigen,Non Sirigen - Immune Function (Flow Cytometry),Non Sirigen - Immune Function (Flow Cytometry)
45516,BLS,BDB,Research Reagents,Research Core Non-Sirigen,Non Sirigen - Cell Signal Cancer (Flow Cytometry),Non Sirigen - Cell Signal Cancer (Flow Cytometry)
45517,BLS,BDB,Research Reagents,Research Core Cobalt,Cobalt Blue OptiBuild,RB780 OptiBuild
45519,BLS,BDB,Research Reagents,Research Core Cobalt,Cobalt Blue OptiBuild,RB705 OptiBuild
45520,BLS,BDB,Research Reagents,Research Core Cobalt,Cobalt Blue OptiBuild,RB705 OptiBuild
45521,BLS,BDB,Research Reagents,Research Core Cobalt,Cobalt Blue OptiBuild,RB744 OptiBuild
45522,BLS,BDB,Research Reagents,Research Core Cobalt,Cobalt Blue OptiBuild,RB613 OptiBuild
45523,BLS,BDB,Research Reagents,Research Core Cobalt,Cobalt Red MTS,RR688 MTS
45524,BLS,BDB,Research Reagents,Research Core Cobalt,Cobalt Blue OptiBuild,RB613 OptiBuild
45526,BLS,BDB,Research Reagents,Research Core Cobalt,Cobalt Blue OptiBuild,RB780 OptiBuild
45528,BLS,BDB,Research Reagents,Research Core Sirigen,Sirigen - OptiBuild,Sirigen - OptiBuild (Flow Cytometry)
45532,BLS,BDB,Research Reagents,Research Core Cobalt,Cobalt Blue OptiBuild,RB670 OptiBuild
45535,BLS,BDB,Research Reagents,Research Core Cobalt,Cobalt Blue OptiBuild,RB545 OptiBuild
45537,BLS,BDB,Research Reagents,Research Core Cobalt,Cobalt YG OptiBuild,RY775 OptiBuild
45538,BLS,BDB,Research Reagents,Research Core Non-Sirigen,Non Sirigen - Immune Function (Flow Cytometry),Non Sirigen - Immune Function (Flow Cytometry)
45539,BLS,BDB,Research Reagents,Research Core Sirigen,Sirigen - OptiBuild,Sirigen - OptiBuild (Flow Cytometry)
45540,BLS,BDB,Research Reagents,Research Core Sirigen,Sirigen - OptiBuild,Sirigen - OptiBuild (Flow Cytometry)
45541,BLS,BDB,Research Reagents,Research Core Sirigen,Sirigen - OptiBuild,Sirigen - OptiBuild (Flow Cytometry)
45543,BLS,BDB,Research Reagents,Research Core Cobalt,Cobalt YG OptiBuild,RY703 OptiBuild
45545,BLS,BDB,Research Reagents,Research Core Cobalt,Cobalt YG Support,Antibody Controls
45546,BLS,BDB,Research Reagents,Research Core Cobalt,Cobalt Blue OptiBuild,RB670 OptiBuild
45548,BLS,BDB,Research Reagents,Research Core Cobalt,Cobalt YG OptiBuild,RY775 OptiBuild
45554,BLS,BDB,Research Reagents,Research Core Sirigen,Sirigen - Immune Function (Flow Cytometry),Sirigen - Immune Function (Flow Cytometry)
45558,BLS,BDB,Research Reagents,Research Core Sirigen,Sirigen - OptiBuild,Sirigen - OptiBuild (Flow Cytometry)
45563,BLS,BDB,Research Reagents,Research Core Sirigen,Sirigen - OptiBuild,Sirigen - OptiBuild (Flow Cytometry)
45564,BLS,BDB,Research Reagents,Research Core Cobalt,Cobalt Blue OptiBuild,RB613 OptiBuild
45565,BLS,BDB,Research Reagents,Research Core Cobalt,Cobalt Blue OptiBuild,RB670 OptiBuild
45570,BLS,BDB,Research Reagents,Research Core Sirigen,Sirigen - OptiBuild,Sirigen - OptiBuild (Flow Cytometry)
45571,BLS,BDB,Research Reagents,Research Core Cobalt,Cobalt YG OptiBuild,RY775 OptiBuild
45572,BLS,BDB,Research Reagents,Research Core Cobalt,Cobalt YG OptiBuild,RY703 OptiBuild
45573,BLS,BDB,Research Reagents,Research Core Cobalt,Cobalt YG OptiBuild,RY703 OptiBuild
45574,BLS,BDB,Research Reagents,Research Core Cobalt,Cobalt Blue OptiBuild,RB670 OptiBuild
45575,BLS,BDB,Research Reagents,Research Core Cobalt,Cobalt YG OptiBuild,RY586 OptiBuild
45576,BLS,BDB,Research Reagents,Research Core Sirigen,Sirigen - OptiBuild,Sirigen - OptiBuild (Flow Cytometry)
45577,BLS,BDB,Research Reagents,Research Core Cobalt,Cobalt YG OptiBuild,RY610 OptiBuild
45578,BLS,BDB,Research Reagents,Research Core Sirigen,Sirigen - OptiBuild,Sirigen - OptiBuild (Flow Cytometry)
45584,BLS,BDB,Research Reagents,Research Core Cobalt,Cobalt Blue OptiBuild,RB613 OptiBuild
45585,BLS,BDB,Research Reagents,Research Core Sirigen,Sirigen - OptiBuild,Sirigen - OptiBuild (Flow Cytometry)
45588,BLS,BDB,Research Reagents,Research Core Cobalt,Cobalt YG OptiBuild,RY610 OptiBuild
45589,BLS,BDB,Research Reagents,Research Core Non-Sirigen,Non Sirigen - Immune Function (Flow Cytometry),Non Sirigen - Immune Function (Flow Cytometry)
45590,BLS,BDB,Research Reagents,Research Core Cobalt,Cobalt YG OptiBuild,RY703 OptiBuild
45591,BLS,BDB,Research Reagents,Research Core Cobalt,Cobalt Blue OptiBuild,RB744 OptiBuild
45593,BLS,BDB,Research Reagents,Research Core Cobalt,Cobalt Blue OptiBuild,RB744 OptiBuild
45594,BLS,BDB,Research Reagents,Research Core Cobalt,Cobalt Blue OptiBuild,RB744 OptiBuild
45595,BLS,BDB,Research Reagents,Research Core Cobalt,Cobalt Blue OptiBuild,RB613 OptiBuild
45596,BLS,BDB,Research Reagents,Research Core Non-Sirigen,Non Sirigen - Immune Function (Flow Cytometry),Non Sirigen - Immune Function (Flow Cytometry)
45597,BLS,BDB,Research Reagents,Research Core Cobalt,Cobalt Blue OptiBuild,RB670 OptiBuild
45598,BLS,BDB,Research Reagents,Research Core Sirigen,Sirigen - Immune Function (Flow Cytometry),Sirigen - Immune Function (Flow Cytometry)
45599,BLS,BDB,Research Reagents,Research Core Cobalt,Cobalt Blue OptiBuild,RB744 OptiBuild
45600,BLS,BDB,Research Reagents,Research Core Cobalt,Cobalt YG OptiBuild,RY703 OptiBuild
45604,BLS,BDB,Research Reagents,Research Core Cobalt,Cobalt YG MTS,RY586 MTS
45605,BLS,BDB,Research Reagents,Research Core Non-Sirigen,Non Sirigen - Immune Function (Flow Cytometry),Non Sirigen - Immune Function (Flow Cytometry)
45608,BLS,BDB,Research Reagents,Research Core Cobalt,Cobalt Blue OptiBuild,RB744 OptiBuild
45609,BLS,BDB,Research Reagents,Research Core Cobalt,Cobalt Blue OptiBuild,RB744 OptiBuild
45611,BLS,BDB,Research Reagents,Research Core Cobalt,Cobalt YG OptiBuild,RY775 OptiBuild
45615,BLS,BDB,Research Reagents,Research Core Non-Sirigen,Non Sirigen - Immune Function (Flow Cytometry),Non Sirigen - Immune Function (Flow Cytometry)
45619,BLS,BDB,Research Reagents,Research Core Sirigen,Sirigen - OptiBuild,Sirigen - OptiBuild (Flow Cytometry)
45620,BLS,BDB,Research Reagents,Research Core Cobalt,Cobalt Blue OptiBuild,RB744 OptiBuild
45621,BLS,BDB,Research Reagents,Research Core Cobalt,Cobalt YG OptiBuild,RY610 OptiBuild
45622,BLS,BDB,Research Reagents,Research Core Cobalt,Cobalt Blue OptiBuild,RB670 OptiBuild
45628,BLS,BDB,Research Reagents,Research Core Sirigen,Sirigen - OptiBuild,Sirigen - OptiBuild (Flow Cytometry)
45629,BLS,BDB,Research Reagents,Research Core Sirigen,Sirigen - OptiBuild,Sirigen - OptiBuild (Flow Cytometry)
45632,BLS,BDB,Research Reagents,Research Core Cobalt,Cobalt YG MTS,RY655 MTS
45633,BLS,BDB,Research Reagents,Research Core Cobalt,Cobalt Blue OptiBuild,RB613 OptiBuild
45639,BLS,BDB,Research Reagents,Research Core Sirigen,Sirigen - OptiBuild,Sirigen - OptiBuild (Flow Cytometry)
45640,BLS,BDB,Research Reagents,Research Core Cobalt,Cobalt Blue OptiBuild,RB670 OptiBuild
45641,BLS,BDB,Research Reagents,Research Core Cobalt,Cobalt Blue OptiBuild,RB670 OptiBuild
45642,BLS,BDB,Research Reagents,Research Core Cobalt,Cobalt YG OptiBuild,RY775 OptiBuild
45643,BLS,BDB,Research Reagents,Research Core Cobalt,Cobalt YG OptiBuild,RY703 OptiBuild
45644,BLS,BDB,Research Reagents,Research Core Cobalt,Cobalt Blue OptiBuild,RB613 OptiBuild
45647,BLS,BDB,Research Reagents,Research Core Cobalt,Cobalt YG OptiBuild,RY775 OptiBuild
45648,BLS,BDB,Research Reagents,Research Core Cobalt,Cobalt Blue OptiBuild,RB613 OptiBuild
45650,BLS,BDB,Single Cell Multiomics,SCM Reagents,BD AbSeq,AbSeq - MTS vials
45651,BLS,BDB,Research Reagents,Research Core Sirigen,Sirigen - OptiBuild,Sirigen - OptiBuild (Flow Cytometry)
45652,BLS,BDB,Research Reagents,Research Core Cobalt,Cobalt Blue OptiBuild,RB670 OptiBuild
45653,BLS,BDB,Research Reagents,Research Core Cobalt,Cobalt YG OptiBuild,RY610 OptiBuild
45654,BLS,BDB,Research Reagents,Research Core Cobalt,Cobalt Blue OptiBuild,RB613 OptiBuild
45657,BLS,BDB,Research Reagents,Research Core Cobalt,Cobalt YG OptiBuild,RY775 OptiBuild
45658,BDI,PI,Peripheral Vascular Disease,Heart,Clearsteam PTCA,PTCA Clearstream Balloons
45659,BLS,BDB,Research Reagents,Research Core Cobalt,Cobalt YG OptiBuild,RY610 OptiBuild
45660,BLS,BDB,Research Reagents,Research Core Cobalt,Cobalt Blue OptiBuild,RB670 OptiBuild
45661,BLS,BDB,Research Reagents,Research Core Cobalt,Cobalt Blue OptiBuild,RB670 OptiBuild
45662,BLS,BDB,Research Reagents,Research Core Cobalt,Cobalt Blue OptiBuild,RB670 OptiBuild
45663,BLS,BDB,Research Reagents,Research Core Cobalt,Cobalt Blue OptiBuild,RB670 OptiBuild
45665,BLS,BDB,Research Reagents,Research Core Sirigen,Sirigen - OptiBuild,Sirigen - OptiBuild (Flow Cytometry)
45671,BLS,BDB,Research Reagents,Research Core Cobalt,Cobalt Blue OptiBuild,RB613 OptiBuild
45673,BLS,BDB,Research Reagents,Research Core Cobalt,Cobalt Blue OptiBuild,RB613 OptiBuild
45674,BLS,BDB,Research Reagents,Research Core Cobalt,Cobalt YG OptiBuild,RY775 OptiBuild
45675,BLS,BDB,Research Reagents,Research Core Cobalt,Cobalt YG OptiBuild,RY703 OptiBuild
45677,BLS,BDB,Research Reagents,Research Core Sirigen,Sirigen - OptiBuild,Sirigen - OptiBuild (Flow Cytometry)
45681,BLS,BDB,Research Reagents,Research Core Cobalt,Cobalt YG OptiBuild,RY703 OptiBuild
45682,BLS,BDB,Research Reagents,Research Core Cobalt,Cobalt YG OptiBuild,RY703 OptiBuild
45683,BLS,BDB,Research Reagents,Research Core Cobalt,Cobalt Blue OptiBuild,RB780 OptiBuild
45685,BLS,BDB,Research Reagents,Research Core Cobalt,Cobalt Blue OptiBuild,RB613 OptiBuild
45686,BLS,BDB,Research Reagents,Research Core Cobalt,Cobalt YG MTS,RY655 MTS
45688,BLS,BDB,Research Reagents,Research Core Cobalt,Cobalt YG OptiBuild,RY586 OptiBuild
45690,BLS,BDB,Research Reagents,Research Core Sirigen,Sirigen - OptiBuild,Sirigen - OptiBuild (Flow Cytometry)
45691,BLS,BDB,Research Reagents,Research Core Cobalt,Cobalt Blue OptiBuild,RB705 OptiBuild
45694,BLS,BDB,Research Reagents,Research Core Sirigen,Sirigen - OptiBuild,Sirigen - OptiBuild (Flow Cytometry)
45696,BLS,BDB,Research Reagents,Research Core Cobalt,Cobalt YG OptiBuild,RY610 OptiBuild
45697,BLS,BDB,Research Reagents,Research Core Sirigen,Sirigen - OptiBuild,Sirigen - OptiBuild (Flow Cytometry)
45698,BLS,BDB,Research Reagents,Research Core Cobalt,Cobalt Blue OptiBuild,RB613 OptiBuild
45699,BLS,BDB,Research Reagents,Research Core Sirigen,Sirigen - Immune Function (Flow Cytometry),Sirigen - Immune Function (Flow Cytometry)
45702,BLS,BDB,Research Reagents,Research Core Cobalt,Cobalt YG OptiBuild,RY775 OptiBuild
45703,BLS,BDB,Research Reagents,Research Core Cobalt,Cobalt YG OptiBuild,RY586 OptiBuild
45704,BLS,BDB,Research Reagents,Research Core Sirigen,Sirigen - OptiBuild,Sirigen - OptiBuild (Flow Cytometry)
45705,BLS,BDB,Research Reagents,Research Core Sirigen,Sirigen - OptiBuild,Sirigen - OptiBuild (Flow Cytometry)
45706,BLS,BDB,Research Reagents,Research Non-Core,Non-Flow Cytometry - Assays,Non-Flow Cytometry - Assays
45709,BLS,BDB,Research Reagents,Research Core Cobalt,Cobalt Blue OptiBuild,RB545 OptiBuild
45711,BLS,BDB,Research Reagents,Research Core Sirigen,Sirigen - Immune Function (Flow Cytometry),Sirigen - Immune Function (Flow Cytometry)
45714,BLS,BDB,Research Reagents,Research Non-Core,Non-Flow Cytometry - Assays,Non-Flow Cytometry - Assays
45716,BDI,UCC,Endourology,Visualization,Image Processors,Image Processors
45718,BLS,BDB,Research Reagents,Research Core Sirigen,Sirigen - OptiBuild,Sirigen - OptiBuild (Flow Cytometry)
45719,BLS,BDB,Research Reagents,Research Core Cobalt,Cobalt Blue OptiBuild,RB670 OptiBuild
45720,BLS,BDB,Research Reagents,Research Core Sirigen,Sirigen - Immune Function (Flow Cytometry),Sirigen - Immune Function (Flow Cytometry)
45722,BLS,BDB,Research Reagents,Research Core Cobalt,Cobalt YG OptiBuild,RY586 OptiBuild
45723,BLS,BDB,Research Reagents,Research Core Sirigen,Sirigen - OptiBuild,Sirigen - OptiBuild (Flow Cytometry)
45724,BLS,BDB,Research Reagents,Research Core Sirigen,Sirigen - OptiBuild,Sirigen - OptiBuild (Flow Cytometry)
45729,BDI,UCC,Total Home Care Sales,Urology Home Care,Home Care Non Bard,UK DAC Sales (Non Bard)
45730,BLS,BDB,Research Reagents,Research Core Cobalt,Cobalt YG OptiBuild,RY586 OptiBuild
45731,BLS,BDB,Research Reagents,Research Core Non-Sirigen,Non-Sirigen - OptiBuild,Non Sirigen - Optibuild (Flow Cytometry)
45732,BLS,BDB,Research Reagents,Research Core Cobalt,Cobalt YG OptiBuild,RY775 OptiBuild
45733,BLS,BDB,Research Reagents,Research Core Cobalt,Cobalt YG OptiBuild,RY703 OptiBuild
45734,BLS,BDB,Research Reagents,Research Core Sirigen,Sirigen - OptiBuild,Sirigen - OptiBuild (Flow Cytometry)
45735,BLS,BDB,Research Reagents,Research Core Sirigen,Sirigen - OptiBuild,Sirigen - OptiBuild (Flow Cytometry)
45737,BLS,BDB,Research Reagents,Research Core Cobalt,Cobalt YG OptiBuild,RY586 OptiBuild
45738,BLS,BDB,Research Reagents,Research Core Cobalt,Cobalt YG OptiBuild,RY586 OptiBuild
45740,BLS,BDB,Research Reagents,Research Non-Core,Non-Flow Cytometry - Assays,Non-Flow Cytometry - Assays
45741,BLS,BDB,Research Reagents,Research Core Cobalt,Cobalt Blue OptiBuild,RB545 OptiBuild
45742,BLS,BDB,Research Reagents,Research Core Cobalt,Cobalt YG OptiBuild,RY586 OptiBuild
45744,BLS,BDB,Research Reagents,Research Core Cobalt,Cobalt YG OptiBuild,RY586 OptiBuild
45746,BLS,BDB,Research Reagents,Research Core Sirigen,Sirigen - OptiBuild,Sirigen - OptiBuild (Flow Cytometry)
45747,BLS,BDB,Research Reagents,Research Core Non-Sirigen,Non-Sirigen - OptiBuild,Non Sirigen - Optibuild (Flow Cytometry)
45756,BLS,BDB,Research Reagents,Research Core Cobalt,Cobalt Blue MTS,RB780 MTS
45759,BLS,BDB,Research Reagents,Research Core Cobalt,Cobalt Blue OptiBuild,RB670 OptiBuild
45760,BLS,BDB,Research Reagents,Research Core Sirigen,Sirigen - OptiBuild,Sirigen - OptiBuild (Flow Cytometry)
45762,BLS,BDB,Research Reagents,Research Non-Core,Non-Flow Cytometry - Assays,Non-Flow Cytometry - Assays
45763,BLS,BDB,Research Reagents,Research Non-Core,Non-Flow Cytometry - Assays,Non-Flow Cytometry - Assays
45764,BLS,BDB,Research Reagents,Research Core Cobalt,Cobalt Blue OptiBuild,RB744 OptiBuild
45765,BLS,BDB,Research Reagents,Research Core Non-Sirigen,Non Sirigen - Immune Function (Flow Cytometry),Non Sirigen - Immune Function (Flow Cytometry)
45768,BLS,BDB,Research Reagents,Research Core Cobalt,Cobalt YG OptiBuild,RY610 OptiBuild
45769,BLS,BDB,Research Reagents,Research Core Cobalt,Cobalt Blue OptiBuild,RB780 OptiBuild
45770,BLS,BDB,Research Reagents,Research Core Cobalt,Cobalt Blue OptiBuild,RB670 OptiBuild
45771,BLS,BDB,Research Reagents,Research Core Sirigen,Sirigen - OptiBuild,Sirigen - OptiBuild (Flow Cytometry)
45774,BLS,BDB,Research Reagents,Research Core Sirigen,Sirigen - OptiBuild,Sirigen - OptiBuild (Flow Cytometry)
45776,BLS,BDB,Research Reagents,Research Core Cobalt,Cobalt YG OptiBuild,RY610 OptiBuild
45778,BLS,BDB,Research Reagents,Research Core Cobalt,Cobalt YG OptiBuild,RY703 OptiBuild
45779,BLS,BDB,Research Reagents,Research Core Sirigen,Sirigen - OptiBuild,Sirigen - OptiBuild (Flow Cytometry)
45780,BLS,BDB,Research Reagents,Research Core Cobalt,Cobalt Blue OptiBuild,RB780 OptiBuild
45782,BLS,BDB,Research Reagents,Research Core Sirigen,Sirigen - Immune Function (Flow Cytometry),Sirigen - Immune Function (Flow Cytometry)
45783,BLS,BDB,Research Reagents,Research Core Sirigen,Sirigen - OptiBuild,Sirigen - OptiBuild (Flow Cytometry)
45784,BLS,BDB,Research Reagents,Research Core Cobalt,Cobalt Blue OptiBuild,RB744 OptiBuild
45785,BLS,BDB,Research Reagents,Research Non-Core,Non-Flow Cytometry - Assays,Non-Flow Cytometry - Assays
45786,BLS,BDB,Research Reagents,Research Core Cobalt,Cobalt Blue OptiBuild,RB670 OptiBuild
45787,BLS,BDB,Research Reagents,Research Core Cobalt,Cobalt Blue OptiBuild,RB670 OptiBuild
45788,BLS,BDB,Research Reagents,Research Core Cobalt,Cobalt YG OptiBuild,RY610 OptiBuild
45789,BLS,BDB,Research Reagents,Research Core Cobalt,Cobalt Red MTS,RR688 MTS
45792,BDI,UCC,Targeted Temperature Management,TTM Other,Arctic Sun-Accessories,Arctic Sun-Accessories
45793,BLS,BDB,Research Reagents,Research Core Sirigen,Sirigen - OptiBuild,Sirigen - OptiBuild (Flow Cytometry)
45794,BLS,BDB,Research Reagents,Research Core Sirigen,Sirigen - OptiBuild,Sirigen - OptiBuild (Flow Cytometry)
45800,BLS,BDB,Research Reagents,Research Core Sirigen,Sirigen - OptiBuild,Sirigen - OptiBuild (Flow Cytometry)
45804,BLS,BDB,Research Reagents,Research Core Sirigen,Sirigen - OptiBuild,Sirigen - OptiBuild (Flow Cytometry)
45806,BLS,BDB,Research Reagents,Research Core Cobalt,Cobalt YG OptiBuild,RY775 OptiBuild
45807,BLS,BDB,Research Reagents,Research Core Cobalt,Cobalt Blue OptiBuild,RB670 OptiBuild
45808,BLS,BDB,Research Reagents,Research Core Cobalt,Cobalt Blue OptiBuild,RB613 OptiBuild
45811,BLS,BDB,Research Reagents,Research Core Cobalt,Cobalt Blue OptiBuild,RB670 OptiBuild
45814,BLS,BDB,Research Reagents,Research Core Cobalt,Cobalt Blue OptiBuild,RB545 OptiBuild
45815,BLS,BDB,Research Reagents,Research Core Cobalt,Cobalt Blue OptiBuild,RB670 OptiBuild
45816,BLS,BDB,Research Reagents,Research Core Cobalt,Cobalt Blue Support,Antibody Controls
45817,BLS,BDB,Research Reagents,Research Core Cobalt,Cobalt Blue OptiBuild,RB670 OptiBuild
45819,BLS,BDB,Research Reagents,Research Core Cobalt,Cobalt YG OptiBuild,RY775 OptiBuild
45820,BLS,BDB,Research Reagents,Research Core Cobalt,Cobalt YG OptiBuild,RY703 OptiBuild
45821,BLS,BDB,Research Reagents,Research Core Cobalt,Cobalt YG OptiBuild,RY703 OptiBuild
45823,BLS,BDB,Research Reagents,Research Core Cobalt,Cobalt Blue OptiBuild,RB613 OptiBuild
45824,BLS,BDB,Research Reagents,Research Core Cobalt,Cobalt YG OptiBuild,RY775 OptiBuild
45825,BLS,BDB,Research Reagents,Research Core Cobalt,Cobalt Blue OptiBuild,RB670 OptiBuild
45826,BLS,BDB,Research Reagents,Research Core Sirigen,Sirigen - OptiBuild,Sirigen - OptiBuild (Flow Cytometry)
45828,BLS,BDB,Research Reagents,Research Core Cobalt,Cobalt Blue OptiBuild,RB670 OptiBuild
45829,BLS,BDB,Research Reagents,Research Core Cobalt,Cobalt Blue OptiBuild,RB613 OptiBuild
45831,BLS,BDB,Research Reagents,Research Core Cobalt,Cobalt Blue OptiBuild,RB744 OptiBuild
45832,BLS,BDB,Research Reagents,Research Core Sirigen,Sirigen - OptiBuild,Sirigen - OptiBuild (Flow Cytometry)
45834,BLS,BDB,Research Reagents,Research Core Sirigen,Sirigen - OptiBuild,Sirigen - OptiBuild (Flow Cytometry)
45835,BLS,BDB,Research Reagents,Research Core Cobalt,Cobalt Blue OptiBuild,RB670 OptiBuild
45836,BLS,BDB,Research Reagents,Research Core Cobalt,Cobalt Blue OptiBuild,RB670 OptiBuild
45838,BLS,BDB,Research Reagents,Research Core Non-Sirigen,Non Sirigen - Support (Flow Cytometry),Non Sirigen - Support (Flow Cytometry)
45840,BLS,BDB,Research Reagents,Research Core Cobalt,Cobalt Blue OptiBuild,RB613 OptiBuild
45842,BLS,BDB,Research Reagents,Research Core Cobalt,Cobalt Blue MTS,RB780 MTS
45843,BLS,BDB,Single Cell Multiomics,SCM Reagents,BD AbSeq,AbSeq - MTS vials
45848,BLS,BDB,Single Cell Multiomics,SCM Reagents,BD AbSeq,AbSeq - MTS vials
45849,BLS,BDB,Single Cell Multiomics,SCM Reagents,BD AbSeq,AbSeq - MTS vials
45855,BLS,BDB,Research Reagents,Research Core Cobalt,Cobalt Blue OptiBuild,RB670 OptiBuild
45857,BLS,BDB,Research Reagents,Research Core Sirigen,Sirigen - OptiBuild,Sirigen - OptiBuild (Flow Cytometry)
45858,BLS,BDB,Research Reagents,Research Core Cobalt,Cobalt Blue OptiBuild,RB670 OptiBuild
45859,BLS,BDB,Research Reagents,Research Core Cobalt,Cobalt Blue OptiBuild,RB670 OptiBuild
45860,BLS,BDB,Research Reagents,Research Non-Core,Non-Flow Cytometry - Assays,Non-Flow Cytometry - Assays
45861,BLS,BDB,Research Reagents,Research Core Cobalt,Cobalt YG MTS,RY655 MTS
45863,BLS,BDB,Research Reagents,Research Core Sirigen,Sirigen - OptiBuild,Sirigen - OptiBuild (Flow Cytometry)
45864,BLS,BDB,Research Reagents,Research Core Sirigen,Sirigen - OptiBuild,Sirigen - OptiBuild (Flow Cytometry)
45865,BLS,BDB,Research Reagents,Research Core Cobalt,Cobalt Blue OptiBuild,RB780 OptiBuild
45866,BLS,BDB,Research Reagents,Research Core Cobalt,Cobalt Blue OptiBuild,RB545 OptiBuild
45868,BLS,BDB,Research Reagents,Research Core Sirigen,Sirigen - OptiBuild,Sirigen - OptiBuild (Flow Cytometry)
45870,BLS,BDB,Research Reagents,Research Core Cobalt,Cobalt Blue OptiBuild,RB670 OptiBuild
45871,BLS,BDB,Research Reagents,Research Core Cobalt,Cobalt Blue OptiBuild,RB613 OptiBuild
45873,BLS,BDB,Research Reagents,Research Core Cobalt,Cobalt Blue Support,Antibody Controls
45875,BLS,BDB,Research Reagents,Research Core Sirigen,Sirigen - OptiBuild,Sirigen - OptiBuild (Flow Cytometry)
45876,BLS,BDB,Clinical Reagents,Cancer Reagents,Cancer,CAN Single Color
45878,BLS,BDB,Research Reagents,Research Core Non-Sirigen,Non Sirigen - Immune Function (Flow Cytometry),Non Sirigen - Immune Function (Flow Cytometry)
45879,BLS,BDB,Research Reagents,Research Core Cobalt,Cobalt Blue OptiBuild,RB613 OptiBuild
45881,BLS,BDB,Research Reagents,Research Core Cobalt,Cobalt YG OptiBuild,RY610 OptiBuild
45882,BLS,BDB,Research Reagents,Research Core Sirigen,Sirigen - OptiBuild,Sirigen - OptiBuild (Flow Cytometry)
45884,BLS,BDB,Research Reagents,Research Core Cobalt,Cobalt Blue OptiBuild,RB744 OptiBuild
45886,BLS,BDB,Research Reagents,Research Core Cobalt,Cobalt Blue OptiBuild,RB545 OptiBuild
45888,BLS,BDB,Research Reagents,Research Non-Core,Non-Flow Cytometry - Assays,Non-Flow Cytometry - Assays
45889,BLS,BDB,Research Reagents,Research Core Cobalt,Cobalt YG OptiBuild,RY703 OptiBuild
45891,BLS,BDB,Research Reagents,Research Core Cobalt,Cobalt Blue OptiBuild,RB744 OptiBuild
45892,BLS,BDB,Research Reagents,Research Core Sirigen,Sirigen - OptiBuild,Sirigen - OptiBuild (Flow Cytometry)
45893,BLS,BDB,Research Reagents,Research Core Non-Sirigen,Non-Sirigen - OptiBuild,Non Sirigen - Optibuild (Flow Cytometry)
45894,BLS,BDB,Research Reagents,Research Core Sirigen,Sirigen - OptiBuild,Sirigen - OptiBuild (Flow Cytometry)
45896,BLS,BDB,Research Reagents,Research Core Cobalt,Cobalt Blue OptiBuild,RB613 OptiBuild
45898,BLS,BDB,Research Reagents,Research Core Cobalt,Cobalt Blue OptiBuild,RB744 OptiBuild
45899,BLS,BDB,Research Reagents,Research Core Sirigen,Sirigen - OptiBuild,Sirigen - OptiBuild (Flow Cytometry)
45900,BLS,BDB,Research Reagents,Research Core Cobalt,Cobalt Blue OptiBuild,RB670 OptiBuild
45901,BLS,BDB,Research Reagents,Research Core Cobalt,Cobalt YG OptiBuild,RY610 OptiBuild
45902,BLS,BDB,Research Reagents,Research Core Cobalt,Cobalt Blue MTS,RB613 MTS
45906,BLS,BDB,Research Reagents,Research Core Sirigen,Sirigen - OptiBuild,Sirigen - OptiBuild (Flow Cytometry)
45907,BLS,BDB,Research Reagents,Research Core Cobalt,Cobalt Blue OptiBuild,RB670 OptiBuild
45908,BLS,BDB,Research Reagents,Research Core Cobalt,Cobalt Blue OptiBuild,RB705 OptiBuild
45910,BLS,BDB,Research Reagents,Research Non-Core,Non-Flow Cytometry - Assays,Non-Flow Cytometry - Assays
45911,BLS,BDB,Research Reagents,Research Core Cobalt,Cobalt YG MTS,RY775 MTS
45912,BLS,BDB,Research Reagents,Research Core Sirigen,Sirigen - Immune Function (Flow Cytometry),Sirigen - Immune Function (Flow Cytometry)
45914,BLS,BDB,Research Reagents,Research Core Sirigen,Sirigen - OptiBuild,Sirigen - OptiBuild (Flow Cytometry)
45916,BLS,BDB,Research Reagents,Research Core Non-Sirigen,Non Sirigen - Immune Function (Flow Cytometry),Non Sirigen - Immune Function (Flow Cytometry)
45919,BLS,BDB,Research Reagents,Research Core Cobalt,Cobalt YG OptiBuild,RY586 OptiBuild
45922,BLS,BDB,Research Reagents,Research Core Cobalt,Cobalt YG MTS,RY655 MTS
45923,BLS,BDB,Research Reagents,Research Core Cobalt,Cobalt YG OptiBuild,RY586 OptiBuild
45928,BLS,BDB,Research Reagents,Research Core Cobalt,Cobalt Blue OptiBuild,RB670 OptiBuild
45929,BLS,BDB,Research Reagents,Research Core Cobalt,Cobalt Blue OptiBuild,RB670 OptiBuild
45931,BLS,BDB,Research Reagents,Research Core Sirigen,Sirigen - OptiBuild,Sirigen - OptiBuild (Flow Cytometry)
45932,BLS,BDB,Research Reagents,Research Core Sirigen,Sirigen - OptiBuild,Sirigen - OptiBuild (Flow Cytometry)
45935,BLS,BDB,Research Reagents,Research Core Cobalt,Cobalt YG OptiBuild,RY610 OptiBuild
45937,BLS,BDB,Research Reagents,Research Non-Core,Non-Flow Cytometry - Assays,Non-Flow Cytometry - Assays
45939,BLS,BDB,Research Reagents,Research Core Cobalt,Cobalt YG OptiBuild,RY610 OptiBuild
45940,BLS,BDB,Research Reagents,Research Core Cobalt,Cobalt Blue OptiBuild,RB613 OptiBuild
45941,BLS,BDB,Research Reagents,Research Core Cobalt,Cobalt Blue OptiBuild,RB613 OptiBuild
45944,BLS,BDB,Research Reagents,Research Core Cobalt,Cobalt YG MTS,RY610 MTS
45946,BLS,BDB,Research Reagents,Research Core Cobalt,Cobalt Blue OptiBuild,RB613 OptiBuild
45947,BLS,BDB,Research Reagents,Research Core Cobalt,Cobalt Blue OptiBuild,RB705 OptiBuild
45949,BDI,PI,BD PI Other,OEM,Textiles OEM,Textiles OEM
45952,BLS,BDB,Research Reagents,Research Core Cobalt,Cobalt Blue OptiBuild,RB670 OptiBuild
45955,BLS,BDB,Research Reagents,Research Core Cobalt,Cobalt YG OptiBuild,RY775 OptiBuild
45957,BLS,BDB,Research Reagents,Research Core Cobalt,Cobalt YG OptiBuild,RY610 OptiBuild
45958,BLS,BDB,Research Reagents,Research Core Sirigen,Sirigen - OptiBuild,Sirigen - OptiBuild (Flow Cytometry)
45959,BLS,BDB,Research Reagents,Research Core Cobalt,Cobalt YG OptiBuild,RY703 OptiBuild
45960,BLS,BDB,Research Reagents,Research Core Cobalt,Cobalt Blue OptiBuild,RB780 OptiBuild
45963,BLS,BDB,Research Reagents,Research Core Cobalt,Cobalt Blue Support,Antibody Controls
45965,BLS,BDB,Research Reagents,Research Core Cobalt,Cobalt YG OptiBuild,RY610 OptiBuild
45966,BLS,BDB,Research Reagents,Research Core Cobalt,Cobalt Blue OptiBuild,RB744 OptiBuild
45969,BLS,BDB,Research Reagents,Research Core Cobalt,Cobalt YG MTS,RY703 MTS
45971,BLS,BDB,Research Reagents,Research Core Sirigen,Sirigen - Immune Function (Flow Cytometry),Sirigen - Immune Function (Flow Cytometry)
45972,BLS,BDB,Research Reagents,Research Core Sirigen,Sirigen - OptiBuild,Sirigen - OptiBuild (Flow Cytometry)
45973,BLS,BDB,Research Reagents,Research Core Cobalt,Cobalt YG OptiBuild,RY586 OptiBuild
45975,BLS,BDB,Research Reagents,Research Core Non-Sirigen,Non Sirigen - Immune Function (Flow Cytometry),Non Sirigen - Immune Function (Flow Cytometry)
45976,BLS,DS,Lab Automation,Lab Automation - PC Adjustment,Lab Automation - PC Adjustment,Lab Automation - PC Adjustment
45978,BLS,BDB,Single Cell Multiomics,SCM Reagents,BD AbSeq,AbSeq - MTS vials
45979,BLS,BDB,Research Reagents,Research Core Cobalt,Cobalt YG MTS,RY775 MTS
45980,BLS,BDB,Research Reagents,Research Core Non-Sirigen,Non-Sirigen - OptiBuild,Non Sirigen - Optibuild (Flow Cytometry)
45981,BLS,BDB,Research Reagents,Research Core Cobalt,Cobalt YG OptiBuild,RY775 OptiBuild
45982,BLS,BDB,Research Reagents,Research Core Cobalt,Cobalt YG OptiBuild,RY775 OptiBuild
45983,BLS,BDB,Research Reagents,Research Core Cobalt,Cobalt YG OptiBuild,RY775 OptiBuild
45984,BLS,BDB,Research Reagents,Research Core Cobalt,Cobalt YG OptiBuild,RY775 OptiBuild
45985,BLS,BDB,Research Reagents,Research Core Cobalt,Cobalt YG OptiBuild,RY775 OptiBuild
45986,BLS,BDB,Research Reagents,Research Core Cobalt,Cobalt YG OptiBuild,RY775 OptiBuild
45987,BLS,BDB,Research Reagents,Research Core Cobalt,Cobalt YG OptiBuild,RY703 OptiBuild
45988,BLS,BDB,Research Reagents,Research Core Cobalt,Cobalt YG OptiBuild,RY703 OptiBuild
45989,BLS,BDB,Research Reagents,Research Core Cobalt,Cobalt Blue OptiBuild,RB670 OptiBuild
45990,BLS,BDB,Research Reagents,Research Core Cobalt,Cobalt Blue OptiBuild,RB670 OptiBuild
45991,BLS,BDB,Research Reagents,Research Core Cobalt,Cobalt Blue OptiBuild,RB744 OptiBuild
45994,BLS,BDB,Research Reagents,Research Core Sirigen,Sirigen - OptiBuild,Sirigen - OptiBuild (Flow Cytometry)
45995,BLS,BDB,Research Reagents,Research Core Sirigen,Sirigen - OptiBuild,Sirigen - OptiBuild (Flow Cytometry)
45996,BLS,BDB,Research Reagents,Research Core Cobalt,Cobalt Blue OptiBuild,RB780 OptiBuild
45997,BLS,BDB,Research Reagents,Research Core Cobalt,Cobalt Blue OptiBuild,RB613 OptiBuild
45998,BLS,BDB,Research Reagents,Research Core Cobalt,Cobalt Blue OptiBuild,RB670 OptiBuild
45999,BLS,BDB,Research Reagents,Research Core Cobalt,Cobalt Blue OptiBuild,RB670 OptiBuild
46001,BLS,BDB,Research Reagents,Research Core Cobalt,Cobalt Blue MTS,RB780 MTS
46002,BLS,BDB,Research Reagents,Research Core Cobalt,Cobalt YG MTS,RY703 MTS
46004,BLS,BDB,Research Reagents,Research Core Non-Sirigen,Non Sirigen - Immune Function (Flow Cytometry),Non Sirigen - Immune Function (Flow Cytometry)
46005,BLS,BDB,Research Reagents,Research Core Sirigen,Sirigen - Immune Function (Flow Cytometry),Sirigen - Immune Function (Flow Cytometry)
46006,BLS,BDB,Research Reagents,Research Core Sirigen,Sirigen - OptiBuild,Sirigen - OptiBuild (Flow Cytometry)
46008,BLS,BDB,Research Reagents,Research Core Sirigen,Sirigen - OptiBuild,Sirigen - OptiBuild (Flow Cytometry)
46011,BLS,BDB,Research Reagents,Research Core Sirigen,Sirigen - OptiBuild,Sirigen - OptiBuild (Flow Cytometry)
46013,BLS,BDB,Research Reagents,Research Core Cobalt,Cobalt YG MTS,RY655 MTS
46015,BLS,BDB,Research Reagents,Research Core Cobalt,Cobalt YG MTS,RY703 MTS
46021,BLS,BDB,Research Reagents,Research Core Sirigen,Sirigen - OptiBuild,Sirigen - OptiBuild (Flow Cytometry)
46023,BLS,BDB,Research Reagents,Research Core Sirigen,Sirigen - OptiBuild,Sirigen - OptiBuild (Flow Cytometry)
46024,BLS,BDB,Research Reagents,Research Core Sirigen,Sirigen - OptiBuild,Sirigen - OptiBuild (Flow Cytometry)
46025,BLS,BDB,Research Reagents,Research Core Cobalt,Cobalt Blue OptiBuild,RB670 OptiBuild
46026,BLS,BDB,Research Reagents,Research Core Non-Sirigen,Non-Sirigen - OptiBuild,Non Sirigen - Optibuild (Flow Cytometry)
46028,BLS,BDB,Research Reagents,Research Core Cobalt,Cobalt Blue OptiBuild,RB705 OptiBuild
46029,BLS,BDB,Research Reagents,Research Core Cobalt,Cobalt Blue OptiBuild,RB613 OptiBuild
46030,BLS,BDB,Research Reagents,Research Core Non-Sirigen,Non Sirigen - Immune Function (Flow Cytometry),Non Sirigen - Immune Function (Flow Cytometry)
46031,BLS,BDB,Research Reagents,Research Core Cobalt,Cobalt Blue MTS,RB613 MTS
46032,BLS,BDB,Research Reagents,Research Core Sirigen,Sirigen - OptiBuild,Sirigen - OptiBuild (Flow Cytometry)
46033,BLS,BDB,Research Reagents,Research Core Sirigen,Sirigen - OptiBuild,Sirigen - OptiBuild (Flow Cytometry)
46034,BLS,BDB,Research Reagents,Research Core Cobalt,Cobalt YG MTS,RY703 MTS
46036,BLS,BDB,Research Reagents,Research Core Cobalt,Cobalt YG OptiBuild,RY586 OptiBuild
46037,BLS,BDB,Research Reagents,Research Core Cobalt,Cobalt YG MTS,RY586 MTS
46040,BLS,BDB,Research Reagents,Research Core Cobalt,Cobalt YG OptiBuild,RY775 OptiBuild
46042,BLS,BDB,Research Reagents,Research Core Sirigen,Sirigen - Immune Function (Flow Cytometry),Sirigen - Immune Function (Flow Cytometry)
46047,BLS,BDB,Research Reagents,Research Core Cobalt,Cobalt YG OptiBuild,RY703 OptiBuild
46049,BLS,BDB,Research Reagents,Research Core Cobalt,Cobalt Red MTS,RR688 MTS
46050,BLS,BDB,Research Reagents,Research Core Cobalt,Cobalt YG OptiBuild,RY703 OptiBuild
46051,BLS,BDB,Research Reagents,Research Core Cobalt,Cobalt Blue OptiBuild,RB670 OptiBuild
46055,BLS,BDB,Research Reagents,Research Core Non-Sirigen,Non-Sirigen - OptiBuild,Non Sirigen - Optibuild (Flow Cytometry)
46057,BLS,BDB,Research Reagents,Research Core Cobalt,Cobalt YG OptiBuild,RY703 OptiBuild
46061,BLS,BDB,Research Reagents,Research Core Non-Sirigen,Non Sirigen - Immune Function (Flow Cytometry),Non Sirigen - Immune Function (Flow Cytometry)
46062,BLS,BDB,Research Reagents,Research Core Sirigen,Sirigen - OptiBuild,Sirigen - OptiBuild (Flow Cytometry)
46063,BLS,BDB,Research Reagents,Research Core Cobalt,Cobalt Blue OptiBuild,RB705 OptiBuild
46065,BLS,BDB,Research Reagents,Research Core Non-Sirigen,Non Sirigen - Immune Function (Flow Cytometry),Non Sirigen - Immune Function (Flow Cytometry)
46066,BLS,BDB,Research Reagents,Research Core Cobalt,Cobalt Blue OptiBuild,RB613 OptiBuild
46068,BLS,BDB,Research Reagents,Research Non-Core,Non-Flow Cytometry - Assays,Non-Flow Cytometry - Assays
46069,BLS,BDB,Research Reagents,Research Core Sirigen,Sirigen - OptiBuild,Sirigen - OptiBuild (Flow Cytometry)
46070,BLS,BDB,Research Reagents,Research Core Cobalt,Cobalt YG MTS,RY610 MTS
46071,BLS,BDB,Research Reagents,Research Non-Core,Non-Flow Cytometry - Assays,Non-Flow Cytometry - Assays
46072,BLS,BDB,Research Reagents,Research Core Cobalt,Cobalt Blue OptiBuild,RB613 OptiBuild
46073,BLS,BDB,Research Reagents,Research Core Cobalt,Cobalt YG OptiBuild,RY775 OptiBuild
46078,BLS,BDB,Research Reagents,Research Core Sirigen,Sirigen - OptiBuild,Sirigen - OptiBuild (Flow Cytometry)
46081,BLS,BDB,Research Reagents,Research Non-Core,Non-Flow Cytometry - Assays,Non-Flow Cytometry - Assays
46084,BLS,BDB,Research Reagents,Research Core Cobalt,Cobalt Blue OptiBuild,RB705 OptiBuild
46086,BLS,BDB,Research Reagents,Research Core Cobalt,Cobalt Blue MTS,RB613 MTS
46087,BLS,BDB,Research Reagents,Research Core Non-Sirigen,Non Sirigen - Immune Function (Flow Cytometry),Non Sirigen - Immune Function (Flow Cytometry)
46088,BLS,BDB,Research Reagents,Research Core Cobalt,Cobalt YG MTS,RY703 MTS
46090,BLS,BDB,Research Reagents,Research Core Cobalt,Cobalt YG MTS,RY703 MTS
46091,BLS,BDB,Research Reagents,Research Core Cobalt,Cobalt YG MTS,RY703 MTS
46093,BDI,PI,Oncology,Ports,Ports,Non-Power Ports
46094,BLS,BDB,Research Reagents,Research Core Cobalt,Cobalt Blue OptiBuild,RB744 OptiBuild
46095,BLS,BDB,Research Reagents,Research Core Cobalt,Cobalt YG MTS,RY610 MTS
46096,BLS,BDB,Research Reagents,Research Core Cobalt,Cobalt Blue OptiBuild,RB613 OptiBuild
46098,BLS,BDB,Research Reagents,Research Core Cobalt,Cobalt Blue OptiBuild,RB545 OptiBuild
46100,BLS,BDB,Research Reagents,Research Core Cobalt,Cobalt Blue MTS,RB613 MTS
46102,BLS,BDB,Research Reagents,Research Core Cobalt,Cobalt YG MTS,RY655 MTS
46103,BLS,BDB,Research Reagents,Research Core Cobalt,Cobalt YG OptiBuild,RY610 OptiBuild
46105,BLS,BDB,Research Reagents,Research Core Cobalt,Cobalt YG MTS,RY655 MTS
46107,BLS,BDB,Research Reagents,Research Core Sirigen,Sirigen - OptiBuild,Sirigen - OptiBuild (Flow Cytometry)
46109,BLS,BDB,Research Reagents,Research Core Cobalt,Cobalt Blue OptiBuild,RB744 OptiBuild
46110,BLS,BDB,Research Reagents,Research Core Sirigen,Sirigen - Immune Function (Flow Cytometry),Sirigen - Immune Function (Flow Cytometry)
46111,BLS,BDB,Research Reagents,Research Core Cobalt,Cobalt YG MTS,RY655 MTS
46114,BLS,BDB,Research Reagents,Research Core Non-Sirigen,Non Sirigen - Immune Function (Flow Cytometry),Non Sirigen - Immune Function (Flow Cytometry)
46116,BLS,BDB,Research Reagents,Research Core Cobalt,Cobalt Blue OptiBuild,RB780 OptiBuild
46118,BLS,BDB,Research Reagents,Research Core Sirigen,Sirigen - Immune Function (Flow Cytometry),Sirigen - Immune Function (Flow Cytometry)
46121,BLS,BDB,Research Reagents,Research Core Cobalt,Cobalt YG OptiBuild,RY610 OptiBuild
46122,BLS,BDB,Research Reagents,Research Core Cobalt,Cobalt YG OptiBuild,RY775 OptiBuild
46123,BLS,BDB,Research Reagents,Research Core Sirigen,Sirigen - OptiBuild,Sirigen - OptiBuild (Flow Cytometry)
46124,BLS,BDB,Research Reagents,Research Core Cobalt,Cobalt YG MTS,RY775 MTS
46129,BLS,BDB,Research Reagents,Research Core Cobalt,Cobalt YG OptiBuild,RY703 OptiBuild
46130,BLS,BDB,Research Reagents,Research Core Cobalt,Cobalt Blue OptiBuild,RB670 OptiBuild
46133,BLS,BDB,Research Reagents,Research Core Sirigen,Sirigen - Support (Flow Cytometry),Sirigen - Support (Flow Cytometry)
46136,BLS,BDB,Research Reagents,Research Core Cobalt,Cobalt YG OptiBuild,RY703 OptiBuild
46137,BLS,BDB,Research Reagents,Research Core Cobalt,Cobalt Blue OptiBuild,RB670 OptiBuild
46138,BLS,BDB,Research Reagents,Research Core Cobalt,Cobalt Blue OptiBuild,RB613 OptiBuild
46139,BLS,BDB,Research Reagents,Research Core Cobalt,Cobalt YG OptiBuild,RY775 OptiBuild
46140,BLS,BDB,Research Reagents,Research Core Cobalt,Cobalt Blue OptiBuild,RB670 OptiBuild
46141,BLS,BDB,Research Reagents,Research Core Cobalt,Cobalt Red MTS,RR688 MTS
46144,BLS,BDB,Research Reagents,Research Core Cobalt,Cobalt Red MTS,RR688 MTS
46145,BLS,BDB,Research Reagents,Research Core Cobalt,Cobalt YG OptiBuild,RY610 OptiBuild
46146,BLS,BDB,Research Reagents,Research Core Sirigen,Sirigen - OptiBuild,Sirigen - OptiBuild (Flow Cytometry)
46149,BLS,BDB,Research Reagents,Research Core Cobalt,Cobalt YG OptiBuild,RY703 OptiBuild
46150,BLS,BDB,Research Reagents,Research Core Cobalt,Cobalt YG OptiBuild,RY703 OptiBuild
46151,BLS,BDB,Research Reagents,Research Core Sirigen,Sirigen - OptiBuild,Sirigen - OptiBuild (Flow Cytometry)
46153,BLS,BDB,Research Reagents,Research Core Sirigen,Sirigen - OptiBuild,Sirigen - OptiBuild (Flow Cytometry)
46155,BLS,BDB,Research Reagents,Research Core Sirigen,Sirigen - OptiBuild,Sirigen - OptiBuild (Flow Cytometry)
46161,BLS,BDB,Research Reagents,Research Core Sirigen,Sirigen - OptiBuild,Sirigen - OptiBuild (Flow Cytometry)
46166,BLS,BDB,Research Reagents,Research Core Sirigen,Sirigen - OptiBuild,Sirigen - OptiBuild (Flow Cytometry)
46167,BDM,MDS,Vascular Access Technologies,Site-Rite,Site-Rite Accessories,Site Rite 8 Accessories
46170,BLS,BDB,Research Reagents,Research Core Sirigen,Sirigen - Immune Function (Flow Cytometry),Sirigen - Immune Function (Flow Cytometry)
46171,BLS,BDB,Research Reagents,Research Core Non-Sirigen,Non-Sirigen - OptiBuild,Non Sirigen - Optibuild (Flow Cytometry)
46172,BLS,BDB,Research Reagents,Research Core Cobalt,Cobalt YG OptiBuild,RY610 OptiBuild
46173,BLS,BDB,Research Reagents,Research Core Non-Sirigen,Non Sirigen - Immune Function (Flow Cytometry),Non Sirigen - Immune Function (Flow Cytometry)
46174,BLS,BDB,Research Reagents,Research Core Non-Sirigen,Non Sirigen - Immune Function (Flow Cytometry),Non Sirigen - Immune Function (Flow Cytometry)
46175,BLS,BDB,Research Reagents,Research Core Cobalt,Cobalt Blue OptiBuild,RB670 OptiBuild
46176,BLS,BDB,Research Reagents,Research Core Cobalt,Cobalt YG OptiBuild,RY610 OptiBuild
46177,BLS,DS,Lab Automation,Lab Automation,All Other Lab Automation Instruments,Other Instr- Sale
46178,BLS,BDB,Research Reagents,Research Core Cobalt,Cobalt YG OptiBuild,RY610 OptiBuild
46179,BDM,MDS,Vascular Access Technologies,Prevue,Prevue Accessories,Prevue II Accessories
46181,BLS,BDB,Research Reagents,Research Core Non-Sirigen,Non-Sirigen - OptiBuild,Non Sirigen - Optibuild (Flow Cytometry)
46183,BLS,BDB,Research Reagents,Research Core Sirigen,Sirigen - OptiBuild,Sirigen - OptiBuild (Flow Cytometry)
46187,BLS,BDB,Research Reagents,Research Core Non-Sirigen,Non Sirigen - Immune Function (Flow Cytometry),Non Sirigen - Immune Function (Flow Cytometry)
46188,BLS,BDB,Research Reagents,Research Core Sirigen,Sirigen - OptiBuild,Sirigen - OptiBuild (Flow Cytometry)
46190,BLS,BDB,Research Reagents,Research Core Cobalt,Cobalt Blue OptiBuild,RB670 OptiBuild
46192,BLS,BDB,Research Reagents,Research Core Cobalt,Cobalt YG MTS,RY655 MTS
46193,BLS,BDB,Research Reagents,Research Core Cobalt,Cobalt Blue OptiBuild,RB613 OptiBuild
46196,BLS,BDB,Research Reagents,Research Core Cobalt,Cobalt YG MTS,RY775 MTS
46198,BLS,BDB,Research Reagents,Research Core Cobalt,Cobalt Blue OptiBuild,RB670 OptiBuild
46199,BLS,BDB,Research Reagents,Research Core Sirigen,Sirigen - Immune Function (Flow Cytometry),Sirigen - Immune Function (Flow Cytometry)
46200,BLS,BDB,Research Reagents,Research Core Cobalt,Cobalt Blue OptiBuild,RB670 OptiBuild
46201,BLS,BDB,Research Reagents,Research Core Cobalt,Cobalt Blue OptiBuild,RB613 OptiBuild
46207,BLS,BDB,Research Reagents,Research Core Sirigen,Sirigen - Immune Function (Flow Cytometry),Sirigen - Immune Function (Flow Cytometry)
46209,BLS,BDB,Research Reagents,Research Core Cobalt,Cobalt YG MTS,RY655 MTS
46210,BLS,BDB,Research Reagents,Research Core Cobalt,Cobalt Blue MTS,RB744 MTS
46211,BLS,BDB,Research Reagents,Research Core Sirigen,Sirigen - Immune Function (Flow Cytometry),Sirigen - Immune Function (Flow Cytometry)
46212,BLS,BDB,Research Reagents,Research Core Cobalt,Cobalt YG OptiBuild,RY586 OptiBuild
46215,BLS,BDB,Research Reagents,Research Core Cobalt,Cobalt Blue MTS,RB613 MTS
46216,BLS,BDB,Research Reagents,Research Core Non-Sirigen,Non Sirigen - Immune Function (Flow Cytometry),Non Sirigen - Immune Function (Flow Cytometry)
46217,BLS,BDB,Research Reagents,Research Core Cobalt,Cobalt Blue OptiBuild,RB705 OptiBuild
46218,BLS,BDB,Research Reagents,Research Core Cobalt,Cobalt Blue OptiBuild,RB780 OptiBuild
46219,BLS,BDB,Research Reagents,Research Core Sirigen,Sirigen - Immune Function (Flow Cytometry),Sirigen - Immune Function (Flow Cytometry)
46220,BLS,BDB,Research Reagents,Research Core Cobalt,Cobalt Blue OptiBuild,RB613 OptiBuild
46222,BLS,BDB,Research Reagents,Research Core Sirigen,Sirigen - OptiBuild,Sirigen - OptiBuild (Flow Cytometry)
46224,BLS,BDB,Research Reagents,Research Core Non-Sirigen,Non Sirigen - Cell Signal Cancer (Flow Cytometry),Non Sirigen - Cell Signal Cancer (Flow Cytometry)
46226,BLS,BDB,Research Reagents,Research Core Cobalt,Cobalt Blue OptiBuild,RB613 OptiBuild
46228,BLS,BDB,Research Reagents,Research Core Sirigen,Sirigen - OptiBuild,Sirigen - OptiBuild (Flow Cytometry)
46230,BLS,BDB,Research Reagents,Research Core Non-Sirigen,Non Sirigen - Immune Function (Flow Cytometry),Non Sirigen - Immune Function (Flow Cytometry)
46234,BLS,BDB,Research Reagents,Research Core Cobalt,Cobalt Blue OptiBuild,RB744 OptiBuild
46237,BLS,BDB,Research Reagents,Research Core Cobalt,Cobalt Blue OptiBuild,RB613 OptiBuild
46238,BLS,BDB,Research Reagents,Research Core Cobalt,Cobalt YG MTS,RY703 MTS
46239,BDI,PI,Oncology,Ports,Ports,Non-Power Ports
46240,BLS,BDB,Research Reagents,Research Core Non-Sirigen,Non Sirigen - Immune Function (Flow Cytometry),Non Sirigen - Immune Function (Flow Cytometry)
46241,BLS,BDB,Research Reagents,Research Core Non-Sirigen,Non Sirigen - Immune Function (Flow Cytometry),Non Sirigen - Immune Function (Flow Cytometry)
46242,BLS,BDB,Research Reagents,Research Core Non-Sirigen,Non Sirigen - Immune Function (Flow Cytometry),Non Sirigen - Immune Function (Flow Cytometry)
46243,BLS,BDB,Research Reagents,Research Core Sirigen,Sirigen - OptiBuild,Sirigen - OptiBuild (Flow Cytometry)
46244,BLS,BDB,Research Reagents,Research Core Cobalt,Cobalt Blue OptiBuild,RB670 OptiBuild
46245,BLS,BDB,Research Reagents,Research Core Cobalt,Cobalt YG OptiBuild,RY610 OptiBuild
46246,BLS,BDB,Research Reagents,Research Core Sirigen,Sirigen - OptiBuild,Sirigen - OptiBuild (Flow Cytometry)
46248,BLS,BDB,Research Reagents,Research Core Non-Sirigen,Non Sirigen - Immune Function (Flow Cytometry),Non Sirigen - Immune Function (Flow Cytometry)
46252,BLS,BDB,Research Reagents,Research Core Non-Sirigen,Non Sirigen - Immune Function (Flow Cytometry),Non Sirigen - Immune Function (Flow Cytometry)
46254,BLS,BDB,Research Reagents,Research Core Sirigen,Sirigen - OptiBuild,Sirigen - OptiBuild (Flow Cytometry)
46255,BLS,BDB,Research Reagents,Research Core Sirigen,Sirigen - OptiBuild,Sirigen - OptiBuild (Flow Cytometry)
46256,BLS,BDB,Research Reagents,Research Core Sirigen,Sirigen - OptiBuild,Sirigen - OptiBuild (Flow Cytometry)
46257,BLS,BDB,Research Reagents,Research Core Sirigen,Sirigen - OptiBuild,Sirigen - OptiBuild (Flow Cytometry)
46258,BLS,BDB,Research Reagents,Research Core Non-Sirigen,Non Sirigen - Immune Function (Flow Cytometry),Non Sirigen - Immune Function (Flow Cytometry)
46262,BLS,BDB,Research Reagents,Research Core Non-Sirigen,Non Sirigen - Immune Function (Flow Cytometry),Non Sirigen - Immune Function (Flow Cytometry)
46265,BLS,BDB,Research Reagents,Research Core Sirigen,Sirigen - OptiBuild,Sirigen - OptiBuild (Flow Cytometry)
46268,BLS,BDB,Research Reagents,Research Core Cobalt,Cobalt Blue OptiBuild,RB705 OptiBuild
46271,BLS,BDB,Research Reagents,Research Core Cobalt,Cobalt Blue OptiBuild,RB613 OptiBuild
46272,BLS,BDB,Research Reagents,Research Core Non-Sirigen,Non-Sirigen - OptiBuild,Non Sirigen - Optibuild (Flow Cytometry)
46275,BLS,BDB,Research Reagents,Research Core Cobalt,Cobalt YG MTS,RY610 MTS
46276,BLS,BDB,Research Reagents,Research Core Non-Sirigen,Non Sirigen - Immune Function (Flow Cytometry),Non Sirigen - Immune Function (Flow Cytometry)
46281,BLS,BDB,Research Reagents,Research Core Cobalt,Cobalt YG MTS,RY655 MTS
46282,BLS,BDB,Research Reagents,Research Core Non-Sirigen,Non Sirigen - Immune Function (Flow Cytometry),Non Sirigen - Immune Function (Flow Cytometry)
46283,BLS,BDB,Research Reagents,Research Core Cobalt,Cobalt Blue OptiBuild,RB613 OptiBuild
46287,BLS,BDB,Research Reagents,Research Core Non-Sirigen,Non Sirigen - Immune Function (Flow Cytometry),Non Sirigen - Immune Function (Flow Cytometry)
46289,BLS,BDB,Research Reagents,Research Core Sirigen,Sirigen - OptiBuild,Sirigen - OptiBuild (Flow Cytometry)
46292,BLS,BDB,Research Reagents,Research Core Non-Sirigen,Non Sirigen - Immune Function (Flow Cytometry),Non Sirigen - Immune Function (Flow Cytometry)
46295,BLS,BDB,Research Reagents,Research Core Sirigen,Sirigen - Immune Function (Flow Cytometry),Sirigen - Immune Function (Flow Cytometry)
46299,BLS,BDB,Research Reagents,Research Core Sirigen,Sirigen - Immune Function (Flow Cytometry),Sirigen - Immune Function (Flow Cytometry)
46300,BLS,BDB,Research Reagents,Research Core Cobalt,Cobalt Blue OptiBuild,RB670 OptiBuild
46302,BLS,BDB,Research Reagents,Research Core Non-Sirigen,Non Sirigen - Immune Function (Flow Cytometry),Non Sirigen - Immune Function (Flow Cytometry)
46307,BLS,BDB,Research Reagents,Research Core Sirigen,Sirigen - OptiBuild,Sirigen - OptiBuild (Flow Cytometry)
46308,BLS,BDB,Research Reagents,Research Core Cobalt,Cobalt Blue OptiBuild,RB545 OptiBuild
46309,BDI,PI,Peripheral Vascular Disease,PTA PVD,Ultraverse,Ultraverse RX
46312,BLS,BDB,Research Reagents,Research Core Cobalt,Cobalt YG MTS,RY775 MTS
46314,BLS,BDB,Research Reagents,Research Core Cobalt,Cobalt Blue OptiBuild,RB670 OptiBuild
46315,BLS,BDB,Research Reagents,Research Core Cobalt,Cobalt Blue OptiBuild,RB613 OptiBuild
46316,BLS,BDB,Research Reagents,Research Core Cobalt,Cobalt YG MTS,RY586 MTS
46318,BLS,BDB,Research Reagents,Research Core Cobalt,Cobalt Blue OptiBuild,RB670 OptiBuild
46321,BLS,BDB,Research Reagents,Research Core Cobalt,Cobalt YG OptiBuild,RY610 OptiBuild
46323,BLS,BDB,Research Reagents,Research Core Sirigen,Sirigen - Immune Function (Flow Cytometry),Sirigen - Immune Function (Flow Cytometry)
46326,BLS,BDB,Research Reagents,Research Core Cobalt,Cobalt YG OptiBuild,RY610 OptiBuild
46328,BLS,BDB,Research Reagents,Research Core Sirigen,Sirigen - OptiBuild,Sirigen - OptiBuild (Flow Cytometry)
46329,BLS,BDB,Research Reagents,Research Core Cobalt,Cobalt Blue MTS,RB613 MTS
46330,BLS,BDB,Research Reagents,Research Core Non-Sirigen,Non Sirigen - Immune Function (Flow Cytometry),Non Sirigen - Immune Function (Flow Cytometry)
46331,BLS,BDB,Research Reagents,Research Core Sirigen,Sirigen - Immune Function (Flow Cytometry),Sirigen - Immune Function (Flow Cytometry)
46332,BLS,BDB,Research Reagents,Research Core Sirigen,Sirigen - Immune Function (Flow Cytometry),Sirigen - Immune Function (Flow Cytometry)
46333,BLS,BDB,Research Reagents,Research Core Cobalt,Cobalt Blue OptiBuild,RB670 OptiBuild
46337,BLS,DS,Microbiology,Microbiology - PC Adjustment,Microbiology - PC Adjustment,Microbiology - PC Adjustment
46338,BLS,BDB,Research Reagents,Research Core Sirigen,Sirigen - Immune Function (Flow Cytometry),Sirigen - Immune Function (Flow Cytometry)
46342,BLS,BDB,Research Reagents,Research Core Cobalt,Cobalt YG MTS,RY586 MTS
46343,BLS,BDB,Research Reagents,Research Core Cobalt,Cobalt YG MTS,RY703 MTS
46344,BLS,BDB,Research Reagents,Research Core Cobalt,Cobalt YG MTS,RY703 MTS
46346,BLS,BDB,Research Reagents,Research Core Cobalt,Cobalt Blue OptiBuild,RB613 OptiBuild
46347,BLS,BDB,Research Reagents,Research Core Cobalt,Cobalt YG OptiBuild,RY775 OptiBuild
46348,BLS,BDB,Research Reagents,Research Core Cobalt,Cobalt YG OptiBuild,RY586 OptiBuild
46349,BDI,PI,End Stage Kidney Disease,PTA ESKD,Conquest 40 PTA,Conquest 40 PTA
46351,BLS,BDB,Research Reagents,Research Core Non-Sirigen,Non Sirigen - Immune Function (Flow Cytometry),Non Sirigen - Immune Function (Flow Cytometry)
46352,BLS,BDB,Research Reagents,Research Core Non-Sirigen,Non Sirigen - Immune Function (Flow Cytometry),Non Sirigen - Immune Function (Flow Cytometry)
46356,BLS,BDB,Research Reagents,Research Core Non-Sirigen,Non Sirigen - Immune Function (Flow Cytometry),Non Sirigen - Immune Function (Flow Cytometry)
46359,BLS,BDB,Research Reagents,Research Core Non-Sirigen,Non Sirigen - Immune Function (Flow Cytometry),Non Sirigen - Immune Function (Flow Cytometry)
46360,BLS,BDB,Research Reagents,Research Core Cobalt,Cobalt YG MTS,RY775 MTS
46362,BLS,BDB,Research Reagents,Research Core Cobalt,Cobalt Blue OptiBuild,RB705 OptiBuild
46363,BLS,BDB,Research Reagents,Research Core Cobalt,Cobalt Blue OptiBuild,RB780 OptiBuild
46364,BLS,BDB,Research Reagents,Research Core Cobalt,Cobalt Blue OptiBuild,RB780 OptiBuild
46368,BLS,BDB,Research Reagents,Research Core Sirigen,Sirigen - OptiBuild,Sirigen - OptiBuild (Flow Cytometry)
46373,BLS,BDB,Research Reagents,Research Core Cobalt,Cobalt YG OptiBuild,RY586 OptiBuild
46375,BLS,BDB,Research Reagents,Research Core Sirigen,Sirigen - Immune Function (Flow Cytometry),Sirigen - Immune Function (Flow Cytometry)
46376,BLS,BDB,Research Reagents,Research Core Cobalt,Cobalt Blue MTS,RB613 MTS
46379,BLS,BDB,Research Reagents,Research Core Cobalt,Cobalt YG MTS,RY610 MTS
46383,BLS,BDB,Research Reagents,Research Core Cobalt,Cobalt YG MTS,RY610 MTS
46384,BLS,BDB,Research Reagents,Research Core Sirigen,Sirigen - OptiBuild,Sirigen - OptiBuild (Flow Cytometry)
46385,BLS,BDB,Research Reagents,Research Core Sirigen,Sirigen - OptiBuild,Sirigen - OptiBuild (Flow Cytometry)
46386,BLS,BDB,Research Reagents,Research Core Cobalt,Cobalt Blue MTS,RB705 MTS
46387,BLS,BDB,Research Reagents,Research Core Cobalt,Cobalt YG OptiBuild,RY610 OptiBuild
46391,BLS,BDB,Research Reagents,Research Core Non-Sirigen,Non Sirigen - Immune Function (Flow Cytometry),Non Sirigen - Immune Function (Flow Cytometry)
46392,BLS,BDB,Research Reagents,Research Core Sirigen,Sirigen - OptiBuild,Sirigen - OptiBuild (Flow Cytometry)
46393,BLS,BDB,Research Reagents,Research Core Cobalt,Cobalt YG MTS,RY703 MTS
46395,BLS,BDB,Research Reagents,Research Core Sirigen,Sirigen - Immune Function (Flow Cytometry),Sirigen - Immune Function (Flow Cytometry)
46396,BLS,BDB,Research Reagents,Research Core Cobalt,Cobalt YG OptiBuild,RY586 OptiBuild
46397,BLS,BDB,Research Reagents,Research Core Cobalt,Cobalt Blue OptiBuild,RB780 OptiBuild
46401,BLS,BDB,Research Reagents,Research Core Non-Sirigen,Non Sirigen - Immune Function (Flow Cytometry),Non Sirigen - Immune Function (Flow Cytometry)
46402,BLS,BDB,Research Reagents,Research Core Non-Sirigen,Non Sirigen - Immune Function (Flow Cytometry),Non Sirigen - Immune Function (Flow Cytometry)
46404,BLS,BDB,Research Reagents,Research Core Sirigen,Sirigen - Immune Function (Flow Cytometry),Sirigen - Immune Function (Flow Cytometry)
46407,BLS,BDB,Research Reagents,Research Core Cobalt,Cobalt Blue OptiBuild,RB780 OptiBuild
46408,BLS,BDB,Research Instruments,Other Instrument Revenue (Research),Other Instrument Revenue (Research),Other Instrument Revenue (Research)
46409,BLS,BDB,Research Reagents,Research Core Sirigen,Sirigen - OptiBuild,Sirigen - OptiBuild (Flow Cytometry)
46410,BLS,BDB,Research Reagents,Research Core Cobalt,Cobalt YG OptiBuild,RY610 OptiBuild
46412,BLS,BDB,Research Reagents,Research Core Sirigen,Sirigen - OptiBuild,Sirigen - OptiBuild (Flow Cytometry)
46413,BLS,BDB,Research Reagents,Research Core Cobalt,Cobalt YG OptiBuild,RY586 OptiBuild
46417,BLS,BDB,Research Reagents,Research Core Cobalt,Cobalt YG OptiBuild,RY610 OptiBuild
46420,BLS,BDB,Research Reagents,Research Core Non-Sirigen,Non Sirigen - Immune Function (Flow Cytometry),Non Sirigen - Immune Function (Flow Cytometry)
46423,BLS,BDB,Research Reagents,Research Core Sirigen,Sirigen - OptiBuild,Sirigen - OptiBuild (Flow Cytometry)
46425,BLS,BDB,Research Reagents,Research Core Cobalt,Cobalt Blue MTS,RB744 MTS
46427,BLS,BDB,Research Instruments,Other Instrument Revenue (Research),Other Instrument Revenue (Research),Other Instrument Revenue (Research)
46429,BLS,BDB,Research Reagents,Research Core Non-Sirigen,Non Sirigen - Immune Function (Flow Cytometry),Non Sirigen - Immune Function (Flow Cytometry)
46431,BLS,BDB,Research Reagents,Research Core Cobalt,Cobalt YG OptiBuild,RY586 OptiBuild
46433,BLS,BDB,Research Reagents,Research Core Non-Sirigen,Non Sirigen - Immune Function (Flow Cytometry),Non Sirigen - Immune Function (Flow Cytometry)
46434,BLS,BDB,Research Reagents,Research Core Cobalt,Cobalt YG OptiBuild,RY586 OptiBuild
46436,BLS,BDB,Research Reagents,Research Core Cobalt,Cobalt YG OptiBuild,RY610 OptiBuild
46437,BLS,BDB,Research Reagents,Research Core Cobalt,Cobalt YG OptiBuild,RY610 OptiBuild
46439,BDI,PI,Peripheral Vascular Disease,Heart,Clearsteam PTCA,PTCA Clearstream Balloons
46442,BLS,BDB,Research Reagents,Research Core Non-Sirigen,Non Sirigen - Immune Function (Flow Cytometry),Non Sirigen - Immune Function (Flow Cytometry)
46443,BLS,BDB,Research Reagents,Research Core Cobalt,Cobalt Blue OptiBuild,RB705 OptiBuild
46446,BLS,BDB,Research Reagents,Research Core Cobalt,Cobalt YG MTS,RY703 MTS
46449,BDI,PI,Peripheral Vascular Disease,Heart,Clearsteam PTCA,PTCA Clearstream Balloons
46450,BLS,BDB,Research Reagents,Research Core Non-Sirigen,Non Sirigen - Immune Function (Flow Cytometry),Non Sirigen - Immune Function (Flow Cytometry)
46451,BLS,DS,Microbiology,ID/AST,Misc ID and AST,ID/AST Other
46452,BLS,BDB,Research Reagents,Research Core Cobalt,Cobalt YG MTS,RY743 MTS
46454,BLS,BDB,Research Reagents,Research Core Cobalt,Cobalt YG MTS,RY743 MTS
46457,BLS,BDB,Research Reagents,Research Core Sirigen,Sirigen - OptiBuild,Sirigen - OptiBuild (Flow Cytometry)
46459,BLS,BDB,Research Reagents,Research Core Cobalt,Cobalt YG OptiBuild,RY586 OptiBuild
46460,BLS,BDB,Research Reagents,Research Core Cobalt,Cobalt Red MTS,RR688 MTS
46461,BLS,BDB,Research Reagents,Research Core Cobalt,Cobalt YG MTS,RY703 MTS
46464,BLS,BDB,Research Reagents,Research Core Cobalt,Cobalt Blue OptiBuild,RB744 OptiBuild
46467,BLS,BDB,Research Reagents,Research Core Non-Sirigen,Non Sirigen - Immune Function (Flow Cytometry),Non Sirigen - Immune Function (Flow Cytometry)
46469,BLS,BDB,Research Reagents,Research Core Sirigen,Sirigen - OptiBuild,Sirigen - OptiBuild (Flow Cytometry)
46470,BLS,BDB,Research Reagents,Research Core Cobalt,Cobalt Blue OptiBuild,RB705 OptiBuild
46473,BLS,BDB,Research Reagents,Research Core Non-Sirigen,Non Sirigen - Immune Function (Flow Cytometry),Non Sirigen - Immune Function (Flow Cytometry)
46475,BLS,BDB,Research Reagents,Research Core Cobalt,Cobalt Blue MTS,RB744 MTS
46476,BLS,BDB,Research Reagents,Research Core Cobalt,Cobalt YG OptiBuild,RY610 OptiBuild
46477,BLS,BDB,Research Reagents,Research Core Cobalt,Cobalt Red MTS,RR688 MTS
46478,BLS,DS,Microbiology,ID/AST,Sensi Disc,Sensi Disc Specials
46479,BLS,BDB,Research Reagents,Research Core Sirigen,Sirigen - OptiBuild,Sirigen - OptiBuild (Flow Cytometry)
46481,BLS,BDB,Research Reagents,Research Core Non-Sirigen,Non Sirigen - Immune Function (Flow Cytometry),Non Sirigen - Immune Function (Flow Cytometry)
46482,BLS,BDB,Research Reagents,Research Core Non-Sirigen,Non Sirigen - Immune Function (Flow Cytometry),Non Sirigen - Immune Function (Flow Cytometry)
46484,BLS,BDB,Research Reagents,Research Core Non-Sirigen,Non Sirigen - Immune Function (Flow Cytometry),Non Sirigen - Immune Function (Flow Cytometry)
46490,BLS,BDB,Single Cell Multiomics,SCM Reagents,BD AbSeq,AbSeq - MTS vials
46495,BLS,BDB,Single Cell Multiomics,SCM Reagents,BD AbSeq,AbSeq - MTS vials
46496,BLS,BDB,Research Reagents,Research Core Cobalt,Cobalt Blue OptiBuild,RB744 OptiBuild
46499,BLS,BDB,Research Reagents,Research Core Cobalt,Cobalt Blue OptiBuild,RB670 OptiBuild
46501,BLS,BDB,Research Reagents,Research Core Sirigen,Sirigen - Immune Function (Flow Cytometry),Sirigen - Immune Function (Flow Cytometry)
46505,BLS,BDB,Research Reagents,Research Core Cobalt,Cobalt YG OptiBuild,RY586 OptiBuild
46508,BLS,BDB,Research Reagents,Research Core Sirigen,Sirigen - OptiBuild,Sirigen - OptiBuild (Flow Cytometry)
46510,BLS,BDB,Research Reagents,Research Core Non-Sirigen,Non Sirigen - Immune Function (Flow Cytometry),Non Sirigen - Immune Function (Flow Cytometry)
46511,BLS,BDB,Research Reagents,Research Core Cobalt,Cobalt YG MTS,RY743 MTS
46512,BLS,BDB,Research Reagents,Research Core Cobalt,Cobalt Blue OptiBuild,RB780 OptiBuild
46513,BLS,BDB,Research Reagents,Research Core Cobalt,Cobalt Blue OptiBuild,RB613 OptiBuild
46514,BLS,BDB,Research Reagents,Research Core Non-Sirigen,Non Sirigen - Immune Function (Flow Cytometry),Non Sirigen - Immune Function (Flow Cytometry)
46515,BLS,BDB,Research Reagents,Research Core Non-Sirigen,Non Sirigen - Immune Function (Flow Cytometry),Non Sirigen - Immune Function (Flow Cytometry)
46516,BLS,DS,Microbiology,ID/AST,Misc ID and AST,Phoenix Accessories
46518,BLS,BDB,Research Reagents,Research Core Sirigen,Sirigen - OptiBuild,Sirigen - OptiBuild (Flow Cytometry)
46519,BLS,BDB,Research Reagents,Research Core Cobalt,Cobalt YG OptiBuild,RY586 OptiBuild
46522,BLS,BDB,Research Reagents,Research Core Cobalt,Cobalt Red MTS,RR688 MTS
46524,BDI,UCC,Total Home Care Sales,Urology Home Care,Home Care Non Bard,UK DAC Sales (Non Bard)
46526,BLS,BDB,Research Reagents,Research Core Cobalt,Cobalt YG OptiBuild,RY586 OptiBuild
46527,BLS,BDB,Research Reagents,Research Core Non-Sirigen,Non Sirigen - Immune Function (Flow Cytometry),Non Sirigen - Immune Function (Flow Cytometry)
46534,BLS,BDB,Research Reagents,Research Core Cobalt,Cobalt YG MTS,RY610 MTS
46540,BLS,BDB,Research Reagents,Research Core Non-Sirigen,Non Sirigen - Immune Function (Flow Cytometry),Non Sirigen - Immune Function (Flow Cytometry)
46542,BLS,BDB,Research Reagents,Research Core Cobalt,Cobalt YG OptiBuild,RY586 OptiBuild
46544,BLS,BDB,Research Reagents,Research Core Cobalt,Cobalt YG OptiBuild,RY586 OptiBuild
46548,BLS,BDB,Research Reagents,Research Core Cobalt,Cobalt Blue OptiBuild,RB670 OptiBuild
46549,BLS,BDB,Research Reagents,Research Core Non-Sirigen,Non Sirigen - Immune Function (Flow Cytometry),Non Sirigen - Immune Function (Flow Cytometry)
46550,BLS,BDB,Research Reagents,Research Core Cobalt,Cobalt YG OptiBuild,RY586 OptiBuild
46551,BLS,BDB,Research Reagents,Research Core Cobalt,Cobalt YG MTS,RY775 MTS
46552,BLS,BDB,Research Reagents,Research Core Non-Sirigen,Non Sirigen - Immune Function (Flow Cytometry),Non Sirigen - Immune Function (Flow Cytometry)
46553,BLS,BDB,Research Reagents,Research Core Cobalt,Cobalt YG OptiBuild,RY610 OptiBuild
46561,BLS,BDB,Research Reagents,Research Core Non-Sirigen,Non Sirigen - Immune Function (Flow Cytometry),Non Sirigen - Immune Function (Flow Cytometry)
46562,BLS,BDB,Research Reagents,Research Core Cobalt,Cobalt Blue OptiBuild,RB705 OptiBuild
46564,BLS,BDB,Research Reagents,Research Core Cobalt,Cobalt Blue OptiBuild,RB780 OptiBuild
46565,BLS,BDB,Research Reagents,Research Core Cobalt,Cobalt YG MTS,RY586 MTS
46566,BLS,BDB,Research Reagents,Research Core Cobalt,Cobalt YG OptiBuild,RY703 OptiBuild
46568,BLS,BDB,Research Reagents,Research Core Cobalt,Cobalt YG OptiBuild,RY610 OptiBuild
46569,BLS,BDB,Research Reagents,Research Core Cobalt,Cobalt Blue OptiBuild,RB705 OptiBuild
46570,BLS,BDB,Research Reagents,Research Core Cobalt,Cobalt Blue OptiBuild,RB705 OptiBuild
46571,BLS,BDB,Research Reagents,Research Core Cobalt,Cobalt YG OptiBuild,RY586 OptiBuild
46574,BLS,BDB,Research Reagents,Research Core Non-Sirigen,Non Sirigen - Immune Function (Flow Cytometry),Non Sirigen - Immune Function (Flow Cytometry)
46577,BDI,PI,BD PI Other,OEM,Textiles OEM,Textiles OEM
46578,BLS,BDB,Research Reagents,Research Core Cobalt,Cobalt Blue OptiBuild,RB705 OptiBuild
46581,BLS,BDB,Research Reagents,Research Core Cobalt,Cobalt YG OptiBuild,RY610 OptiBuild
46584,BLS,BDB,Research Reagents,Research Core Non-Sirigen,Non Sirigen - Immune Function (Flow Cytometry),Non Sirigen - Immune Function (Flow Cytometry)
46586,BLS,BDB,Research Reagents,Research Core Cobalt,Cobalt YG OptiBuild,RY586 OptiBuild
46587,BLS,BDB,Research Reagents,Research Core Cobalt,Cobalt YG OptiBuild,RY586 OptiBuild
46588,BLS,BDB,Research Reagents,Research Core Cobalt,Cobalt YG OptiBuild,RY586 OptiBuild
46589,BLS,BDB,Research Reagents,Research Core Cobalt,Cobalt YG OptiBuild,RY586 OptiBuild
46590,BLS,BDB,Research Reagents,Research Core Cobalt,Cobalt YG OptiBuild,RY586 OptiBuild
46591,BLS,BDB,Research Reagents,Research Core Sirigen,Sirigen - OptiBuild,Sirigen - OptiBuild (Flow Cytometry)
46592,BLS,BDB,Research Reagents,Research Core Sirigen,Sirigen - OptiBuild,Sirigen - OptiBuild (Flow Cytometry)
46593,BLS,BDB,Research Reagents,Research Core Sirigen,Sirigen - OptiBuild,Sirigen - OptiBuild (Flow Cytometry)
46594,BLS,BDB,Research Reagents,Research Core Non-Sirigen,Non Sirigen - Immune Function (Flow Cytometry),Non Sirigen - Immune Function (Flow Cytometry)
46595,BLS,BDB,Research Reagents,Research Core Sirigen,Sirigen - OptiBuild,Sirigen - OptiBuild (Flow Cytometry)
46596,BLS,BDB,Research Reagents,Research Core Cobalt,Cobalt YG OptiBuild,RY775 OptiBuild
46597,BLS,BDB,Research Reagents,Research Core Cobalt,Cobalt Blue OptiBuild,RB670 OptiBuild
46598,BLS,BDB,Research Reagents,Research Core Cobalt,Cobalt Blue MTS,RB613 MTS
46599,BLS,BDB,Research Reagents,Research Core Sirigen,Sirigen - OptiBuild,Sirigen - OptiBuild (Flow Cytometry)
46600,BLS,BDB,Research Reagents,Research Core Cobalt,Cobalt YG OptiBuild,RY586 OptiBuild
46602,BLS,BDB,Research Reagents,Research Core Cobalt,Cobalt Blue OptiBuild,RB705 OptiBuild
46604,BLS,BDB,Research Reagents,Research Core Cobalt,Cobalt Blue OptiBuild,RB705 OptiBuild
46605,BLS,BDB,Research Reagents,Research Core Sirigen,Sirigen - OptiBuild,Sirigen - OptiBuild (Flow Cytometry)
46607,BLS,BDB,Research Instruments,Other Instrument Revenue (Research),Other Instrument Revenue (Research),Other Instrument Revenue (Research)
46608,BLS,BDB,Research Reagents,Research Core Cobalt,Cobalt YG OptiBuild,RY586 OptiBuild
46610,BLS,BDB,Research Reagents,Research Core Cobalt,Cobalt YG OptiBuild,RY586 OptiBuild
46611,BLS,BDB,Research Reagents,Research Core Cobalt,Cobalt YG OptiBuild,RY586 OptiBuild
46615,BLS,BDB,Research Reagents,Research Core Cobalt,Cobalt Blue OptiBuild,RB705 OptiBuild
46617,BLS,BDB,Research Reagents,Research Core Cobalt,Cobalt Blue OptiBuild,RB613 OptiBuild
46618,BLS,BDB,Research Instruments,Other Instrument Revenue (Research),Other Instrument Revenue (Research),Other Instrument Revenue (Research)
46619,BLS,BDB,Research Reagents,Research Core Cobalt,Cobalt YG MTS,RY655 MTS
46623,BLS,BDB,Research Reagents,Research Core Non-Sirigen,Non-Sirigen - OptiBuild,Non Sirigen - Optibuild (Flow Cytometry)
46625,BLS,BDB,Research Reagents,Research Core Cobalt,Cobalt YG OptiBuild,RY586 OptiBuild
46626,BLS,BDB,Research Reagents,Research Core Cobalt,Cobalt YG OptiBuild,RY586 OptiBuild
46628,BLS,BDB,Research Reagents,Research Core Non-Sirigen,Non Sirigen - Immune Function (Flow Cytometry),Non Sirigen - Immune Function (Flow Cytometry)
46630,BDI,UCC,Total Home Care Sales,Urology Home Care,Home Care Non Bard,UK DAC Sales (Non Bard)
46632,BLS,BDB,Research Reagents,Research Core Cobalt,Cobalt YG MTS,RY586 MTS
46633,BLS,BDB,Research Reagents,Research Core Cobalt,Cobalt YG OptiBuild,RY586 OptiBuild
46635,BLS,BDB,Research Reagents,Research Core Cobalt,Cobalt Red MTS,RR688 MTS
46638,BLS,BDB,Research Reagents,Research Core Cobalt,Cobalt YG MTS,RY703 MTS
46639,BLS,BDB,Research Reagents,Research Core Cobalt,Cobalt YG OptiBuild,RY610 OptiBuild
46641,BDI,UCC,Total Home Care Sales,Urology Home Care,Home Care Non Bard,UK DAC Sales (Non Bard)
46645,BLS,BDB,Research Reagents,Research Core Cobalt,Cobalt YG MTS,RY586 MTS
46646,BLS,BDB,Research Reagents,Research Core Cobalt,Cobalt YG OptiBuild,RY775 OptiBuild
46649,BLS,BDB,Research Reagents,Research Core Non-Sirigen,Non Sirigen - Immune Function (Flow Cytometry),Non Sirigen - Immune Function (Flow Cytometry)
46650,BLS,BDB,Research Reagents,Research Core Cobalt,Cobalt Blue OptiBuild,RB780 OptiBuild
46654,BLS,BDB,Research Reagents,Research Core Cobalt,Cobalt YG OptiBuild,RY586 OptiBuild
46655,BLS,BDB,Research Reagents,Research Core Cobalt,Cobalt Blue OptiBuild,RB705 OptiBuild
46657,BLS,BDB,Research Reagents,Research Core Cobalt,Cobalt YG OptiBuild,RY586 OptiBuild
46658,BLS,BDB,Research Reagents,Research Core Cobalt,Cobalt Blue MTS,RB545 MTS
46659,BLS,BDB,Research Reagents,Research Core Cobalt,Cobalt Red MTS,RR688 MTS
46660,BLS,BDB,Research Reagents,Research Core Sirigen,Sirigen - OptiBuild,Sirigen - OptiBuild (Flow Cytometry)
46664,BLS,BDB,Research Reagents,Research Core Cobalt,Cobalt Blue OptiBuild,RB705 OptiBuild
46665,BLS,BDB,Research Reagents,Research Core Sirigen,Sirigen - OptiBuild,Sirigen - OptiBuild (Flow Cytometry)
46668,BLS,BDB,Research Reagents,Research Core Sirigen,Sirigen - OptiBuild,Sirigen - OptiBuild (Flow Cytometry)
46669,BLS,BDB,Research Reagents,Research Core Sirigen,Sirigen - OptiBuild,Sirigen - OptiBuild (Flow Cytometry)
46670,BLS,BDB,Research Reagents,Research Core Cobalt,Cobalt Blue OptiBuild,RB705 OptiBuild
46673,BLS,BDB,Research Reagents,Research Core Cobalt,Cobalt YG OptiBuild,RY586 OptiBuild
46674,BLS,BDB,Research Reagents,Research Core Cobalt,Cobalt YG OptiBuild,RY586 OptiBuild
46678,BLS,BDB,Research Reagents,Research Core Cobalt,Cobalt YG OptiBuild,RY775 OptiBuild
46679,BLS,BDB,Research Reagents,Research Core Cobalt,Cobalt Blue OptiBuild,RB670 OptiBuild
46681,BDI,UCC,Endourology,Stone Disposables,Stents,FMI Lubricious Stent
46682,BLS,BDB,Research Reagents,Research Core Cobalt,Cobalt Blue OptiBuild,RB545 OptiBuild
46683,BLS,BDB,Research Reagents,Research Core Cobalt,Cobalt YG OptiBuild,RY586 OptiBuild
46685,BLS,BDB,Research Reagents,Research Core Non-Sirigen,Non Sirigen - Immune Function (Flow Cytometry),Non Sirigen - Immune Function (Flow Cytometry)
46686,BLS,BDB,Research Reagents,Research Core Non-Sirigen,Non-Sirigen - OptiBuild,Non Sirigen - Optibuild (Flow Cytometry)
46687,BLS,BDB,Research Reagents,Research Core Cobalt,Cobalt YG OptiBuild,RY586 OptiBuild
46688,BLS,BDB,Research Reagents,Research Core Cobalt,Cobalt Blue OptiBuild,RB670 OptiBuild
46690,BDI,PI,Peripheral Vascular Disease,Heart,Clearsteam PTCA,PTCA Clearstream Balloons
46693,BLS,BDB,Research Reagents,Research Core Cobalt,Cobalt YG OptiBuild,RY775 OptiBuild
46694,BLS,BDB,Research Reagents,Research Core Cobalt,Cobalt YG OptiBuild,RY775 OptiBuild
46695,BLS,BDB,Research Reagents,Research Core Cobalt,Cobalt Blue OptiBuild,RB780 OptiBuild
46696,BLS,BDB,Research Reagents,Research Core Cobalt,Cobalt YG OptiBuild,RY586 OptiBuild
46697,BLS,BDB,Research Reagents,Research Core Cobalt,Cobalt YG MTS,RY610 MTS
46698,BLS,BDB,Research Reagents,Research Core Cobalt,Cobalt YG OptiBuild,RY610 OptiBuild
46700,BLS,BDB,Research Reagents,Research Core Cobalt,Cobalt YG OptiBuild,RY586 OptiBuild
46702,BLS,BDB,Research Reagents,Research Core Cobalt,Cobalt YG OptiBuild,RY775 OptiBuild
46703,BDM,MMS,BD Nexus,Service,BD Nexus Service Parts,Spares Parts
46704,BLS,BDB,Research Reagents,Research Core Cobalt,Cobalt YG OptiBuild,RY586 OptiBuild
46707,BDI,UCC,Total Home Care Sales,Urology Home Care,Home Care Non Bard,UK DAC Sales (Non Bard)
46708,BDM,MMS,Alaris Plus,Alaris Plus - PC Adjustment,Alaris Plus - PC Adjustment,Alaris Plus - PC Adjustment
46709,BLS,BDB,Research Reagents,Research Core Non-Sirigen,Non Sirigen - Immune Function (Flow Cytometry),Non Sirigen - Immune Function (Flow Cytometry)
46710,BLS,BDB,Research Reagents,Research Core Cobalt,Cobalt YG OptiBuild,RY586 OptiBuild
46718,BLS,BDB,Research Reagents,Research Core Cobalt,Cobalt YG OptiBuild,RY775 OptiBuild
46720,BLS,BDB,Research Reagents,Research Core Cobalt,Cobalt YG OptiBuild,RY775 OptiBuild
46721,BLS,BDB,Research Reagents,Research Core Cobalt,Cobalt YG OptiBuild,RY703 OptiBuild
46723,BLS,BDB,Research Reagents,Research Core Cobalt,Cobalt YG OptiBuild,RY586 OptiBuild
46725,BLS,BDB,Research Reagents,Research Non-Core,Non-Flow Cytometry - Assays,Non-Flow Cytometry - Assays
46727,BLS,BDB,Research Reagents,Research Core Cobalt,Cobalt YG OptiBuild,RY775 OptiBuild
46729,BDI,UCC,Total Home Care Sales,Urology Home Care,Home Care Non Bard,UK DAC Sales (Non Bard)
46730,BDI,UCC,Total Home Care Sales,Urology Home Care,Home Care Non Bard,UK DAC Sales (Non Bard)
46733,BLS,BDB,Research Reagents,Research Core Non-Sirigen,Non Sirigen - Immune Function (Flow Cytometry),Non Sirigen - Immune Function (Flow Cytometry)
46734,BLS,DS,Microbiology,ID/AST,BioTyper Reagents/Accessories,BioTyper Reagents/Accessories
46736,BDI,UCC,Endourology,Stone Disposables,Dilation Products,Straight Filform
46737,BDI,UCC,Total Home Care Sales,Urology Home Care,Home Care Non Bard,UK DAC Sales (Non Bard)
46741,BLS,BDB,Research Reagents,Research Non-Core,Non-Flow Cytometry - Assays,Non-Flow Cytometry - Assays
46744,BDI,PI,Oncology,Vacuum Assisted,Encor Capital,Encor Enspire Capital
46745,BDM,MDS,Vascular Access Technologies,Site-Rite,Site-Rite Accessories,Site Rite 9 Accessories
46749,BDI,SUR,Hernia,Groin Hernia,Groin Open,Preshapes
46750,BDM,MMS,BD Nexus,Service,BD Nexus Service Parts,Spares Parts
46751,BLS,BDB,Research Reagents,Research Core Sirigen,Sirigen - OptiBuild,Sirigen - OptiBuild (Flow Cytometry)
46755,BLS,BDB,Research Reagents,Research Core Non-Sirigen,Non Sirigen - Immune Function (Flow Cytometry),Non Sirigen - Immune Function (Flow Cytometry)
46756,BDI,UCC,Total Home Care Sales,Urology Home Care,Home Care Non Bard,UK DAC Sales (Non Bard)
46758,BDI,UCC,Total Home Care Sales,Urology Home Care,Home Care Non Bard,UK DAC Sales (Non Bard)
46760,BLS,DS,Lab Automation,Lab Automation,All Other Lab Automation Instruments,Other Instr- Sale
46761,BDI,PI,Oncology,Vacuum Assisted,Encor Capital,Encor Enspire Capital
46764,BLS,BDB,Research Reagents,Research Core Cobalt,Cobalt YG OptiBuild,RY586 OptiBuild
46765,BDM,MMS,BD Nexus,Service,BD Nexus Service Parts,Spares Docking Station
46767,BLS,DS,Cancer,Cytology,All Other Instruments,FEA- Accessories
46769,BDI,UCC,Total Home Care Sales,Urology Home Care,Home Care Non Bard,UK DAC Sales (Non Bard)
46770,BDM,MMS,BD Nexus,Service,BD Nexus Service Parts,Spares Parts
46771,BDM,MMS,BD Nexus,Service,BD Nexus Service Parts,Spares Parts
46773,BLS,BDB,Research Instruments,Other Instrument Revenue (Research),Other Instrument Revenue (Research),Other Instrument Revenue (Research)
46775,BDM,MMS,BD Nexus,Service,BD Nexus Service Parts,Spares Parts
46777,BDI,UCC,Total Home Care Sales,Urology Home Care,Home Care Non Bard,UK DAC Sales (Non Bard)
46778,BDI,UCC,Total Home Care Sales,Urology Home Care,Home Care Non Bard,UK DAC Sales (Non Bard)
46779,BDM,MMS,BD Nexus,Service,BD Nexus Service Parts,Spares Parts
46780,BDI,UCC,Total Home Care Sales,Urology Home Care,Home Care Non Bard,UK DAC Sales (Non Bard)
46781,BDI,UCC,Total Home Care Sales,Urology Home Care,Home Care Non Bard,UK DAC Sales (Non Bard)
46783,BDI,UCC,Total Home Care Sales,Urology Home Care,Home Care Non Bard,UK DAC Sales (Non Bard)
46785,BDI,UCC,Total Home Care Sales,Urology Home Care,Home Care Non Bard,UK DAC Sales (Non Bard)
46788,BDM,MMS,BD Nexus,Service,BD Nexus Service Parts,Spares Parts
46789,BDM,MMS,BD Nexus,Service,BD Nexus Service Parts,Spares Parts
46790,BDM,MMS,BD Nexus,Service,BD Nexus Service Parts,Spares Parts
46791,BDI,UCC,Total Home Care Sales,Urology Home Care,Home Care Non Bard,UK DAC Sales (Non Bard)
46792,BDI,UCC,Total Home Care Sales,Urology Home Care,Home Care Non Bard,UK DAC Sales (Non Bard)
46793,BDI,UCC,Total Home Care Sales,Urology Home Care,Home Care Non Bard,UK DAC Sales (Non Bard)
46794,BLS,BDB,Research Instruments,Other Instrument Revenue (Research),Other Instrument Revenue (Research),Other Instrument Revenue (Research)
46795,BDI,UCC,Total Home Care Sales,Urology Home Care,Home Care Non Bard,UK DAC Sales (Non Bard)
46796,BDM,MMS,BD Nexus,Service,BD Nexus Service Parts,Spares Parts
46797,BLS,DS,Microbiology,ID/AST,Misc ID and AST,Phoenix Accessories
46798,BDI,UCC,Total Home Care Sales,Urology Home Care,Home Care Non Bard,UK DAC Sales (Non Bard)
46802,BDM,MMS,BD Nexus,Service,BD Nexus Service Parts,Spares Parts
46804,BLS,BDB,Research Instruments,Other Instrument Revenue (Research),Other Instrument Revenue (Research),Other Instrument Revenue (Research)
46805,BDM,MMS,BD Nexus,Service,BD Nexus Service Parts,Spares Parts
46807,BDM,MMS,BD Nexus,Service,BD Nexus Service Parts,Spares Parts
46808,BLS,BDB,Research Instruments,Other Instrument Revenue (Research),Other Instrument Revenue (Research),Other Instrument Revenue (Research)
46810,BLS,BDB,Research Instruments,Other Instrument Revenue (Research),Other Instrument Revenue (Research),Other Instrument Revenue (Research)
46811,BDI,PI,Peripheral Vascular Disease,PAD Mechanical,Rotarex Capital,Rotarex Capital
46815,BLS,BDB,Research Reagents,Custom Research Reagents,Non Sirigen - CTT,Non Sirigen - CTT
46817,BDI,PI,Oncology,Vacuum Assisted,Encor Capital,Encor Enspire Capital
46819,BDI,PI,Oncology,Vacuum Assisted,Encor Capital,Encor Enspire Capital
46820,BDI,PI,Oncology,Vacuum Assisted,Encor Capital,Encor Enspire Capital
46827,BDI,PI,Oncology,Brachy,Brachy Accessories,Packaging
46829,BDI,PI,Oncology,Brachy,Brachy Equipment,Brachytherapy Equipment
46830,BDI,PI,Oncology,Brachy,Brachy Equipment,QuickLink
46833,BDI,SUR,Hernia,Ventral,Umbilical Ventral,Ventralex
46834,BDI,SUR,Hernia,Groin Hernia,Groin Open,Preshapes
46835,BDI,SUR,Hernia,Groin Hernia,Groin Open,Soft Mesh
46836,BDI,UCC,Targeted Temperature Management,Arctic Sun,Arctic Sun-Hardware,Arctic Sun-Hardware
46837,BDI,UCC,Total Acute Urology,Urological Drainage,BladderScan,Bladderscan
46840,BLS,DS,Microbiology,Microbiology - PC Adjustment,Microbiology - PC Adjustment,Microbiology - PC Adjustment
46841,BLS,DS,Microbiology,Microbiology - PC Adjustment,Microbiology - PC Adjustment,Microbiology - PC Adjustment
46844,BLS,DS,Lab Automation,Lab Automation - PC Adjustment,Lab Automation - PC Adjustment,Lab Automation - PC Adjustment
46845,BLS,SM,Specimen Management Other,Specimen Management Other - PC Adjustment,Specimen Management Other - PC Adjustment,Specimen Management Other - PC Adjustment
46847,BDM,MDS,Vascular Access Technologies,Site-Rite,Site-Rite Accessories,Site Rite 8 Accessories
46855,BDM,MMS,Alaris Plus,POC Systems,Alaris Plus Docking Station,AGW WIFI-03
46858,BDM,MMS,CME,POC Systems,CME BODYGUARD C VISION,Drug Infusion
46859,BDM,MMS,BD Nexus,Service,BD Nexus Service Parts,Directions for Use (DFU)
46860,BLS,BDB,Clinical Instruments,FACSCalibur,FACSCalibur Options,FACSCalibur Options
46862,BLS,BDB,Clinical Instruments,FACSCanto,FACSCanto Options,FACSCanto HTS
46863,BLS,BDB,Clinical Instruments,FACSCanto,FACSCanto Options,FACSCanto Options
46864,BLS,BDB,Clinical Instruments,FACSCanto,FACSCanto Options,FACSCanto Options
46865,BLS,BDB,Clinical Instruments,FACSLyric,FACSLyric Options,FACSLyric Options
46868,BLS,BDB,Clinical Reagents,Cancer Reagents,Cancer,CAN Single Color
46874,BLS,BDB,Clinical Reagents,Custom Clinical Reagents,Custom - CTT CM,CTT CM
46875,BLS,BDB,Clinical Reagents,Custom Clinical Reagents,Custom - CTT CM,CTT CM
46876,BLS,BDB,Clinical Reagents,Custom Clinical Reagents,Custom - CTT CM,CTT CM
46877,BLS,BDB,Clinical Reagents,Custom Clinical Reagents,Custom - CTT CM,CTT CM
46878,BLS,BDB,Clinical Reagents,Custom Clinical Reagents,Custom - CTT CM,CTT CM
46879,BLS,BDB,Clinical Reagents,Custom Clinical Reagents,Custom - CTT CM,CTT CM
46880,BLS,BDB,Clinical Reagents,Custom Clinical Reagents,Custom - CTT CM,CTT CM
46881,BLS,BDB,Clinical Reagents,Custom Clinical Reagents,Custom - CTT CM,CTT CM
46882,BLS,BDB,Clinical Reagents,Custom Clinical Reagents,Custom - CTT CM,CTT CM
46883,BLS,BDB,Clinical Reagents,Custom Clinical Reagents,Custom - CTT CM,CTT CM
46884,BLS,BDB,Clinical Reagents,Custom Clinical Reagents,Custom - CTT CM,CTT CM
46885,BLS,BDB,Clinical Reagents,Custom Clinical Reagents,Custom - CTT CM,CTT CM
46886,BLS,BDB,Clinical Reagents,Custom Clinical Reagents,Custom - CTT CM,CTT CM
46887,BLS,BDB,Clinical Reagents,Custom Clinical Reagents,Custom - CTT CM,CTT CM
46893,BLS,BDB,Research Instruments,FACSAria,FACSAria Fusion Instrument,FACSAria Fusion Instrument
46894,BLS,BDB,Research Instruments,FACSAria,FACSAria Fusion Instrument,FACSAria Fusion Instrument
46895,BLS,BDB,Research Instruments,FACSAria,FACSAria Options,FACSAria Options
46896,BLS,BDB,Research Instruments,FACSAria,FACSAria Options,FACSAria Options
46897,BLS,BDB,Research Instruments,FACSAria,FACSAria Options,FACSAria Options
46898,BLS,BDB,Research Instruments,FACSAria,FACSAria Options,FACSAria Options
46899,BLS,BDB,Research Instruments,FACSAria,FACSAria Options,FACSAria Options
46900,BLS,BDB,Research Instruments,FACSAria,FACSAria Options,FACSAria Options
46901,BLS,BDB,Research Instruments,FACSAria,FACSAria Options,FACSAria Options
46902,BLS,BDB,Research Instruments,FACSAria,FACSAria Options,FACSAria Options
46903,BLS,BDB,Research Instruments,FACSAria,FACSAria Options,FACSAria Options
46904,BLS,BDB,Research Instruments,FACSAria,FACSAria Options,FACSAria Options
46905,BLS,BDB,Research Instruments,FACSAria,FACSAria Fusion Instrument RR,FACSAria Fusion Instrument RR
46906,BLS,BDB,Research Instruments,FACSCelesta,FACSCelesta Options,FACSCelesta Options
46907,BLS,BDB,Research Instruments,FACSymphony Analyzers,FACSymphony Other Options and Upgrades,FACSymphony Other Options and Upgrades
46908,BLS,BDB,Research Instruments,FACSymphony Analyzers,FACSymphony Other Options and Upgrades,FACSymphony Other Options and Upgrades
46909,BLS,BDB,Research Instruments,FACSymphony Analyzers,FACSymphony Other Options and Upgrades,FACSymphony Other Options and Upgrades
46910,BLS,BDB,Research Instruments,FACSymphony Analyzers,FACSymphony Other Options and Upgrades,FACSymphony Other Options and Upgrades
46912,BLS,BDB,Research Instruments,INFLUX,Influx Options,Influx Options
46913,BLS,BDB,Research Instruments,INFLUX,Influx Options,Influx Options
46914,BLS,BDB,Research Instruments,INFLUX,Influx Options,Influx Options
46915,BLS,BDB,Research Instruments,LSR/Fortessa,LSR/Fortessa Options,LSR/Fortessa Options
46916,BLS,BDB,Research Instruments,LSR/Fortessa,LSR/Fortessa Options,LSR/Fortessa Options
46917,BLS,BDB,Research Instruments,LSR/Fortessa,LSR/Fortessa Options,LSR/Fortessa Options
46919,BLS,BDB,Research Instruments,LSR/Fortessa,LSR/Fortessa Options,LSR/Fortessa Options
46921,BLS,BDB,Research Instruments,LSR/Fortessa,LSR/Fortessa Options,LSR/Fortessa Options
46922,BLS,BDB,Research Instruments,LSR/Fortessa,LSR/Fortessa Options,LSR/Fortessa Options
46923,BLS,BDB,Research Instruments,LSR/Fortessa,LSR/Fortessa Options,LSR/Fortessa Options
46924,BLS,BDB,Research Instruments,LSR/Fortessa,LSR/Fortessa Options,LSR/Fortessa Options
46925,BLS,BDB,Research Instruments,LSR/Fortessa,LSR/Fortessa Options,LSR/Fortessa Options
46926,BLS,BDB,Research Instruments,LSR/Fortessa,LSR/Fortessa Options,LSR/Fortessa Options
46927,BLS,BDB,Research Instruments,LSR/Fortessa,LSR/Fortessa Options,LSR/Fortessa Options
46928,BLS,BDB,Research Instruments,LSR/Fortessa,LSR/Fortessa Options,LSR/Fortessa Options
46929,BLS,BDB,Research Instruments,LSR/Fortessa,LSR/Fortessa Options,LSR/Fortessa Options
46930,BLS,BDB,Research Instruments,LSR/Fortessa,LSR/Fortessa X-20,LSR/Fortessa X-20
46931,BLS,BDB,Research Instruments,LSR/Fortessa,LSR/Fortessa X-20,LSR/Fortessa X-20
46934,BLS,BDB,Research Instruments,Other Instrument Revenue (Research),Other Instrument Revenue (Research),Other Instrument Revenue (Research)
46935,BLS,BDB,Research Instruments,Other Instrument Revenue (Research),Other Instrument Revenue (Research),Other Instrument Revenue (Research)
46937,BLS,BDB,Research Instruments,Other Instrument Revenue (Research),Other Instrument Revenue (Research),Other Instrument Revenue (Research)
46938,BLS,BDB,Research Instruments,Other Instrument Revenue (Research),Other Instrument Revenue (Research),Other Instrument Revenue (Research)
46939,BLS,BDB,Research Instruments,Other Instrument Revenue (Research),Other Instrument Revenue (Research),Other Instrument Revenue (Research)
46940,BLS,BDB,Research Instruments,Other Instrument Revenue (Research),Other Instrument Revenue (Research),Other Instrument Revenue (Research)
46944,BLS,BDB,Research Instruments,Other Instrument Revenue (Research),Other Instrument Revenue (Research),Other Instrument Revenue (Research)
46945,BLS,BDB,Research Instruments,Other Instrument Revenue (Research),Other Instrument Revenue (Research),Other Instrument Revenue (Research)
46947,BLS,BDB,Research Instruments,Other Instrument Revenue (Research),Other Instrument Revenue (Research),Other Instrument Revenue (Research)
46948,BLS,BDB,Research Instruments,Other Instrument Revenue (Research),Other Instrument Revenue (Research),Other Instrument Revenue (Research)
46950,BLS,BDB,Research Instruments,Other Instrument Revenue (Research),Other Instrument Revenue (Research),Other Instrument Revenue (Research)
46953,BLS,BDB,Research Reagents,Research Core Cobalt,Cobalt YG MTS,RY703 MTS
46954,BLS,BDB,Research Reagents,Research Core Cobalt,Cobalt YG OptiBuild,RY775 OptiBuild
46955,BLS,BDB,Research Reagents,Research Core Cobalt,Cobalt YG OptiBuild,RY775 OptiBuild
46956,BLS,BDB,Research Reagents,Research Core Cobalt,Cobalt YG OptiBuild,RY775 OptiBuild
46957,BLS,BDB,Research Reagents,Research Core Cobalt,Cobalt YG OptiBuild,RY775 OptiBuild
46958,BLS,BDB,Research Reagents,Research Core Cobalt,Cobalt YG OptiBuild,RY775 OptiBuild
46959,BLS,BDB,Research Reagents,Research Core Cobalt,Cobalt YG OptiBuild,RY703 OptiBuild
46960,BLS,BDB,Research Reagents,Research Core Cobalt,Cobalt YG OptiBuild,RY703 OptiBuild
46961,BLS,BDB,Research Reagents,Research Core Cobalt,Cobalt YG OptiBuild,RY586 OptiBuild
46962,BLS,BDB,Research Reagents,Research Core Cobalt,Cobalt YG OptiBuild,RY586 OptiBuild
46964,BLS,BDB,Research Reagents,Research Core Cobalt,Cobalt YG OptiBuild,RY610 OptiBuild
46966,BLS,BDB,Research Reagents,Research Core Cobalt,Cobalt Blue OptiBuild,RB670 OptiBuild
46967,BLS,BDB,Research Reagents,Research Core Cobalt,Cobalt Blue OptiBuild,RB670 OptiBuild
46968,BLS,BDB,Research Reagents,Research Core Cobalt,Cobalt Blue OptiBuild,RB670 OptiBuild
46969,BLS,BDB,Research Reagents,Research Core Cobalt,Cobalt Blue OptiBuild,RB670 OptiBuild
46970,BLS,BDB,Research Reagents,Research Core Cobalt,Cobalt Blue OptiBuild,RB670 OptiBuild
46971,BLS,BDB,Research Reagents,Research Core Cobalt,Cobalt Blue OptiBuild,RB670 OptiBuild
46973,BLS,BDB,Research Reagents,Research Core Cobalt,Cobalt Blue OptiBuild,RB744 OptiBuild
46974,BLS,BDB,Research Reagents,Research Core Cobalt,Cobalt Blue OptiBuild,RB744 OptiBuild
46975,BLS,BDB,Research Reagents,Research Core Cobalt,Cobalt Blue OptiBuild,RB744 OptiBuild
46976,BLS,BDB,Research Reagents,Research Core Cobalt,Cobalt Blue OptiBuild,RB744 OptiBuild
46977,BLS,BDB,Research Reagents,Research Core Cobalt,Cobalt Blue OptiBuild,RB744 OptiBuild
46979,BLS,BDB,Research Reagents,Research Core Cobalt,Cobalt Blue OptiBuild,RB780 OptiBuild
46980,BLS,BDB,Research Reagents,Research Core Cobalt,Cobalt Blue OptiBuild,RB780 OptiBuild
46981,BLS,BDB,Research Reagents,Research Core Cobalt,Cobalt Blue OptiBuild,RB545 OptiBuild
46982,BLS,BDB,Research Reagents,Research Core Cobalt,Cobalt Blue OptiBuild,RB545 OptiBuild
46983,BLS,BDB,Research Reagents,Research Core Cobalt,Cobalt Blue OptiBuild,RB613 OptiBuild
46984,BLS,BDB,Research Reagents,Research Core Cobalt,Cobalt Blue OptiBuild,RB613 OptiBuild
46985,BLS,BDB,Research Reagents,Research Core Cobalt,Cobalt Blue OptiBuild,RB613 OptiBuild
46986,BLS,BDB,Research Reagents,Research Core Cobalt,Cobalt Red MTS,RR688 MTS
46987,BLS,BDB,Research Reagents,Research Core Cobalt,Cobalt Red OptiBuild,RR688 OptiBuld
46996,BLS,BDB,Research Reagents,Research Core Non-Sirigen,Non-Sirigen - OptiBuild,Non Sirigen - Optibuild (Flow Cytometry)
46998,BLS,BDB,Research Reagents,Research Core Non-Sirigen,Non-Sirigen - OptiBuild,Non Sirigen - Optibuild (Flow Cytometry)
46999,BLS,BDB,Research Reagents,Research Core Non-Sirigen,Non-Sirigen - OptiBuild,Non Sirigen - Optibuild (Flow Cytometry)
47002,BLS,BDB,Research Reagents,Research Core Non-Sirigen,Non-Sirigen - OptiBuild,Non Sirigen - Optibuild (Flow Cytometry)
47003,BLS,BDB,Research Reagents,Research Core Non-Sirigen,Non-Sirigen - OptiBuild,Non Sirigen - Optibuild (Flow Cytometry)
47006,BLS,BDB,Research Reagents,Research Core Sirigen,Sirigen - OptiBuild,Sirigen - OptiBuild (Flow Cytometry)
47008,BLS,BDB,Research Reagents,Research Core Sirigen,Sirigen - OptiBuild,Sirigen - OptiBuild (Flow Cytometry)
47010,BLS,BDB,Research Reagents,Research Core Sirigen,Sirigen - OptiBuild,Sirigen - OptiBuild (Flow Cytometry)
47012,BLS,BDB,Research Reagents,Research Core Sirigen,Sirigen - OptiBuild,Sirigen - OptiBuild (Flow Cytometry)
47013,BLS,BDB,Research Reagents,Research Core Sirigen,Sirigen - OptiBuild,Sirigen - OptiBuild (Flow Cytometry)
47017,BLS,BDB,Research Reagents,Research Non-Core,Non-Flow Cytometry - Assays,Non-Flow Cytometry - Assays
47018,BLS,BDB,Research Reagents,Research Non-Core,Non-Flow Cytometry - Assays,Non-Flow Cytometry - Assays
47021,BLS,DS,Molecular Diagnostics,ProbeTec/Viper,All Other BD Viper,Viper Ancillary Equipment
47022,BLS,DS,Molecular Diagnostics,ProbeTec/Viper,All Other BD Viper,Viper Ancillary Equipment
47023,BLS,DS,Molecular Diagnostics,ProbeTec/Viper,All Other BD Viper,Viper Ancillary Equipment
47024,BLS,DS,Molecular Diagnostics,ProbeTec/Viper,All Other BD Viper,Viper Ancillary Equipment
47025,BLS,DS,Molecular Diagnostics,ProbeTec/Viper,All Other BD Viper,Viper Ancillary Equipment
47027,BLS,DS,Molecular Diagnostics,ProbeTec/Viper,All Other BD Viper,Viper Ancillary Equipment
47028,BLS,DS,Molecular Diagnostics,ProbeTec/Viper,All Other BD Viper,Viper Ancillary Equipment
47029,BLS,DS,Molecular Diagnostics,ProbeTec/Viper,All Other BD Viper,Viper Ancillary Equipment
47031,BLS,DS,Molecular Diagnostics,ProbeTec/Viper,All Other BD Viper,ProbeTecET Ancillary Equipment
47034,BLS,DS,Molecular Diagnostics,BD COR,All Other BD COR,BD COR Instrument Other
47035,BLS,DS,Molecular Diagnostics,BD COR,All Other BD COR,BD COR Instrument Other
47038,BLS,DS,Microbiology,Blood Culture,Blood Culture Other,Other Blood Culture
47039,BLS,DS,Microbiology,Blood Culture,Blood Culture Other,Other Blood Culture
47041,BLS,DS,Microbiology,Blood Culture,Blood Culture Other,Other Blood Culture
47044,BLS,DS,Microbiology,ID/AST,BioTyper Instr - Sale,BioTyper Sales
47045,BLS,DS,Microbiology,ID/AST,Misc ID and AST,Crystal
47046,BLS,DS,Microbiology,ID/AST,Misc ID and AST,Crystal
47048,BLS,DS,Microbiology,ID/AST,BioTyper Reagents/Accessories,BioTyper Reagents/Accessories
47049,BLS,DS,Informatics,Informatics,Epicenter,Epicenter Hardware
47050,BLS,DS,Informatics,Informatics,Epicenter,Epicenter Hardware
47053,BLS,DS,Informatics,Informatics,Synapsys,Synapsys Hardware
47054,BLS,DS,Lab Automation,Lab Automation,All Other Lab Automation Instruments,Ancillary Equipment
47055,BLS,DS,Lab Automation,Lab Automation,All Other Lab Automation Instruments,Other Instr- Sale
47062,BLS,DS,Cancer,Cytology,FocalPoint Instr - Sale,FocalPoint Sales
47063,BLS,DS,Cancer,Cytology,FocalPoint Instr - Sale,FocalPoint Sales
47065,BLS,DS,Cancer,Cytology,All Other Instruments,FocalPoint Instrument Accessories
47066,BLS,DS,Cancer,Cytology,All Other Instruments,FocalPoint Instrument Accessories
47067,BLS,DS,Cancer,Cytology,All Other Instruments,FocalPoint Instrument Accessories
47070,BLS,DS,Cancer,Cytology,All Other Instruments,FocalPoint Instrument Accessories
47071,BLS,DS,Cancer,Cytology,All Other Instruments,FocalPoint Instrument Accessories
47072,BLS,DS,Cancer,Cytology,All Other Instruments,FocalPoint Instrument Accessories
47073,BLS,DS,Cancer,Cytology,All Other Instruments,FocalPoint Instrument Accessories
47074,BLS,DS,Cancer,Cytology,All Other Instruments,FocalPoint Instrument Accessories
47075,BLS,DS,Cancer,Cytology,All Other Instruments,FocalPoint Instrument Accessories
47076,BLS,DS,Cancer,Cytology,All Other Instruments,FocalPoint Instrument Accessories
47077,BLS,DS,Cancer,Cytology,All Other Instruments,FocalPoint Instrument Accessories
47078,BLS,DS,Cancer,Cytology,All Other Instruments,FocalPoint Instrument Accessories
47079,BLS,DS,Cancer,Cytology,All Other Instruments,FocalPoint Instrument Accessories
47080,BLS,DS,Cancer,Cytology,All Other Instruments,PrepStain Plus Accessories
47081,BLS,DS,Cancer,Cytology,All Other Instruments,PrepStain Plus Accessories
47082,BLS,DS,Cancer,Cytology,All Other Instruments,FEA- Accessories
47083,BLS,DS,Cancer,Cytology,All Other Instruments,FEA- Accessories
47085,BLS,SM,Emerging Specimen Management,MiniDraw,MiniDraw,MiniDraw
47091,BLS,BDB,Research Reagents,Research Core Sirigen,Sirigen - OptiBuild,Sirigen - OptiBuild (Flow Cytometry)
47093,BLS,BDB,Research Reagents,Research Core Sirigen,Sirigen - OptiBuild,Sirigen - OptiBuild (Flow Cytometry)
47094,BLS,BDB,Research Instruments,Other Instrument Revenue (Research),Other Instrument Revenue (Research),Other Instrument Revenue (Research)
47095,BLS,BDB,Research Reagents,Research Core Sirigen,Sirigen - Immune Function (Flow Cytometry),Sirigen - Immune Function (Flow Cytometry)
47101,BDI,UCC,Endourology,Stone Disposables,Dilation Products,Goodwin Sounds
47105,BDI,UCC,Urology and Critical Care BU,Urology and Critical Care BU - Non-Sellable,Urology and Critical Care BU - Non-Sellable,Urology and Critical Care BU - Non-Sellable
47106,BLS,BDB,Research Instruments,LSR/Fortessa,LSR/Fortessa Options,LSR/Fortessa Options
47109,BLS,DS,Cancer,Cytology,All Other Instruments,FocalPoint Instrument Accessories
47115,BLS,BDB,Research Reagents,Custom Research Reagents,Cobalt - Customs,Cobalt - Customs
47120,BLS,BDB,Research Reagents,Custom Research Reagents,Cobalt - Customs,Cobalt - Customs
47124,BLS,BDB,Research Reagents,Custom Research Reagents,Cobalt - Customs,Cobalt - Customs
47125,BLS,BDB,Research Reagents,Custom Research Reagents,Cobalt - Customs,Cobalt - Customs
47127,BLS,BDB,Research Reagents,Custom Research Reagents,Non Sirigen - Customs,Non Sirigen - Customs
47128,BLS,BDB,Single Cell Multiomics,SCM Reagents,BD AbSeq,AbSeq - Custom vials
47134,BLS,BDB,Research Reagents,Custom Research Reagents,Non Sirigen - Customs,Non Sirigen - Customs
47140,BLS,BDB,Research Reagents,Custom Research Reagents,Non-Sirigen - High Parameter,Non Sirigen - High Parameter (Flow Cytometry)
47144,BLS,BDB,Research Instruments,Accuri,Accuri Instrument,Accuri Instrument
47146,BDI,SUR,Hernia,Fixation,Permanent Fixation,Permafix
47168,BLS,BDB,Research Instruments,FACSDiscover A8,FACSDiscover A8 Instrument,Mosaic Instrument - Analyzer - PC Adjustment
47169,BLS,DS,Molecular Diagnostics,BD COR,BD COR GX/MX Instr - Sale,BD COR GX/MX Instr - Sale
47171,BLS,BDB,Research Instruments,FACSymphony Sorters,FACSymphony S6,FACSymphony S6
47177,BDI,UCC,Endourology,Stone Disposables,Laser Technology,Laser Fiber Accessories
47192,BDM,PS,PS Adjustments,PS - PC Adjustment,PS - PC Adjustment,PS - PC Adjustment
47209,BLS,DS,Diagnostic Solutions Other,Diagnostic Systems Other,Infection Prevention & Mgmt NP,WW Infection Prev&Mgmt Oper Exps-Ex BDMS
47229,BDM,MMS,Alaris System,POC Systems,Alaris System PC Unit,PCU 8015
47232,BDM,MMS,Alaris System,POC Systems,Alaris System LVP Pump,Drug Infusion
47242,BLS,DS,Diagnostic Solutions Other,Diagnostic Systems Other - PC Adjustment,Diagnostic Systems Other - PC Adjustment,Diagnostic Systems Other - PC Adjustment
47243,BLS,DS,Microbiology,Microbiology - PC Adjustment,Microbiology - PC Adjustment,Microbiology - PC Adjustment
47247,BLS,BDB,Research Instruments,FACSAria,FACSAria Fusion Instrument,FACSAria Fusion Instrument
47251,BLS,BDB,Corporate Initiatives BDB,Corp InitiativesBDB - PC Adjustment,Corp InitiativesBDB - PC Adjustment NONCATALOG,Corp InitiativesBDB - PC Adjustment
47258,BLS,DS,Microbiology,ID/AST,Phoenix 100 Instr - Sale,Phoenix 100 - Sales
47262,BLS,SM,Specimen Management Other,Specimen Management Other,Non Product SM,Non Product SM
47264,BDI,UCC,Endourology,Stone Disposables,Laser Technology,Laser Fiber Accessories
47268,BLS,SM,Specimen Management Other,Specimen Management Other - PC Adjustment,Specimen Management Other - PC Adjustment  NONCATALOG,Specimen Management Other - PC Adjustment  NONCATALOG
47273,BLS,BDB,Research Reagents,Research Reagents - PC Adjustment,Research Reagents - PC Adjustment,Research Reagents - PC Adjustment
47275,BDM,MMS,Alaris Plus,Software,Alaris Plus AIC Licences,Alaris Infusion Central
47276,BLS,BDB,Clinical Instruments,FACSLyric,FACSLyric Instrument,FACSLyric
47279,BLS,BDB,Research Instruments,LSR/Fortessa,LSR/Fortessa,LSR/Fortessa
47280,BDM,MDS,Hazardous Drug Solutions,Hazardous Drug Solutions - PC Adjustment,Hazardous Drug Solutions - PC Adjustment,Hazardous Drug Solutions - PC Adjustment
47281,BLS,DS,Molecular Diagnostics,BD MAX,MAX Instr - Plcmt,MAX 6Color Inst Plac
47293,BDM,MMS,Alaris Plus,Software,Alaris Plus AIC Licences,Alaris Infusion Central
47312,BDI,PI,BD PI Other,Peripheral Interventional Other,Peripheral Interventional Other,Peripheral Interventional Other
47314,BLS,BDB,Research Instruments,FACSymphony Analyzers,FACSymphony A3 Sorp Instrument,FACSymphony A3 Sorp Instrument
47317,BLS,BDB,Research Instruments,FACSymphony Sorters,FACSymphony S6,FACSymphony S6
47318,BDM,MDS,Hazardous Drug Solutions,Optima Pharmacy Solutions,Optima Injector,Optima Injector
47321,BDI,UCC,Endourology,Stone Disposables,Laser Technology,Laser Technology
47340,BDM,MMS,Alaris System,Service,Alaris System Service Parts,Techsmart
47342,BLS,DS,Corporate Initiatives DS,Corp InitiativesDS - PC Adjustment,Corp InitiativesDS - PC Adjustment NONCATALOG,Corp InitiativesDS - PC Adjustment
47343,BLS,DS,Molecular Diagnostics,BD MAX,All Other BD MAX,All Other BD MAX - Adjustment
47345,BLS,DS,Microbiology,Industrial Microbiology,DCM,DCM Adjustment
47348,BDI,PI,Peripheral Vascular Disease,PAD Mechanical,Seeker,Seeker
47350,BDI,PI,BD PI Other,Peripheral Interventional Other,Peripheral Interventional Other,Peripheral Interventional Other
47363,BDM,MDS,Hazardous Drug Solutions,Optima Pharmacy Solutions,Optima Connector,Optima Connector
47368,BLS,DS,Microbiology,Microbiology - PC Adjustment,Microbiology - PC Adjustment,Microbiology - PC Adjustment
47378,BLS,DS,Lab Automation,Lab Automation,TLA Instr - Sale,TLA Instrument - Sale
47388,BLS,BDB,Clinical Reagents,Open System HIV,Multitest HIV,Multitest HIV - PC Adjustment
47396,BLS,SM,Lab Specimen Management,Tubes - Chemistry,PT Serum,SERUM PLASTIC HEMO
47397,BLS,SM,Lab Specimen Management,Tubes - Chemistry,GT SST,GT SST - Adjustment
47403,BLS,DS,Microbiology,ID/AST,Misc ID and AST,ID/AST Other
47405,BDI,PI,Peripheral Vascular Disease,PAD Mechanical,Seeker,Seeker
47407,BDI,PI,Peripheral Vascular Disease,PAD Mechanical,Seeker,Seeker
47410,BDM,PS,Prefillable Systems,Glass Container,Hypak for Vaccine,SCF Needle
47415,BDM,MMS,Alaris System,IV Pump Delivery,Alaris System LVP Sets,Primary Admin
47422,BDI,PI,Peripheral Vascular Disease,PAD Mechanical,Seeker,Seeker
47424,BLS,BDB,Research Instruments,FACSAria,FACSAria Instrument,FACSAria Instrument
47427,BLS,BDB,Research Instruments,FACSymphony Analyzers,FACSymphony A3 Sorp Instrument,FACSymphony A3 Sorp Instrument
47432,BDI,PI,BD PI Other,Peripheral Interventional Other,Peripheral Interventional Other,Peripheral Interventional Other
47435,BDI,PI,Peripheral Vascular Disease,PAD Mechanical,Seeker,Seeker
47439,BLS,BDB,Research Instruments,LSR/Fortessa,LSR/Fortessa X-20,LSR/Fortessa X-20
47449,BLS,BDB,Single Cell Multiomics,SCM Other,SCM Other,SCM Other
47460,BLS,SM,Lab Specimen Management,Tubes - Chemistry,PT SST,SST II PLASTIC HEMO
47462,BLS,BDB,Clinical Reagents,Open System Controls,Process Controls,Open System Process Controls - Tritest
47465,BLS,BDB,Research Instruments,FACSAria,FACSAria Options,FACSAria Options
47470,BDM,MMS,Alaris System,POC Systems,Alaris System Systems Manager,Server Applications
47471,BLS,BDB,Research Instruments,LSR/Fortessa,LSR/Fortessa Options,LSR/Fortessa Options
47480,BDI,UCC,Total BD UCC Other,Non-Bard,Non-Bard,Non-Bard
47494,BLS,BDB,Research Instruments,FACSAria,FACSAria Instrument,FACSAria Instrument
47499,BLS,BDB,Research Instruments,FACSymphony Analyzers,FACSymphony A5 Sorp Instrument,FACSymphony A5 Sorp Instrument
47501,BLS,BDB,Research Reagents,Research Core Sirigen,Sirigen - Cell Signalling Cancer (Flow Cytometry),Sirigen - Cell Signalling Cancer (Flow Cytometry) - PC Adjus
47505,BDM,MMS,Alaris System,POC Systems,Alaris System EtCO2,Monitoring
47507,BDI,UCC,Endourology,Stone Disposables,Laser Technology,Laser Fiber Accessories
47515,BLS,DS,Cancer,Cytology,Cancer - PC Adjustment,Cancer - PC Adjustment
47521,BLS,BDB,Clinical Instruments,Cytognos Software,Cytognos Infinicyt,Cytognos Infinicyt
47522,BLS,SM,Lab Specimen Management,Microtainer,Capillary Microtainer,MICROTAINER MBT
47525,BLS,BDB,Research Instruments,FACSAria,FACSAria Instrument,FACSAria Instrument
47532,BLS,BDB,Research Instruments,FACSAria,FACSAria Instrument,FACSAria Instrument
47533,BLS,DS,Microbiology,Other Microbiology,All Other Microbiology,All Other Microbiology Adjustment
47542,BDM,MMS,Alaris Plus,Software,Alaris Plus ACE/CQI Licences,Alaris Communication Engine
47544,BLS,DS,Microbiology,Microbiology - PC Adjustment,Microbiology - PC Adjustment,Microbiology - PC Adjustment
47546,BLS,SM,Lab Specimen Management,Informatics & Services,BD Widerlab,Widerlab
47549,BLS,SM,Lab Specimen Management,Lab Specimen Management - PC Adjustment,Lab Specimen Management - PC Adjustment,Lab Specimen Management - PC Adjustment
47554,BLS,DS,Lab Automation,Lab Automation,All Other Lab Automation Instruments,Other Instr- Sale
47563,BLS,SM,Corporate Initiatives SM,Corp InitiativesSM - PC Adjustment,Corp InitiativesSM - PC Adjustment NONCATALOG,Corp InitiativesSM - PC Adjustment
47569,BLS,BDB,Research Instruments,FACSAria,FACSAria Instrument,FACSAria Instrument
47570,BLS,DS,Lab Automation,Lab Automation,All Other Lab Automation Instruments,Other Instr- Sale
47571,BLS,BDB,Research Instruments,FACSAria,FACSAria Fusion Instrument,FACSAria Fusion Instrument
47573,BDI,UCC,Endourology,Stone Disposables,Laser Technology,Laser Fiber Accessories
47574,BDM,MDS,Advanced Access Devices,Port Access,Port Access Needles,Port Accessories_Standalone
47576,BLS,BDB,Research Instruments,FACSAria,FACSAria Instrument,FACSAria Instrument
47577,BLS,BDB,Research Instruments,FACSymphony Sorters,FACSymphony S6,FACSymphony S6
47578,BDI,UCC,Total BD UCC Other,Non-Bard,Non-Bard,Non-Bard
47579,BDI,PI,Peripheral Vascular Disease,PAD Mechanical,Seeker,Seeker
47581,BDI,PI,Peripheral Vascular Disease,PAD Mechanical,Seeker,Seeker
47582,BDI,PI,Peripheral Vascular Disease,PAD Mechanical,Seeker,Seeker
47586,BLS,BDB,Research Instruments,INFLUX,Influx,Influx
47601,BLS,BDB,Research Instruments,FACSymphony Analyzers,FACSymphony A3 Sorp Instrument,FACSymphony A3 Sorp Instrument
47603,BLS,BDB,Clinical Instruments,FACSCanto,FACSCanto Instrument,FACSCanto Instrument
47609,BDM,MMS,Alaris Plus,Software,Alaris Plus ACE/CQI Licences,Alaris Communication Engine
47610,BDM,MMS,Alaris Plus,Software,Alaris Plus AIC Licences,Digistat
47611,BLS,DS,Microbiology,Microbiology - PC Adjustment,Microbiology - PC Adjustment,Microbiology - PC Adjustment
47613,BLS,DS,Microbiology,Clinical Media,Plated Media - Clinical,Plated Media - Clinical Adjustment
47616,BDM,MMS,Alaris Plus,IV Pump Delivery,Alaris Plus SE LVP Sets,Burette
47617,BDM,MMS,CME,POC Systems,CME BODYGUARD C VISION,Drug Infusion
47623,BLS,DS,Microbiology,Microbiology - PC Adjustment,Microbiology - PC Adjustment,Microbiology - PC Adjustment
47629,BDM,MMS,Alaris System,Service,Alaris System Service Parts,Medley NONCATALOG
47635,BLS,DS,Microbiology,ID/AST,Phoenix Reagents,Phoenix AST Panel
47637,BLS,BDB,Research Instruments,LSR/Fortessa,LSR/Fortessa,LSR/Fortessa
47640,BLS,BDB,Research Instruments,LSR/Fortessa,LSR/Fortessa,LSR/Fortessa
47641,BLS,BDB,Research Instruments,FACSymphony Analyzers,FACSymphony A5 Sorp Instrument,FACSymphony A5 Sorp Instrument
47645,BLS,BDB,Research Instruments,FACSymphony Analyzers,FACSymphony A5 Sorp Instrument,FACSymphony A5 Sorp Instrument
47648,BLS,BDB,Research Reagents,Research Reagents - PC Adjustment,Research Reagents - PC Adjustment,Research Reagents - PC Adjustment
47652,BLS,BDB,Clinical Reagents,Open System Immune Monitoring,TriTest/Simultest Immune Monitoring,Open System Tir/Simul Test Immune Monitoring - SimulTest
47658,BDI,PI,Peripheral Vascular Disease,PAD Mechanical,Seeker,Seeker
47661,BDM,MMS,Alaris Plus,POC Systems,Alaris Plus GP Pump,PC Adjustment
47665,BLS,BDB,Clinical Instruments,Other Instrument Revenue (Clinical),Other Instrument Revenue (Clinical),Other Instrument Revenue (Clinical)
47669,BDM,MMS,Alaris System,POC Systems,Alaris System Syringe Pump,Drug Infusion
47671,BDI,UCC,Endourology,Visualization,Image Processors - Aptra,Image Processors - Aptra
47675,BDI,PI,Peripheral Vascular Disease,PAD Mechanical,Seeker,Seeker
47677,BLS,BDB,Clinical Reagents,Cancer Reagents,Cancer,CAN Single Color
47682,BLS,BDB,Research Instruments,FACSymphony Analyzers,FACSymphony A5 Sorp Instrument,FACSymphony A5 Sorp Instrument
47690,BDI,PI,Peripheral Vascular Disease,PAD Mechanical,Seeker,Seeker
47692,BLS,DS,Microbiology,Microbiology - PC Adjustment,Microbiology - PC Adjustment,Microbiology - PC Adjustment
47695,BLS,BDB,Research Instruments,LSR/Fortessa,LSR/Fortessa X-20,LSR/Fortessa X-20
47699,BLS,BDB,Research Instruments,INFLUX,Influx,Influx
47710,BDM,MMS,MMS Direct Non-Allocated,MDN - PC Adjustment,MDN - PC Adjustment,MDN - PC Adjustment
47715,BLS,BDB,Research Instruments,FACSAria,FACSAria Instrument,FACSAria Instrument
47717,BLS,BDB,Research Instruments,Other Instrument Revenue (Research),Other Instrument Revenue (Research),Other Instrument Revenue (Research)
47721,BDM,MMS,Advisors,Patient Solutions,Clinical Advisor,Clinical Advisor Implementation
47725,BDI,PI,Oncology,Brachy,Brokered Equipment,Brokered Equipment
47729,BLS,BDB,Clinical Reagents,Cancer Reagents,Cancer,CAN Single Color
47733,BLS,BDB,Research Instruments,FACSAria,FACSAria Instrument,FACSAria Instrument
47739,BLS,BDB,Research Instruments,Other Instrument Revenue (Research),Other Instrument Revenue (Research),Other Instrument Revenue (Research)
47744,BLS,DS,Microbiology,Microbiology - PC Adjustment,Microbiology - PC Adjustment,Microbiology - PC Adjustment
47747,BDI,UCC,Endourology,Stone Disposables,Laser Technology,Laser Fiber Accessories
47758,BLS,BDB,Research Instruments,LSR/Fortessa,LSR/Fortessa,LSR/Fortessa
47762,BLS,BDB,Research Instruments,LSR/Fortessa,LSR/Fortessa,LSR/Fortessa
47766,BLS,DS,Microbiology,ID/AST,Phoenix AP Instr - Sale,Phoenix AP Sales
47768,BLS,BDB,Research Instruments,LSR/Fortessa,LSR/Fortessa X-20,LSR/Fortessa X-20
47772,BDM,MMS,Advisors,Patient Solutions,Clinical Advisor,Clinical Advisor Implementation
47776,BLS,BDB,Research Instruments,LSR/Fortessa,LSR/Fortessa X-20,LSR/Fortessa X-20
47783,BDM,MMS,Alaris System,POC Systems,Alaris System PCA Pump,Drug Infusion
47785,BLS,DS,Cancer,Cytology,SurePath LBC Reagents,Liquid Based Cytology Other Adjustment
47788,BLS,BDB,Research Instruments,FACSAria,FACSAria Fusion Instrument,FACSAria Fusion Instrument
47791,BDI,PI,End Stage Kidney Disease,Chronic Dialysis Catheters,Chronic Dialysis,VAccess LT
47792,BDM,MDS,Flush & Caps,Prefilled Flush Devices -Conventional,Prefilled Flush Devices Non Product,Prefilled Flush Devices Non Product
47793,BLS,SM,Lab Specimen Management,Tubes - Other,GT Other Glass Tubes,ACD GLASS CONV
47794,BLS,BDB,Research Instruments,LSR/Fortessa,LSR/Fortessa,LSR/Fortessa
47800,BDM,MDS,Flush & Caps,Disinfecting Technologies,Male Disinfecting Caps,Purehub Male Caps
47801,BLS,BDB,Research Instruments,FACSAria,FACSAria Fusion Instrument,FACSAria Fusion Instrument
47806,BLS,BDB,Research Instruments,FACSAria,FACSAria Instrument,FACSAria Instrument
47807,BLS,BDB,Research Instruments,FACSCelesta,FACSCelesta Instrument,FACSCelesta Instrument
47816,BLS,BDB,FlowJo,FlowJo Software,SeqGeq,SeqGeq
47819,BLS,SM,Lab Specimen Management,Tubes - Chemistry,PT SST,SST PLASTIC HEMO
47822,BLS,SM,Specimen Acquisition,ABG,ABG Conventional,ABG Conventional - Adjustment
47830,BDI,PI,Oncology,Vacuum Assisted,Encor Capital,Encor Enspire Capital
47831,BLS,BDB,Clinical Instruments,FACSCanto,FACSCanto Instrument,FACSCanto Instrument
47835,BLS,DS,Microbiology,ID/AST,Sensi Disc,Sensi Disc Specials
47840,BLS,BDB,Research Instruments,FACSAria,FACSAria Instrument,FACSAria Instrument
47843,BLS,DS,Microbiology,ID/AST,Sensi Disc,Sensi Disc Specials
47845,BDI,UCC,Endourology,Visualization,Image Processors - Aptra,Image Processors - Aptra
47846,BLS,SM,Specimen Acquisition,Devices,Multi Sample Luer Adaptor,INTERLINK BCA
47851,BLS,BDB,Research Reagents,Research Core Non-Sirigen,Non Sirigen - Immune Function (Flow Cytometry),Non Sirigen - Immune Function (Flow Cytometry)
47853,BDM,MMS,CME,IV Pump Delivery,CME LVP Sets,PCA
47861,BLS,DS,Molecular Diagnostics,BD MAX,All Other BD MAX,MAX Instrument Other
47866,BLS,BDB,Clinical Reagents,Cytognos Reagents,Cytognos Other Reagents,Cytognos THIRD-PARTY REAGENTS
47869,BLS,BDB,Research Instruments,FACSymphony Analyzers,FACSymphony A5 Sorp Instrument,FACSymphony A5 Sorp Instrument
47871,BLS,BDB,Research Instruments,FACSymphony Analyzers,FACSymphony A3 Sorp Instrument,FACSymphony A3 Sorp Instrument
47874,BLS,DS,Molecular Diagnostics,BD MAX,MAX Respiratory,MAX PCP
47875,BDM,MDS,Hypodermic Products,Safety Hypodermic Products,Eclipse - NEEDLES ONLY,SMALL BORE NEEDLE
47881,BDM,MMS,Alaris System,POC Systems,Alaris System PC Unit,PCU 8015
47884,BDI,UCC,Endourology,Stone Disposables,Laser Technology,Laser Fiber Accessories
47885,BDM,MDS,IPD OEM,IVA OEM,IVA OEM Others,Temp Management
47889,BDI,UCC,Total Acute Urology,Urological Drainage,Non-IC Specialty Foleys,3-Way 30cc
47896,BLS,SM,Lab Specimen Management,Tubes - Chemistry,GT Serum,SERUM GLASS CONV
47899,BLS,DS,Microbiology,ID/AST,Sensi Disc,Sensi Disc Specials
47900,BLS,BDB,Research Instruments,FACSymphony Analyzers,FACSymphony A3 Sorp Instrument,FACSymphony A3 Sorp Instrument
47908,BLS,BDB,Research Instruments,LSR/Fortessa,LSR/Fortessa,LSR/Fortessa
47909,BLS,BDB,Research Instruments,FACSAria,FACSAria Instrument,FACSAria Instrument
47911,BLS,BDB,Research Instruments,FACSAria,FACSAria Fusion Instrument,FACSAria Fusion Instrument
47912,BLS,BDB,Research Instruments,FACSAria,FACSAria Fusion Instrument,FACSAria Fusion Instrument
47913,BLS,BDB,Research Instruments,LSR/Fortessa,LSR/Fortessa X-20,LSR/Fortessa X-20
47914,BLS,BDB,Research Instruments,FACSAria,FACSAria Instrument,FACSAria Instrument
47919,BLS,BDB,Research Instruments,FACSAria,FACSAria Instrument,FACSAria Instrument
47922,BLS,BDB,Research Instruments,FACSAria,FACSAria Instrument,FACSAria Instrument
47924,BLS,BDB,Research Instruments,FACSCelesta,FACSCelesta Instrument,FACSCelesta Instrument
47930,BLS,DS,Lab Automation,Lab Automation,All Other Lab Automation Instruments,Other Instr- Sale
47933,BLS,BDB,Research Instruments,FACSAria,FACSAria Fusion Instrument,FACSAria Fusion Instrument
47935,BLS,BDB,Research Instruments,LSR/Fortessa,LSR/Fortessa,LSR/Fortessa
47936,BLS,DS,Microbiology,ID/AST,Sensi Disc,Sensi Disc Specials
47941,BLS,BDB,Clinical Reagents,Cancer Reagents,Cancer,CAN Single Color
47944,BDM,MDS,Gravity and Syringe Delivery,GSD Accessories,GSD Accessories - Specialty Non-Chemo,Respiratory
47948,BLS,DS,Microbiology,Blood Culture,Blood Culture Other,Other Blood Culture
47949,BLS,BDB,Research Instruments,LSR/Fortessa,LSR/Fortessa,LSR/Fortessa
47953,BLS,BDB,Research Instruments,FACSAria,FACSAria Instrument,FACSAria Instrument
47954,BLS,DS,Microbiology,ID/AST,Phoenix AP Instr - Sale,Phoenix AP Sales
47956,BLS,DS,Microbiology,Clinical Media,Plated Media - Clinical,Plated Media Special Plates
47964,BLS,DS,Molecular Diagnostics,BD MAX,MAX Enteric,MAX Enteric - Adjustment
47970,BLS,DS,Lab Automation,Lab Automation,All Other Lab Automation Instruments,Other Instr- Sale
47971,BLS,DS,Microbiology,ID/AST,BioTyper Reagents/Accessories,BioTyper Reagents/Accessories
47974,BLS,DS,Informatics,Informatics,Other Informatics,DMS (Japan)
47983,BLS,DS,Microbiology,Microbiology - PC Adjustment,Microbiology - PC Adjustment,Microbiology - PC Adjustment
47986,BLS,BDB,Research Instruments,Accuri,Accuri Instrument,Accuri Instrument
47988,BLS,BDB,Clinical Reagents,Cancer Reagents,Cancer,CAN Single Color
47992,BLS,DS,Microbiology,TB,TB Other,Growth Micro Othr TB
48000,BLS,SM,Lab Specimen Management,Tubes - Coagulation,GT Citrate,CITRATE GLASS CONV
48002,BLS,SM,Specimen Acquisition,Devices,Blood Transfer Device,BTD
48003,BDM,MMS,Alaris System,IV Pump Delivery,Alaris System LVP Sets,Primary Admin
48005,BLS,DS,Microbiology,ID/AST,Sensi Disc,Sensi Disc Specials
48006,BDM,MMS,Alaris System,Service,Alaris System Service Parts,Medley
48009,BDM,MDS,Hypodermic Products,Safety Hypodermic Products,Safety Hypo Non Products,Safety Hypo Non Products
48026,BLS,SM,Lab Specimen Management,Tubes - Chemistry,PT Glucose,GLUCOSE PLASTIC HEMO
48028,BLS,DS,Cancer,Cytology,SurePath LBC Reagents,Liquid Based Cytology Reagents Adjustment
48033,BLS,DS,Microbiology,ID/AST,Sensi Disc,Sensi Disc Specials
48034,BLS,DS,Microbiology,ID/AST,Sensi Disc,Sensi Disc Specials
48036,BDI,PI,Oncology,Vacuum Assisted,Vacora Capital,Vacora Capital
48037,BLS,DS,Microbiology,Microbiology - PC Adjustment,Microbiology - PC Adjustment,Microbiology - PC Adjustment
48038,BLS,DS,Microbiology,ID/AST,Sensi Disc,Sensi Disc Specials
48039,BDM,MMS,BD Nexus,BD Nexus - PC Adjustment,BD Nexus - PC Adjustment,BD Nexus - PC Adjustment
48042,BDM,MDS,IV Access,IVA Extension Sets - Other,IVA Extension Sets - Other,Other Conventional
48047,BLS,DS,Microbiology,ID/AST,Sensi Disc,Sensi Disc Specials
48049,BLS,DS,Microbiology,Clinical Media,Plated Media - Clinical,Plated Media Special Plates
48057,BDI,UCC,Endourology,Endourology Other,Urology Miscellaneous,Ureteroscopic Accessories
48059,BDI,UCC,Endourology,Stone Disposables,Laser Technology,Holmium Laser Fibers
48062,BLS,DS,Microbiology,ID/AST,Sensi Disc,Sensi Disc Specials
48063,BLS,DS,Microbiology,ID/AST,Sensi Disc,Sensi Disc Specials
48064,BLS,DS,Microbiology,ID/AST,Sensi Disc,Sensi Disc Specials
48065,BLS,DS,Microbiology,ID/AST,Sensi Disc,Sensi Disc Specials
48067,BLS,DS,Microbiology,ID/AST,Misc ID and AST,MICRONAUT
48077,BDI,UCC,Endourology,Stone Disposables,Laser Technology,Laser Fiber Accessories
48080,BDI,PI,Peripheral Vascular Disease,Venous,Venclose Captial,Venclose Capital
48082,BDI,PI,Oncology,Biopsy Needles and Accessories,Core Needle Biopsy,Coaxial Needles
48083,BDM,MDS,Skin Prep & Securement,Skin Prep,Persist,Persist
48084,BDI,UCC,Endourology,Stone Disposables,Laser Technology,Laser Fiber Accessories
48086,BLS,SM,Lab Specimen Management,Tubes - Other,PT Other Plastic Tubes,Misc. Products
48087,BDI,SUR,Hernia,Ventral,Lap Ventral,Composix EX
48089,BLS,DS,Microbiology,Microbiology - PC Adjustment,Microbiology - PC Adjustment,Microbiology - PC Adjustment
48091,BDI,SUR,Hernia,Groin Hernia,Plugs,Light Plug
48092,BDI,UCC,Total Acute Urology,PureWick Acute Care,PureWick Disposable,PureWick Disposable
48094,BLS,DS,Microbiology,Other Microbiology,All Other Microbiology,Qualiswabs
48096,BLS,BDB,Research Reagents,Research Core Non-Sirigen,Non Sirigen - Immune Function (Flow Cytometry),Non Sirigen - Immune Function (Flow Cytometry)
48101,BDM,MDS,Hypodermic Products,Resuse Prevention Hypodermic Products,SoloShot Mini Syringes,SoloShot Mini Syringes
48104,BLS,DS,Informatics,Informatics,Epicenter,Epicenter Hardware
48107,BLS,DS,Informatics,Informatics,Epicenter,Epicenter Hardware
48111,BLS,DS,Informatics,Informatics,Epicenter,Epicenter Hardware
48113,BLS,BDB,Research Reagents,Research Core Cobalt,Cobalt Blue OptiBuild,RB780 OptiBuild
48117,BLS,BDB,Clinical Reagents,Cancer Reagents,Cancer,CAN Single Color
48120,BLS,SM,Lab Specimen Management,Tubes - Other,PT Other Plastic Tubes,Misc. Products
48124,BDI,UCC,Total Acute Urology,Urological Drainage,IC Latex Strips,Bardex Foley Cath 5cc
48125,BLS,DS,Cancer,Cytology,MultiProcessor Instr - Sale,MultiProcessor Instr - Sale Adjustment
48128,BLS,BDB,Research Reagents,Research Core Cobalt,Cobalt Blue OptiBuild,RB780 OptiBuild
48129,BLS,DS,Informatics,Informatics,Epicenter,Epicenter Hardware
48133,BLS,BDB,Clinical Reagents,Cancer Reagents,Cancer,CAN Single Color
48136,BLS,DS,Informatics,Informatics,Epicenter,Epicenter Hardware
48142,BLS,DS,Informatics,Informatics,Epicenter,Epicenter Hardware
48147,BDI,PI,Oncology,Other IS,Distributed Non-IS,Distributed Non-IS
48148,BDI,PI,Oncology,Other IS,OEM PARTS,OEM PARTS
48151,BDI,PI,Oncology,Ports,Ports,Non-Power Ports
48157,BDI,PI,Oncology,Catheter Group,Chronic CVC Catheters,Powerhickman Catheters
48172,BDI,PI,Oncology,Non-Sellable,Non-Sellable,Non-Sellable
48184,BDI,PI,Peripheral Vascular Disease,Venous,Filters,Filters
48191,BDI,PI,Peripheral Vascular Disease,PAD Mechanical,Seeker,Seeker
48192,BDI,PI,Peripheral Vascular Disease,PAD Mechanical,Seeker,Seeker
48204,BDI,SUR,Hernia,Groin Hernia,Groin Open,Soft Mesh
48206,BDI,SUR,Biosurgery,Biosurgery Non-Sellable,Biosurgery Non-Sellable,Biosurgery Non-Sellable
48207,BDI,UCC,Urology and Critical Care BU,Urology and Critical Care BU - Non-Sellable,Urology and Critical Care BU - Non-Sellable,Urology and Critical Care BU - Non-Sellable
48208,BDI,UCC,Targeted Temperature Management,TTM Other,Arctic Sun-Accessories,Arctic Sun-Accessories
48217,BDI,UCC,Endourology,Stone Disposables,Dilation Products,Phillips Follower
48220,BDI,UCC,Endourology,Stone Disposables,Dilation Products,Spiral Filiform
48221,BDI,UCC,Endourology,Stone Disposables,Dilation Products,Spiral Filiform
48223,BDI,UCC,Endourology,Stone Disposables,Dilation Products,Spiral Filiform
48224,BDI,UCC,Endourology,Stone Disposables,Dilation Products,Straight Filform
48230,BDI,UCC,Endourology,Visualization,Scopes - Aptra,Scopes - Aptra
48242,BDM,MDS,Advanced Access Devices,PICC,Groshong PICC,TBD
48244,BDM,MDS,Vascular Access Technologies,Site-Rite,Site-Rite Consoles - ISALES,Site Rite 8 Consoles
48246,BDM,MDS,Vascular Access Technologies,Sherlock,Sherlock Displays,Sherlock Displays
48248,BDM,MMS,Pyxis Med,Pyxis Med,Pyxis Med - Other,Pyxis Med - Other
48249,BDM,MMS,Pyxis Med,Pyxis Med,Pyxis Med - Other,Pyxis Med - Other
48250,BDM,MMS,Pyxis Med,Pyxis Med,Pyxis Med - Other,Pyxis Med - Other
48251,BDM,MMS,Pyxis Med,Pyxis Med,Pyxis Med - Other,Pyxis Med - Other
48252,BDM,MMS,Pyxis Med,Pyxis Med,Pyxis Med - Other,Pyxis Med - Other
48253,BDM,MMS,Pyxis Med,Pyxis Med,Pyxis Med - Other,Pyxis Med - Other
48254,BDM,MMS,Pyxis Med,Pyxis Med,Pyxis Med - Other NONCATALOG,Pyxis Med - Other
48255,BDM,MMS,Pyxis Med,Pyxis Med,Pyxis Med - Other NONCATALOG,Pyxis Med - Other
48256,BDM,MMS,Pyxis Med,Pyxis Med,Pyxis Med - Other NONCATALOG,Pyxis Med - Other
48257,BDM,MMS,Pyxis Med,Pyxis Med,Pyxis Med - Other NONCATALOG,Pyxis Med - Other
48258,BDM,MMS,Pyxis Med,Pyxis Med,Pyxis Med - Other NONCATALOG,Pyxis Med - Other
48259,BDM,MMS,Pyxis Supply,Pyxis Supply,Pyxis Supply - Other NONCATALOG,Pyxis Supply - Other
48260,BDM,MMS,Pyxis Supply,Pyxis Supply,Pyxis Supply - Other NONCATALOG,Pyxis Supply - Other
48261,BDM,MMS,Pyxis Supply,Pyxis Supply,Pyxis Supply - Other NONCATALOG,Pyxis Supply - Other
48262,BDM,MMS,Pyxis Supply,Pyxis Supply,Pyxis Supply - Other NONCATALOG,Pyxis Supply - Other
48263,BDM,MMS,Pyxis Supply,Pyxis Supply,Pyxis Supply - Other NONCATALOG,Pyxis Supply - Other
48264,BDM,MMS,ROWA Pouch Packaging Retail,ROWA Pouch Packaging Retail - Other,ROWA Pouch Packaging Retail - Other,ROWA Pouch Packaging Retail - Other
48266,BDM,MMS,Alaris System,DI Inst,Alaris System Cap GL Adj,Alaris Medley Cap GL Adj
48268,BDM,MMS,Alaris System,POC Systems,Alaris System EtCO2,Monitoring
48272,BDM,MMS,Alaris System,POC Systems,Alaris System Systems Manager,Server Applications
48274,BDM,MMS,Alaris System,Service,Alaris System Service Parts,Common
48278,BDM,MMS,Alaris System,Service,Alaris System Service Parts,Medley
48279,BDM,MMS,Alaris System,Service,Alaris System Service Parts,Medley
48280,BDM,MMS,Alaris System,Service,Alaris System Service Parts,Medley
48294,BDM,MMS,Alaris System,Service,Alaris System Service Parts,Medley
48310,BDM,MMS,Alaris System,Service,Alaris System Service Parts,Medley
48315,BDM,MMS,Alaris System,Service,Alaris System Service Parts,Medley
48324,BDM,MMS,Alaris System,Service,Alaris System Service Parts,Medley
48332,BDM,MMS,Alaris System,Service,Alaris System Service Parts,Medley
48333,BDM,MMS,Alaris System,Service,Alaris System Service Parts,Medley
48348,BDM,MMS,Alaris System,Service,Alaris System Service Parts,Medley
48380,BDM,MMS,Alaris System,Service,Alaris System Service Parts,Medley
48381,BDM,MMS,Alaris System,Service,Alaris System Service Parts,Medley
48391,BDM,MMS,Alaris System,Service,Alaris System Service Parts,Medley NONCATALOG
48396,BDM,MMS,Alaris System,Service,Alaris System Service Parts,Medley NONCATALOG
48398,BDM,MMS,Alaris System,Service,Alaris System Service Parts,Medley NONCATALOG
48405,BDM,MMS,Alaris System,Service,Alaris System Service Parts,Other NONCATALOG
48407,BDM,MMS,Alaris System,Service,Alaris System Service Parts,Support Materials NONCATALOG
48409,BDM,MDS,Advanced Access Devices,Advanced Access Devices - PC Adjustment,Advanced Access Devices - PC Adjustment  NONCATALOG,Advanced Access Devices - PC Adjustment  NONCATALOG
48421,BDM,MMS,Alaris System,Alaris System - PC Adjustment,Alaris System - PC Adjustment,Alaris System - PC Adjustment
48422,BDM,MMS,Alaris Plus,POC Systems,Alaris Plus Cap GL Adj,SYP Other Adjustment
48423,BDM,PS,PS Safety,Component,Preventis,Bulk Plunger Rod
48424,BLS,BDB,Single Cell Multiomics,SCM Instruments,Rhapsody HT Xpress,Rhapsody HT Xpress Standalone
48425,BLS,BDB,Clinical Instruments,FACSCanto,FACSCanto Instrument,FACSCanto Instrument
48426,BLS,BDB,Clinical Instruments,FACSLyric,FACSLyric Instrument,FACSLyric Instrument
48427,BLS,BDB,Clinical Reagents,Cancer Reagents,Cancer,CAN SimulTEST
48429,BLS,BDB,Clinical Reagents,Other Reagents,Other Reagents,Other Clinical
48430,BLS,BDB,Clinical Instruments,FACSPresto,FACSPresto Options,FACSPresto Options - PC Adjustment
48431,BLS,BDB,Research Instruments,FACSAria,FACSAria Instrument,FACSAria Instrument
48432,BLS,BDB,Research Instruments,FACSAria,FACSAria Instrument,FACSAria Instrument
48433,BLS,BDB,Research Instruments,FACSAria,FACSAria Instrument,FACSAria Instrument
48434,BLS,BDB,Research Instruments,FACSAria,FACSAria Options,FACSAria Options
48435,BLS,BDB,Research Instruments,FACSAria,FACSAria Options,FACSAria Options
48436,BLS,BDB,Research Instruments,FACSymphony Analyzers,FACSymphony Other Options and Upgrades,FACSymphony Other Options and Upgrades
48438,BLS,BDB,Research Instruments,LSR/Fortessa,LSR/Fortessa,LSR/Fortessa
48439,BLS,BDB,Research Instruments,LSR/Fortessa,LSR/Fortessa,LSR/Fortessa
48442,BLS,BDB,Research Instruments,LSR/Fortessa,LSR/Fortessa X-20,LSR/Fortessa X-20
48443,BLS,BDB,Research Instruments,LSR/Fortessa,LSR/Fortessa X-20,LSR/Fortessa X-20
48445,BLS,BDB,Research Instruments,Other Instrument Revenue (Research),Other Instrument Revenue (Research),Other Instrument Revenue (Research)
48446,BLS,BDB,Research Instruments,Other Instrument Revenue (Research),Other Instrument Revenue (Research),Other Instrument Revenue (Research)
48447,BLS,BDB,Research Instruments,Other Instrument Revenue (Research),Other Instrument Revenue (Research),Other Instrument Revenue (Research)
48448,BLS,BDB,Research Instruments,Other Instrument Revenue (Research),Other Instrument Revenue (Research),Other Instrument Revenue (Research)
48449,BLS,BDB,Research Reagents,Research Core Cobalt,Cobalt YG OptiBuild,RY703 OptiBuild
48450,BLS,BDB,Research Reagents,Research Core Cobalt,Cobalt Blue OptiBuild,RB670 OptiBuild
48451,BLS,BDB,Research Reagents,Research Core Sirigen,Sirigen - OptiBuild,Sirigen - OptiBuild (Flow Cytometry)
48453,BLS,BDB,Research Reagents,Research Core Sirigen,Sirigen - OptiBuild,Sirigen - OptiBuild (Flow Cytometry)
48454,BLS,BDB,Research Reagents,Research Core Sirigen,Sirigen - OptiBuild,Sirigen - OptiBuild (Flow Cytometry)
48455,BLS,BDB,Research Reagents,Research Core Sirigen,Sirigen - OptiBuild,Sirigen - OptiBuild (Flow Cytometry)
48457,BLS,BDB,Research Reagents,Research Core Sirigen,Sirigen - OptiBuild,Sirigen - OptiBuild (Flow Cytometry)
48459,BLS,DS,Molecular Diagnostics,Affirm,Affirm Instr - Sale,Affirm Instrument - Sales
48460,BLS,DS,Molecular Diagnostics,ProbeTec/Viper,ProbeTec Viper Instr - Sale,ProbeTecET Inst - Sales
48461,BLS,DS,Molecular Diagnostics,BD MAX,MAX Instr - Sale,MAX 6Color Inst Sale
48465,BLS,DS,Microbiology,Clinical Media,Chromagar PM,CHROMagar Media
48467,BLS,DS,Microbiology,Blood Culture,Blood Culture Other,Other Blood Culture
48468,BLS,DS,Microbiology,Blood Culture,BACTEC FX Instr - Sale,BACTEC FX Bottom Inst Sales
48469,BLS,DS,Microbiology,Blood Culture,BACTEC FXI Incubation Module Instr - Sale,BACTEC FXI Incubation Module Instr - Sale
48470,BLS,DS,Microbiology,Blood Culture,BACTEC FXI Workflow Module Inst - Sale,BACTEC FXI Workflow Module Inst - Sale
48472,BLS,DS,Microbiology,ID/AST,Phoenix AP Instr - Sale,Phoenix AP Sales
48474,BLS,DS,Informatics,Informatics,Epicenter,Epicenter Hardware
48475,BLS,DS,Lab Automation,Lab Automation - PC Adjustment,Lab Automation - PC Adjustment,Lab Automation - PC Adjustment
48483,BLS,SM,Specimen Management Other,Specimen Management Other,Specimen Management Other,All Other PAS
48485,BDI,SUR,Infection Prevention - Surgical,IP Sales Adjustments,IP Sales Adjustments,IP Sales Adjustments
48490,BLS,DS,Microbiology,ID/AST,Phoenix AP Instr - Sale,Phoenix AP Sales
48492,BDI,UCC,Total Acute Urology,Urological Drainage,Bardia Strips,Catheters
48497,BLS,DS,Microbiology,ID/AST,Phoenix AP Instr - Sale,Phoenix AP Sales
48504,BLS,BDB,Research Reagents,Research Core Cobalt,Cobalt YG OptiBuild,RY775 OptiBuild
48507,BDI,PI,BD PI Other,Feeding,Feeding,Peg (Initial and Accessories)
48513,BLS,BDB,Research Reagents,Research Core Non-Sirigen,Non Sirigen - Cell Signal Cancer (Flow Cytometry),Non Sirigen - Cell Signal Cancer (Flow Cytometry)
48515,BDM,MDS,Vascular Access Technologies,Sherlock,Sherlock Accessories,Sherlock Accessories
48516,BLS,BDB,Clinical Reagents,Open System HIV,Multitest HIV,Open System Multitest HIV - Multitest
48517,BLS,BDB,Research Reagents,Research Core Cobalt,Cobalt Blue OptiBuild,RB670 OptiBuild
48522,BLS,BDB,Research Reagents,Research Core Cobalt,Cobalt YG OptiBuild,RY703 OptiBuild
48529,BDI,UCC,Total Acute Urology,Urological Drainage,Bardia Strips,Catheters
48537,BDM,MDS,Hypodermic Products,Conventional Hypodermic Products,Hypodermic Non Product,Hypodermic Non Product
48545,BDM,MDS,IV Access,IVA Extension Sets - Other,IVA Extension Sets - Other,Other Conventional
48554,BDI,SUR,Hernia,Ventral,Open Ventral,Ventrio
48561,BDI,PI,BD PI Other,Feeding,Feeding,Buttons (Tubes and Accessories)
48563,BDI,PI,Oncology,Catheter Group,Chronic CVC Catheters,Broviac Hickman Leonard Catheters
48569,BDI,PI,BD PI Other,Feeding,Feeding,Buttons (Tubes and Accessories)
48572,BDI,UCC,Total Acute Urology,Urological Drainage,IC Latex Trays,I/C Foley Tray with Statlock
48574,BLS,DS,Microbiology,Clinical Media,Plated Media - Clinical,Plated Media
48577,BDI,SUR,Hernia,Groin Hernia,Groin Open,Polysoft
48591,BDI,PI,BD PI Other,Feeding,Feeding,Buttons (Tubes and Accessories)
48594,BLS,DS,Microbiology,Clinical Media,Chromagar PM,CHROMagar Media
48595,BDI,SUR,Hernia,Groin Hernia,Plugs,Plugs
48597,BDI,SUR,Hernia,Groin Hernia,Plugs,Plugs
48600,BDI,PI,BD PI Other,OEM,Guidewires OEM,Guidewires OEM
48615,BLS,DS,Microbiology,ID/AST,Phoenix Reagents,Phoenix Combo Panel
48617,BDI,SUR,Hernia,Groin Hernia,Plugs,Plugs
48618,BDI,UCC,Endourology,Stone Disposables,Dilation Products,Coude Filiform
48622,BDI,SUR,Hernia,Groin Hernia,Groin Open,Darts
48626,BDI,UCC,Total Acute Urology,Fecal Drainage,Fecal Rectal Tubes,Rectal Tubes
48627,BLS,DS,Informatics,Informatics,Epicenter,Epicenter Hardware
48642,BLS,DS,Veritor Cov,Veritor Cov,COV19 Antigen (Veritor),COV19 Antigen (Veritor)
48649,BLS,DS,Molecular Diagnostics,BD MAX,MAX Other Consumables,MAX Other Consumables - Adjustment
48667,BDI,UCC,Total BD UCC Other,Wound Drainage,Other Drains - BMD,Sump Drains
48668,BLS,BDB,Research Reagents,Research Core Non-Sirigen,Non Sirigen - Immune Function (Flow Cytometry),Non Sirigen - Immune Function (Flow Cytometry)
48669,BLS,BDB,Research Reagents,Research Core Non-Sirigen,Non Sirigen - Immune Function (Flow Cytometry),Non Sirigen - Immune Function (Flow Cytometry)
48670,BDI,UCC,Total Acute Urology,Urological Drainage,Non-IC Specialty Foleys,Uro 2-Way 5cc
48673,BLS,BDB,Single Cell Multiomics,SCM Other,SCM Other,SCM Other
48679,BLS,DS,Informatics,Informatics,Other Informatics,DMS (Japan)
48682,BLS,BDB,Research Reagents,Research Core Non-Sirigen,Non-Sirigen - OptiBuild,Non Sirigen - Optibuild (Flow Cytometry)
48684,BLS,DS,Microbiology,ID/AST,Sensi Disc,Sensi Disc Adjustment
48687,BLS,DS,Molecular Diagnostics,ProbeTec/Viper,All Other BD Viper,Viper Ancillary Equipment
48695,BDM,MDS,IV Access,IVA Accessories,IVA Accessories - Other Accessories,Filters
48705,BDI,SUR,Performance Irrigation and Other Surgery,Performance Irrigation,Ortho AT,Suretrans Drains
48706,BDI,UCC,Endourology,Stone Disposables,Dilation Products,Goodwin Sounds
48707,BDI,UCC,Endourology,Stone Disposables,Dilation Products,Goodwin Sounds
48708,BDI,UCC,Endourology,Stone Disposables,Dilation Products,Goodwin Sounds
48711,BDM,MDS,Advanced Access Devices,Port Access,Port Access Needles,Huber Plus_Standalone
48715,BDI,UCC,Endourology,Stone Disposables,Dilation Products,Spiral Filiform
48721,BLS,BDB,Clinical Reagents,Cytognos Reagents,Cytognos Other Reagents,Cytognos Other Reagents PC Adj
48722,BDI,UCC,Endourology,Stone Disposables,Dilation Products,Goodwin Sounds
48734,BLS,BDB,Clinical Instruments,Other Instrument Revenue (Clinical),Other Instrument Revenue (Clinical),Other Instrument Revenue (Clinical) - PC Adjustment
48743,BLS,DS,Microbiology,ID/AST,BioTyper Reagents/Accessories,BioTyper Reagents/Accessories
48744,BDM,MDS,Hazardous Drug Solutions,Pharmacy Solutions,Connector,Connector
48745,BDI,UCC,Total Acute Urology,Urological Drainage,Non-IC Specialty Foleys,Uro 2-Way 5cc
48747,BLS,BDB,Research Reagents,Research Core Non-Sirigen,Non Sirigen - Cell Signal Cancer (Flow Cytometry),Non Sirigen - Cell Signal Cancer (Flow Cytometry)
48749,BDM,MDS,Gravity and Syringe Delivery,GSD Extension Sets,GSD Extension Sets - Basic,General
48750,BDI,UCC,Endourology,Stone Disposables,Dilation Products,Goodwin Sounds
48751,BDM,MDS,IV Access,IVA Accessories,IVA Accessories - Other Accessories,Filters
48759,BLS,DS,Microbiology,Industrial Microbiology,Additives,Additives Adjustment
48762,BDI,UCC,Total BD UCC Other,Airway,Specialty Tubes,Intestinal Tubes
48769,BDM,MDS,IV Access,IVA Extension Sets - Other,IVA Extension Sets - Other,Other Safety
48783,BLS,BDB,Research Instruments,FACSMelody,FACSMelody Options,FACSMelody Options
48787,BDM,MDS,Advanced Access Devices,Midlines,PowerMidline,Fin Adj.
48789,BDM,MMS,Alaris Plus,POC Systems,Alaris Plus Docking Station,AGW BASE-02
48803,BLS,BDB,Research Instruments,LSR/Fortessa,LSR/Fortessa Options,LSR/Fortessa Options
48806,BLS,DS,Microbiology,Other Core Micro,Lab Reagents,Lab Reagents Adjustment
48808,BDI,UCC,Total Acute Urology,Urological Drainage,Sensica Trays,Sensica Temp Meter
48818,BLS,DS,Molecular Diagnostics,Affirm,Affirm Instr - Sale,Affirm Instr - Sale Adjustment
48820,BLS,DS,Microbiology,Blood Culture,Blood Culture Reagents,BACTEC Myco
48828,BDM,MMS,Alaris Plus,IV Pump Delivery,Alaris Plus SE LVP Sets,Burette
48832,BLS,DS,Microbiology,TB,TB Other,Growth Micro Othr TB
48833,BDI,UCC,Total Acute Urology,Urological Drainage,Other Collection Devices,Other Latex Free Tray with Um
48842,BDI,PI,End Stage Kidney Disease,Dialysis Access Grafts,AV Grafts,Access Grafts
48846,BDM,MDS,Gravity and Syringe Delivery,GSD Accessories,GSD Accessories - Other Add-on,General
48854,BDM,MDS,Intelliport,Intelliport,Intelliport NP,Intelliport NP
48855,BDM,MMS,IV Prep,Capital,IV Prep - Other,IV Prep - Other
48863,BLS,BDB,Research Instruments,INFLUX,Influx Options,Influx Options
48868,BLS,BDB,Clinical Reagents,Other Reagents,Other Reagents,Immune Function
48869,BDI,SUR,Performance Irrigation and Other Surgery,Performance Irrigation,Laparoscopic,All Other
48872,BDM,MDS,Anesthesia Systems,Anesthesia Systems - Conventional,Anesthesia Non-Product,Anesthesia Non-Product
48875,BLS,SM,Specimen Management Other,Specimen Management Other,Specimen Management Other,All Other PAS
48878,BLS,DS,Molecular Diagnostics,BD COR,BD COR Other Consumables,BD COR Other Consumables
48881,BLS,DS,Microbiology,Blood Culture,Blood Culture Other,Other Blood Culture
48888,BLS,DS,Cancer,Cytology,PrepMate Instr - Sale,PrepMate Instr Sales
48897,BDI,SUR,Performance Irrigation and Other Surgery,Performance Irrigation,Laparoscopic,All Other
48905,BDI,PI,Oncology,Vacuum Assisted,Vacora Capital,Vacora Capital
48906,BDM,MDS,IV Access,IVA Extension Sets - Other,IVA Extension Sets - Other,Other Safety
48909,BDI,SUR,Performance Irrigation and Other Surgery,Performance Irrigation,Laparoscopic,Endoflo Irrigator
48910,BLS,DS,Microbiology,TB,BACTEC MGIT 960 Instr - Sale,BACTEC MGIT 960 -Sales
48911,BLS,DS,Molecular Diagnostics,BD COR,BD COR STI Reagents,BD COR STI Reagents - Adjustment
48915,BLS,DS,Microbiology,Clinical Media,Tubed Media - Clinical,Tubed Media - Clinical Adjustment
48923,BDM,MDS,Gravity and Syringe Delivery,Gravity and Syringe Delivery,GSD Sales Adjustment,GSD Sales Adjustment
48924,BDM,MDS,IV Access,IVA Sales Adjustment,IVA Sales Adjustment,IVA Sales Adjustment
48925,BLS,DS,Microbiology,Blood Culture,BACTEC FX Instr - Sale,BACTEC FX Instr - Sale Adjustment
48926,BLS,BDB,Research Instruments,LSR/Fortessa,LSR/Fortessa,LSR/Fortessa
48930,BDM,MDS,Corporate Initiatives MDS,Corp InitiativesMDS - PC Adjustment,Corp InitiativesMDS - PC Adjustment NONCATALOG,Corp InitiativesMDS - PC Adjustment
48941,BLS,DS,Microbiology,Industrial Microbiology,Misc Industrial Microbiology,Misc Industrial Microbiology Adjustment
48942,BLS,DS,Molecular Diagnostics,BD MAX,MAX STI,MAX GC
48943,BDI,SUR,Performance Irrigation and Other Surgery,Performance Irrigation,Pulsed Lavage,Varicare
48944,BDM,MDS,Flush & Caps,Prefilled Flush Devices -Conventional,Prefilled Flush Devices Non Product,Prefilled Flush Devices Non Product
48952,BLS,BDB,Research Instruments,Other Instrument Revenue (Research),Other Instrument Revenue (Research),Other Instrument Revenue (Research)
48954,BLS,BDB,Clinical Instruments,FACSLyric,FACSLyric Loader,FACSLyric Loader - PC Adjustment
48961,BLS,DS,Lab Automation,Lab Automation,Lab Automation Consumables,Lab Automation Consumables
48974,BLS,DS,Microbiology,ID/AST,Misc ID and AST,Misc ID and AST Adjustment
48978,BLS,SM,Specimen Acquisition,Wingsets,Conventional Wingsets,Conventional Wingsets - Adjustment
48988,BDM,PS,Corporate Initiatives PS,Corp InitiativesPS - PC Adjustment,Corp InitiativesPS - PC Adjustment NONCATALOG,Corp InitiativesPS - PC Adjustment
48992,BDM,MDS,Peripherally Inserted Intravenous Catheters,PIVC - Non-Product,PIVC Non Product,Catheter Soln Non Product
48997,BLS,SM,Lab Specimen Management,Tubes - Other,Other Tubes & Kits,Other Tubes & Kits - Adjustment
49005,BLS,BDB,Research Instruments,FACSymphony Analyzers,FACSymphony A3 Sorp Instrument,FACSymphony A3 Sorp Instrument
49007,BLS,DS,Lab Automation,Lab Automation,InoqulA+ Instr - Plcmt,InoqulA+ Instr - Plcmt
49013,BDM,MDS,Hypodermic Products,Resuse Prevention Hypodermic Products,SoloShot Mini Syringes,Soloshot MINI IX
49024,BDM,MDS,Hypodermic Products,Safety Hypodermic Products,SafetyGlide - COMBOS,SafetyGlide - COMBOS
49025,BDM,MDS,Advanced Access Devices,Advanced Access Devices - PC Adjustment,Advanced Access Devices - PC Adjustment,Advanced Access Devices - PC Adjustment
49026,BLS,BDB,Research Instruments,FACSDiscover A8,FACSDiscover A8 Instrument,FACSDiscover A8 Instrument
49027,BDM,MDS,Peripherally Inserted Intravenous Catheters,Peripherally Inserted Venous Catheters - PC Adjustment,Peripherally Inserted Venous Catheters - PC Adjustment,Peripherally Inserted Venous Catheters - PC Adjustment
49035,BLS,DS,Lab Automation,Lab Automation,TLA Instr - Plcmt,TLA Instrument - Plcmt
49039,BLS,DS,Cancer,Cytology,PrepStain Instr - Plcmt,PrepStain Placement
49050,BDI,PI,Peripheral Vascular Disease,Venous,Cones/Snares,Cones
49051,BDI,PI,Peripheral Vascular Disease,Venous,Filters,Denali
49053,BDI,UCC,Endourology,Stone Disposables,Laser Technology,Holmium Laser Fibers
49054,BDM,MMS,Alaris System,POC Systems,Alaris System LVP Pump,Drug Infusion
49057,BDM,MMS,Alaris Plus,POC Systems,Alaris Plus Syringe Pump,Enteral
49058,BDM,MMS,Alaris Plus,POC Systems,Alaris Plus GH Pump,GH
49061,BDI,PI,BD PI Other,Non-Sellable,Non-Sellable,Non-Sellable
49065,BDI,SUR,Hernia,Groin Hernia,Groin Open,Soft Mesh
49071,BDI,PI,End Stage Kidney Disease,PTA ESKD,Conquest 40 PTA,Conquest 40 PTA
49076,BDI,PI,End Stage Kidney Disease,End Stage Kidney Disease - PC Adjustment,End Stage Kidney Disease - PC Adjustment,End Stage Kidney Disease - PC Adjustment
49083,BDI,PI,End Stage Kidney Disease,Stents and Stent Grafts ESKD,Covera,Covera
49084,BDI,PI,Peripheral Vascular Disease,Peripheral Grafts,PV Grafts,Carboflo
49091,BDM,MDS,Advanced Access Devices,Central Lines - Non-Standard,Central Lines - Non-Standard Adj.,Central Lines - Non-Standard Adj.
49098,BDI,UCC,Total Home Care Sales,Home Care Sales - PC Adjustment,Home Care Sales - PC Adjustment NONCATALOG,Home Care Sales - PC Adjustment NONCATALOG
49100,BLS,BDB,Research Instruments,Other Instrument Revenue (Research),Other Instrument Revenue (Research),Other Instrument Revenue (Research)
49101,BLS,DS,Diagnostic Solutions Other,Diagnostic Systems Other,Infection Prevention & Mgmt NP,WW Infection Prev&Mgmt Oper Exps-Ex BDMS
49105,BLS,DS,Cancer,Cytology,Cancer - PC Adjustment,Cancer - PC Adjustment
49106,BLS,BDB,Research Instruments,Other Instrument Revenue (Research),Other Instrument Revenue (Research),Other Instrument Revenue (Research)
49108,BDI,PI,BD PI Other,Peripheral Interventional Other,Peripheral Interventional Other,Peripheral Interventional Other
49110,BLS,DS,Microbiology,Blood Culture,Blood Culture Other,Other Blood Culture
49115,BLS,DS,Microbiology,Industrial Microbiology,DCM,Selective & Diff Media
49116,BDI,SUR,Hernia,Groin Hernia,Groin Open,Soft Mesh
49120,BDI,SUR,Hernia,Ventral,Lap Ventral,Composix EX
49130,BDI,PI,BD PI Other,OEM,Cardial Other,Misc Other
49138,BDM,MMS,Alaris System,POC Systems,Alaris System PC Unit,PCU 8015
49142,BLS,BDB,Research Reagents,Research Core Non-Sirigen,Non Sirigen - Immune Function (Flow Cytometry),Non Sirigen - Immune Function (Flow Cytometry)
49143,BDI,UCC,Endourology,Stone Disposables,Ureterals,Wov Uret Cone
49150,BDI,UCC,Total Acute Urology,Acute Care - Non-Sellable,Acute Care - Non-Sellable,Acute Care - Non-Sellable
49152,BDI,PI,Peripheral Vascular Disease,Peripheral Grafts,PV Grafts,Carboflo
49154,BDI,SUR,Hernia,Ventral,Other Ventral Synthetic,Dulex
49160,BDI,PI,BD PI Other,Peripheral Interventional Other,Adjustments PT,Adjustments Peripheral Technol
49163,BLS,BDB,Research Instruments,Other Instrument Revenue (Research),Other Instrument Revenue (Research),Other Instrument Revenue (Research)
49169,BDM,MDS,Advanced Access Devices,Central Lines - Non-Standard,Central Lines - Non-Standard Adj.,Central Lines - Non-Standard Adj.
49172,BDI,UCC,Total BD UCC Other,Non-Bard,Non-Bard,Non-Bard
49176,BDM,MMS,Alaris System,POC Systems,Alaris System PC Unit,PCU 8015
49184,BDI,UCC,Total Acute Urology,Acute Care - Non-Sellable,Acute Care - Non-Sellable,Acute Care - Non-Sellable
49193,BLS,DS,Lab Automation,Lab Automation - PC Adjustment,Lab Automation - PC Adjustment,Lab Automation - PC Adjustment
49209,BDI,PI,Oncology,Vacuum Assisted,Vacora Capital,Vacora Capital
49217,BDM,MDS,Vascular Access Technologies,Site-Rite,Site-Rite Consoles - ISALES,Legacy Site Rite
49221,BDI,SUR,Hernia,Groin Hernia,Plugs,Light Plug
49230,BDI,PI,End Stage Kidney Disease,End Stage Kidney Disease - PC Adjustment,End Stage Kidney Disease - PC Adjustment,End Stage Kidney Disease - PC Adjustment
49263,BDI,SUR,Infection Prevention - Surgical,Other IP,Bulk Solutions,Bulk Solutions
49290,BDI,UCC,Total Acute Urology,Urological Drainage,Non-IC Specialty Foleys,75cc
49302,BDI,PI,Oncology,Ports,Ports,Non-Power Ports
49314,BLS,DS,Microbiology,Microbiology - PC Adjustment,Microbiology - PC Adjustment,Microbiology - PC Adjustment
49315,BDM,MDS,IV Access,IVA SmartSite,IVA Extension Sets - SmartSite,SmartSite
49351,BDM,MDS,Advanced Access Devices,Port Access,Port Access Needles,Port Accessories
49358,BLS,DS,Microbiology,Other Microbiology,All Other Microbiology,Lactinex
49376,BLS,DS,Microbiology,Other Microbiology,All Other Microbiology,Lactinex
49385,BDM,MDS,Hypodermic Products,Conventional Hypodermic Products,2-Piece Conventional - COMBOS,2ml Syringe with Ndl
49387,BDM,PS,Prefillable Systems,Glass Container,Hypak for Antico,SCF Needle RNS
