,preds,probs
0,hypak for antico,0.59
1,vacutainer tubes,0.82
2,plastipak,0.81
3,plastipak,1.0
4,plastipak,0.81
5,purewick canister & tubing,0.83
6,hypak for vaccine,1.0
7,safety wingset,0.86
8,hypak for antico,0.57
9,hypak for antico,0.59
10,safety wingset,0.86
11,safety wingset,1.0
12,vacutainer tubes,0.86
13,plastipak,0.98
14,neopak,0.73
15,safety wingset,0.68
16,neopak,1.0
17,hypak for antico,1.0
18,safety wingset,0.85
19,plastipak,1.0
20,vacutainer tubes,0.98
21,safety wingset,1.0
22,plastipak,0.64
23,safety wingset,0.99
24,safety wingset,0.86
25,safety wingset,0.95
26,safety wingset,0.98
27,vacutainer tubes,0.83
28,vacutainer tubes,0.88
29,purewick catheter,1.0
30,hypak for antico,0.96
31,safety wingset,1.0
32,hypak for antico,1.0
33,vacutainer tubes,0.83
34,safety wingset,0.86
35,vacutainer tubes,0.97
36,plastipak,0.68
37,safety wingset,0.86
38,hypak for antico,1.0
39,hypak for antico,0.59
40,chloraprep,0.7
41,hypak for antico,0.9
42,hypak for antico,0.94
43,purewick catheter,1.0
44,plastipak,0.81
45,safety wingset,0.83
46,safety wingset,0.9
47,veritor assays,0.99
48,safety wingset,0.86
49,neopak,0.51
50,hypak for antico,0.48
51,hypak for antico,1.0
52,safety wingset,1.0
53,safety wingset,0.86
54,plastipak,0.41
55,vacutainer tubes,1.0
56,hypak for antico,0.94
57,purewick catheter,1.0
58,safety wingset,0.95
59,safety wingset,0.98
60,safety wingset,0.95
61,vacutainer tubes,0.82
62,safety wingset,1.0
63,safety wingset,0.92
64,safety wingset,1.0
65,purewick canister & tubing,0.98
66,vacutainer tubes,0.98
67,safety wingset,1.0
68,safety wingset,0.94
69,purewick catheter,1.0
70,safety wingset,1.0
71,vacutainer tubes,1.0
72,safety wingset,1.0
73,plastipak,1.0
74,purewick canister & tubing,1.0
75,purewick catheter,0.98
76,purewick canister & tubing,0.9
77,exclude,0.73
78,purewick catheter,0.62
79,safety wingset,0.93
80,vacutainer tubes,1.0
81,safety wingset,0.86
82,hypak for antico,1.0
83,hypak for vaccine,1.0
84,plastipak,0.72
85,safety wingset,0.98
86,vacutainer tubes,0.96
87,safety wingset,1.0
88,vacutainer tubes,0.98
89,safety wingset,0.95
90,vacutainer tubes,0.99
91,neopak,0.51
92,purewick catheter,0.89
93,safety wingset,0.94
94,safety wingset,0.92
95,hypak for antico,1.0
96,safety wingset,1.0
97,purewick catheter,0.8
98,vacutainer tubes,0.95
99,safety wingset,0.99
100,vacutainer tubes,1.0
101,safety wingset,0.9
102,safety wingset,0.95
103,neopak,0.51
104,exclude,0.8
105,purewick catheter,0.91
106,hypak for antico,0.94
107,purewick canister & tubing,0.9
108,neopak,0.91
109,vacutainer tubes,0.57
110,safety wingset,0.86
111,purewick catheter,0.89
112,vacutainer tubes,0.87
113,safety wingset,0.95
114,safety wingset,0.94
115,purewick catheter,1.0
116,purewick catheter,0.54
117,vacutainer tubes,0.99
118,bactec vials,0.99
119,purewick canister & tubing,1.0
120,vacutainer tubes,1.0
121,hypak for antico,0.96
122,purewick catheter,0.89
123,veritor assays,1.0
124,plastipak,1.0
125,veritor assays,0.7
126,purewick catheter,0.91
127,purewick canister & tubing,1.0
128,purewick catheter,1.0
129,safety wingset,0.99
130,safety wingset,1.0
131,vacutainer tubes,0.93
132,safety wingset,0.86
133,purewick catheter,0.62
134,purewick catheter,0.54
135,vacutainer tubes,0.87
136,purewick catheter,1.0
137,safety wingset,0.94
138,purewick canister & tubing,0.98
139,safety wingset,0.99
140,vacutainer tubes,1.0
141,safety wingset,0.99
142,neopak,0.51
143,plastipak,0.64
144,plastipak,0.64
145,safety wingset,0.94
146,safety wingset,0.94
147,safety wingset,0.94
148,safety wingset,1.0
149,purewick catheter,1.0
150,purewick catheter,1.0
151,safety wingset,0.86
152,exclude,0.4685
153,safety wingset,1.0
154,purewick canister & tubing,0.9
155,purewick catheter,1.0
156,plastipak,0.36
157,purewick canister & tubing,0.92
158,purewick catheter,0.54
159,safety wingset,0.85
160,vacutainer tubes,0.98
161,purewick catheter,0.54
162,safety wingset,0.86
163,safety wingset,0.87
164,purewick catheter,0.89
165,purewick canister & tubing,0.61
166,safety wingset,1.0
167,purewick catheter,0.78
168,safety wingset,0.94
169,hypak for antico,1.0
170,hypak for antico,0.9
171,safety wingset,0.98
172,safety wingset,0.81
173,veritor assays,0.52
174,safety wingset,0.86
175,safety wingset,0.89
176,safety wingset,0.86
177,purewick canister & tubing,1.0
178,safety wingset,1.0
179,safety wingset,1.0
180,purewick catheter,1.0
181,bactec vials,0.9
182,purewick catheter,1.0
183,safety wingset,1.0
184,safety wingset,0.94
185,vacutainer tubes,0.79
186,safety wingset,0.95
187,safety wingset,0.99
188,chloraprep,0.63
189,purewick canister & tubing,0.94
190,chloraprep,0.74
191,vacutainer tubes,1.0
192,purewick canister & tubing,0.95
193,powerport,0.87
194,purewick catheter,0.85
195,safety wingset,0.95
196,plastipak,0.64
197,purewick catheter,0.54
198,veritor assays,0.52
199,hypak for antico,0.99
200,purewick catheter,0.85
201,safety wingset,0.99
202,plastipak,0.69
203,purewick catheter,0.8
204,powerport,0.74
205,purewick catheter,0.54
206,safety wingset,0.98
207,purewick catheter,0.91
208,purewick canister & tubing,0.92
209,vacutainer tubes,0.93
210,safety wingset,0.98
211,veritor assays,0.76
212,purewick catheter,0.5700000000000001
213,vacutainer tubes,0.97
214,purewick catheter,0.54
215,purewick catheter,0.54
216,safety wingset,0.95
217,purewick catheter,0.54
218,safety wingset,0.95
219,hypak for antico,0.48
220,vacutainer tubes,1.0
221,purewick canister & tubing,0.92
222,purewick canister & tubing,0.95
223,purewick catheter,0.54
224,vacutainer tubes,0.97
225,purewick catheter,1.0
226,purewick canister & tubing,1.0
227,safety wingset,0.95
228,purewick catheter,0.78
229,purewick canister & tubing,1.0
230,purewick catheter,0.54
231,veritor assays,1.0
232,powerport,0.74
233,bactec vials,1.0
234,purewick catheter,0.8
235,purewick catheter,0.54
236,bactec vials,0.95
237,purewick canister & tubing,0.96
238,safety wingset,0.93
239,safety wingset,0.86
240,safety wingset,0.94
241,bactec vials,0.9
242,purewick catheter,1.0
243,safety wingset,1.0
244,safety wingset,0.99
245,vacutainer tubes,0.95
246,purewick canister & tubing,0.99
247,purewick catheter,1.0
248,powerport,0.74
249,plastipak,0.97
250,safety wingset,0.99
251,safety wingset,0.99
252,safety wingset,0.95
253,chloraprep,0.7
254,purewick catheter,0.91
255,purewick catheter,0.5700000000000001
256,safety wingset,0.95
257,purewick catheter,0.8
258,purewick catheter,1.0
259,purewick catheter,1.0
260,purewick catheter,0.8
261,purewick catheter,0.5816666666666667
262,exclude,0.89
263,safety wingset,0.86
264,vacutainer tubes,0.99
265,purewick catheter,1.0
266,plastipak,0.64
267,plastipak,0.81
268,safety wingset,0.94
269,safety wingset,1.0
270,veritor assays,0.52
271,purewick canister & tubing,1.0
272,purewick catheter,1.0
273,purewick catheter,0.54
274,powerport,0.66
275,purewick canister & tubing,0.92
276,plastipak,0.85
277,purewick canister & tubing,0.92
278,purewick catheter,1.0
279,purewick catheter,1.0
280,bactec vials,0.9
281,purewick catheter,0.95
282,purewick catheter,0.78
283,veritor assays,0.52
284,purewick catheter,0.93
285,purewick catheter,0.8
286,veritor assays,0.52
287,vacutainer tubes,0.87
288,safety wingset,0.99
289,safety wingset,0.65
290,purewick catheter,0.79
291,exclude,0.73
292,veritor assays,0.52
293,purewick catheter,0.8
294,powerport,0.69
295,purewick catheter,0.81
296,plastipak,0.64
297,safety wingset,0.95
298,powerport,0.66
299,purewick canister & tubing,0.82
300,chloraprep,0.94
301,purewick catheter,1.0
302,safety wingset,0.89
303,purewick catheter,1.0
304,safety wingset,0.98
305,purewick catheter,1.0
306,purewick catheter,1.0
307,bactec vials,0.98
308,purewick catheter,1.0
309,purewick catheter,0.54
310,safety wingset,0.94
311,purewick catheter,1.0
312,powerport,0.69
313,bactec vials,1.0
314,purewick catheter,1.0
315,vacutainer tubes,0.97
316,safety wingset,0.95
317,safety wingset,0.94
318,veritor assays,0.77
319,purewick canister & tubing,1.0
320,purewick catheter,1.0
321,purewick catheter,0.79
322,purewick catheter,0.54
323,powerport,0.62
324,purewick catheter,1.0
325,powerport,0.73
326,safety wingset,1.0
327,vacutainer tubes,0.87
328,chloraprep,0.91
329,purewick catheter,0.8
330,safety wingset,0.95
331,safety wingset,1.0
332,vacutainer tubes,0.97
333,vacutainer tubes,0.97
334,purewick canister & tubing,0.63
335,purewick catheter,0.85
336,safety wingset,0.97
337,purewick catheter,1.0
338,safety wingset,0.77
339,safety wingset,0.94
340,purewick catheter,1.0
341,safety wingset,0.98
342,purewick canister & tubing,0.5
343,safety wingset,1.0
344,purewick catheter,0.95
345,safety wingset,0.55
346,purewick canister & tubing,0.88
347,vacutainer tubes,0.97
348,chloraprep,0.7
349,bactec vials,0.95
350,purewick catheter,0.95
351,purewick catheter,0.85
352,safety wingset,0.88
353,powerport,0.63
354,safety wingset,1.0
355,safety wingset,0.98
356,purewick catheter,0.54
357,plastipak,0.87
358,veritor assays,1.0
359,safety wingset,0.98
360,purewick canister & tubing,0.99
361,vacutainer tubes,0.87
362,veritor assays,0.6
363,powerport,0.7
364,powerport,0.74
365,purewick catheter,1.0
366,exclude,0.44
367,exclude,0.78
368,vacutainer tubes,1.0
369,safety wingset,0.55
370,safety wingset,1.0
371,safety wingset,1.0
372,purewick catheter,0.85
373,safety wingset,1.0
374,powerport,0.66
375,purewick catheter,1.0
376,safety wingset,0.95
377,purewick catheter,0.54
378,powerport,0.74
379,exclude,0.38
380,purewick catheter,1.0
381,powerport,0.51
382,chloraprep,0.7
383,purewick catheter,0.54
384,safety wingset,1.0
385,purewick canister & tubing,0.79
386,powerport,0.72
387,veritor assays,0.98
388,exclude,1.0
389,safety wingset,0.99
390,powerport,0.63
391,safety wingset,0.94
392,safety wingset,0.95
393,purewick catheter,0.85
394,safety wingset,0.99
395,safety wingset,1.0
396,vacutainer tubes,1.0
397,vacutainer tubes,0.59
398,veritor assays,1.0
399,purewick canister & tubing,0.71
400,vacutainer tubes,0.78
401,safety wingset,0.84
402,purewick catheter,0.92
403,purewick catheter,1.0
404,purewick catheter,0.92
405,purewick catheter,0.7
406,purewick catheter,0.92
407,purewick catheter,0.95
408,plastipak,0.57
409,safety wingset,0.72
410,purewick catheter,0.95
411,safety wingset,0.97
412,purewick catheter,0.92
413,powerport,0.72
414,safety wingset,1.0
415,purewick catheter,1.0
416,safety wingset,0.95
417,purewick canister & tubing,1.0
418,purewick catheter,0.99
419,vacutainer tubes,0.97
420,vacutainer tubes,0.37
421,purewick catheter,0.54
422,purewick catheter,0.95
423,safety wingset,1.0
424,powerport,0.47
425,powerport,0.73
426,purewick catheter,0.95
427,powerport,0.62
428,bactec vials,1.0
429,purewick catheter,1.0
430,safety wingset,0.98
431,purewick catheter,1.0
432,chloraprep,1.0
433,purewick catheter,0.93
434,powerport,0.63
435,plastipak,0.69
436,exclude,0.38
437,safety wingset,1.0
438,safety wingset,0.99
439,veritor assays,0.72
440,vacutainer tubes,0.93
441,safety wingset,0.94
442,purewick catheter,0.7
443,purewick catheter,0.79
444,powerport,0.7
445,safety wingset,1.0
446,purewick catheter,0.99
447,chloraprep,0.87
448,safety wingset,1.0
449,purewick catheter,0.8
450,purewick canister & tubing,0.79
451,veritor assays,0.75
452,safety wingset,1.0
453,powerport,0.99
454,purewick catheter,0.95
455,purewick catheter,0.95
456,safety wingset,1.0
457,purewick canister & tubing,0.88
458,safety wingset,0.94
459,plastipak,0.94
460,vacutainer tubes,0.99
461,veritor assays,0.52
462,purewick catheter,0.79
463,purewick catheter,0.92
464,veritor assays,0.43
465,powerport,0.55
466,exclude,0.5
467,chloraprep,0.91
468,purewick catheter,0.92
469,purewick catheter,0.8
470,exclude,0.6
471,safety wingset,0.95
472,purewick canister & tubing,0.5
473,exclude,0.85
474,purewick catheter,0.85
475,purewick catheter,1.0
476,purewick catheter,0.92
477,veritor assays,0.52
478,powerport,0.56
479,safety wingset,0.98
480,safety wingset,0.77
481,safety wingset,0.87
482,purewick catheter,0.95
483,safety wingset,0.94
484,purewick catheter,0.89
485,purewick catheter,0.93
486,purewick catheter,0.95
487,powerport,0.73
488,purewick canister & tubing,0.75
489,vacutainer tubes,0.87
490,veritor assays,0.52
491,safety wingset,0.98
492,safety wingset,0.87
493,purewick catheter,0.54
494,purewick catheter,1.0
495,purewick catheter,0.95
496,exclude,0.89
497,chloraprep,0.92
498,purewick catheter,0.89
499,purewick catheter,0.99
500,powerport,0.99
501,powerport,0.69
502,purewick catheter,0.54
503,purewick canister & tubing,0.94
504,powerport,0.63
505,safety wingset,0.99
506,safety wingset,0.77
507,purewick catheter,0.92
508,purewick catheter,0.92
509,safety wingset,0.95
510,vacutainer tubes,0.59
511,safety wingset,0.95
512,powerport,0.99
513,safety wingset,0.98
514,chloraprep,0.71
515,purewick canister & tubing,1.0
516,purewick catheter,0.92
517,safety wingset,0.99
518,safety wingset,0.95
519,powerport,0.47
520,safety wingset,0.94
521,purewick catheter,0.79
522,purewick catheter,0.96
523,purewick canister & tubing,0.94
524,bactec vials,1.0
525,purewick catheter,0.95
526,powerport,0.96
527,powerport,0.99
528,purewick catheter,0.81
529,purewick canister & tubing,0.99
530,powerport,0.73
531,safety wingset,0.95
532,purewick catheter,0.92
533,safety wingset,0.99
534,purewick catheter,0.79
535,safety wingset,1.0
536,safety wingset,0.55
537,powerport,0.95
538,safety wingset,0.94
539,purewick canister & tubing,0.94
540,safety wingset,0.65
541,veritor assays,0.43
542,purewick catheter,0.92
543,purewick catheter,1.0
544,veritor assays,0.43
545,purewick catheter,0.95
546,purewick catheter,0.79
547,safety wingset,0.39
548,purewick catheter,0.92
549,purewick canister & tubing,0.97
550,vacutainer tubes,0.78
551,safety wingset,0.94
552,purewick catheter,0.85
553,chloraprep,0.72
554,safety wingset,0.49
555,safety wingset,0.97
556,safety wingset,0.96
557,purewick device,0.7
558,purewick catheter,0.85
559,powerport,0.76
560,purewick catheter,0.96
561,safety wingset,1.0
562,exclude,0.36
563,chloraprep,0.58
564,purewick catheter,0.92
565,safety wingset,0.94
566,purewick catheter,1.0
567,purewick canister & tubing,0.78
568,purewick canister & tubing,0.98
569,purewick catheter,0.96
570,powerport,0.66
571,purewick catheter,0.8
572,safety wingset,0.87
573,safety wingset,0.77
574,safety wingset,0.94
575,purewick catheter,0.7
576,powerport,0.75
577,safety wingset,0.87
578,powerport,0.7
579,purewick catheter,0.85
580,purewick catheter,0.93
581,purewick catheter,0.8
582,vacutainer tubes,0.73
583,powerport,0.75
584,safety wingset,0.95
585,purewick catheter,0.92
586,powerport,0.99
587,vacutainer tubes,0.74
588,safety wingset,0.95
589,safety wingset,0.88
590,safety wingset,1.0
591,safety wingset,0.55
592,powerport,1.0
593,purewick catheter,0.95
594,safety wingset,0.98
595,safety wingset,0.65
596,safety wingset,0.99
597,purewick canister & tubing,0.88
598,powerport,1.0
599,exclude,0.6
600,chloraprep,0.67
601,vacutainer tubes,0.93
602,safety wingset,1.0
603,vacutainer tubes,0.94
604,safety wingset,0.49
605,powerport,0.96
606,purewick catheter,0.92
607,safety wingset,0.55
608,purewick catheter,0.85
609,chloraprep,0.67
610,purewick canister & tubing,1.0
611,veritor assays,0.43
612,purewick catheter,0.91
613,purewick canister & tubing,0.75
614,powerport,0.75
615,powerport,0.99
616,purewick catheter,1.0
617,purewick catheter,0.93
618,powerport,0.51
619,safety wingset,0.55
620,safety wingset,1.0
621,safety wingset,0.95
622,purewick canister & tubing,0.61
623,veritor assays,0.63
624,exclude,0.4
625,vacutainer tubes,0.74
626,veritor assays,0.52
627,safety wingset,0.98
628,purewick catheter,0.96
629,powerport,0.99
630,safety wingset,0.94
631,purewick catheter,0.95
632,powerport,0.99
633,safety wingset,0.55
634,purewick catheter,0.96
635,purewick catheter,1.0
636,vacutainer tubes,0.97
637,safety wingset,0.49
638,plastipak,0.99
639,safety wingset,1.0
640,safety wingset,0.95
641,safety wingset,0.96
642,powerport,0.99
643,purewick catheter,0.79
644,chloraprep,0.7
645,exclude,0.81
646,safety wingset,1.0
647,purewick catheter,0.96
648,safety wingset,0.94
649,safety wingset,0.95
650,purewick catheter,0.96
651,purewick catheter,0.85
652,exclude,0.72
653,powerport,0.99
654,safety wingset,0.95
655,safety wingset,0.99
656,purewick catheter,0.96
657,safety wingset,0.96
658,safety wingset,0.77
659,safety wingset,0.94
660,purewick catheter,0.79
661,veritor assays,0.52
662,veritor assays,0.52
663,powerport,0.99
664,safety wingset,0.77
665,powerport,0.7
666,powerport,0.99
667,safety wingset,0.96
668,powerport,0.99
669,purewick canister & tubing,0.88
670,powerport,0.96
671,safety wingset,0.94
672,purewick catheter,0.81
673,purewick catheter,0.54
674,safety wingset,0.96
675,veritor assays,0.43
676,safety wingset,0.95
677,purewick catheter,0.89
678,safety wingset,0.99
679,powerport,0.99
680,powerport,0.99
681,purewick catheter,0.93
682,powerport,0.99
683,vacutainer tubes,0.67
684,powerport,0.96
685,safety wingset,1.0
686,purewick catheter,0.96
687,safety wingset,0.95
688,safety wingset,0.77
689,purewick catheter,0.96
690,safety wingset,0.94
691,powerport,0.96
692,powerport,0.69
693,safety wingset,1.0
694,purewick catheter,0.99
695,safety wingset,0.55
696,safety wingset,0.88
697,purewick canister & tubing,0.88
698,safety wingset,0.95
699,powerport,0.99
700,vacutainer tubes,0.93
701,purewick catheter,0.85
702,vacutainer tubes,0.99
703,vacutainer tubes,0.99
704,safety wingset,0.98
705,purewick catheter,0.6779999999999999
706,powerport,0.51
707,veritor assays,0.43
708,purewick catheter,0.96
709,powerport,0.96
710,veritor assays,0.52
711,powerport,0.97
712,powerport,0.69
713,chloraprep,0.72
714,safety wingset,0.94
715,vacutainer tubes,0.99
716,powerport,0.99
717,powerport,0.97
718,powerport,0.96
719,safety wingset,0.63
720,purewick catheter,0.85
721,safety wingset,0.63
722,purewick catheter,0.93
723,safety wingset,0.65
724,powerport,0.76
725,powerport,0.99
726,powerport,0.97
727,powerport,0.48
728,safety wingset,0.55
729,vacutainer tubes,0.97
730,vacutainer tubes,0.51
731,powerport,0.99
732,safety wingset,0.91
733,purewick canister & tubing,0.93
734,purewick catheter,0.93
735,safety wingset,0.98
736,safety wingset,0.99
737,safety wingset,0.99
738,veritor assays,0.43
739,safety wingset,0.94
740,safety wingset,0.77
741,powerport,0.96
742,powerport,0.99
743,purewick canister & tubing,0.93
744,purewick canister & tubing,0.97
745,powerport,0.99
746,purewick canister & tubing,0.82
747,safety wingset,1.0
748,safety wingset,0.95
749,chloraprep,0.73
750,purewick canister & tubing,1.0
751,safety wingset,0.83
752,purewick catheter,0.85
753,purewick catheter,0.85
754,purewick catheter,1.0
755,powerport,0.72
756,safety wingset,1.0
757,chloraprep,0.67
758,veritor assays,0.52
759,powerport,0.82
760,veritor assays,0.52
761,safety wingset,0.98
762,purewick catheter,0.81
763,safety wingset,0.55
764,safety wingset,0.77
765,purewick catheter,0.85
766,powerport,0.96
767,purewick canister & tubing,1.0
768,safety wingset,0.94
769,purewick catheter,0.85
770,purewick catheter,0.85
771,powerport,0.82
772,bactec vials,0.96
773,safety wingset,0.55
774,safety wingset,0.55
775,safety wingset,0.55
776,purewick catheter,0.85
777,safety wingset,0.95
778,purewick canister & tubing,0.94
779,purewick catheter,0.88
780,safety wingset,0.77
781,chloraprep,0.73
782,bactec vials,0.9
783,powerport,0.72
784,safety wingset,0.55
785,powerport,0.51
786,purewick canister & tubing,0.78
787,powerport,0.95
788,veritor device,0.47
789,veritor device,0.81
790,bactec vials,0.45
791,safety wingset,0.95
792,pyxis,0.59
793,plastipak,0.38
794,purewick device,0.69
795,exclude,0.58
796,safety wingset,0.77
797,powerport,0.99
798,safety wingset,1.0
799,safety wingset,0.55
800,powerport,0.99
801,powerport,0.99
802,purewick canister & tubing,1.0
803,safety wingset,0.55
804,purewick catheter,0.85
805,purewick catheter,0.85
806,safety wingset,0.98
807,chloraprep,0.7
808,purewick catheter,0.95
809,powerport,0.99
810,powerport,0.55
811,veritor assays,0.43
812,powerport,0.99
813,safety wingset,0.77
814,bactec vials,0.95
815,purewick catheter,0.79
816,purewick catheter,0.79
817,powerport,0.99
818,powerport,0.55
819,safety wingset,0.55
820,purewick catheter,0.85
821,purewick catheter,0.85
822,powerport,0.99
823,powerport,0.97
824,powerport,0.96
825,powerport,0.96
826,powerport,0.96
827,powerport,0.99
828,powerport,0.72
829,safety wingset,0.94
830,safety wingset,0.77
831,vacutainer tubes,1.0
832,powerport,0.99
833,exclude,0.36
834,purewick catheter,0.96
835,powerport,0.99
836,safety wingset,0.99
837,safety wingset,0.96
838,purewick catheter,0.81
839,powerport,0.97
840,purewick catheter,0.85
841,bactec vials,0.96
842,safety wingset,0.97
843,chloraprep,0.67
844,safety wingset,0.94
845,vacutainer tubes,0.97
846,powerport,0.97
847,powerport,0.47
848,purewick catheter,0.85
849,powerport,0.96
850,safety wingset,0.77
851,bactec vials,1.0
852,chloraprep,0.7
853,purewick device,0.92
854,powerport,0.99
855,powerport,0.96
856,powerport,0.99
857,powerport,0.99
858,safety wingset,1.0
859,powerport,0.99
860,powerport,0.55
861,exclude,0.56
862,safety wingset,0.55
863,powerport,0.99
864,safety wingset,0.99
865,purewick device,0.63
866,purewick catheter,0.79
867,safety wingset,0.99
868,purewick catheter,0.93
869,purewick catheter,0.85
870,purewick catheter,0.85
871,safety wingset,0.98
872,powerport,0.99
873,chloraprep,0.72
874,safety wingset,0.95
875,safety wingset,0.94
876,safety wingset,0.99
877,powerport,0.55
878,powerport,0.97
879,powerport,0.55
880,powerport,0.99
881,exclude,0.56
882,purewick canister & tubing,0.75
883,purewick canister & tubing,0.78
884,powerport,0.99
885,powerport,0.96
886,veritor assays,0.52
887,chloraprep,0.73
888,chloraprep,0.73
889,purewick catheter,0.85
890,purewick catheter,0.85
891,powerport,0.97
892,chloraprep,0.74
893,powerport,0.96
894,powerport,0.82
895,safety wingset,0.95
896,purewick catheter,0.93
897,safety wingset,0.98
898,bactec vials,1.0
899,purewick canister & tubing,0.88
900,bactec vials,0.96
901,bactec vials,0.96
902,bactec vials,0.96
903,bactec vials,0.96
904,bactec vials,0.96
905,bactec vials,0.96
906,bactec vials,0.96
907,bactec vials,0.96
908,bactec vials,0.96
909,bactec vials,0.96
910,safety wingset,0.95
911,safety wingset,0.94
912,safety wingset,0.88
913,plastipak,0.38
914,purewick catheter,0.85
915,purewick catheter,1.0
916,exclude,0.47
917,purewick catheter,1.0
918,purewick catheter,0.85
919,purewick catheter,0.85
920,safety wingset,0.65
921,safety wingset,0.79
922,safety wingset,0.39
923,bactec vials,0.96
924,powerport,0.99
925,powerport,0.99
926,powerport,0.97
927,safety wingset,0.63
928,safety wingset,0.94
929,purewick catheter,0.85
930,powerport,0.97
931,safety wingset,0.77
932,powerport,0.55
933,powerport,0.56
934,safety wingset,0.63
935,purewick canister & tubing,0.64
936,safety wingset,0.95
937,exclude,0.85
938,powerport,0.97
939,powerport,0.97
940,chloraprep,0.77
941,powerport,0.97
942,bactec vials,0.96
943,bactec vials,0.96
944,bactec vials,0.96
945,bactec vials,0.96
946,exclude,0.69
947,safety wingset,0.98
948,safety wingset,0.99
949,purewick catheter,0.85
950,purewick catheter,0.85
951,powerport,0.97
952,purewick canister & tubing,0.75
953,vacutainer tubes,0.67
954,purewick catheter,0.93
955,powerport,0.97
956,purewick catheter,0.56
957,vacutainer tubes,0.59
958,powerport,0.97
959,bactec vials,0.96
960,bactec vials,0.96
961,bactec vials,0.96
962,safety wingset,0.55
963,purewick canister & tubing,0.6
964,purewick canister & tubing,0.6
965,purewick canister & tubing,0.6
966,purewick catheter,0.85
967,bactec vials,0.96
968,powerport,0.99
969,safety wingset,0.99
970,safety wingset,0.63
971,purewick device,0.57
972,powerport,0.97
973,safety wingset,0.65
974,bactec vials,0.96
975,purewick catheter,0.85
976,purewick catheter,0.85
977,purewick catheter,0.85
978,safety wingset,0.98
979,purewick catheter,0.85
980,powerport,0.97
981,bactec vials,0.95
982,safety wingset,0.77
983,powerport,0.96
984,chloraprep,0.67
985,powerport,0.97
986,powerport,0.97
987,safety wingset,0.95
988,chloraprep,0.67
989,chloraprep,0.73
990,purewick catheter,0.85
991,powerport,0.97
992,safety wingset,1.0
993,safety wingset,0.63
994,exclude,0.56
995,purewick catheter,0.85
996,purewick catheter,0.85
997,safety wingset,1.0
998,purewick catheter,0.89
999,purewick catheter,0.85
1000,purewick catheter,0.85
1001,exclude,0.56
1002,powerport,0.97
1003,powerport,0.97
1004,purewick canister & tubing,0.88
1005,bactec vials,0.96
1006,purewick catheter,0.9
1007,chloraprep,0.48
1008,purewick catheter,0.85
1009,vacutainer tubes,0.97
1010,vacutainer tubes,0.93
1011,purewick catheter,0.91
1012,purewick device,0.77
1013,powerport,0.97
1014,powerport,0.97
1015,powerport,0.97
1016,powerport,0.99
1017,powerport,0.97
1018,veritor assays,0.3
1019,safety wingset,0.96
1020,chloraprep,0.72
1021,powerport,0.97
1022,purewick catheter,0.93
1023,powerport,0.97
1024,powerport,0.99
1025,powerport,0.97
1026,purewick catheter,0.93
1027,exclude,0.36
1028,purewick catheter,0.85
1029,purewick catheter,0.85
1030,purewick catheter,0.85
1031,powerport,0.97
1032,chloraprep,0.72
1033,purewick canister & tubing,0.5
1034,powerport,0.97
1035,powerport,0.99
1036,safety wingset,0.77
1037,powerport,0.99
1038,safety wingset,0.99
1039,chloraprep,0.77
1040,safety wingset,0.77
1041,powerport,0.99
1042,bactec vials,0.96
1043,powerport,0.99
1044,purewick catheter,0.85
1045,chloraprep,0.77
1046,purewick device,0.85
1047,powerport,0.96
1048,safety wingset,0.95
1049,pyxis,0.69
1050,bactec vials,0.96
1051,purewick catheter,0.85
1052,safety wingset,0.91
1053,purewick catheter,0.85
1054,purewick catheter,0.85
1055,purewick catheter,1.0
1056,purewick catheter,0.85
1057,safety wingset,0.77
1058,powerport,0.97
1059,powerport,0.97
1060,purewick canister & tubing,0.88
1061,powerport,0.96
1062,safety wingset,0.96
1063,chloraprep,0.77
1064,powerport,0.97
1065,bactec vials,0.96
1066,powerport,0.95
1067,exclude,0.77
1068,safety wingset,0.63
1069,safety wingset,0.63
1070,chloraprep,0.72
1071,purewick catheter,0.54
1072,safety wingset,0.55
1073,chloraprep,0.67
1074,safety wingset,0.55
1075,bactec vials,0.79
1076,powerport,0.97
1077,powerport,0.99
1078,powerport,0.99
1079,vacutainer tubes,0.99
1080,purewick canister & tubing,0.94
1081,safety wingset,0.55
1082,safety wingset,0.95
1083,purewick catheter,0.93
1084,safety wingset,0.55
1085,safety wingset,0.55
1086,safety wingset,0.77
1087,powerport,0.97
1088,vacutainer tubes,0.99
1089,vacutainer tubes,0.99
1090,vacutainer tubes,0.99
1091,safety wingset,0.63
1092,bactec vials,0.94
1093,safety wingset,1.0
1094,bactec vials,0.96
1095,bactec vials,0.96
1096,bactec vials,0.96
1097,bactec vials,0.96
1098,powerport,0.99
1099,powerport,0.97
1100,bactec vials,0.96
1101,bactec vials,0.96
1102,bactec vials,0.96
1103,bactec vials,0.96
1104,safety wingset,0.95
1105,powerport,0.58
1106,powerport,0.58
1107,purewick catheter,0.85
1108,purewick catheter,0.85
1109,purewick catheter,0.85
1110,purewick catheter,0.85
1111,purewick catheter,0.85
1112,safety wingset,0.98
1113,purewick catheter,0.85
1114,exclude,0.95
1115,bactec vials,0.64
1116,safety wingset,0.96
1117,purewick device,0.61
1118,chloraprep,0.77
1119,powerport,0.97
1120,purewick catheter,0.85
1121,purewick catheter,0.85
1122,purewick catheter,0.85
1123,chloraprep,0.77
1124,powerport,0.99
1125,bactec vials,0.96
1126,powerport,0.95
1127,powerport,0.97
1128,safety wingset,0.77
1129,safety wingset,0.63
1130,chloraprep,0.77
1131,powerport,0.97
1132,powerport,0.58
1133,safety wingset,0.73
1134,bactec vials,0.96
1135,safety wingset,0.63
1136,powerport,0.58
1137,safety wingset,0.95
1138,bactec vials,0.97
1139,chloraprep,0.72
1140,purewick catheter,0.93
1141,chloraprep,0.67
1142,purewick catheter,0.89
1143,purewick catheter,0.85
1144,purewick catheter,0.85
1145,purewick catheter,0.85
1146,exclude,0.47
1147,safety wingset,0.95
1148,exclude,0.47
1149,purewick catheter,0.81
1150,purewick canister & tubing,0.98
1151,purewick catheter,0.85
1152,purewick canister & tubing,0.6
1153,plastipak,0.38
1154,plastipak,0.38
1155,purewick catheter,0.85
1156,purewick catheter,0.85
1157,vacutainer tubes,0.65
1158,purewick catheter,0.85
1159,purewick catheter,0.85
1160,vacutainer tubes,1.0
1161,chloraprep,0.77
1162,chloraprep,0.77
1163,powerport,0.97
1164,purewick device,0.71
1165,chloraprep,0.77
1166,chloraprep,0.76
1167,powerport,0.99
1168,safety wingset,1.0
1169,purewick catheter,0.85
1170,safety wingset,0.99
1171,safety wingset,0.98
1172,safety wingset,0.63
1173,safety wingset,0.55
1174,purewick catheter,0.85
1175,purewick catheter,0.85
1176,purewick catheter,0.85
1177,safety wingset,0.55
1178,purewick catheter,0.85
1179,purewick catheter,0.85
1180,purewick catheter,0.85
1181,purewick catheter,0.85
1182,pyxis,0.64
1183,purewick catheter,0.85
1184,purewick catheter,0.85
1185,purewick catheter,0.85
1186,purewick catheter,0.85
1187,purewick catheter,0.85
1188,purewick catheter,0.85
1189,purewick catheter,0.85
1190,purewick catheter,0.85
1191,purewick catheter,0.85
1192,purewick catheter,0.85
1193,purewick catheter,0.85
1194,chloraprep,0.77
1195,powerport,0.99
1196,safety wingset,1.0
1197,bactec vials,0.99
1198,veritor assays,0.52
1199,powerport,0.99
1200,exclude,0.6
1201,bactec vials,0.96
1202,powerport,0.97
1203,bactec vials,0.99
1204,safety wingset,0.55
1205,safety wingset,0.55
1206,exclude,0.47
1207,purewick catheter,0.79
1208,vacutainer tubes,0.93
1209,chloraprep,0.77
1210,bactec vials,0.95
1211,powerport,0.97
1212,bactec vials,0.96
1213,bactec vials,0.96
1214,safety wingset,0.97
1215,bactec vials,0.9
1216,powerport,0.97
1217,safety wingset,0.39
1218,safety wingset,0.96
1219,purewick canister & tubing,1.0
1220,powerport,0.96
1221,safety wingset,0.63
1222,safety wingset,0.95
1223,safety wingset,0.55
1224,safety wingset,0.55
1225,safety wingset,0.55
1226,safety wingset,0.55
1227,chloraprep,0.77
1228,chloraprep,0.77
1229,purewick catheter,0.56
1230,purewick catheter,0.85
1231,purewick canister & tubing,0.93
1232,chloraprep,0.77
1233,pyxis,0.83
1234,safety wingset,0.91
1235,bactec vials,0.97
1236,powerport,0.97
1237,safety wingset,1.0
1238,exclude,0.56
1239,bactec vials,0.97
1240,exclude,0.56
1241,powerport,0.99
1242,bactec vials,0.97
1243,powerport,0.99
1244,powerport,0.99
1245,safety wingset,0.63
1246,safety wingset,0.95
1247,purewick catheter,0.93
1248,safety wingset,0.83
1249,chloraprep,0.67
1250,exclude,0.36
1251,safety wingset,0.55
1252,safety wingset,0.55
1253,purewick catheter,0.85
1254,purewick catheter,0.85
1255,purewick catheter,0.85
1256,purewick catheter,0.85
1257,purewick catheter,0.85
1258,purewick catheter,0.85
1259,purewick catheter,0.85
1260,purewick catheter,0.85
1261,purewick catheter,0.85
1262,purewick catheter,0.85
1263,purewick catheter,0.85
1264,purewick catheter,0.85
1265,purewick catheter,0.85
1266,purewick catheter,0.85
1267,purewick canister & tubing,0.94
1268,purewick catheter,0.85
1269,purewick catheter,0.85
1270,purewick catheter,0.85
1271,purewick catheter,0.85
1272,chloraprep,0.77
1273,exclude,0.6
1274,safety wingset,0.99
1275,safety wingset,0.77
1276,bactec vials,0.55
1277,bactec vials,0.99
1278,bactec vials,0.99
1279,powerport,0.96
1280,pyxis,0.42
1281,bactec vials,0.96
1282,bactec vials,0.95
1283,bactec vials,0.96
1284,bactec vials,0.96
1285,bactec vials,0.99
1286,purewick catheter,0.85
1287,purewick catheter,0.85
1288,pyxis,0.69
1289,pyxis,0.69
1290,bactec vials,1.0
1291,purewick catheter,0.8
1292,exclude,0.56
1293,purewick catheter,0.85
1294,safety wingset,0.98
1295,purewick catheter,0.85
1296,bactec vials,0.96
1297,bactec vials,0.99
1298,exclude,0.6
1299,exclude,0.84
1300,bactec vials,0.96
1301,chloraprep,0.87
1302,purewick catheter,0.96
1303,safety wingset,0.55
1304,bactec vials,0.61
1305,purewick catheter,0.9
1306,purewick catheter,0.85
1307,purewick catheter,0.85
1308,exclude,0.56
1309,vacutainer tubes,0.95
1310,purewick catheter,0.85
1311,purewick catheter,0.85
1312,exclude,0.54
1313,exclude,0.69
1314,purewick catheter,0.85
1315,safety wingset,0.95
1316,safety wingset,0.39
1317,pyxis,0.83
1318,exclude,0.6
1319,chloraprep,0.7
1320,purewick device,0.79
1321,safety wingset,0.77
1322,bactec vials,0.99
1323,exclude,0.97
1324,safety wingset,0.77
1325,purewick catheter,0.7
1326,bactec vials,0.96
1327,safety wingset,0.99
1328,bactec vials,0.99
1329,bactec vials,0.55
1330,purewick catheter,0.85
1331,bactec vials,0.97
1332,safety wingset,0.73
1333,safety wingset,0.57
1334,pyxis,0.79
1335,bactec vials,0.98
1336,purewick catheter,0.85
1337,powerport,0.96
1338,pyxis,0.42
1339,purewick catheter,0.85
1340,purewick device,0.71
1341,bactec vials,0.99
1342,bactec vials,0.96
1343,bactec vials,0.96
1344,bactec vials,0.96
1345,safety wingset,0.63
1346,exclude,0.56
1347,safety wingset,0.55
1348,safety wingset,0.55
1349,safety wingset,0.55
1350,safety wingset,0.55
1351,safety wingset,0.55
1352,safety wingset,0.95
1353,safety wingset,0.84
1354,exclude,0.56
1355,bactec vials,0.96
1356,bactec vials,0.96
1357,bactec vials,0.96
1358,bactec vials,0.96
1359,bactec vials,0.96
1360,bactec vials,0.96
1361,bactec vials,0.96
1362,bactec vials,0.96
1363,bactec vials,0.96
1364,bactec vials,0.96
1365,bactec vials,0.96
1366,bactec vials,0.96
1367,purewick canister & tubing,0.6
1368,purewick catheter,0.85
1369,purewick catheter,0.85
1370,purewick catheter,0.85
1371,purewick catheter,0.85
1372,purewick catheter,0.79
1373,purewick catheter,0.85
1374,veritor device,0.47
1375,purewick catheter,0.85
1376,bactec vials,0.96
1377,chloraprep,0.67
1378,purewick catheter,0.85
1379,pyxis,0.56
1380,bactec vials,0.99
1381,bactec vials,0.99
1382,bactec vials,0.94
1383,bactec vials,0.99
1384,veritor device,0.47
1385,purewick catheter,0.85
1386,pyxis,0.64
1387,bactec vials,0.99
1388,bactec vials,0.99
1389,powerport,0.96
1390,bactec vials,1.0
1391,safety wingset,0.77
1392,exclude,0.56
1393,bactec vials,0.99
1394,exclude,0.37
1395,vacutainer tubes,0.71
1396,bactec vials,0.94
1397,exclude,0.6
1398,exclude,0.56
1399,powerport,0.96
1400,powerport,0.82
1401,bactec vials,0.96
1402,bactec vials,0.96
1403,safety wingset,0.42
1404,purewick canister & tubing,0.47
1405,exclude,0.6
1406,exclude,0.84
1407,bactec vials,0.99
1408,pyxis,0.42
1409,bactec vials,0.96
1410,bactec vials,0.97
1411,purewick device,0.93
1412,bactec vials,0.99
1413,veritor assays,0.53
1414,powerport,0.96
1415,bactec vials,0.99
1416,bactec vials,0.99
1417,safety wingset,0.96
1418,safety wingset,1.0
1419,purewick catheter,0.96
1420,safety wingset,0.55
1421,safety wingset,0.37
1422,safety wingset,0.55
1423,purewick catheter,0.85
1424,purewick catheter,0.85
1425,purewick catheter,0.85
1426,purewick catheter,0.85
1427,purewick catheter,0.85
1428,purewick catheter,0.85
1429,purewick catheter,0.85
1430,purewick catheter,0.85
1431,purewick catheter,0.85
1432,purewick catheter,0.85
1433,purewick catheter,0.85
1434,purewick catheter,0.85
1435,purewick catheter,0.85
1436,purewick catheter,0.85
1437,purewick catheter,0.85
1438,purewick catheter,0.85
1439,purewick canister & tubing,0.93
1440,purewick catheter,0.85
1441,purewick catheter,0.85
1442,purewick catheter,0.85
1443,purewick catheter,0.85
1444,purewick catheter,0.85
1445,purewick catheter,0.85
1446,purewick catheter,0.85
1447,purewick catheter,0.85
1448,purewick catheter,0.85
1449,purewick catheter,0.85
1450,purewick catheter,0.85
1451,purewick catheter,0.85
1452,purewick catheter,0.85
1453,purewick catheter,0.85
1454,purewick catheter,0.85
1455,purewick catheter,0.85
1456,purewick catheter,0.85
1457,purewick catheter,0.85
1458,purewick catheter,0.85
1459,exclude,0.56
1460,bactec vials,0.96
1461,bactec vials,0.96
1462,bactec vials,0.96
1463,bactec vials,0.96
1464,bactec vials,0.96
1465,bactec vials,0.96
1466,bactec vials,0.96
1467,bactec vials,0.96
1468,bactec vials,0.96
1469,bactec vials,0.96
1470,powerport,0.47
1471,powerport,0.82
1472,bactec vials,0.95
1473,bactec vials,0.95
1474,bactec vials,1.0
1475,bactec vials,0.99
1476,exclude,0.56
1477,bactec vials,0.99
1478,bactec vials,0.99
1479,bactec vials,0.99
1480,purewick catheter,0.8
1481,purewick catheter,0.85
1482,safety wingset,0.82
1483,bactec vials,0.99
1484,bactec vials,1.0
1485,bactec vials,0.93
1486,bactec vials,0.99
1487,exclude,0.38
1488,bactec vials,0.99
1489,bactec vials,0.99
1490,bactec vials,0.99
1491,safety wingset,0.95
1492,purewick catheter,0.96
1493,bactec vials,0.99
1494,exclude,0.36
1495,bactec vials,0.99
1496,bactec vials,0.79
1497,bactec vials,1.0
1498,powerport,0.96
1499,bactec vials,0.99
1500,safety wingset,0.96
1501,safety wingset,0.95
1502,purewick catheter,0.85
1503,bactec vials,0.99
1504,bactec vials,0.99
1505,bactec vials,0.99
1506,bactec vials,0.99
1507,bactec vials,1.0
1508,purewick canister & tubing,0.93
1509,purewick catheter,0.94
1510,bactec vials,0.99
1511,bactec vials,0.99
1512,bactec vials,0.99
1513,bactec vials,0.99
1514,bactec vials,0.99
1515,bactec vials,0.99
1516,exclude,0.6
1517,bactec vials,0.99
1518,bactec vials,1.0
1519,bactec vials,0.87
1520,bactec vials,0.96
1521,bactec vials,0.96
1522,bactec vials,0.96
1523,bactec vials,0.96
1524,bactec vials,0.96
1525,bactec vials,0.96
1526,bactec vials,0.99
1527,bactec vials,1.0
1528,purewick catheter,0.91
1529,bactec vials,0.99
1530,pyxis,0.64
1531,bactec vials,0.99
1532,purewick canister & tubing,0.83
1533,bactec vials,1.0
1534,bactec vials,0.99
1535,bactec vials,0.99
1536,bactec vials,0.99
1537,bactec vials,0.99
1538,bactec vials,0.98
1539,bactec vials,1.0
1540,powerport,0.96
1541,bactec vials,0.97
1542,bactec vials,0.96
1543,bactec vials,0.96
1544,bactec vials,0.99
1545,bactec vials,0.99
1546,bactec vials,0.99
1547,bactec vials,0.99
1548,bactec vials,0.96
1549,bactec vials,0.96
1550,bactec vials,0.96
1551,bactec vials,0.96
1552,purewick catheter,0.96
1553,purewick catheter,0.93
1554,purewick catheter,0.93
1555,safety wingset,0.95
1556,purewick catheter,0.96
1557,purewick catheter,0.93
1558,safety wingset,0.98
1559,purewick canister & tubing,0.93
1560,purewick canister & tubing,0.78
1561,purewick catheter,0.96
1562,safety wingset,0.55
1563,chloraprep,0.73
1564,safety wingset,0.55
1565,safety wingset,0.55
1566,safety wingset,0.94
1567,purewick catheter,0.89
1568,veritor assays,0.63
1569,safety wingset,0.77
1570,purewick catheter,0.85
1571,bactec vials,0.96
1572,purewick catheter,0.85
1573,safety wingset,0.91
1574,purewick catheter,0.85
1575,purewick catheter,0.85
1576,purewick catheter,0.85
1577,purewick catheter,0.85
1578,purewick catheter,0.85
1579,purewick catheter,0.85
1580,purewick catheter,0.85
1581,purewick catheter,0.85
1582,purewick catheter,0.85
1583,purewick catheter,0.85
1584,purewick catheter,0.85
1585,bactec vials,0.96
1586,bactec vials,0.96
1587,bactec vials,0.96
1588,bactec vials,0.96
1589,bactec vials,0.96
1590,bactec vials,0.96
1591,bactec vials,0.96
1592,bactec vials,0.96
1593,bactec vials,0.96
1594,bactec vials,0.96
1595,bactec vials,0.96
1596,purewick device,0.81
1597,pyxis,0.38
1598,exclude,0.56
1599,bactec vials,0.99
1600,bactec vials,0.99
1601,bactec vials,1.0
1602,bactec vials,0.99
1603,bactec vials,0.99
1604,bactec vials,0.99
1605,bactec vials,1.0
1606,bactec vials,0.99
1607,bactec vials,1.0
1608,exclude,0.25
1609,bactec vials,0.55
1610,pyxis,0.56
1611,powerport,0.96
1612,powerport,0.96
1613,pyxis,0.42
1614,purewick device,0.81
1615,powerport,0.96
1616,purewick canister & tubing,0.9
1617,bactec vials,0.99
1618,bactec vials,0.99
1619,bactec vials,0.99
1620,bactec vials,0.99
1621,bactec vials,0.99
1622,bactec vials,0.99
1623,bactec vials,0.99
1624,bactec vials,1.0
1625,bactec vials,0.99
1626,bactec vials,0.98
1627,purewick catheter,0.94
1628,bactec vials,0.96
1629,bactec vials,1.0
1630,bactec vials,1.0
1631,bactec vials,0.99
1632,bactec vials,0.99
1633,bactec vials,1.0
1634,bactec vials,1.0
1635,powerport,0.37
1636,purewick catheter,1.0
1637,bactec vials,0.99
1638,bactec vials,0.93
1639,purewick catheter,0.85
1640,bactec vials,0.95
1641,powerport,0.99
1642,powerport,0.99
1643,bactec vials,0.99
1644,bactec vials,0.99
1645,bactec vials,0.99
1646,bactec vials,0.99
1647,bactec vials,0.99
1648,bactec vials,0.99
1649,bactec vials,0.99
1650,bactec vials,0.99
1651,bactec vials,0.99
1652,bactec vials,0.99
1653,purewick catheter,1.0
1654,bactec vials,0.99
1655,exclude,0.95
1656,bactec vials,0.97
1657,bactec vials,0.96
1658,bactec vials,0.99
1659,bactec vials,0.99
1660,bactec vials,0.99
1661,bactec vials,0.99
1662,powerport,0.92
1663,safety wingset,1.0
1664,bactec vials,0.99
1665,bactec vials,1.0
1666,bactec vials,0.99
1667,bactec vials,0.99
1668,bactec vials,0.99
1669,bactec vials,0.99
1670,bactec vials,0.99
1671,bactec vials,0.99
1672,safety wingset,0.99
1673,safety wingset,0.98
1674,bactec vials,0.99
1675,veritor assays,1.0
1676,bactec vials,1.0
1677,safety wingset,0.96
1678,purewick catheter,0.85
1679,purewick device,0.74
1680,safety wingset,0.51
1681,purewick device,0.79
1682,powerport,0.82
1683,bactec vials,0.99
1684,bactec vials,0.99
1685,bactec vials,0.95
1686,bactec vials,0.99
1687,bactec vials,0.99
1688,bactec vials,0.99
1689,bactec vials,0.99
1690,bactec vials,0.99
1691,bactec vials,0.99
1692,powerport,0.93
1693,bactec vials,0.99
1694,bactec vials,0.99
1695,bactec vials,0.99
1696,bactec vials,0.99
1697,bactec vials,0.99
1698,bactec vials,0.99
1699,bactec vials,0.99
1700,bactec vials,0.99
1701,bactec vials,0.99
1702,bactec vials,0.99
1703,exclude,0.6
1704,purewick catheter,0.85
1705,purewick catheter,0.85
1706,pyxis,0.69
1707,bactec vials,0.96
1708,bactec vials,0.97
1709,bactec vials,0.99
1710,bactec vials,0.99
1711,bactec vials,0.99
1712,bactec vials,0.99
1713,bactec vials,0.99
1714,bactec vials,0.99
1715,bactec vials,1.0
1716,bactec vials,0.99
1717,bactec vials,1.0
1718,bactec vials,0.99
1719,bactec vials,0.99
1720,bactec vials,0.99
1721,bactec vials,0.99
1722,bactec vials,0.99
1723,bactec vials,1.0
1724,bactec vials,0.99
1725,bactec vials,0.99
1726,bactec vials,0.99
1727,bactec vials,1.0
1728,bactec vials,0.99
1729,bactec vials,1.0
1730,bactec vials,0.99
1731,bactec vials,1.0
1732,bactec vials,0.99
1733,bactec vials,0.99
1734,bactec vials,1.0
1735,bactec vials,0.99
1736,bactec vials,0.99
1737,bactec vials,0.99
1738,purewick catheter,0.92
1739,purewick catheter,0.85
1740,pyxis,0.47
1741,exclude,0.56
1742,bactec vials,0.99
1743,bactec vials,0.99
1744,bactec vials,0.99
1745,bactec vials,0.99
1746,bactec vials,0.99
1747,bactec vials,0.99
1748,bactec vials,0.99
1749,bactec vials,1.0
1750,bactec vials,0.99
1751,bactec vials,0.99
1752,bactec vials,0.99
1753,bactec vials,0.99
1754,bactec vials,1.0
1755,bactec vials,0.99
1756,bactec vials,0.99
1757,bactec vials,0.97
1758,bactec vials,1.0
1759,bactec vials,0.99
1760,bactec vials,0.99
1761,bactec vials,0.99
1762,bactec vials,0.99
1763,powerport,0.37
1764,powerport,0.96
1765,bactec vials,0.99
1766,bactec vials,0.99
1767,bactec vials,0.99
1768,safety wingset,0.99
1769,safety wingset,0.63
1770,bactec vials,0.96
1771,bactec vials,0.96
1772,bactec vials,0.96
1773,bactec vials,0.96
1774,bactec vials,0.96
1775,bactec vials,0.96
1776,bactec vials,0.96
1777,bactec vials,0.96
1778,bactec vials,0.96
1779,bactec vials,0.96
1780,bactec vials,0.96
1781,bactec vials,0.93
1782,bactec vials,0.93
1783,safety wingset,0.89
1784,exclude,0.56
1785,purewick canister & tubing,0.88
1786,bactec vials,0.99
1787,bactec vials,0.99
1788,bactec vials,0.99
1789,bactec vials,1.0
1790,bactec vials,0.99
1791,bactec vials,0.99
1792,bactec vials,0.99
1793,bactec vials,0.99
1794,bactec vials,0.99
1795,bactec vials,0.99
1796,bactec vials,0.99
1797,bactec vials,0.99
1798,bactec vials,1.0
1799,bactec vials,0.99
1800,bactec vials,1.0
1801,bactec vials,0.99
1802,powerport,0.95
1803,bactec vials,0.99
1804,bactec vials,0.99
1805,bactec vials,0.99
1806,bactec vials,1.0
1807,bactec vials,0.99
1808,bactec vials,0.99
1809,bactec vials,1.0
1810,bactec vials,0.99
1811,bactec vials,0.99
1812,bactec vials,0.99
1813,bactec vials,0.99
1814,bactec vials,0.99
1815,bactec vials,0.99
1816,bactec vials,1.0
1817,bactec vials,0.99
1818,bactec vials,0.99
1819,bactec vials,0.99
1820,bactec vials,0.99
1821,bactec vials,0.99
1822,bactec vials,0.99
1823,bactec vials,0.99
1824,bactec vials,0.99
1825,bactec vials,0.99
1826,exclude,0.56
1827,bactec vials,0.99
1828,veritor assays,1.0
1829,purewick catheter,0.85
1830,pyxis,0.67
1831,powerport,0.96
1832,pyxis,0.64
1833,bactec vials,0.95
1834,bactec vials,0.99
1835,powerport,0.99
1836,bactec vials,0.99
1837,bactec vials,0.99
1838,bactec vials,0.99
1839,bactec vials,0.99
1840,bactec vials,0.99
1841,bactec vials,0.99
1842,bactec vials,0.99
1843,bactec vials,0.99
1844,bactec vials,0.98
1845,bactec vials,0.99
1846,bactec vials,0.99
1847,bactec vials,0.99
1848,bactec vials,0.99
1849,bactec vials,1.0
1850,exclude,0.6
1851,bactec vials,0.99
1852,bactec vials,0.99
1853,bactec vials,0.99
1854,powerport,0.94
1855,bactec vials,0.99
1856,safety wingset,0.8
1857,bactec vials,1.0
1858,bactec vials,0.99
1859,bactec vials,1.0
1860,bactec vials,0.99
1861,bactec vials,0.99
1862,bactec vials,0.99
1863,bactec vials,0.99
1864,bactec vials,1.0
1865,safety wingset,1.0
1866,bactec vials,0.99
1867,safety wingset,0.97
1868,bactec vials,0.99
1869,bactec vials,1.0
1870,exclude,0.36
1871,bactec vials,0.99
1872,purewick catheter,0.96
1873,purewick catheter,0.96
1874,bactec vials,0.99
1875,bactec vials,1.0
1876,safety wingset,0.81
1877,purewick catheter,0.94
1878,safety wingset,0.63
1879,safety wingset,0.63
1880,safety wingset,0.63
1881,safety wingset,0.63
1882,safety wingset,0.63
1883,purewick canister & tubing,0.88
1884,exclude,0.56
1885,bactec vials,1.0
1886,exclude,0.69
1887,safety wingset,0.98
1888,purewick canister & tubing,0.78
1889,safety wingset,0.55
1890,safety wingset,0.55
1891,safety wingset,0.55
1892,safety wingset,0.55
1893,safety wingset,1.0
1894,safety wingset,1.0
1895,safety wingset,1.0
1896,purewick canister & tubing,0.78
1897,purewick catheter,0.85
1898,purewick catheter,0.85
1899,purewick catheter,0.85
1900,purewick catheter,0.85
1901,purewick catheter,0.85
1902,purewick catheter,0.85
1903,purewick catheter,0.85
1904,purewick catheter,0.85
1905,purewick catheter,0.85
1906,purewick catheter,0.85
1907,purewick catheter,0.85
1908,purewick catheter,0.85
1909,purewick canister & tubing,0.99
1910,purewick catheter,0.85
1911,purewick catheter,0.85
1912,purewick catheter,0.85
1913,purewick catheter,0.85
1914,purewick catheter,0.96
1915,safety wingset,0.65
1916,bactec vials,0.96
1917,bactec vials,0.96
1918,bactec vials,0.96
1919,bactec vials,0.96
1920,bactec vials,0.96
1921,bactec vials,0.96
1922,bactec vials,0.96
1923,bactec vials,0.96
1924,bactec vials,0.96
1925,bactec vials,0.96
1926,bactec vials,0.96
1927,bactec vials,0.96
1928,bactec vials,0.96
1929,bactec vials,0.96
1930,bactec vials,0.96
1931,bactec vials,0.96
1932,bactec vials,0.96
1933,bactec vials,0.96
1934,bactec vials,0.96
1935,bactec vials,0.96
1936,bactec vials,0.96
1937,bactec vials,0.96
1938,bactec vials,0.96
1939,bactec vials,0.96
1940,bactec vials,0.96
1941,bactec vials,0.96
1942,pyxis,0.54
1943,bactec vials,0.88
1944,purewick device,0.88
1945,chloraprep,0.67
1946,exclude,0.6
1947,bactec vials,0.96
1948,bactec vials,0.96
1949,bactec vials,0.94
1950,powerport,0.99
1951,bactec vials,0.99
1952,bactec vials,0.95
1953,powerport,0.99
1954,exclude,0.56
1955,bactec vials,0.99
1956,bactec vials,0.99
1957,bactec vials,0.99
1958,bactec vials,0.99
1959,bactec vials,0.99
1960,bactec vials,0.99
1961,bactec vials,0.99
1962,bactec vials,0.95
1963,bactec vials,0.98
1964,bactec vials,0.99
1965,bactec vials,0.99
1966,bactec vials,0.99
1967,bactec vials,1.0
1968,bactec vials,0.99
1969,bactec vials,0.95
1970,powerport,0.66
1971,bactec vials,0.99
1972,bactec vials,0.99
1973,bactec vials,0.99
1974,bactec vials,0.99
1975,bactec vials,0.99
1976,bactec vials,0.99
1977,bactec vials,0.99
1978,bactec vials,0.99
1979,bactec vials,0.99
1980,bactec vials,0.99
1981,bactec vials,0.99
1982,bactec vials,0.99
1983,bactec vials,0.99
1984,bactec vials,0.99
1985,bactec vials,0.99
1986,bactec vials,0.99
1987,bactec vials,0.99
1988,bactec vials,0.99
1989,bactec vials,0.98
1990,bactec vials,0.99
1991,bactec vials,0.99
1992,bactec vials,0.99
1993,bactec vials,0.99
1994,bactec vials,0.99
1995,bactec vials,1.0
1996,bactec vials,0.99
1997,bactec vials,0.99
1998,pyxis,0.64
1999,bactec vials,0.99
2000,bactec vials,0.99
2001,exclude,0.6
2002,bactec vials,0.99
2003,bactec vials,0.99
2004,bactec vials,0.99
2005,bactec vials,0.87
2006,bactec vials,0.99
2007,bactec vials,0.99
2008,bactec vials,0.99
2009,bactec vials,0.99
2010,bactec vials,1.0
2011,bactec vials,0.99
2012,bactec vials,0.99
2013,bactec vials,0.99
2014,exclude,0.6
2015,bactec vials,0.99
2016,bactec vials,0.99
2017,veritor assays,1.0
2018,bactec vials,1.0
2019,bactec vials,0.99
2020,bactec vials,0.99
2021,bactec vials,1.0
2022,bactec vials,0.99
2023,bactec vials,1.0
2024,bactec vials,0.99
2025,bactec vials,0.99
2026,purewick catheter,0.93
2027,purewick catheter,0.97
2028,powerport,0.47
2029,purewick device,0.74
2030,purewick device,0.87
2031,purewick device,0.88
2032,purewick device,0.88
2033,rowa,0.85
2034,bactec vials,0.91
2035,exclude,0.6
2036,bactec vials,0.98
2037,purewick device,0.63
2038,purewick canister & tubing,0.88
2039,bactec vials,0.95
2040,powerport,0.99
2041,bactec vials,0.99
2042,bactec vials,0.94
2043,bactec vials,0.99
2044,bactec vials,0.99
2045,bactec vials,0.99
2046,bactec vials,0.99
2047,bactec vials,0.99
2048,bactec vials,0.99
2049,bactec vials,0.99
2050,bactec vials,0.99
2051,bactec vials,0.99
2052,bactec vials,0.99
2053,bactec vials,0.99
2054,bactec vials,0.99
2055,bactec vials,0.99
2056,bactec vials,0.99
2057,powerport,0.93
2058,bactec vials,0.99
2059,bactec vials,0.99
2060,bactec vials,1.0
2061,bactec vials,0.99
2062,bactec vials,0.99
2063,bactec vials,0.99
2064,bactec vials,0.99
2065,bactec vials,0.98
2066,bactec vials,0.99
2067,bactec vials,1.0
2068,bactec vials,0.99
2069,powerport,0.96
2070,bactec vials,0.99
2071,bactec vials,0.99
2072,bactec vials,0.99
2073,bactec vials,0.99
2074,bactec vials,1.0
2075,bactec vials,0.99
2076,bactec vials,1.0
2077,bactec vials,1.0
2078,bactec vials,0.99
2079,bactec vials,0.99
2080,bactec vials,1.0
2081,bactec vials,0.99
2082,bactec vials,0.99
2083,bactec vials,0.99
2084,bactec vials,0.99
2085,bactec vials,0.99
2086,bactec vials,0.99
2087,bactec vials,0.99
2088,bactec vials,0.99
2089,bactec vials,1.0
2090,bactec vials,0.98
2091,bactec vials,0.99
2092,bactec vials,0.99
2093,bactec vials,0.99
2094,bactec vials,0.99
2095,bactec vials,0.98
2096,bactec vials,0.99
2097,purewick catheter,1.0
2098,bactec vials,1.0
2099,bactec vials,0.99
2100,bactec vials,0.99
2101,bactec vials,0.99
2102,bactec vials,1.0
2103,bactec vials,0.99
2104,bactec vials,0.99
2105,bactec vials,0.99
2106,bactec vials,0.99
2107,bactec vials,0.99
2108,bactec vials,0.99
2109,bactec vials,1.0
2110,bactec vials,1.0
2111,bactec vials,0.99
2112,exclude,0.67
2113,bactec vials,1.0
2114,veritor assays,1.0
2115,purewick catheter,0.85
2116,purewick device,0.85
2117,purewick catheter,0.85
2118,powerport,0.93
2119,pyxis,0.7
2120,veritor device,0.47
2121,pyxis,0.42
2122,purewick device,0.88
2123,exclude,0.56
2124,pyxis,0.83
2125,powerport,0.82
2126,purewick device,0.76
2127,powerport,0.89
2128,powerport,0.99
2129,powerport,0.99
2130,bactec vials,0.99
2131,bactec vials,1.0
2132,bactec vials,0.99
2133,bactec vials,0.99
2134,bactec vials,0.99
2135,bactec vials,0.99
2136,bactec vials,0.99
2137,bactec vials,0.99
2138,bactec vials,0.99
2139,bactec vials,0.99
2140,bactec vials,0.99
2141,bactec vials,0.99
2142,bactec vials,0.99
2143,bactec vials,0.99
2144,bactec vials,0.99
2145,bactec vials,1.0
2146,bactec vials,0.99
2147,bactec vials,0.99
2148,bactec vials,0.99
2149,bactec vials,0.99
2150,bactec vials,0.99
2151,bactec vials,0.99
2152,bactec vials,0.99
2153,bactec vials,0.99
2154,bactec vials,0.99
2155,bactec vials,0.99
2156,bactec vials,0.99
2157,bactec vials,0.99
2158,bactec vials,0.99
2159,bactec vials,0.99
2160,bactec vials,0.99
2161,bactec vials,0.99
2162,bactec vials,0.99
2163,bactec vials,0.99
2164,bactec vials,0.99
2165,bactec vials,0.99
2166,bactec vials,0.99
2167,bactec vials,0.99
2168,bactec vials,1.0
2169,bactec vials,0.99
2170,bactec vials,0.99
2171,bactec vials,0.99
2172,bactec vials,0.98
2173,bactec vials,0.99
2174,bactec vials,0.99
2175,bactec vials,0.99
2176,bactec vials,0.99
2177,bactec vials,1.0
2178,bactec vials,0.98
2179,bactec vials,0.99
2180,bactec vials,0.99
2181,bactec vials,0.99
2182,bactec vials,0.98
2183,bactec vials,0.99
2184,bactec vials,0.99
2185,bactec vials,0.99
2186,bactec vials,1.0
2187,bactec vials,0.99
2188,bactec vials,0.99
2189,bactec vials,0.99
2190,bactec vials,0.99
2191,bactec vials,1.0
2192,bactec vials,0.99
2193,bactec vials,0.99
2194,bactec vials,0.99
2195,bactec vials,0.99
2196,powerport,0.94
2197,bactec vials,0.99
2198,bactec vials,0.99
2199,bactec vials,0.99
2200,bactec vials,0.99
2201,bactec vials,0.99
2202,bactec vials,0.99
2203,bactec vials,0.99
2204,bactec vials,0.99
2205,bactec vials,1.0
2206,bactec vials,1.0
2207,bactec vials,0.98
2208,bactec vials,0.99
2209,bactec vials,0.99
2210,bactec vials,0.99
2211,bactec vials,0.99
2212,bactec vials,0.99
2213,bactec vials,0.99
2214,bactec vials,0.99
2215,bactec vials,0.99
2216,bactec vials,0.99
2217,bactec vials,0.99
2218,bactec vials,0.99
2219,bactec vials,0.99
2220,bactec vials,0.98
2221,bactec vials,0.99
2222,bactec vials,0.99
2223,bactec vials,1.0
2224,bactec vials,0.99
2225,powerport,0.97
2226,bactec vials,0.99
2227,bactec vials,0.99
2228,bactec vials,0.99
2229,bactec vials,0.99
2230,bactec vials,0.99
2231,bactec vials,1.0
2232,bactec vials,0.99
2233,bactec vials,0.99
2234,bactec vials,1.0
2235,bactec vials,0.99
2236,bactec vials,0.99
2237,powerport,0.92
2238,bactec vials,0.99
2239,bactec vials,0.99
2240,purewick catheter,0.85
2241,bactec vials,0.99
2242,bactec vials,0.99
2243,safety wingset,0.65
2244,purewick catheter,0.96
2245,purewick catheter,0.91
2246,purewick catheter,0.85
2247,exclude,0.56
2248,purewick catheter,0.85
2249,safety wingset,0.65
2250,exclude,0.98
2251,safety wingset,0.57
2252,veritor device,0.47
2253,veritor device,0.47
2254,purewick device,0.88
2255,purewick device,0.88
2256,purewick device,0.88
2257,bactec vials,0.96
2258,purewick device,0.76
2259,exclude,0.62
2260,bactec vials,0.94
2261,bactec vials,1.0
2262,bactec vials,0.97
2263,bactec vials,0.97
2264,bactec vials,0.95
2265,powerport,0.96
2266,powerport,0.99
2267,bactec vials,0.99
2268,bactec vials,0.95
2269,bactec vials,0.95
2270,bactec vials,0.99
2271,bactec vials,0.99
2272,bactec vials,0.99
2273,bactec vials,0.99
2274,bactec vials,0.99
2275,bactec vials,0.99
2276,powerport,0.93
2277,bactec vials,0.99
2278,bactec vials,0.99
2279,bactec vials,0.99
2280,bactec vials,0.99
2281,bactec vials,0.99
2282,bactec vials,0.99
2283,bactec vials,0.99
2284,bactec vials,0.99
2285,bactec vials,1.0
2286,bactec vials,0.99
2287,bactec vials,0.99
2288,bactec vials,0.99
2289,bactec vials,0.99
2290,bactec vials,0.99
2291,bactec vials,0.99
2292,bactec vials,0.99
2293,bactec vials,0.99
2294,bactec vials,0.95
2295,bactec vials,0.99
2296,bactec vials,0.99
2297,bactec vials,0.99
2298,bactec vials,0.99
2299,bactec vials,0.99
2300,bactec vials,0.99
2301,bactec vials,0.99
2302,bactec vials,0.99
2303,bactec vials,0.99
2304,bactec vials,0.99
2305,bactec vials,0.99
2306,bactec vials,0.99
2307,bactec vials,0.99
2308,bactec vials,1.0
2309,bactec vials,1.0
2310,bactec vials,0.99
2311,bactec vials,0.99
2312,bactec vials,0.99
2313,bactec vials,0.98
2314,bactec vials,0.99
2315,bactec vials,0.99
2316,bactec vials,0.99
2317,bactec vials,0.99
2318,bactec vials,0.99
2319,bactec vials,1.0
2320,bactec vials,0.99
2321,bactec vials,0.99
2322,bactec vials,0.98
2323,bactec vials,0.99
2324,bactec vials,0.99
2325,bactec vials,0.99
2326,bactec vials,0.99
2327,bactec vials,0.99
2328,bactec vials,0.99
2329,bactec vials,0.99
2330,bactec vials,0.99
2331,bactec vials,0.99
2332,bactec vials,0.99
2333,bactec vials,0.99
2334,bactec vials,0.99
2335,bactec vials,0.99
2336,bactec vials,0.99
2337,bactec vials,0.99
2338,bactec vials,0.99
2339,bactec vials,0.99
2340,bactec vials,0.99
2341,bactec vials,0.99
2342,bactec vials,0.99
2343,bactec vials,0.99
2344,bactec vials,0.99
2345,bactec vials,0.99
2346,bactec vials,0.98
2347,bactec vials,0.99
2348,bactec vials,0.99
2349,bactec vials,1.0
2350,bactec vials,1.0
2351,bactec vials,0.99
2352,bactec vials,0.99
2353,bactec vials,0.99
2354,bactec vials,0.99
2355,bactec vials,0.99
2356,bactec vials,0.99
2357,bactec vials,1.0
2358,bactec vials,0.99
2359,bactec vials,0.99
2360,bactec vials,0.99
2361,purewick catheter,0.85
2362,bactec vials,0.99
2363,bactec vials,0.98
2364,bactec vials,0.99
2365,powerport,0.96
2366,bactec vials,0.99
2367,bactec vials,0.99
2368,bactec vials,0.99
2369,bactec vials,1.0
2370,bactec vials,0.98
2371,bactec vials,0.99
2372,bactec vials,0.99
2373,bactec vials,1.0
2374,bactec vials,1.0
2375,bactec vials,0.99
2376,purewick catheter,0.93
2377,bactec vials,0.98
2378,bactec vials,0.99
2379,bactec vials,0.99
2380,bactec vials,0.99
2381,bactec vials,1.0
2382,bactec vials,1.0
2383,bactec vials,0.99
2384,bactec vials,0.99
2385,bactec vials,1.0
2386,bactec vials,1.0
2387,bactec vials,0.99
2388,bactec vials,1.0
2389,bactec vials,0.99
2390,bactec vials,0.99
2391,bactec vials,0.99
2392,bactec vials,0.99
2393,bactec vials,0.99
2394,purewick device,0.85
2395,bactec vials,1.0
2396,bactec vials,0.99
2397,bactec vials,0.99
2398,bactec vials,0.99
2399,bactec vials,0.99
2400,bactec vials,0.99
2401,bactec vials,0.99
2402,bactec vials,0.99
2403,bactec vials,0.99
2404,bactec vials,0.99
2405,bactec vials,0.99
2406,bactec vials,0.99
2407,bactec vials,1.0
2408,bactec vials,0.99
2409,bactec vials,0.99
2410,bactec vials,0.99
2411,bactec vials,1.0
2412,bactec vials,0.99
2413,veritor assays,1.0
2414,bactec vials,0.99
2415,purewick catheter,0.96
2416,bactec vials,0.99
2417,bactec vials,0.55
2418,powerport,0.37
2419,purewick catheter,0.94
2420,exclude,0.6
2421,powerport,0.47
2422,powerport,0.63
2423,bactec vials,0.79
2424,purewick catheter,0.85
2425,purewick catheter,0.85
2426,purewick catheter,0.85
2427,purewick catheter,0.94
2428,purewick catheter,0.85
2429,purewick catheter,0.85
2430,purewick catheter,0.85
2431,pyxis,0.42
2432,rowa,0.62
2433,exclude,0.84
2434,bactec vials,0.96
2435,bactec vials,0.96
2436,exclude,0.36
2437,exclude,0.44
2438,exclude,0.36
2439,exclude,0.38
2440,bactec vials,0.99
2441,bactec vials,1.0
2442,bactec vials,0.94
2443,bactec vials,0.99
2444,bactec vials,0.99
2445,bactec vials,0.99
2446,bactec vials,0.99
2447,bactec vials,0.99
2448,bactec vials,0.99
2449,bactec vials,0.99
2450,bactec vials,0.99
2451,bactec vials,0.99
2452,bactec vials,0.99
2453,bactec vials,0.99
2454,bactec vials,0.99
2455,bactec vials,1.0
2456,bactec vials,0.99
2457,powerport,0.93
2458,bactec vials,0.99
2459,bactec vials,0.99
2460,bactec vials,0.99
2461,bactec vials,0.99
2462,bactec vials,0.99
2463,bactec vials,0.99
2464,bactec vials,0.99
2465,bactec vials,0.99
2466,bactec vials,0.98
2467,bactec vials,0.99
2468,bactec vials,0.99
2469,bactec vials,0.93
2470,bactec vials,1.0
2471,bactec vials,0.99
2472,bactec vials,0.99
2473,bactec vials,0.99
2474,bactec vials,0.99
2475,bactec vials,0.99
2476,bactec vials,0.99
2477,bactec vials,0.99
2478,vacutainer tubes,0.63
2479,bactec vials,0.99
2480,bactec vials,0.99
2481,bactec vials,0.99
2482,bactec vials,0.99
2483,bactec vials,0.99
2484,bactec vials,0.99
2485,bactec vials,0.99
2486,bactec vials,0.99
2487,bactec vials,0.99
2488,bactec vials,0.99
2489,bactec vials,0.99
2490,bactec vials,0.99
2491,bactec vials,0.99
2492,bactec vials,0.99
2493,bactec vials,0.99
2494,bactec vials,0.99
2495,bactec vials,0.99
2496,bactec vials,0.99
2497,exclude,0.84
2498,bactec vials,0.99
2499,bactec vials,0.99
2500,bactec vials,0.99
2501,bactec vials,0.99
2502,bactec vials,0.99
2503,bactec vials,0.99
2504,bactec vials,0.99
2505,bactec vials,0.99
2506,bactec vials,1.0
2507,bactec vials,0.99
2508,bactec vials,1.0
2509,bactec vials,1.0
2510,bactec vials,1.0
2511,bactec vials,1.0
2512,bactec vials,0.99
2513,bactec vials,0.99
2514,bactec vials,0.99
2515,bactec vials,0.99
2516,bactec vials,0.98
2517,bactec vials,1.0
2518,bactec vials,0.99
2519,exclude,0.84
2520,bactec vials,0.99
2521,bactec vials,0.99
2522,bactec vials,0.99
2523,bactec vials,0.99
2524,bactec vials,0.99
2525,bactec vials,0.99
2526,bactec vials,0.99
2527,bactec vials,0.98
2528,bactec vials,1.0
2529,bactec vials,0.99
2530,bactec vials,0.99
2531,bactec vials,0.99
2532,bactec vials,0.99
2533,bactec vials,0.99
2534,bactec vials,0.99
2535,bactec vials,0.99
2536,bactec vials,0.99
2537,bactec vials,0.98
2538,bactec vials,0.99
2539,bactec vials,0.99
2540,bactec vials,0.99
2541,bactec vials,0.99
2542,bactec vials,0.99
2543,bactec vials,0.99
2544,pyxis,0.83
2545,bactec vials,0.99
2546,bactec vials,0.99
2547,safety wingset,0.91
2548,bactec vials,0.99
2549,bactec vials,0.99
2550,bactec vials,0.98
2551,bactec vials,0.99
2552,bactec vials,0.98
2553,bactec vials,0.99
2554,bactec vials,0.99
2555,bactec vials,0.99
2556,bactec vials,0.99
2557,bactec vials,0.99
2558,bactec vials,0.94
2559,exclude,0.84
2560,bactec vials,0.99
2561,bactec vials,0.99
2562,bactec vials,0.99
2563,bactec vials,0.99
2564,bactec vials,0.98
2565,bactec vials,0.99
2566,bactec vials,0.94
2567,bactec vials,1.0
2568,bactec vials,0.99
2569,bactec vials,0.99
2570,bactec vials,0.99
2571,bactec vials,0.98
2572,bactec vials,0.99
2573,bactec vials,0.99
2574,bactec vials,0.99
2575,bactec vials,0.99
2576,bactec vials,0.99
2577,bactec vials,0.99
2578,bactec vials,1.0
2579,bactec vials,0.99
2580,bactec vials,0.99
2581,bactec vials,0.99
2582,bactec vials,0.99
2583,bactec vials,0.99
2584,bactec vials,0.99
2585,bactec vials,0.98
2586,bactec vials,0.99
2587,safety wingset,1.0
2588,bactec vials,0.99
2589,bactec vials,0.99
2590,bactec vials,0.99
2591,bactec vials,0.99
2592,bactec vials,0.99
2593,bactec vials,1.0
2594,safety wingset,0.98
2595,bactec vials,1.0
2596,safety wingset,0.99
2597,bactec vials,0.99
2598,bactec vials,0.99
2599,bactec vials,0.99
2600,powerport,0.92
2601,bactec vials,1.0
2602,safety wingset,0.99
2603,safety wingset,0.92
2604,bactec vials,0.99
2605,bactec vials,0.99
2606,bactec vials,1.0
2607,bactec vials,1.0
2608,bactec vials,0.99
2609,bactec vials,0.99
2610,bactec vials,0.99
2611,bactec vials,0.99
2612,bactec vials,1.0
2613,safety wingset,0.91
2614,bactec vials,0.99
2615,bactec vials,1.0
2616,bactec vials,1.0
2617,bactec vials,0.99
2618,bactec vials,0.99
2619,bactec vials,1.0
2620,bactec vials,1.0
2621,bactec vials,0.99
2622,bactec vials,0.99
2623,bactec vials,0.99
2624,bactec vials,1.0
2625,bactec vials,0.99
2626,bactec vials,0.99
2627,bactec vials,1.0
2628,bactec vials,0.99
2629,bactec vials,1.0
2630,bactec vials,0.99
2631,bactec vials,0.98
2632,bactec vials,0.99
2633,bactec vials,1.0
2634,bactec vials,1.0
2635,bactec vials,1.0
2636,bactec vials,1.0
2637,bactec vials,0.99
2638,bactec vials,0.99
2639,safety wingset,0.91
2640,bactec vials,0.99
2641,purewick catheter,0.45
2642,purewick catheter,0.93
2643,safety wingset,0.95
2644,purewick device,0.6
2645,veritor assays,1.0
2646,exclude,0.69
2647,exclude,0.69
2648,exclude,0.69
2649,veritor assays,1.0
2650,exclude,0.56
2651,exclude,0.54
2652,exclude,0.69
2653,exclude,0.69
2654,exclude,0.69
2655,exclude,0.69
2656,exclude,0.69
2657,exclude,0.69
2658,exclude,0.69
2659,purewick catheter,0.85
2660,purewick catheter,0.85
2661,purewick catheter,0.85
2662,purewick catheter,0.85
2663,veritor device,0.47
2664,safety wingset,0.83
2665,exclude,0.92
2666,exclude,0.95
2667,pyxis,0.83
2668,purewick catheter,0.85
2669,bactec vials,0.96
2670,bactec vials,0.96
2671,bactec vials,0.96
2672,bactec vials,0.96
2673,bactec vials,1.0
2674,bactec vials,1.0
2675,pyxis,1.0
2676,safety wingset,0.51
2677,purewick device,0.88
2678,bactec vials,0.96
2679,pyxis,0.69
2680,pyxis,0.47
2681,bactec vials,0.74
2682,purewick device,0.85
2683,bactec vials,0.95
2684,purewick device,0.88
2685,exclude,0.36
2686,exclude,0.36
2687,powerport,0.96
2688,powerport,0.98
2689,bactec vials,0.79
2690,veritor device,0.47
2691,bactec vials,0.95
2692,bactec vials,0.95
2693,bactec vials,0.95
2694,bactec vials,0.99
2695,bactec vials,0.99
2696,bactec vials,0.99
2697,bactec vials,0.99
2698,bactec vials,0.99
2699,bactec vials,0.99
2700,bactec vials,0.99
2701,purewick device,0.6
2702,bactec vials,0.99
2703,bactec vials,0.99
2704,bactec vials,0.99
2705,bactec vials,0.99
2706,bactec vials,0.99
2707,bactec vials,1.0
2708,bactec vials,1.0
2709,bactec vials,0.99
2710,bactec vials,0.99
2711,bactec vials,0.99
2712,bactec vials,0.99
2713,bactec vials,0.99
2714,bactec vials,0.99
2715,bactec vials,0.99
2716,bactec vials,0.99
2717,bactec vials,1.0
2718,bactec vials,0.99
2719,bactec vials,0.99
2720,bactec vials,0.99
2721,bactec vials,0.99
2722,bactec vials,0.99
2723,bactec vials,0.95
2724,bactec vials,0.99
2725,bactec vials,0.99
2726,bactec vials,0.55
2727,powerport,0.93
2728,bactec vials,0.99
2729,bactec vials,1.0
2730,bactec vials,0.99
2731,bactec vials,1.0
2732,bactec vials,0.99
2733,bactec vials,0.99
2734,bactec vials,0.99
2735,bactec vials,0.99
2736,bactec vials,0.99
2737,bactec vials,0.99
2738,bactec vials,0.99
2739,bactec vials,0.99
2740,bactec vials,0.99
2741,bactec vials,0.99
2742,bactec vials,0.99
2743,bactec vials,0.99
2744,bactec vials,0.99
2745,bactec vials,0.99
2746,bactec vials,0.99
2747,bactec vials,0.99
2748,bactec vials,0.99
2749,bactec vials,0.99
2750,bactec vials,0.99
2751,bactec vials,0.99
2752,bactec vials,0.99
2753,bactec vials,0.99
2754,bactec vials,0.99
2755,bactec vials,0.99
2756,bactec vials,0.99
2757,bactec vials,0.99
2758,bactec vials,0.99
2759,bactec vials,0.99
2760,bactec vials,0.99
2761,bactec vials,0.99
2762,bactec vials,0.95
2763,bactec vials,0.99
2764,bactec vials,0.99
2765,bactec vials,0.99
2766,bactec vials,0.99
2767,bactec vials,0.99
2768,bactec vials,0.99
2769,bactec vials,0.99
2770,bactec vials,0.99
2771,bactec vials,0.99
2772,bactec vials,0.99
2773,bactec vials,0.99
2774,bactec vials,0.99
2775,bactec vials,0.99
2776,bactec vials,0.99
2777,bactec vials,0.99
2778,bactec vials,0.99
2779,bactec vials,0.99
2780,bactec vials,0.99
2781,bactec vials,0.99
2782,bactec vials,0.99
2783,bactec vials,0.99
2784,bactec vials,0.98
2785,bactec vials,0.98
2786,powerport,0.96
2787,bactec vials,1.0
2788,bactec vials,0.99
2789,bactec vials,0.99
2790,bactec vials,0.99
2791,bactec vials,0.99
2792,bactec vials,1.0
2793,bactec vials,0.99
2794,bactec vials,0.99
2795,bactec vials,0.98
2796,bactec vials,0.99
2797,bactec vials,0.99
2798,bactec vials,0.99
2799,bactec vials,0.99
2800,bactec vials,0.99
2801,bactec vials,0.99
2802,bactec vials,0.99
2803,bactec vials,0.99
2804,bactec vials,0.99
2805,bactec vials,0.99
2806,bactec vials,0.99
2807,bactec vials,0.99
2808,bactec vials,0.99
2809,bactec vials,0.99
2810,bactec vials,0.99
2811,bactec vials,0.99
2812,bactec vials,0.99
2813,bactec vials,0.99
2814,bactec vials,0.99
2815,bactec vials,0.99
2816,bactec vials,0.99
2817,bactec vials,0.99
2818,bactec vials,0.99
2819,bactec vials,0.99
2820,bactec vials,0.99
2821,bactec vials,0.99
2822,bactec vials,0.99
2823,bactec vials,1.0
2824,bactec vials,0.99
2825,bactec vials,1.0
2826,bactec vials,0.99
2827,bactec vials,0.99
2828,bactec vials,0.99
2829,bactec vials,0.99
2830,bactec vials,0.99
2831,bactec vials,0.99
2832,bactec vials,0.99
2833,bactec vials,0.99
2834,bactec vials,0.99
2835,bactec vials,1.0
2836,bactec vials,0.99
2837,bactec vials,0.99
2838,bactec vials,0.99
2839,bactec vials,0.98
2840,bactec vials,1.0
2841,bactec vials,0.99
2842,bactec vials,0.99
2843,bactec vials,1.0
2844,bactec vials,0.99
2845,bactec vials,0.98
2846,bactec vials,0.99
2847,rowa,0.63
2848,bactec vials,0.99
2849,bactec vials,1.0
2850,bactec vials,0.99
2851,bactec vials,0.99
2852,bactec vials,0.99
2853,bactec vials,1.0
2854,bactec vials,0.99
2855,bactec vials,0.99
2856,bactec vials,0.99
2857,bactec vials,0.99
2858,bactec vials,1.0
2859,bactec vials,0.99
2860,bactec vials,0.99
2861,bactec vials,0.99
2862,bactec vials,0.98
2863,bactec vials,1.0
2864,bactec vials,0.99
2865,bactec vials,0.99
2866,bactec vials,0.99
2867,bactec vials,0.99
2868,bactec vials,0.99
2869,bactec vials,0.99
2870,bactec vials,0.99
2871,bactec vials,1.0
2872,bactec vials,1.0
2873,bactec vials,1.0
2874,bactec vials,0.99
2875,bactec vials,0.99
2876,bactec vials,0.99
2877,bactec vials,0.99
2878,bactec vials,0.99
2879,bactec vials,0.99
2880,bactec vials,0.99
2881,bactec vials,0.99
2882,bactec vials,0.99
2883,bactec vials,0.99
2884,bactec vials,0.99
2885,bactec vials,0.98
2886,bactec vials,1.0
2887,bactec vials,0.99
2888,bactec vials,0.99
2889,bactec vials,0.99
2890,bactec vials,0.99
2891,bactec vials,0.98
2892,bactec vials,1.0
2893,bactec vials,0.99
2894,bactec vials,0.99
2895,bactec vials,0.99
2896,bactec vials,0.99
2897,bactec vials,0.99
2898,bactec vials,0.99
2899,bactec vials,0.99
2900,bactec vials,0.99
2901,bactec vials,0.99
2902,bactec vials,0.99
2903,bactec vials,0.99
2904,bactec vials,0.99
2905,bactec vials,0.99
2906,bactec vials,0.99
2907,bactec vials,0.99
2908,bactec vials,0.99
2909,bactec vials,0.99
2910,safety wingset,0.63
2911,bactec vials,0.99
2912,bactec vials,0.99
2913,bactec vials,0.99
2914,bactec vials,0.99
2915,bactec vials,0.99
2916,bactec vials,1.0
2917,bactec vials,0.99
2918,bactec vials,0.99
2919,bactec vials,0.99
2920,bactec vials,0.99
2921,bactec vials,1.0
2922,bactec vials,0.99
2923,bactec vials,0.99
2924,bactec vials,0.99
2925,bactec vials,1.0
2926,bactec vials,0.55
2927,bactec vials,0.99
2928,bactec vials,0.98
2929,bactec vials,1.0
2930,bactec vials,0.99
2931,bactec vials,0.99
2932,bactec vials,1.0
2933,bactec vials,0.99
2934,bactec vials,0.99
2935,bactec vials,0.99
2936,bactec vials,0.99
2937,bactec vials,1.0
2938,bactec vials,0.99
2939,bactec vials,1.0
2940,bactec vials,0.99
2941,bactec vials,0.99
2942,bactec vials,1.0
2943,bactec vials,0.99
2944,bactec vials,0.99
2945,bactec vials,0.99
2946,bactec vials,0.99
2947,bactec vials,0.99
2948,bactec vials,0.99
2949,bactec vials,0.99
2950,bactec vials,0.99
2951,bactec vials,0.99
2952,bactec vials,0.99
2953,bactec vials,0.99
2954,bactec vials,0.99
2955,bactec vials,0.99
2956,bactec vials,0.99
2957,bactec vials,0.94
2958,bactec vials,1.0
2959,bactec vials,0.98
2960,bactec vials,0.99
2961,bactec vials,0.99
2962,bactec vials,0.98
2963,bactec vials,1.0
2964,bactec vials,0.99
2965,bactec vials,0.99
2966,bactec vials,0.98
2967,bactec vials,0.99
2968,bactec vials,0.99
2969,bactec vials,0.99
2970,bactec vials,1.0
2971,bactec vials,0.99
2972,bactec vials,0.99
2973,bactec vials,0.99
2974,bactec vials,1.0
2975,bactec vials,0.99
2976,bactec vials,0.99
2977,bactec vials,0.98
2978,bactec vials,0.99
2979,bactec vials,0.99
2980,bactec vials,0.94
2981,bactec vials,0.99
2982,bactec vials,0.99
2983,bactec vials,0.99
2984,bactec vials,1.0
2985,bactec vials,0.99
2986,bactec vials,0.98
2987,bactec vials,1.0
2988,bactec vials,0.98
2989,bactec vials,0.99
2990,bactec vials,1.0
2991,bactec vials,1.0
2992,bactec vials,0.99
2993,bactec vials,0.99
2994,bactec vials,0.99
2995,bactec vials,0.99
2996,bactec vials,1.0
2997,bactec vials,1.0
2998,purewick catheter,0.97
2999,bactec vials,0.99
3000,bactec vials,1.0
3001,bactec vials,0.99
3002,bactec vials,1.0
3003,bactec vials,0.99
3004,bactec vials,1.0
3005,vacutainer tubes,0.71
3006,bactec vials,0.99
3007,bactec vials,0.99
3008,bactec vials,0.99
3009,bactec vials,1.0
3010,bactec vials,1.0
3011,bactec vials,0.99
3012,bactec vials,0.99
3013,veritor assays,1.0
3014,bactec vials,0.98
3015,purewick catheter,0.91
3016,exclude,0.56
3017,purewick catheter,0.85
3018,purewick catheter,0.85
3019,purewick catheter,0.85
3020,purewick catheter,0.85
3021,exclude,0.69
3022,bactec vials,0.96
3023,safety wingset,0.98
3024,safety wingset,0.98
3025,powerport,0.57
3026,exclude,0.98
3027,purewick canister & tubing,0.83
3028,purewick catheter,0.85
3029,safety wingset,0.57
3030,bactec vials,0.96
3031,bactec vials,0.96
3032,bactec vials,0.96
3033,bactec vials,0.96
3034,bactec vials,0.96
3035,bactec vials,0.96
3036,bactec vials,0.96
3037,bactec vials,0.96
3038,bactec vials,0.96
3039,bactec vials,0.96
3040,bactec vials,0.96
3041,bactec vials,0.96
3042,bactec vials,0.96
3043,bactec vials,0.96
3044,bactec vials,0.98
3045,bactec vials,0.98
3046,exclude,0.99
3047,safety wingset,0.89
3048,safety wingset,0.89
3049,purewick device,0.87
3050,purewick device,0.88
3051,purewick device,0.85
3052,bactec vials,0.87
3053,powerport,0.47
3054,bactec vials,0.96
3055,safety wingset,0.64
3056,vacutainer tubes,0.65
3057,safety wingset,0.39
3058,exclude,0.64
3059,bactec fx machine,0.95
3060,bactec fx machine,0.33
3061,purewick device,0.82
3062,powerport,0.93
3063,powerport,0.95
3064,bactec vials,0.96
3065,powerport,0.96
3066,bactec vials,0.94
3067,pyxis,0.64
3068,bactec vials,0.95
3069,bactec vials,0.95
3070,bactec vials,0.95
3071,vacutainer tubes,0.73
3072,bactec vials,0.55
3073,bactec vials,1.0
3074,bactec vials,0.99
3075,bactec vials,0.99
3076,bactec vials,0.99
3077,bactec vials,0.99
3078,bactec vials,0.99
3079,bactec vials,0.99
3080,bactec vials,0.99
3081,bactec vials,0.99
3082,bactec vials,0.99
3083,bactec vials,0.99
3084,bactec vials,0.99
3085,bactec vials,0.99
3086,bactec vials,0.99
3087,bactec vials,0.55
3088,bactec vials,0.99
3089,bactec vials,0.99
3090,bactec vials,0.99
3091,bactec vials,0.99
3092,bactec vials,0.99
3093,bactec vials,0.99
3094,bactec vials,0.99
3095,bactec vials,0.99
3096,bactec vials,0.99
3097,bactec vials,0.95
3098,bactec vials,0.99
3099,bactec vials,0.99
3100,bactec vials,0.99
3101,bactec vials,0.99
3102,bactec vials,0.99
3103,bactec vials,0.99
3104,bactec vials,0.99
3105,bactec vials,0.99
3106,bactec vials,0.99
3107,bactec vials,0.99
3108,bactec vials,0.99
3109,bactec vials,0.99
3110,bactec vials,0.99
3111,bactec vials,0.99
3112,bactec vials,0.99
3113,bactec vials,0.99
3114,bactec vials,0.99
3115,bactec vials,0.99
3116,bactec vials,0.99
3117,bactec vials,0.99
3118,bactec vials,0.99
3119,bactec vials,0.99
3120,bactec vials,0.99
3121,bactec vials,0.99
3122,bactec vials,0.99
3123,bactec vials,0.99
3124,bactec vials,1.0
3125,bactec vials,0.99
3126,bactec vials,0.99
3127,bactec vials,0.99
3128,bactec vials,0.99
3129,bactec vials,0.99
3130,bactec vials,0.99
3131,bactec vials,0.99
3132,bactec vials,0.99
3133,bactec vials,0.55
3134,bactec vials,0.99
3135,bactec vials,0.99
3136,bactec vials,0.99
3137,bactec vials,0.99
3138,bactec vials,0.99
3139,bactec vials,0.99
3140,bactec vials,0.99
3141,bactec vials,0.99
3142,bactec vials,0.99
3143,bactec vials,1.0
3144,vacutainer tubes,0.71
3145,bactec vials,0.99
3146,bactec vials,0.99
3147,bactec vials,0.99
3148,bactec vials,0.99
3149,bactec vials,0.99
3150,bactec vials,0.99
3151,bactec vials,0.99
3152,bactec vials,0.99
3153,bactec vials,0.99
3154,bactec vials,0.99
3155,bactec vials,0.99
3156,bactec vials,0.99
3157,bactec vials,0.99
3158,bactec vials,1.0
3159,bactec vials,0.99
3160,bactec vials,0.99
3161,bactec vials,1.0
3162,bactec vials,0.99
3163,bactec vials,0.99
3164,bactec vials,0.99
3165,bactec vials,0.99
3166,bactec vials,0.99
3167,bactec vials,0.99
3168,bactec vials,0.99
3169,bactec vials,0.99
3170,bactec vials,0.99
3171,bactec vials,0.99
3172,bactec vials,0.99
3173,bactec vials,0.99
3174,bactec vials,0.99
3175,bactec vials,0.99
3176,bactec vials,0.99
3177,bactec vials,1.0
3178,bactec vials,0.99
3179,bactec vials,0.94
3180,bactec vials,0.99
3181,bactec vials,0.99
3182,bactec vials,1.0
3183,bactec vials,1.0
3184,bactec vials,0.99
3185,bactec vials,0.99
3186,bactec vials,0.99
3187,bactec vials,0.99
3188,bactec vials,0.99
3189,bactec vials,0.99
3190,bactec vials,0.99
3191,bactec vials,0.99
3192,bactec vials,0.99
3193,bactec vials,0.99
3194,bactec vials,0.99
3195,bactec vials,1.0
3196,bactec vials,0.99
3197,bactec vials,0.99
3198,bactec vials,0.99
3199,purewick device,0.74
3200,bactec vials,0.99
3201,bactec vials,1.0
3202,bactec vials,0.99
3203,bactec vials,0.99
3204,bactec vials,0.99
3205,bactec vials,0.99
3206,bactec vials,0.99
3207,bactec vials,0.99
3208,bactec vials,0.81
3209,bactec vials,1.0
3210,bactec vials,0.99
3211,bactec vials,0.99
3212,bactec vials,0.99
3213,bactec vials,0.99
3214,bactec vials,0.99
3215,exclude,0.84
3216,bactec vials,1.0
3217,bactec vials,1.0
3218,bactec vials,1.0
3219,bactec vials,0.99
3220,bactec vials,0.99
3221,bactec vials,0.99
3222,bactec vials,0.99
3223,bactec vials,1.0
3224,bactec vials,0.99
3225,bactec vials,0.99
3226,bactec vials,0.99
3227,bactec vials,0.99
3228,bactec vials,0.99
3229,bactec vials,0.99
3230,bactec vials,0.99
3231,bactec vials,0.99
3232,bactec vials,0.99
3233,bactec vials,0.99
3234,bactec vials,0.99
3235,bactec vials,0.99
3236,bactec vials,0.99
3237,chloraprep,0.87
3238,bactec vials,0.99
3239,bactec vials,1.0
3240,bactec vials,0.99
3241,bactec vials,0.99
3242,bactec vials,0.99
3243,bactec vials,0.99
3244,bactec vials,0.99
3245,bactec vials,0.99
3246,bactec vials,0.99
3247,bactec vials,1.0
3248,bactec vials,0.99
3249,bactec vials,0.99
3250,bactec vials,0.99
3251,bactec vials,1.0
3252,bactec vials,0.99
3253,bactec vials,0.99
3254,bactec vials,0.99
3255,bactec vials,0.98
3256,bactec vials,0.99
3257,bactec vials,0.99
3258,bactec vials,0.99
3259,bactec vials,0.99
3260,bactec vials,0.98
3261,bactec vials,0.99
3262,bactec vials,0.99
3263,bactec vials,0.99
3264,bactec vials,0.99
3265,bactec vials,0.99
3266,bactec vials,0.98
3267,bactec vials,0.98
3268,bactec vials,0.99
3269,bactec vials,0.99
3270,bactec vials,0.99
3271,bactec vials,0.99
3272,bactec vials,0.99
3273,bactec vials,1.0
3274,bactec vials,0.99
3275,bactec vials,0.99
3276,bactec vials,0.99
3277,bactec vials,1.0
3278,bactec vials,0.99
3279,bactec vials,0.55
3280,bactec vials,0.99
3281,bactec vials,0.99
3282,bactec vials,0.99
3283,bactec vials,0.99
3284,bactec vials,0.99
3285,bactec vials,1.0
3286,bactec vials,0.99
3287,bactec vials,0.98
3288,bactec vials,0.99
3289,bactec vials,0.98
3290,bactec vials,1.0
3291,bactec vials,0.99
3292,bactec vials,0.99
3293,bactec vials,0.99
3294,bactec vials,0.98
3295,bactec vials,0.99
3296,bactec vials,1.0
3297,bactec vials,0.99
3298,bactec vials,0.98
3299,bactec vials,0.99
3300,bactec vials,0.99
3301,bactec vials,0.99
3302,bactec vials,0.99
3303,bactec vials,0.99
3304,bactec vials,0.98
3305,powerport,0.64
3306,bactec vials,0.99
3307,bactec vials,0.99
3308,bactec vials,0.99
3309,bactec vials,0.99
3310,bactec vials,0.99
3311,bactec vials,0.99
3312,bactec vials,0.99
3313,bactec vials,0.99
3314,bactec vials,0.99
3315,bactec vials,0.99
3316,bactec vials,0.99
3317,bactec vials,1.0
3318,bactec vials,0.99
3319,bactec vials,0.99
3320,bactec vials,0.99
3321,bactec vials,0.99
3322,bactec vials,1.0
3323,bactec vials,0.99
3324,bactec vials,1.0
3325,bactec vials,1.0
3326,bactec vials,0.98
3327,bactec vials,0.99
3328,bactec vials,0.99
3329,bactec vials,0.99
3330,bactec vials,1.0
3331,bactec vials,0.98
3332,bactec vials,0.99
3333,hypak for antico,0.38
3334,bactec vials,0.99
3335,bactec vials,0.99
3336,bactec vials,0.99
3337,bactec vials,0.99
3338,bactec vials,0.99
3339,bactec vials,0.98
3340,bactec vials,0.98
3341,bactec vials,0.99
3342,bactec vials,1.0
3343,bactec vials,0.99
3344,bactec vials,0.99
3345,bactec vials,0.99
3346,bactec vials,0.99
3347,bactec vials,0.99
3348,bactec vials,0.99
3349,bactec vials,0.99
3350,bactec vials,0.99
3351,bactec vials,1.0
3352,bactec vials,0.99
3353,bactec vials,0.98
3354,bactec vials,0.99
3355,bactec vials,1.0
3356,bactec vials,0.99
3357,bactec vials,0.99
3358,bactec vials,0.99
3359,bactec vials,0.99
3360,bactec vials,0.99
3361,bactec vials,0.99
3362,bactec vials,0.99
3363,bactec vials,0.99
3364,bactec vials,0.99
3365,bactec vials,1.0
3366,bactec vials,0.99
3367,bactec vials,1.0
3368,bactec vials,1.0
3369,bactec vials,0.99
3370,bactec vials,0.99
3371,bactec vials,0.99
3372,bactec vials,0.99
3373,bactec vials,0.99
3374,bactec vials,0.99
3375,bactec vials,0.99
3376,bactec vials,0.99
3377,bactec vials,0.99
3378,bactec vials,0.98
3379,bactec vials,1.0
3380,bactec vials,0.99
3381,bactec vials,0.99
3382,bactec vials,1.0
3383,bactec vials,0.99
3384,bactec vials,0.99
3385,bactec vials,0.99
3386,bactec vials,0.99
3387,bactec vials,0.99
3388,bactec vials,0.99
3389,bactec vials,0.99
3390,bactec vials,0.99
3391,bactec vials,0.99
3392,bactec vials,0.99
3393,bactec vials,0.98
3394,bactec vials,0.99
3395,bactec vials,1.0
3396,bactec vials,0.99
3397,bactec vials,0.99
3398,bactec vials,0.99
3399,bactec vials,0.98
3400,bactec vials,0.99
3401,bactec vials,0.99
3402,bactec vials,0.99
3403,bactec vials,0.99
3404,bactec vials,0.99
3405,bactec vials,0.99
3406,bactec vials,0.99
3407,bactec vials,0.99
3408,bactec vials,0.99
3409,bactec vials,1.0
3410,bactec vials,0.99
3411,bactec vials,1.0
3412,bactec vials,0.99
3413,bactec vials,1.0
3414,bactec vials,0.99
3415,bactec vials,0.99
3416,bactec vials,0.99
3417,bactec vials,1.0
3418,bactec vials,0.99
3419,bactec vials,0.98
3420,bactec vials,0.99
3421,bactec vials,0.98
3422,bactec vials,1.0
3423,bactec vials,0.99
3424,bactec vials,0.99
3425,bactec vials,0.99
3426,bactec vials,0.99
3427,bactec vials,0.98
3428,bactec vials,1.0
3429,bactec vials,0.98
3430,bactec vials,0.99
3431,bactec vials,0.99
3432,bactec vials,1.0
3433,bactec vials,0.99
3434,bactec vials,0.99
3435,bactec vials,0.99
3436,bactec vials,1.0
3437,bactec vials,1.0
3438,bactec vials,0.99
3439,bactec vials,0.99
3440,bactec vials,0.99
3441,bactec vials,0.99
3442,bactec vials,0.99
3443,bactec vials,1.0
3444,bactec vials,0.99
3445,bactec vials,0.99
3446,bactec vials,0.99
3447,bactec vials,1.0
3448,bactec vials,1.0
3449,bactec vials,0.99
3450,bactec vials,0.98
3451,bactec vials,0.99
3452,bactec vials,0.99
3453,bactec vials,1.0
3454,bactec vials,1.0
3455,bactec vials,0.99
3456,bactec vials,0.99
3457,bactec vials,0.99
3458,bactec vials,0.99
3459,bactec vials,0.99
3460,bactec vials,0.99
3461,bactec vials,0.99
3462,bactec vials,0.99
3463,bactec vials,0.99
3464,bactec vials,0.99
3465,bactec vials,1.0
3466,bactec vials,1.0
3467,bactec vials,0.99
3468,bactec vials,0.99
3469,powerport,0.95
3470,bactec vials,1.0
3471,bactec vials,0.99
3472,bactec vials,0.99
3473,bactec vials,0.99
3474,bactec vials,0.99
3475,bactec vials,0.99
3476,bactec vials,0.99
3477,pyxis,0.64
3478,bactec vials,0.99
3479,veritor assays,1.0
3480,bactec vials,1.0
3481,bactec vials,0.81
3482,bactec vials,0.99
3483,bactec vials,0.99
3484,bactec vials,0.99
3485,bactec vials,1.0
3486,bactec vials,0.99
3487,bactec vials,0.99
3488,bactec vials,0.99
3489,bactec vials,1.0
3490,bactec vials,0.99
3491,bactec vials,0.99
3492,bactec vials,0.99
3493,bactec vials,0.99
3494,bactec vials,0.99
3495,bactec vials,1.0
3496,bactec vials,0.99
3497,bactec vials,0.99
3498,bactec vials,0.99
3499,bactec vials,0.99
3500,bactec vials,0.99
3501,bactec vials,0.99
3502,bactec vials,1.0
3503,bactec vials,0.98
3504,bactec vials,1.0
3505,bactec vials,0.99
3506,purewick catheter,0.97
3507,bactec vials,0.99
3508,bactec vials,1.0
3509,bactec vials,1.0
3510,bactec vials,1.0
3511,bactec vials,0.99
3512,powerport,0.97
3513,bactec vials,0.99
3514,bactec vials,1.0
3515,bactec vials,0.99
3516,bactec vials,0.99
3517,bactec vials,1.0
3518,bactec vials,1.0
3519,bactec vials,0.99
3520,bactec vials,1.0
3521,bactec vials,1.0
3522,bactec vials,0.99
3523,bactec vials,0.99
3524,bactec vials,0.99
3525,bactec vials,0.99
3526,bactec vials,0.99
3527,purewick device,0.88
3528,bactec vials,1.0
3529,bactec vials,0.99
3530,bactec vials,1.0
3531,purewick catheter,0.85
3532,bactec vials,1.0
3533,bactec vials,0.99
3534,bactec vials,0.99
3535,bactec vials,1.0
3536,bactec vials,0.99
3537,veritor device,0.47
3538,bactec vials,0.99
3539,bactec vials,0.96
3540,bactec vials,1.0
3541,bactec vials,1.0
3542,bactec vials,0.99
3543,bactec vials,1.0
3544,bactec vials,0.99
3545,bactec vials,0.99
3546,bactec vials,0.98
3547,exclude,0.54
3548,pyxis,0.64
3549,purewick catheter,0.96
3550,bactec vials,1.0
3551,purewick catheter,0.92
3552,purewick catheter,0.92
3553,purewick catheter,0.92
3554,purewick catheter,0.92
3555,bactec vials,0.96
3556,bactec vials,0.96
3557,bactec vials,0.96
3558,bactec vials,0.96
3559,bactec vials,0.55
3560,bactec vials,0.93
3561,bactec vials,0.93
3562,bactec vials,0.96
3563,veritor assays,1.0
3564,bactec vials,0.93
3565,bactec vials,0.96
3566,bactec vials,0.96
3567,bactec vials,0.93
3568,bactec vials,0.96
3569,bactec vials,0.96
3570,veritor assays,1.0
3571,bactec vials,0.96
3572,bactec vials,0.93
3573,bactec vials,0.96
3574,bactec vials,0.96
3575,bactec vials,0.93
3576,bactec vials,0.96
3577,powerport,0.66
3578,purewick catheter,0.85
3579,purewick catheter,0.85
3580,purewick catheter,0.85
3581,purewick catheter,0.85
3582,veritor device,0.47
3583,exclude,0.98
3584,purewick device,0.74
3585,purewick device,0.74
3586,rowa,0.63
3587,veritor device,0.47
3588,safety wingset,0.51
3589,pyxis,0.42
3590,safety wingset,0.77
3591,safety wingset,0.77
3592,bactec vials,0.91
3593,bactec vials,0.96
3594,pyxis,0.97
3595,pyxis,0.65
3596,pyxis,0.64
3597,pyxis,0.78
3598,pyxis,0.54
3599,bactec vials,0.95
3600,bactec vials,0.91
3601,bactec vials,0.91
3602,bactec vials,0.96
3603,bactec vials,0.97
3604,pyxis,0.64
3605,hypak for antico,0.38
3606,purewick device,0.72
3607,purewick device,0.79
3608,veritor device,0.47
3609,safety wingset,0.51
3610,safety wingset,0.73
3611,safety wingset,0.73
3612,exclude,0.36
3613,pyxis,0.83
3614,bactec vials,0.79
3615,safety wingset,0.65
3616,powerport,0.95
3617,veritor device,0.47
3618,purewick device,0.88
3619,bactec vials,0.86
3620,powerport,0.96
3621,powerport,0.93
3622,bactec vials,0.95
3623,bactec vials,0.99
3624,purewick device,0.88
3625,exclude,0.72
3626,bactec vials,0.55
3627,bactec vials,0.95
3628,powerport,0.95
3629,bactec vials,0.99
3630,bactec vials,0.99
3631,bactec vials,0.55
3632,bactec vials,0.99
3633,exclude,0.52
3634,bactec vials,0.99
3635,bactec vials,0.99
3636,bactec vials,0.99
3637,bactec vials,0.99
3638,bactec vials,0.99
3639,bactec vials,0.99
3640,powerport,0.99
3641,bactec vials,1.0
3642,bactec vials,0.99
3643,bactec vials,0.99
3644,bactec vials,0.99
3645,bactec vials,0.88
3646,bactec vials,0.99
3647,bactec vials,0.99
3648,bactec vials,0.99
3649,powerport,0.93
3650,bactec vials,0.99
3651,bactec vials,0.99
3652,bactec vials,0.99
3653,bactec vials,0.99
3654,safety wingset,0.75
3655,bactec vials,0.99
3656,bactec vials,0.99
3657,bactec vials,1.0
3658,bactec vials,0.55
3659,bactec vials,0.99
3660,bactec vials,0.99
3661,bactec vials,0.99
3662,bactec vials,0.99
3663,bactec vials,0.99
3664,bactec vials,0.99
3665,bactec vials,0.99
3666,bactec vials,0.99
3667,bactec vials,0.99
3668,bactec vials,0.99
3669,bactec vials,0.99
3670,bactec vials,0.99
3671,bactec vials,0.99
3672,bactec vials,0.99
3673,bactec vials,0.99
3674,bactec vials,0.99
3675,bactec vials,0.99
3676,bactec vials,0.99
3677,bactec vials,0.99
3678,bactec vials,0.99
3679,bactec vials,1.0
3680,bactec vials,0.99
3681,bactec vials,0.96
3682,bactec vials,0.99
3683,bactec vials,0.99
3684,bactec vials,0.99
3685,bactec vials,0.99
3686,bactec vials,0.99
3687,bactec vials,0.99
3688,bactec vials,0.99
3689,bactec vials,0.99
3690,bactec vials,0.99
3691,bactec vials,0.99
3692,bactec vials,0.95
3693,bactec vials,0.99
3694,bactec vials,0.99
3695,bactec vials,0.99
3696,bactec vials,0.99
3697,bactec vials,0.99
3698,bactec vials,0.99
3699,bactec vials,0.99
3700,bactec vials,0.99
3701,bactec vials,0.99
3702,bactec vials,0.99
3703,bactec vials,0.99
3704,bactec vials,0.99
3705,bactec vials,0.99
3706,bactec vials,0.99
3707,bactec vials,1.0
3708,powerport,0.92
3709,bactec vials,0.99
3710,bactec vials,0.99
3711,bactec vials,0.99
3712,bactec vials,0.99
3713,bactec vials,0.99
3714,bactec vials,0.99
3715,bactec vials,0.99
3716,bactec vials,0.99
3717,bactec vials,0.99
3718,veritor device,0.47
3719,bactec vials,0.99
3720,bactec vials,0.99
3721,bactec vials,0.99
3722,bactec vials,0.98
3723,bactec vials,0.99
3724,bactec vials,0.99
3725,bactec vials,0.99
3726,bactec vials,0.99
3727,bactec vials,0.99
3728,bactec vials,0.99
3729,bactec vials,0.99
3730,bactec vials,0.99
3731,bactec vials,0.98
3732,bactec vials,0.99
3733,bactec vials,0.99
3734,bactec vials,0.99
3735,bactec vials,0.99
3736,bactec vials,0.99
3737,bactec vials,0.99
3738,bactec vials,0.99
3739,bactec vials,0.99
3740,bactec vials,0.99
3741,bactec vials,0.99
3742,bactec vials,0.99
3743,bactec vials,0.99
3744,bactec vials,0.99
3745,bactec vials,0.99
3746,bactec vials,0.99
3747,bactec vials,1.0
3748,bactec vials,0.99
3749,bactec vials,0.99
3750,bactec vials,0.99
3751,bactec vials,0.99
3752,bactec vials,0.99
3753,bactec vials,0.98
3754,bactec vials,0.98
3755,bactec vials,0.99
3756,bactec vials,0.99
3757,bactec vials,0.99
3758,bactec vials,0.99
3759,bactec vials,1.0
3760,bactec vials,0.99
3761,bactec vials,0.99
3762,bactec vials,0.99
3763,bactec vials,0.99
3764,bactec vials,0.99
3765,bactec vials,0.99
3766,bactec vials,0.99
3767,bactec vials,0.99
3768,bactec vials,0.99
3769,bactec vials,0.99
3770,bactec vials,0.99
3771,bactec vials,0.99
3772,bactec vials,0.99
3773,pyxis,0.64
3774,bactec vials,0.99
3775,bactec vials,0.99
3776,bactec vials,0.99
3777,bactec vials,0.99
3778,bactec vials,0.99
3779,bactec vials,1.0
3780,bactec vials,0.99
3781,bactec vials,0.99
3782,bactec vials,0.99
3783,bactec vials,0.99
3784,bactec vials,0.99
3785,bactec vials,0.99
3786,bactec vials,0.99
3787,bactec vials,0.99
3788,bactec vials,0.99
3789,bactec vials,0.99
3790,bactec vials,0.98
3791,bactec vials,0.99
3792,bactec vials,0.99
3793,bactec vials,0.99
3794,bactec vials,0.99
3795,bactec vials,0.99
3796,bactec vials,0.99
3797,bactec vials,0.99
3798,bactec vials,0.99
3799,bactec vials,0.99
3800,bactec vials,0.99
3801,bactec vials,0.99
3802,bactec vials,0.99
3803,bactec vials,0.99
3804,bactec vials,0.99
3805,bactec vials,0.98
3806,bactec vials,0.99
3807,bactec vials,0.99
3808,bactec vials,1.0
3809,bactec vials,1.0
3810,bactec vials,0.99
3811,bactec vials,0.99
3812,bactec vials,0.99
3813,bactec vials,0.99
3814,bactec vials,0.99
3815,bactec vials,0.99
3816,bactec vials,0.99
3817,bactec vials,0.99
3818,bactec vials,0.99
3819,bactec vials,0.99
3820,bactec vials,0.99
3821,bactec vials,1.0
3822,bactec vials,0.99
3823,bactec vials,0.99
3824,bactec vials,0.99
3825,bactec vials,0.99
3826,bactec vials,0.99
3827,bactec vials,0.99
3828,bactec vials,0.99
3829,bactec vials,0.99
3830,bactec vials,0.99
3831,bactec vials,0.99
3832,bactec vials,0.99
3833,bactec vials,1.0
3834,bactec vials,0.99
3835,bactec vials,0.98
3836,bactec vials,0.99
3837,bactec vials,0.99
3838,bactec vials,0.99
3839,bactec vials,0.99
3840,bactec vials,0.99
3841,bactec vials,0.99
3842,powerport,0.93
3843,bactec vials,0.99
3844,bactec vials,0.99
3845,bactec vials,0.99
3846,bactec vials,0.99
3847,bactec vials,0.99
3848,bactec vials,0.99
3849,bactec vials,0.99
3850,bactec vials,0.99
3851,bactec vials,0.99
3852,bactec vials,0.99
3853,bactec vials,1.0
3854,bactec vials,0.99
3855,bactec vials,0.99
3856,bactec vials,1.0
3857,bactec vials,0.99
3858,bactec vials,0.99
3859,bactec vials,0.99
3860,bactec vials,0.99
3861,bactec vials,0.99
3862,bactec vials,0.99
3863,bactec vials,0.99
3864,bactec vials,0.99
3865,bactec vials,0.99
3866,bactec vials,0.99
3867,bactec vials,0.99
3868,bactec vials,0.99
3869,bactec vials,0.99
3870,bactec vials,0.99
3871,bactec vials,0.99
3872,bactec vials,0.99
3873,bactec vials,0.99
3874,bactec vials,0.99
3875,bactec vials,0.99
3876,bactec vials,0.99
3877,bactec vials,0.99
3878,bactec vials,0.99
3879,bactec vials,1.0
3880,bactec vials,0.99
3881,bactec vials,0.99
3882,bactec vials,0.99
3883,bactec vials,0.99
3884,bactec vials,0.99
3885,bactec vials,0.99
3886,bactec vials,0.99
3887,bactec vials,0.99
3888,bactec vials,0.99
3889,bactec vials,0.99
3890,bactec vials,0.99
3891,bactec vials,0.99
3892,bactec vials,1.0
3893,bactec vials,0.99
3894,bactec vials,0.99
3895,bactec vials,0.99
3896,bactec vials,0.99
3897,bactec vials,0.99
3898,bactec vials,0.99
3899,bactec vials,1.0
3900,bactec vials,1.0
3901,bactec vials,0.99
3902,bactec vials,0.99
3903,bactec vials,0.99
3904,bactec vials,0.94
3905,bactec vials,0.98
3906,bactec vials,0.99
3907,bactec vials,0.99
3908,bactec vials,0.99
3909,bactec vials,0.99
3910,bactec vials,0.99
3911,bactec vials,0.99
3912,bactec vials,0.99
3913,bactec vials,0.99
3914,bactec vials,0.99
3915,bactec vials,0.98
3916,bactec vials,0.99
3917,bactec vials,0.99
3918,bactec vials,0.99
3919,bactec vials,0.99
3920,bactec vials,1.0
3921,bactec vials,1.0
3922,bactec vials,0.99
3923,bactec vials,0.99
3924,bactec vials,1.0
3925,bactec vials,0.99
3926,bactec vials,0.99
3927,bactec vials,0.99
3928,bactec vials,0.99
3929,bactec vials,0.99
3930,bactec vials,0.99
3931,bactec vials,0.99
3932,bactec vials,0.99
3933,bactec vials,0.99
3934,bactec vials,0.99
3935,bactec vials,0.55
3936,bactec vials,0.99
3937,bactec vials,0.99
3938,bactec vials,0.99
3939,bactec vials,0.99
3940,bactec vials,0.99
3941,bactec vials,0.99
3942,bactec vials,0.99
3943,bactec vials,0.99
3944,bactec vials,0.98
3945,bactec vials,0.99
3946,bactec vials,0.99
3947,bactec vials,0.98
3948,bactec vials,0.99
3949,bactec vials,1.0
3950,bactec vials,0.99
3951,bactec vials,0.99
3952,bactec vials,0.99
3953,bactec vials,0.99
3954,bactec vials,0.99
3955,bactec vials,0.99
3956,bactec vials,0.99
3957,bactec vials,0.99
3958,bactec vials,0.99
3959,bactec vials,0.99
3960,bactec vials,0.99
3961,bactec vials,0.99
3962,bactec vials,0.99
3963,bactec vials,1.0
3964,bactec vials,0.99
3965,bactec vials,0.99
3966,bactec vials,0.99
3967,bactec vials,0.99
3968,bactec vials,0.99
3969,bactec vials,0.99
3970,bactec vials,0.98
3971,bactec vials,0.99
3972,bactec vials,0.99
3973,bactec vials,1.0
3974,bactec vials,0.99
3975,bactec vials,0.99
3976,bactec vials,0.99
3977,bactec vials,0.99
3978,bactec vials,0.99
3979,bactec vials,0.99
3980,bactec vials,0.99
3981,bactec vials,0.98
3982,bactec vials,1.0
3983,bactec vials,0.99
3984,bactec vials,0.99
3985,bactec vials,0.98
3986,bactec vials,0.99
3987,bactec vials,1.0
3988,bactec vials,0.99
3989,bactec vials,0.99
3990,bactec vials,0.99
3991,bactec vials,1.0
3992,bactec vials,0.99
3993,bactec vials,1.0
3994,bactec vials,0.99
3995,bactec vials,0.99
3996,bactec vials,0.99
3997,bactec vials,0.99
3998,bactec vials,0.99
3999,bactec vials,0.99
4000,bactec vials,0.99
4001,bactec vials,0.99
4002,bactec vials,0.99
4003,bactec vials,1.0
4004,bactec vials,0.99
4005,bactec vials,0.99
4006,bactec vials,0.99
4007,bactec vials,0.99
4008,bactec vials,1.0
4009,bactec vials,0.99
4010,bactec vials,1.0
4011,bactec vials,1.0
4012,bactec vials,0.99
4013,powerport,0.93
4014,bactec vials,0.99
4015,bactec vials,0.99
4016,bactec vials,0.99
4017,bactec vials,0.99
4018,bactec vials,0.99
4019,bactec vials,0.99
4020,bactec vials,0.99
4021,bactec vials,0.99
4022,bactec vials,0.99
4023,bactec vials,0.99
4024,bactec vials,0.99
4025,bactec vials,1.0
4026,bactec vials,0.99
4027,bactec vials,0.99
4028,bactec vials,0.99
4029,bactec vials,0.99
4030,bactec vials,0.99
4031,bactec vials,0.99
4032,bactec vials,0.99
4033,bactec vials,0.99
4034,bactec vials,0.99
4035,bactec vials,0.99
4036,bactec vials,0.99
4037,bactec vials,1.0
4038,bactec vials,0.99
4039,bactec vials,0.99
4040,bactec vials,0.99
4041,bactec vials,0.99
4042,bactec vials,0.99
4043,bactec vials,0.99
4044,bactec vials,0.99
4045,bactec vials,0.99
4046,bactec vials,0.99
4047,bactec vials,0.99
4048,bactec vials,0.99
4049,bactec vials,0.99
4050,bactec vials,0.99
4051,bactec vials,1.0
4052,bactec vials,0.98
4053,bactec vials,0.99
4054,bactec vials,0.99
4055,bactec vials,0.99
4056,bactec vials,0.99
4057,bactec vials,0.99
4058,bactec vials,0.99
4059,bactec vials,0.99
4060,bactec vials,0.99
4061,bactec vials,0.99
4062,bactec vials,0.99
4063,bactec vials,0.99
4064,bactec vials,0.99
4065,bactec vials,0.99
4066,bactec vials,0.99
4067,bactec vials,0.99
4068,bactec vials,0.99
4069,bactec vials,0.99
4070,bactec vials,0.99
4071,bactec vials,0.99
4072,bactec vials,0.99
4073,bactec vials,1.0
4074,bactec vials,0.99
4075,bactec vials,0.99
4076,bactec vials,0.98
4077,bactec vials,0.99
4078,bactec vials,0.99
4079,bactec vials,0.99
4080,bactec vials,0.99
4081,bactec vials,0.99
4082,bactec vials,0.99
4083,bactec vials,0.99
4084,bactec vials,0.99
4085,bactec vials,0.99
4086,bactec vials,0.99
4087,bactec vials,0.94
4088,bactec vials,0.99
4089,bactec vials,0.99
4090,bactec vials,1.0
4091,bactec vials,0.99
4092,bactec vials,0.99
4093,bactec vials,0.99
4094,bactec vials,0.98
4095,bactec vials,0.99
4096,bactec vials,0.99
4097,bactec vials,0.99
4098,bactec vials,0.98
4099,bactec vials,0.99
4100,bactec vials,0.99
4101,bactec vials,0.98
4102,bactec vials,0.99
4103,bactec vials,1.0
4104,bactec vials,0.99
4105,bactec vials,0.99
4106,bactec vials,0.99
4107,bactec vials,1.0
4108,bactec vials,0.99
4109,bactec vials,0.99
4110,bactec vials,0.98
4111,bactec vials,1.0
4112,bactec vials,0.99
4113,bactec vials,0.99
4114,bactec vials,0.99
4115,bactec vials,0.99
4116,bactec vials,0.98
4117,bactec vials,1.0
4118,bactec vials,0.99
4119,bactec vials,0.99
4120,bactec vials,1.0
4121,bactec vials,0.99
4122,bactec vials,0.99
4123,bactec vials,0.99
4124,bactec vials,0.99
4125,bactec vials,0.99
4126,bactec vials,0.99
4127,bactec vials,0.99
4128,bactec vials,0.99
4129,bactec vials,0.98
4130,bactec vials,0.99
4131,bactec vials,0.99
4132,bactec vials,1.0
4133,bactec vials,0.99
4134,bactec vials,0.99
4135,bactec vials,0.99
4136,bactec vials,0.99
4137,bactec vials,1.0
4138,bactec vials,1.0
4139,bactec vials,0.98
4140,bactec vials,1.0
4141,exclude,0.69
4142,bactec vials,0.99
4143,bactec vials,1.0
4144,bactec vials,0.99
4145,bactec vials,0.99
4146,bactec vials,0.99
4147,bactec vials,0.99
4148,bactec vials,0.99
4149,bactec vials,0.99
4150,bactec vials,0.99
4151,bactec vials,0.99
4152,bactec vials,0.98
4153,bactec vials,0.98
4154,bactec vials,0.99
4155,bactec vials,1.0
4156,bactec vials,0.98
4157,bactec vials,0.99
4158,bactec vials,0.99
4159,bactec vials,0.99
4160,bactec vials,0.99
4161,bactec vials,0.98
4162,bactec vials,0.99
4163,bactec vials,0.99
4164,bactec vials,1.0
4165,bactec vials,0.99
4166,bactec vials,0.99
4167,bactec vials,0.99
4168,bactec vials,0.99
4169,bactec vials,0.99
4170,bactec vials,0.99
4171,bactec vials,0.99
4172,bactec vials,0.99
4173,bactec vials,0.99
4174,bactec vials,0.99
4175,bactec vials,0.99
4176,bactec vials,0.99
4177,bactec vials,0.99
4178,bactec vials,0.99
4179,bactec vials,0.99
4180,bactec vials,0.99
4181,bactec vials,0.99
4182,bactec vials,0.99
4183,bactec vials,1.0
4184,purewick catheter,0.97
4185,bactec vials,0.99
4186,bactec vials,0.99
4187,bactec vials,0.99
4188,bactec vials,0.99
4189,bactec vials,0.99
4190,bactec vials,0.99
4191,bactec vials,0.99
4192,bactec vials,0.99
4193,bactec vials,1.0
4194,bactec vials,0.99
4195,bactec vials,0.99
4196,bactec vials,0.98
4197,bactec vials,0.99
4198,bactec vials,0.99
4199,bactec vials,0.99
4200,bactec vials,1.0
4201,bactec vials,0.98
4202,bactec vials,0.99
4203,bactec vials,0.99
4204,bactec vials,0.99
4205,bactec vials,0.98
4206,bactec vials,0.99
4207,bactec vials,1.0
4208,bactec vials,0.99
4209,bactec vials,0.98
4210,bactec vials,0.99
4211,bactec vials,0.99
4212,bactec vials,1.0
4213,bactec vials,0.99
4214,exclude,0.37
4215,bactec vials,0.99
4216,bactec vials,0.99
4217,bactec vials,0.98
4218,bactec vials,0.99
4219,bactec vials,0.99
4220,bactec vials,0.99
4221,exclude,0.62
4222,bactec vials,1.0
4223,bactec vials,1.0
4224,bactec vials,0.99
4225,bactec vials,0.99
4226,bactec vials,0.99
4227,bactec vials,0.99
4228,bactec vials,0.99
4229,bactec vials,0.98
4230,bactec vials,0.99
4231,bactec vials,0.99
4232,bactec vials,1.0
4233,bactec vials,0.99
4234,bactec vials,0.99
4235,bactec vials,0.99
4236,bactec vials,0.98
4237,bactec vials,0.99
4238,bactec vials,0.99
4239,bactec vials,1.0
4240,bactec vials,0.99
4241,bactec vials,1.0
4242,bactec vials,0.99
4243,bactec vials,0.99
4244,bactec vials,0.98
4245,bactec vials,0.99
4246,bactec vials,0.99
4247,bactec vials,0.98
4248,bactec vials,0.99
4249,bactec vials,0.99
4250,bactec vials,0.99
4251,bactec vials,0.99
4252,bactec vials,1.0
4253,bactec vials,0.99
4254,bactec vials,1.0
4255,bactec vials,0.99
4256,bactec vials,0.99
4257,bactec vials,0.99
4258,bactec vials,1.0
4259,bactec vials,1.0
4260,bactec vials,0.99
4261,bactec vials,0.99
4262,bactec vials,0.99
4263,bactec vials,0.99
4264,powerport,0.94
4265,bactec vials,1.0
4266,bactec vials,0.99
4267,bactec vials,0.99
4268,bactec vials,0.99
4269,bactec vials,0.98
4270,bactec vials,0.99
4271,bactec vials,0.99
4272,bactec vials,0.99
4273,bactec vials,0.99
4274,bactec vials,0.98
4275,bactec vials,0.99
4276,bactec vials,0.99
4277,bactec vials,0.99
4278,bactec vials,0.99
4279,bactec vials,0.98
4280,bactec vials,0.98
4281,bactec vials,0.99
4282,bactec vials,1.0
4283,bactec vials,0.99
4284,bactec vials,0.99
4285,bactec vials,0.99
4286,vacutainer tubes,0.6
4287,bactec vials,0.99
4288,bactec vials,0.99
4289,bactec vials,0.99
4290,bactec vials,0.99
4291,bactec vials,0.99
4292,bactec vials,0.99
4293,bactec vials,0.99
4294,bactec vials,0.99
4295,bactec vials,0.99
4296,bactec vials,0.99
4297,bactec vials,1.0
4298,bactec vials,0.99
4299,bactec vials,0.99
4300,bactec vials,0.99
4301,bactec vials,1.0
4302,bactec vials,0.99
4303,bactec vials,0.99
4304,bactec vials,0.98
4305,bactec vials,0.98
4306,bactec vials,0.98
4307,bactec vials,0.99
4308,bactec vials,0.99
4309,bactec vials,0.98
4310,bactec vials,1.0
4311,bactec vials,1.0
4312,bactec vials,0.99
4313,bactec vials,1.0
4314,bactec vials,0.98
4315,bactec vials,0.98
4316,bactec vials,0.99
4317,bactec vials,0.99
4318,bactec vials,0.99
4319,bactec vials,0.99
4320,bactec vials,0.99
4321,bactec vials,0.99
4322,bactec vials,0.99
4323,bactec vials,0.99
4324,bactec vials,0.99
4325,bactec vials,1.0
4326,bactec vials,0.99
4327,bactec vials,0.99
4328,bactec vials,0.99
4329,bactec vials,1.0
4330,bactec vials,0.99
4331,bactec vials,0.99
4332,bactec vials,0.98
4333,bactec vials,0.98
4334,bactec vials,0.99
4335,bactec vials,0.99
4336,bactec vials,0.98
4337,bactec vials,0.99
4338,bactec vials,0.99
4339,bactec vials,0.99
4340,bactec vials,1.0
4341,bactec vials,0.98
4342,bactec vials,0.99
4343,bactec vials,0.98
4344,bactec vials,0.99
4345,bactec vials,1.0
4346,bactec vials,0.99
4347,bactec vials,0.99
4348,bactec vials,0.99
4349,bactec vials,0.99
4350,bactec vials,1.0
4351,bactec vials,0.99
4352,bactec vials,1.0
4353,bactec vials,0.99
4354,bactec vials,0.99
4355,bactec vials,0.99
4356,bactec vials,0.99
4357,bactec vials,0.99
4358,bactec vials,0.99
4359,bactec vials,0.99
4360,bactec vials,0.99
4361,bactec vials,0.95
4362,bactec vials,0.99
4363,bactec vials,0.99
4364,bactec vials,0.99
4365,bactec vials,0.98
4366,bactec vials,0.99
4367,bactec vials,1.0
4368,bactec vials,0.99
4369,bactec vials,0.99
4370,bactec vials,0.99
4371,bactec vials,0.99
4372,bactec vials,0.99
4373,bactec vials,0.99
4374,bactec vials,0.99
4375,bactec vials,1.0
4376,veritor device,0.85
4377,bactec vials,0.99
4378,bactec vials,0.99
4379,bactec vials,1.0
4380,bactec vials,0.98
4381,bactec vials,0.98
4382,bactec vials,0.99
4383,bactec vials,0.99
4384,bactec vials,0.99
4385,bactec vials,1.0
4386,bactec vials,0.99
4387,bactec vials,1.0
4388,bactec vials,0.99
4389,bactec vials,1.0
4390,bactec vials,0.99
4391,bactec vials,0.98
4392,bactec vials,0.99
4393,bactec vials,0.99
4394,bactec vials,0.99
4395,bactec vials,0.99
4396,bactec vials,0.99
4397,bactec vials,0.99
4398,bactec vials,1.0
4399,bactec vials,0.99
4400,bactec vials,1.0
4401,bactec vials,1.0
4402,bactec vials,0.99
4403,bactec vials,0.99
4404,bactec vials,0.99
4405,bactec vials,0.99
4406,bactec vials,1.0
4407,bactec vials,1.0
4408,bactec vials,0.99
4409,bactec vials,1.0
4410,bactec vials,0.99
4411,bactec vials,0.99
4412,bactec vials,0.99
4413,bactec vials,0.99
4414,bactec vials,0.99
4415,bactec vials,1.0
4416,bactec vials,0.99
4417,bactec vials,0.99
4418,bactec vials,0.99
4419,veritor assays,1.0
4420,bactec vials,0.94
4421,bactec vials,0.99
4422,bactec vials,0.99
4423,bactec vials,0.99
4424,bactec vials,0.99
4425,bactec vials,0.99
4426,pyxis,0.42
4427,bactec vials,0.98
4428,bactec vials,1.0
4429,bactec vials,1.0
4430,bactec vials,1.0
4431,bactec vials,0.99
4432,bactec vials,0.99
4433,bactec vials,1.0
4434,bactec vials,1.0
4435,bactec vials,0.99
4436,bactec vials,0.99
4437,bactec vials,1.0
4438,bactec vials,0.99
4439,bactec vials,0.99
4440,veritor assays,1.0
4441,bactec vials,0.99
4442,bactec vials,0.99
4443,bactec vials,0.99
4444,bactec vials,0.94
4445,bactec vials,1.0
4446,bactec vials,0.98
4447,bactec vials,0.99
4448,bactec vials,0.99
4449,bactec vials,0.98
4450,bactec vials,0.99
4451,bactec vials,0.99
4452,bactec vials,1.0
4453,purewick catheter,0.97
4454,bactec vials,1.0
4455,bactec vials,0.99
4456,exclude,0.69
4457,bactec vials,0.98
4458,bactec vials,0.99
4459,bactec vials,1.0
4460,bactec vials,0.99
4461,bactec vials,1.0
4462,bactec vials,1.0
4463,bactec vials,0.99
4464,bactec vials,0.99
4465,bactec vials,0.99
4466,bactec vials,0.99
4467,bactec vials,0.99
4468,bactec vials,0.99
4469,bactec vials,0.98
4470,purewick catheter,0.73
4471,bactec vials,0.99
4472,purewick catheter,0.96
4473,purewick catheter,0.85
4474,bactec vials,0.99
4475,bactec vials,0.99
4476,bactec vials,1.0
4477,bactec vials,0.99
4478,bactec vials,0.98
4479,bactec vials,0.99
4480,bactec vials,0.99
4481,exclude,0.69
4482,bactec vials,0.99
4483,bactec vials,0.98
4484,bactec vials,0.99
4485,purewick catheter,0.93
4486,bactec vials,0.99
4487,purewick canister & tubing,0.58
4488,bactec vials,1.0
4489,pyxis,0.71
4490,bactec vials,1.0
4491,bactec vials,0.94
4492,bactec vials,1.0
4493,bactec vials,1.0
4494,exclude,0.42
4495,purewick catheter,0.85
4496,bactec vials,1.0
4497,purewick catheter,0.85
4498,bactec vials,0.99
4499,bactec vials,0.98
4500,bactec vials,0.99
4501,bactec vials,0.99
4502,bactec vials,0.98
4503,powerport,0.47
4504,bactec vials,0.99
4505,bactec vials,0.99
4506,exclude,0.69
4507,exclude,0.56
4508,bactec vials,0.99
4509,bactec vials,0.99
4510,exclude,0.97
4511,purewick catheter,0.85
4512,bactec vials,0.96
4513,exclude,0.69
4514,purewick catheter,0.85
4515,purewick catheter,0.85
4516,exclude,0.69
4517,purewick catheter,0.85
4518,purewick catheter,0.85
4519,purewick catheter,0.85
4520,purewick catheter,0.85
4521,veritor device,0.47
4522,exclude,0.54
4523,safety wingset,0.39
4524,bactec vials,0.96
4525,bactec vials,0.96
4526,safety wingset,0.98
4527,safety wingset,0.98
4528,safety wingset,0.98
4529,safety wingset,0.98
4530,safety wingset,0.98
4531,safety wingset,0.98
4532,purewick canister & tubing,0.83
4533,safety wingset,0.57
4534,safety wingset,0.57
4535,safety wingset,0.57
4536,exclude,0.44
4537,bactec vials,0.96
4538,bactec vials,0.96
4539,bactec vials,0.96
4540,bactec vials,0.96
4541,bactec vials,0.96
4542,bactec vials,0.96
4543,bactec vials,0.96
4544,bactec vials,0.96
4545,bactec vials,0.96
4546,bactec vials,0.96
4547,bactec vials,0.96
4548,bactec vials,0.96
4549,bactec vials,0.96
4550,bactec vials,0.96
4551,bactec vials,0.96
4552,bactec vials,0.96
4553,bactec vials,0.96
4554,bactec vials,0.96
4555,bactec vials,0.96
4556,bactec vials,0.96
4557,bactec vials,0.96
4558,bactec vials,0.96
4559,bactec vials,0.96
4560,bactec vials,0.93
4561,bactec vials,0.93
4562,bactec vials,0.93
4563,pyxis,0.64
4564,rowa,0.63
4565,veritor device,0.47
4566,veritor device,0.47
4567,veritor device,0.47
4568,bactec vials,0.96
4569,bactec vials,0.96
4570,bactec vials,1.0
4571,bactec vials,1.0
4572,purewick device,0.85
4573,bactec vials,0.88
4574,pyxis,0.42
4575,bactec fx machine,0.34
4576,rowa,0.61
4577,purewick device,0.88
4578,purewick device,0.88
4579,purewick device,0.88
4580,purewick device,0.85
4581,purewick device,0.88
4582,bactec vials,0.91
4583,bactec vials,0.96
4584,bactec vials,0.91
4585,bactec vials,0.99
4586,exclude,0.37
4587,veritor device,0.47
4588,rowa,0.89
4589,rowa,0.89
4590,rowa,0.89
4591,rowa,0.95
4592,rowa,0.89
4593,pyxis,0.97
4594,rowa,0.89
4595,pyxis,0.97
4596,rowa,0.84
4597,rowa,0.95
4598,rowa,0.84
4599,rowa,0.84
4600,rowa,0.95
4601,exclude,0.84
4602,pyxis,0.97
4603,rowa,0.84
4604,rowa,0.61
4605,pyxis,0.97
4606,rowa,0.62
4607,rowa,0.84
4608,rowa,0.62
4609,rowa,0.92
4610,rowa,0.84
4611,rowa,0.62
4612,rowa,0.84
4613,rowa,0.62
4614,rowa,0.84
4615,rowa,0.62
4616,rowa,0.84
4617,rowa,0.84
4618,rowa,0.62
4619,rowa,0.62
4620,pyxis,0.81
4621,pyxis,0.81
4622,exclude,0.54
4623,rowa,0.95
4624,pyxis,0.81
4625,rowa,0.62
4626,pyxis,0.81
4627,exclude,0.64
4628,safety wingset,0.75
4629,exclude,0.83
4630,pyxis,0.65
4631,pyxis,0.64
4632,exclude,0.83
4633,exclude,0.64
4634,pyxis,0.64
4635,pyxis,0.64
4636,rowa,0.62
4637,pyxis,0.64
4638,rowa,0.63
4639,safety wingset,0.75
4640,pyxis,0.64
4641,rowa,0.63
4642,exclude,0.72
4643,pyxis,0.47
4644,pyxis,0.64
4645,rowa,0.63
4646,pyxis,0.64
4647,exclude,0.83
4648,pyxis,0.64
4649,rowa,0.63
4650,pyxis,0.78
4651,veritor device,0.47
4652,rowa,0.63
4653,pyxis,0.78
4654,veritor device,0.47
4655,safety wingset,0.69
4656,pyxis,0.64
4657,pyxis,0.64
4658,pyxis,0.47
4659,pyxis,0.83
4660,safety wingset,0.75
4661,pyxis,0.64
4662,pyxis,0.47
4663,safety wingset,0.39
4664,rowa,0.63
4665,vacutainer tubes,0.65
4666,safety wingset,0.39
4667,veritor device,0.47
4668,pyxis,0.83
4669,exclude,0.44
4670,purewick device,0.83
4671,rowa,0.63
4672,bactec fx machine,0.34
4673,veritor device,0.47
4674,pyxis,0.78
4675,veritor device,0.47
4676,rowa,0.63
4677,powerport,0.82
4678,powerport,0.99
4679,rowa,0.63
4680,vacutainer tubes,0.73
4681,powerport,0.89
4682,bactec fx machine,0.95
4683,pyxis,0.64
4684,bactec vials,0.99
4685,bactec vials,1.0
4686,purewick catheter,0.73
4687,pyxis,0.64
4688,powerport,0.89
4689,purewick device,0.88
4690,veritor device,0.47
4691,bactec vials,0.99
4692,bactec vials,0.99
4693,bactec vials,0.98
4694,bactec vials,0.99
4695,bactec vials,0.99
4696,bactec vials,0.98
4697,bactec vials,0.98
4698,bactec vials,0.98
4699,bactec vials,0.99
4700,bactec vials,0.99
4701,bactec vials,0.99
4702,bactec vials,0.99
4703,bactec vials,0.98
4704,bactec vials,0.99
4705,pyxis,0.56
4706,purewick device,0.88
4707,exclude,0.75
4708,veritor device,0.47
4709,pyxis,0.56
4710,pyxis,0.56
4711,exclude,0.57
4712,purewick device,0.64
4713,exclude,0.6
4714,bactec vials,1.0
4715,bactec fx machine,0.34
4716,veritor device,0.47
4717,exclude,0.98
4718,exclude,0.98
4719,exclude,0.36
4720,powerport,0.97
4721,pyxis,0.83
4722,bactec fx machine,0.34
4723,bactec vials,0.95
4724,rowa,0.92
4725,exclude,0.36
4726,purewick device,0.72
4727,bactec vials,0.95
4728,veritor device,0.47
4729,bactec vials,0.96
4730,pyxis,0.64
4731,bactec vials,1.0
4732,bactec fx machine,0.34
4733,powerport,0.48
4734,exclude,0.71
4735,bactec vials,0.99
4736,purewick device,0.88
4737,bactec vials,0.99
4738,bactec vials,0.91
4739,powerport,0.96
4740,powerport,0.94
4741,powerport,0.96
4742,powerport,0.99
4743,powerport,0.99
4744,powerport,0.93
4745,bactec vials,0.99
4746,bactec vials,0.99
4747,safety wingset,0.54
4748,bactec vials,0.63
4749,veritor device,0.47
4750,bactec vials,0.99
4751,bactec vials,0.97
4752,bactec vials,0.99
4753,veritor device,0.47
4754,bactec vials,0.99
4755,bactec vials,0.99
4756,bactec vials,0.99
4757,bactec vials,0.98
4758,bactec vials,0.99
4759,bactec vials,0.99
4760,purewick device,0.87
4761,bactec vials,0.99
4762,bactec vials,0.99
4763,bactec vials,0.99
4764,purewick device,0.87
4765,bactec vials,0.99
4766,bactec vials,0.95
4767,bactec vials,0.99
4768,bactec vials,0.95
4769,bactec vials,0.99
4770,bactec vials,0.99
4771,bactec fx machine,0.34
4772,bactec vials,0.99
4773,powerport,0.95
4774,bactec vials,0.99
4775,bactec vials,0.99
4776,bactec vials,0.99
4777,bactec vials,0.99
4778,veritor device,0.47
4779,bactec vials,0.99
4780,bactec vials,0.99
4781,bactec vials,0.99
4782,bactec vials,0.99
4783,bactec vials,0.99
4784,bactec vials,0.99
4785,bactec vials,0.99
4786,bactec vials,0.99
4787,exclude,0.52
4788,bactec vials,0.98
4789,bactec vials,0.98
4790,bactec vials,0.55
4791,bactec vials,0.99
4792,bactec vials,0.99
4793,bactec vials,0.99
4794,bactec vials,0.99
4795,bactec vials,0.99
4796,bactec vials,0.99
4797,bactec vials,0.99
4798,bactec vials,0.99
4799,bactec vials,0.99
4800,bactec vials,0.99
4801,bactec vials,0.99
4802,bactec vials,0.99
4803,bactec vials,0.99
4804,bactec vials,0.99
4805,veritor device,0.47
4806,bactec vials,0.99
4807,bactec vials,0.99
4808,bactec vials,0.99
4809,bactec vials,0.99
4810,bactec vials,0.99
4811,bactec vials,0.99
4812,bactec vials,0.99
4813,bactec vials,0.99
4814,bactec vials,0.99
4815,bactec vials,0.99
4816,bactec vials,0.99
4817,veritor device,0.47
4818,veritor device,0.47
4819,veritor device,0.47
4820,bactec vials,0.98
4821,bactec vials,0.99
4822,bactec vials,0.99
4823,bactec vials,0.99
4824,bactec vials,0.99
4825,bactec vials,0.99
4826,bactec vials,0.99
4827,bactec vials,0.99
4828,bactec vials,0.99
4829,bactec vials,0.99
4830,bactec vials,0.99
4831,bactec vials,0.99
4832,bactec vials,0.99
4833,bactec vials,0.99
4834,bactec vials,0.99
4835,bactec vials,0.99
4836,bactec vials,0.99
4837,bactec vials,0.99
4838,bactec vials,0.99
4839,bactec vials,0.99
4840,bactec vials,0.99
4841,bactec vials,1.0
4842,veritor device,0.47
4843,bactec vials,0.99
4844,bactec vials,0.99
4845,bactec vials,0.99
4846,bactec vials,0.99
4847,bactec vials,0.99
4848,bactec vials,0.99
4849,bactec vials,0.99
4850,powerport,0.76
4851,bactec vials,0.99
4852,bactec vials,0.99
4853,bactec vials,0.99
4854,bactec vials,1.0
4855,bactec vials,0.99
4856,bactec vials,0.99
4857,bactec vials,0.99
4858,bactec vials,0.99
4859,bactec vials,0.99
4860,bactec vials,0.99
4861,bactec vials,0.98
4862,bactec vials,0.99
4863,safety wingset,0.51
4864,bactec vials,0.99
4865,bactec vials,0.99
4866,bactec vials,0.99
4867,bactec vials,0.99
4868,bactec vials,0.99
4869,bactec vials,0.99
4870,bactec vials,0.99
4871,bactec vials,0.99
4872,bactec vials,0.99
4873,bactec vials,1.0
4874,bactec vials,0.99
4875,bactec vials,0.99
4876,pyxis,0.64
4877,bactec vials,0.99
4878,bactec vials,0.99
4879,bactec vials,0.99
4880,bactec vials,0.99
4881,bactec vials,0.99
4882,bactec vials,0.95
4883,bactec vials,0.99
4884,bactec vials,0.99
4885,bactec vials,0.95
4886,bactec vials,0.99
4887,bactec vials,0.99
4888,bactec vials,0.99
4889,bactec vials,0.99
4890,bactec vials,0.99
4891,bactec vials,0.99
4892,bactec vials,0.99
4893,bactec vials,0.99
4894,bactec vials,0.99
4895,bactec vials,0.99
4896,powerport,0.99
4897,bactec vials,0.99
4898,bactec vials,0.99
4899,bactec vials,0.99
4900,bactec vials,0.99
4901,bactec vials,0.99
4902,bactec vials,0.99
4903,bactec vials,0.99
4904,bactec vials,0.99
4905,bactec vials,0.99
4906,bactec vials,0.99
4907,bactec vials,0.99
4908,bactec vials,0.99
4909,bactec vials,0.99
4910,bactec vials,0.99
4911,bactec vials,0.99
4912,bactec vials,0.99
4913,bactec vials,0.99
4914,bactec vials,0.99
4915,bactec vials,0.99
4916,bactec vials,0.99
4917,bactec vials,0.99
4918,bactec vials,0.99
4919,bactec vials,0.99
4920,bactec vials,0.99
4921,bactec vials,0.99
4922,bactec vials,0.99
4923,bactec vials,0.99
4924,bactec vials,0.99
4925,bactec vials,0.99
4926,bactec vials,0.99
4927,bactec vials,0.99
4928,bactec vials,0.99
4929,bactec vials,0.99
4930,bactec vials,0.99
4931,bactec vials,0.99
4932,bactec vials,0.99
4933,bactec vials,0.99
4934,bactec vials,0.99
4935,powerport,0.99
4936,powerport,0.99
4937,powerport,0.99
4938,purewick canister & tubing,0.78
4939,veritor device,0.47
4940,bactec vials,0.99
4941,bactec vials,0.99
4942,bactec vials,0.99
4943,bactec vials,0.99
4944,bactec vials,0.99
4945,bactec vials,0.99
4946,bactec vials,0.99
4947,bactec vials,0.99
4948,bactec vials,0.99
4949,bactec vials,0.99
4950,bactec vials,0.99
4951,bactec vials,0.99
4952,bactec vials,0.99
4953,bactec vials,0.99
4954,bactec vials,0.99
4955,bactec vials,0.99
4956,bactec vials,0.99
4957,bactec vials,0.99
4958,bactec vials,0.99
4959,bactec vials,0.99
4960,bactec vials,0.98
4961,bactec vials,0.99
4962,bactec vials,0.99
4963,bactec vials,0.99
4964,bactec vials,1.0
4965,bactec vials,0.99
4966,bactec vials,0.99
4967,bactec vials,0.99
4968,bactec vials,0.99
4969,bactec vials,0.55
4970,bactec vials,0.99
4971,bactec vials,0.99
4972,bactec vials,0.99
4973,bactec vials,0.99
4974,bactec vials,0.99
4975,bactec vials,1.0
4976,bactec vials,0.99
4977,bactec vials,0.99
4978,bactec vials,1.0
4979,bactec vials,0.99
4980,bactec vials,0.99
4981,bactec vials,0.99
4982,bactec vials,1.0
4983,bactec vials,0.99
4984,bactec vials,0.99
4985,bactec vials,0.99
4986,bactec vials,0.99
4987,bactec vials,0.99
4988,bactec vials,0.99
4989,bactec vials,0.99
4990,bactec vials,0.99
4991,bactec vials,0.99
4992,bactec vials,0.99
4993,bactec vials,0.99
4994,bactec vials,0.99
4995,bactec vials,1.0
4996,bactec vials,0.99
4997,bactec vials,1.0
4998,bactec vials,0.99
4999,bactec vials,0.99
5000,bactec vials,0.99
5001,bactec vials,0.99
5002,bactec vials,0.99
5003,bactec vials,0.99
5004,bactec vials,0.99
5005,bactec vials,0.99
5006,bactec vials,0.99
5007,bactec vials,0.99
5008,bactec vials,0.99
5009,bactec vials,0.99
5010,powerport,0.95
5011,bactec vials,0.99
5012,bactec vials,0.99
5013,bactec vials,0.99
5014,bactec vials,0.99
5015,bactec vials,0.99
5016,bactec vials,0.99
5017,bactec vials,0.99
5018,bactec vials,0.99
5019,bactec vials,0.99
5020,bactec vials,0.99
5021,bactec vials,0.99
5022,bactec vials,0.99
5023,bactec vials,0.99
5024,bactec vials,0.99
5025,bactec vials,0.99
5026,bactec vials,0.99
5027,bactec vials,0.99
5028,bactec vials,0.99
5029,bactec vials,0.99
5030,bactec vials,0.99
5031,bactec vials,0.99
5032,bactec vials,0.99
5033,bactec vials,0.99
5034,bactec vials,0.99
5035,bactec vials,0.98
5036,bactec vials,0.99
5037,bactec vials,0.99
5038,bactec vials,0.99
5039,bactec vials,0.99
5040,bactec vials,0.99
5041,bactec vials,0.99
5042,bactec vials,1.0
5043,bactec vials,0.99
5044,bactec vials,0.99
5045,bactec vials,0.99
5046,bactec vials,0.99
5047,bactec vials,0.99
5048,bactec vials,0.99
5049,bactec vials,0.99
5050,bactec vials,0.99
5051,bactec vials,0.99
5052,bactec vials,0.99
5053,bactec vials,0.99
5054,bactec vials,0.99
5055,bactec vials,0.99
5056,bactec vials,0.99
5057,bactec vials,0.99
5058,bactec vials,0.99
5059,bactec vials,0.99
5060,bactec vials,0.99
5061,bactec vials,0.99
5062,bactec vials,0.99
5063,veritor device,0.51
5064,bactec vials,0.99
5065,bactec vials,0.99
5066,bactec vials,0.99
5067,bactec vials,0.99
5068,bactec vials,0.99
5069,bactec vials,0.99
5070,bactec vials,0.99
5071,bactec vials,0.99
5072,bactec vials,0.99
5073,bactec vials,0.99
5074,bactec vials,0.99
5075,bactec vials,1.0
5076,bactec vials,0.99
5077,bactec vials,0.99
5078,bactec vials,0.99
5079,bactec vials,0.99
5080,bactec vials,0.99
5081,bactec vials,0.99
5082,bactec vials,0.99
5083,bactec vials,0.99
5084,bactec vials,0.99
5085,bactec vials,1.0
5086,bactec vials,1.0
5087,bactec vials,0.99
5088,bactec vials,0.99
5089,bactec vials,0.99
5090,bactec vials,0.99
5091,bactec vials,0.98
5092,bactec vials,0.99
5093,bactec vials,0.99
5094,bactec vials,0.99
5095,bactec vials,0.99
5096,bactec vials,0.99
5097,bactec vials,0.99
5098,bactec vials,0.99
5099,bactec vials,0.98
5100,bactec vials,1.0
5101,bactec vials,0.99
5102,bactec vials,0.99
5103,bactec vials,0.99
5104,bactec vials,0.99
5105,bactec vials,0.99
5106,bactec vials,0.99
5107,bactec vials,0.98
5108,bactec vials,0.99
5109,bactec vials,0.99
5110,bactec vials,0.99
5111,bactec vials,0.99
5112,bactec vials,0.99
5113,bactec vials,0.99
5114,bactec vials,0.99
5115,bactec vials,0.99
5116,bactec vials,0.99
5117,bactec vials,0.98
5118,bactec vials,0.99
5119,bactec vials,0.99
5120,bactec vials,0.99
5121,bactec vials,0.55
5122,bactec vials,0.99
5123,bactec vials,0.99
5124,bactec vials,0.99
5125,bactec vials,0.99
5126,bactec vials,0.99
5127,bactec vials,0.99
5128,bactec vials,0.99
5129,bactec vials,0.99
5130,bactec vials,0.99
5131,exclude,0.84
5132,bactec vials,0.99
5133,bactec vials,0.99
5134,bactec vials,0.99
5135,bactec vials,0.99
5136,bactec vials,0.99
5137,bactec vials,0.99
5138,bactec vials,0.99
5139,bactec vials,0.99
5140,bactec vials,0.99
5141,bactec vials,0.99
5142,bactec vials,0.99
5143,bactec vials,0.99
5144,bactec vials,0.99
5145,bactec vials,0.99
5146,bactec vials,0.99
5147,bactec vials,0.99
5148,bactec vials,0.99
5149,bactec vials,0.99
5150,bactec fx machine,0.34
5151,bactec vials,0.98
5152,bactec vials,0.99
5153,bactec vials,0.99
5154,bactec vials,0.99
5155,bactec vials,0.99
5156,bactec vials,0.99
5157,bactec vials,0.99
5158,bactec vials,0.99
5159,bactec vials,0.99
5160,bactec vials,0.99
5161,bactec vials,0.99
5162,bactec vials,0.99
5163,bactec vials,0.99
5164,bactec vials,1.0
5165,bactec vials,0.99
5166,bactec vials,0.99
5167,bactec vials,1.0
5168,bactec vials,0.99
5169,bactec vials,0.99
5170,bactec vials,0.99
5171,bactec vials,1.0
5172,bactec vials,0.99
5173,bactec vials,0.99
5174,bactec vials,0.99
5175,bactec vials,0.99
5176,bactec vials,0.99
5177,bactec vials,0.99
5178,bactec vials,0.99
5179,bactec vials,0.99
5180,bactec vials,1.0
5181,bactec vials,0.99
5182,bactec vials,0.99
5183,bactec vials,0.99
5184,bactec vials,0.99
5185,bactec vials,1.0
5186,bactec vials,1.0
5187,bactec vials,0.99
5188,bactec vials,0.99
5189,bactec vials,1.0
5190,bactec vials,0.99
5191,bactec vials,0.99
5192,bactec vials,0.99
5193,bactec vials,0.99
5194,bactec vials,0.99
5195,bactec vials,0.99
5196,bactec vials,0.99
5197,bactec vials,0.99
5198,bactec vials,0.99
5199,bactec vials,0.99
5200,bactec vials,0.99
5201,bactec vials,0.99
5202,bactec vials,0.99
5203,bactec vials,0.99
5204,bactec vials,0.99
5205,bactec vials,0.99
5206,bactec vials,0.99
5207,bactec vials,0.98
5208,bactec vials,0.99
5209,bactec vials,0.99
5210,bactec vials,1.0
5211,bactec vials,0.99
5212,bactec vials,0.99
5213,bactec vials,1.0
5214,bactec vials,0.99
5215,bactec vials,0.98
5216,bactec vials,0.99
5217,bactec vials,0.99
5218,bactec vials,0.98
5219,bactec vials,0.99
5220,bactec vials,0.99
5221,bactec vials,0.99
5222,bactec vials,0.99
5223,bactec vials,0.99
5224,bactec vials,0.99
5225,bactec vials,0.99
5226,bactec vials,0.99
5227,bactec vials,0.99
5228,bactec vials,0.99
5229,bactec vials,0.99
5230,bactec vials,0.99
5231,bactec vials,0.99
5232,bactec vials,0.99
5233,bactec vials,0.99
5234,bactec vials,0.99
5235,bactec vials,0.99
5236,bactec vials,0.99
5237,bactec vials,0.98
5238,bactec vials,0.98
5239,bactec vials,0.99
5240,bactec vials,0.99
5241,bactec vials,0.99
5242,bactec vials,0.99
5243,bactec vials,0.99
5244,bactec vials,0.99
5245,bactec vials,0.99
5246,bactec vials,0.99
5247,bactec vials,0.99
5248,bactec vials,0.99
5249,bactec vials,0.99
5250,bactec vials,0.99
5251,bactec vials,0.99
5252,bactec vials,0.99
5253,bactec vials,0.99
5254,bactec vials,0.99
5255,bactec vials,0.99
5256,bactec vials,0.99
5257,bactec vials,0.98
5258,bactec vials,0.99
5259,bactec vials,0.99
5260,bactec vials,0.99
5261,bactec vials,0.99
5262,bactec vials,0.99
5263,bactec vials,0.99
5264,bactec vials,1.0
5265,bactec vials,0.99
5266,bactec vials,0.99
5267,bactec vials,0.99
5268,bactec vials,0.99
5269,bactec vials,0.99
5270,bactec vials,0.99
5271,bactec vials,0.99
5272,bactec vials,0.99
5273,bactec vials,0.99
5274,bactec vials,1.0
5275,bactec vials,0.99
5276,bactec vials,0.99
5277,bactec vials,0.99
5278,bactec vials,0.99
5279,bactec vials,0.99
5280,bactec vials,0.98
5281,bactec vials,0.98
5282,bactec vials,0.99
5283,bactec vials,0.94
5284,bactec vials,0.99
5285,bactec vials,0.99
5286,bactec vials,0.99
5287,bactec vials,0.99
5288,bactec vials,0.99
5289,bactec vials,0.99
5290,bactec vials,1.0
5291,bactec vials,0.99
5292,bactec vials,0.99
5293,bactec vials,1.0
5294,bactec vials,0.99
5295,pyxis,0.42
5296,bactec vials,0.99
5297,bactec vials,0.99
5298,bactec vials,0.98
5299,bactec vials,0.99
5300,bactec vials,0.99
5301,bactec vials,1.0
5302,bactec vials,0.99
5303,bactec vials,0.99
5304,bactec vials,0.99
5305,bactec vials,0.99
5306,bactec vials,0.99
5307,bactec vials,0.99
5308,bactec vials,1.0
5309,bactec vials,0.99
5310,bactec vials,0.99
5311,bactec vials,0.99
5312,bactec vials,0.99
5313,powerport,0.93
5314,bactec vials,1.0
5315,bactec vials,0.99
5316,bactec vials,0.99
5317,bactec vials,0.55
5318,bactec vials,0.99
5319,bactec vials,0.99
5320,bactec vials,0.99
5321,bactec vials,0.99
5322,bactec vials,0.99
5323,bactec vials,0.99
5324,bactec vials,0.99
5325,bactec vials,0.99
5326,bactec vials,0.99
5327,bactec vials,0.99
5328,bactec vials,0.99
5329,bactec vials,0.99
5330,bactec vials,0.99
5331,bactec vials,0.99
5332,bactec vials,0.99
5333,bactec vials,0.99
5334,bactec vials,0.99
5335,bactec vials,0.99
5336,bactec vials,0.99
5337,bactec vials,0.99
5338,bactec vials,0.99
5339,exclude,0.72
5340,exclude,0.72
5341,exclude,0.72
5342,bactec vials,0.99
5343,bactec vials,0.99
5344,bactec vials,0.99
5345,bactec vials,0.98
5346,bactec vials,0.99
5347,bactec vials,0.99
5348,bactec vials,1.0
5349,bactec vials,0.99
5350,bactec vials,0.99
5351,bactec vials,0.99
5352,bactec vials,0.99
5353,bactec vials,1.0
5354,bactec vials,0.99
5355,bactec vials,0.99
5356,bactec vials,0.99
5357,bactec vials,0.99
5358,bactec vials,0.99
5359,bactec vials,0.99
5360,bactec vials,0.99
5361,bactec vials,1.0
5362,bactec vials,0.99
5363,bactec vials,0.99
5364,bactec vials,1.0
5365,bactec vials,0.99
5366,bactec vials,1.0
5367,bactec vials,0.99
5368,bactec vials,0.99
5369,bactec vials,0.99
5370,bactec vials,0.99
5371,bactec vials,0.99
5372,bactec vials,0.99
5373,bactec vials,0.99
5374,bactec vials,1.0
5375,bactec vials,0.99
5376,bactec vials,0.99
5377,bactec vials,0.99
5378,bactec vials,1.0
5379,bactec vials,1.0
5380,bactec vials,0.99
5381,bactec vials,0.99
5382,bactec vials,0.99
5383,bactec vials,0.99
5384,bactec vials,0.99
5385,bactec vials,0.99
5386,bactec vials,0.99
5387,bactec vials,0.99
5388,bactec vials,0.99
5389,bactec vials,0.99
5390,bactec vials,0.99
5391,bactec vials,0.99
5392,bactec vials,0.99
5393,bactec vials,0.99
5394,bactec vials,0.98
5395,bactec vials,0.98
5396,bactec vials,1.0
5397,bactec vials,0.99
5398,bactec vials,0.99
5399,bactec vials,0.99
5400,bactec vials,0.99
5401,bactec vials,0.99
5402,bactec vials,0.99
5403,bactec vials,0.99
5404,bactec vials,0.99
5405,bactec vials,0.99
5406,bactec vials,0.99
5407,bactec vials,0.99
5408,bactec vials,0.99
5409,bactec vials,0.99
5410,bactec vials,0.99
5411,bactec vials,1.0
5412,bactec vials,0.99
5413,bactec vials,0.99
5414,bactec vials,0.99
5415,bactec vials,0.99
5416,bactec vials,0.99
5417,bactec vials,0.99
5418,bactec vials,0.99
5419,bactec vials,0.99
5420,bactec vials,0.99
5421,bactec vials,0.99
5422,bactec vials,1.0
5423,bactec vials,0.99
5424,bactec vials,0.98
5425,bactec vials,0.99
5426,bactec vials,1.0
5427,bactec vials,0.99
5428,bactec vials,0.99
5429,bactec vials,1.0
5430,bactec vials,0.99
5431,bactec vials,0.99
5432,bactec vials,0.99
5433,bactec vials,0.99
5434,bactec vials,0.99
5435,bactec vials,0.99
5436,bactec vials,0.99
5437,bactec vials,0.99
5438,bactec vials,0.99
5439,bactec vials,0.99
5440,bactec vials,0.99
5441,bactec vials,0.99
5442,bactec vials,0.99
5443,bactec vials,0.99
5444,bactec vials,1.0
5445,bactec vials,0.99
5446,bactec vials,0.98
5447,bactec vials,0.98
5448,bactec vials,0.99
5449,bactec vials,0.99
5450,bactec vials,0.99
5451,bactec vials,0.99
5452,bactec vials,0.99
5453,bactec vials,0.99
5454,bactec vials,0.99
5455,bactec vials,0.98
5456,bactec vials,0.98
5457,bactec vials,0.98
5458,bactec vials,0.98
5459,bactec vials,0.99
5460,bactec vials,0.99
5461,bactec vials,0.99
5462,bactec vials,0.99
5463,bactec vials,0.99
5464,bactec vials,0.99
5465,bactec vials,0.99
5466,bactec vials,0.99
5467,bactec vials,0.99
5468,bactec vials,1.0
5469,bactec vials,0.99
5470,bactec vials,0.99
5471,bactec vials,0.99
5472,bactec vials,0.99
5473,bactec vials,0.99
5474,bactec vials,0.99
5475,bactec vials,0.99
5476,bactec vials,0.98
5477,bactec vials,0.99
5478,bactec vials,0.98
5479,bactec vials,0.99
5480,bactec vials,0.99
5481,bactec vials,0.99
5482,bactec vials,0.99
5483,bactec vials,1.0
5484,bactec vials,1.0
5485,bactec vials,0.99
5486,bactec vials,0.98
5487,purewick device,0.89
5488,bactec vials,0.99
5489,bactec vials,0.99
5490,bactec vials,0.99
5491,bactec vials,0.99
5492,bactec vials,0.99
5493,bactec vials,0.99
5494,bactec vials,0.99
5495,bactec vials,0.99
5496,bactec vials,0.99
5497,bactec vials,0.99
5498,bactec vials,0.99
5499,bactec vials,0.99
5500,bactec vials,0.99
5501,bactec vials,1.0
5502,bactec vials,0.99
5503,bactec vials,0.99
5504,bactec vials,0.99
5505,bactec vials,0.99
5506,bactec vials,0.99
5507,bactec vials,0.99
5508,bactec vials,0.99
5509,bactec vials,0.99
5510,bactec vials,0.99
5511,bactec vials,0.99
5512,bactec vials,0.99
5513,bactec vials,0.99
5514,bactec vials,0.99
5515,bactec vials,0.99
5516,bactec vials,0.99
5517,bactec vials,0.99
5518,bactec vials,0.99
5519,bactec vials,0.98
5520,bactec vials,0.99
5521,bactec vials,0.99
5522,bactec vials,0.99
5523,bactec vials,0.99
5524,bactec vials,0.99
5525,bactec vials,0.99
5526,bactec vials,0.99
5527,bactec vials,0.99
5528,bactec vials,0.99
5529,bactec vials,0.99
5530,bactec vials,0.99
5531,bactec vials,0.99
5532,bactec vials,0.98
5533,bactec vials,0.99
5534,bactec vials,0.99
5535,bactec vials,0.99
5536,bactec vials,0.98
5537,bactec vials,0.99
5538,bactec vials,0.99
5539,bactec vials,0.99
5540,bactec vials,0.99
5541,bactec vials,0.99
5542,bactec vials,0.99
5543,bactec vials,0.99
5544,bactec vials,0.99
5545,bactec vials,0.99
5546,bactec vials,0.99
5547,bactec vials,0.99
5548,bactec vials,0.99
5549,bactec vials,0.99
5550,bactec vials,0.99
5551,bactec vials,0.99
5552,bactec vials,0.99
5553,bactec vials,0.99
5554,bactec vials,0.99
5555,bactec vials,0.99
5556,bactec vials,0.99
5557,bactec vials,0.98
5558,bactec vials,0.99
5559,bactec vials,0.99
5560,bactec vials,0.99
5561,bactec vials,0.99
5562,bactec vials,0.99
5563,bactec vials,1.0
5564,bactec vials,1.0
5565,bactec vials,0.99
5566,bactec vials,0.99
5567,bactec vials,0.99
5568,bactec vials,0.99
5569,bactec vials,0.99
5570,bactec vials,0.99
5571,bactec vials,0.99
5572,bactec vials,0.99
5573,bactec vials,0.99
5574,bactec vials,0.99
5575,bactec vials,0.99
5576,bactec vials,0.99
5577,bactec vials,0.99
5578,bactec vials,0.99
5579,bactec vials,0.99
5580,bactec vials,1.0
5581,bactec vials,0.99
5582,bactec vials,0.99
5583,bactec vials,0.99
5584,bactec vials,0.99
5585,bactec vials,0.99
5586,bactec vials,0.99
5587,bactec vials,0.99
5588,bactec vials,0.99
5589,bactec vials,0.99
5590,bactec vials,0.99
5591,bactec vials,0.99
5592,bactec vials,0.94
5593,bactec vials,0.99
5594,bactec vials,0.99
5595,bactec vials,0.98
5596,bactec vials,0.99
5597,bactec vials,0.99
5598,bactec vials,0.99
5599,bactec vials,0.99
5600,bactec vials,0.99
5601,bactec vials,0.99
5602,bactec vials,0.98
5603,bactec vials,0.99
5604,bactec vials,0.99
5605,bactec vials,0.99
5606,bactec vials,0.99
5607,bactec vials,0.99
5608,bactec vials,0.99
5609,bactec vials,0.99
5610,bactec vials,0.99
5611,bactec vials,0.99
5612,bactec vials,0.99
5613,bactec vials,0.99
5614,bactec vials,0.99
5615,bactec vials,0.99
5616,bactec vials,0.99
5617,bactec vials,0.99
5618,bactec vials,0.99
5619,bactec vials,0.99
5620,bactec vials,0.99
5621,bactec vials,0.99
5622,bactec vials,0.99
5623,bactec vials,0.99
5624,bactec vials,0.99
5625,bactec vials,0.99
5626,bactec vials,0.99
5627,bactec vials,0.99
5628,bactec vials,0.99
5629,bactec vials,0.99
5630,bactec vials,0.99
5631,bactec vials,0.99
5632,bactec vials,0.99
5633,bactec vials,0.99
5634,bactec vials,0.99
5635,bactec vials,0.99
5636,bactec vials,0.99
5637,bactec vials,0.99
5638,bactec vials,0.99
5639,bactec vials,0.99
5640,bactec vials,0.99
5641,bactec vials,0.99
5642,bactec vials,0.99
5643,bactec vials,0.99
5644,bactec vials,0.99
5645,bactec vials,0.99
5646,bactec vials,0.99
5647,bactec vials,0.99
5648,bactec vials,1.0
5649,bactec vials,0.98
5650,bactec vials,0.99
5651,bactec vials,0.98
5652,bactec vials,1.0
5653,bactec vials,0.98
5654,bactec vials,0.99
5655,bactec vials,0.99
5656,bactec vials,0.99
5657,bactec vials,0.99
5658,bactec vials,0.99
5659,bactec vials,0.99
5660,bactec vials,0.99
5661,bactec vials,0.99
5662,bactec vials,0.99
5663,bactec vials,0.99
5664,bactec vials,0.99
5665,bactec vials,0.99
5666,bactec vials,0.99
5667,bactec vials,0.99
5668,bactec vials,0.99
5669,bactec vials,0.99
5670,bactec vials,0.99
5671,bactec vials,0.99
5672,bactec vials,0.99
5673,bactec vials,0.99
5674,bactec vials,0.99
5675,bactec vials,0.99
5676,bactec vials,0.99
5677,bactec vials,0.99
5678,purewick device,0.47
5679,bactec vials,0.99
5680,bactec vials,0.99
5681,bactec vials,0.99
5682,bactec vials,0.99
5683,bactec vials,0.99
5684,bactec vials,0.99
5685,bactec vials,0.99
5686,bactec vials,0.99
5687,bactec vials,0.99
5688,bactec vials,0.99
5689,bactec vials,0.99
5690,bactec vials,0.99
5691,bactec vials,0.98
5692,bactec vials,0.99
5693,bactec vials,0.98
5694,bactec vials,0.98
5695,bactec vials,0.99
5696,bactec vials,1.0
5697,bactec vials,0.99
5698,bactec vials,0.99
5699,bactec vials,0.99
5700,bactec vials,1.0
5701,bactec vials,0.99
5702,bactec vials,1.0
5703,bactec vials,1.0
5704,bactec vials,1.0
5705,bactec vials,0.99
5706,bactec vials,0.99
5707,bactec vials,0.99
5708,bactec vials,0.99
5709,bactec vials,1.0
5710,bactec vials,0.99
5711,bactec vials,0.99
5712,bactec vials,0.99
5713,bactec vials,0.99
5714,bactec vials,0.98
5715,bactec vials,0.99
5716,bactec vials,0.99
5717,bactec vials,0.99
5718,bactec vials,0.99
5719,bactec vials,0.99
5720,bactec vials,0.99
5721,bactec vials,0.99
5722,bactec vials,0.99
5723,bactec vials,0.99
5724,bactec vials,0.99
5725,bactec vials,0.99
5726,bactec vials,0.99
5727,bactec vials,0.99
5728,bactec vials,0.99
5729,bactec vials,0.99
5730,bactec vials,1.0
5731,bactec vials,0.98
5732,bactec vials,0.99
5733,bactec vials,0.99
5734,bactec vials,0.99
5735,bactec vials,0.99
5736,bactec vials,0.99
5737,bactec vials,0.99
5738,bactec vials,1.0
5739,bactec vials,0.99
5740,bactec vials,0.99
5741,bactec vials,0.99
5742,bactec vials,1.0
5743,bactec vials,0.99
5744,bactec vials,1.0
5745,bactec vials,0.99
5746,bactec vials,0.99
5747,bactec vials,0.99
5748,bactec vials,0.99
5749,bactec vials,0.99
5750,veritor device,0.47
5751,bactec vials,0.99
5752,bactec vials,0.99
5753,bactec vials,0.98
5754,bactec vials,0.99
5755,bactec vials,0.99
5756,bactec vials,0.99
5757,bactec vials,1.0
5758,bactec vials,0.99
5759,bactec vials,1.0
5760,bactec vials,1.0
5761,bactec vials,0.98
5762,bactec vials,0.99
5763,bactec vials,0.99
5764,bactec vials,0.99
5765,bactec vials,0.99
5766,bactec vials,0.99
5767,bactec vials,0.99
5768,bactec vials,0.99
5769,bactec vials,1.0
5770,bactec vials,0.99
5771,bactec vials,0.98
5772,bactec vials,0.99
5773,bactec vials,0.99
5774,bactec vials,0.98
5775,bactec vials,0.99
5776,bactec vials,0.99
5777,bactec vials,0.99
5778,bactec vials,0.99
5779,bactec vials,0.99
5780,bactec vials,0.99
5781,bactec vials,0.99
5782,bactec vials,0.99
5783,bactec vials,0.99
5784,bactec vials,0.99
5785,bactec vials,0.99
5786,bactec vials,0.99
5787,bactec vials,0.99
5788,bactec vials,0.99
5789,bactec vials,0.99
5790,bactec vials,0.99
5791,bactec vials,0.98
5792,bactec vials,0.99
5793,bactec vials,0.99
5794,bactec vials,0.99
5795,bactec vials,0.99
5796,bactec vials,0.99
5797,bactec vials,0.98
5798,bactec vials,1.0
5799,bactec vials,0.99
5800,bactec vials,0.99
5801,bactec vials,1.0
5802,bactec vials,0.98
5803,bactec vials,0.99
5804,bactec vials,1.0
5805,bactec vials,0.99
5806,bactec vials,0.99
5807,bactec vials,0.99
5808,bactec vials,0.99
5809,bactec vials,0.99
5810,bactec vials,0.99
5811,bactec vials,0.99
5812,bactec vials,0.99
5813,bactec vials,1.0
5814,bactec vials,0.99
5815,bactec vials,1.0
5816,bactec vials,0.99
5817,bactec vials,0.99
5818,bactec vials,0.99
5819,bactec vials,0.99
5820,bactec vials,0.99
5821,bactec vials,0.99
5822,bactec vials,0.99
5823,bactec vials,0.98
5824,bactec vials,0.99
5825,bactec vials,0.98
5826,bactec vials,0.99
5827,bactec vials,0.99
5828,bactec vials,0.99
5829,bactec vials,1.0
5830,bactec vials,0.99
5831,bactec vials,0.99
5832,bactec vials,1.0
5833,bactec vials,0.99
5834,bactec vials,0.98
5835,bactec vials,0.99
5836,bactec vials,0.99
5837,bactec vials,1.0
5838,bactec vials,0.99
5839,bactec vials,0.99
5840,bactec vials,0.99
5841,bactec vials,0.99
5842,bactec vials,0.98
5843,bactec vials,0.99
5844,bactec vials,0.99
5845,bactec vials,0.98
5846,bactec vials,0.99
5847,bactec vials,0.99
5848,bactec vials,0.99
5849,bactec vials,0.99
5850,bactec vials,0.98
5851,bactec vials,0.99
5852,bactec vials,0.99
5853,bactec vials,0.99
5854,bactec vials,0.99
5855,bactec vials,0.99
5856,bactec vials,0.99
5857,bactec vials,0.99
5858,bactec vials,0.99
5859,bactec vials,0.99
5860,bactec vials,0.99
5861,bactec vials,0.98
5862,bactec vials,0.99
5863,bactec vials,0.99
5864,bactec vials,0.98
5865,bactec vials,0.98
5866,bactec vials,0.98
5867,bactec vials,0.99
5868,bactec vials,0.99
5869,bactec vials,0.99
5870,bactec vials,0.99
5871,bactec vials,0.98
5872,bactec vials,0.99
5873,bactec vials,0.99
5874,bactec vials,1.0
5875,bactec vials,0.99
5876,bactec vials,0.98
5877,bactec vials,0.99
5878,bactec vials,0.98
5879,bactec vials,0.99
5880,bactec vials,1.0
5881,bactec vials,0.99
5882,bactec vials,0.99
5883,bactec vials,0.99
5884,bactec vials,0.99
5885,bactec vials,0.99
5886,bactec vials,0.99
5887,bactec vials,0.99
5888,bactec vials,1.0
5889,bactec vials,1.0
5890,bactec vials,0.99
5891,bactec vials,0.99
5892,bactec vials,0.99
5893,bactec vials,1.0
5894,bactec vials,0.99
5895,bactec vials,0.94
5896,bactec vials,0.99
5897,bactec vials,0.99
5898,bactec vials,0.99
5899,bactec vials,0.99
5900,bactec vials,0.99
5901,bactec vials,0.99
5902,bactec vials,1.0
5903,bactec vials,0.99
5904,bactec vials,0.99
5905,bactec vials,0.99
5906,bactec vials,0.99
5907,bactec vials,0.98
5908,bactec vials,0.99
5909,bactec vials,0.99
5910,bactec vials,0.99
5911,bactec vials,0.99
5912,bactec vials,0.99
5913,bactec vials,0.99
5914,bactec vials,0.99
5915,bactec vials,0.99
5916,bactec vials,0.99
5917,bactec vials,0.99
5918,bactec vials,0.99
5919,bactec vials,0.99
5920,bactec vials,0.98
5921,bactec vials,0.99
5922,bactec vials,0.99
5923,bactec vials,0.99
5924,bactec vials,0.99
5925,bactec vials,0.99
5926,bactec vials,0.99
5927,bactec vials,1.0
5928,bactec vials,0.99
5929,bactec vials,1.0
5930,bactec vials,1.0
5931,bactec vials,1.0
5932,bactec vials,0.99
5933,bactec vials,1.0
5934,bactec vials,0.99
5935,bactec vials,0.99
5936,bactec vials,1.0
5937,bactec vials,0.99
5938,bactec vials,0.99
5939,bactec vials,1.0
5940,bactec vials,1.0
5941,bactec vials,1.0
5942,bactec vials,0.99
5943,bactec vials,1.0
5944,bactec vials,0.99
5945,bactec vials,1.0
5946,bactec vials,0.99
5947,bactec vials,0.99
5948,bactec vials,0.99
5949,bactec vials,0.99
5950,bactec vials,0.99
5951,bactec vials,0.99
5952,bactec vials,0.99
5953,bactec vials,0.99
5954,bactec vials,0.99
5955,bactec vials,0.99
5956,bactec vials,0.99
5957,bactec vials,0.99
5958,bactec vials,0.99
5959,bactec vials,0.99
5960,bactec vials,0.98
5961,bactec vials,0.99
5962,bactec vials,0.99
5963,bactec vials,0.99
5964,bactec vials,0.99
5965,bactec vials,0.99
5966,safety wingset,0.63
5967,bactec vials,0.99
5968,bactec vials,0.99
5969,bactec vials,0.99
5970,bactec vials,0.99
5971,bactec vials,0.99
5972,bactec vials,0.99
5973,bactec vials,0.99
5974,bactec vials,0.99
5975,bactec vials,0.99
5976,bactec vials,0.99
5977,bactec vials,0.99
5978,bactec vials,0.99
5979,bactec vials,0.99
5980,bactec vials,0.99
5981,bactec vials,0.99
5982,bactec vials,0.99
5983,bactec vials,0.98
5984,bactec vials,0.99
5985,bactec vials,0.99
5986,bactec vials,0.99
5987,bactec vials,0.99
5988,bactec vials,0.99
5989,bactec vials,0.99
5990,bactec vials,0.99
5991,bactec vials,0.99
5992,bactec vials,0.98
5993,bactec vials,0.99
5994,bactec vials,0.99
5995,bactec vials,1.0
5996,bactec vials,0.99
5997,bactec vials,0.99
5998,bactec vials,1.0
5999,exclude,0.81
6000,bactec vials,0.99
6001,bactec vials,0.99
6002,bactec vials,0.99
6003,bactec vials,0.98
6004,bactec vials,0.99
6005,bactec vials,0.99
6006,purewick catheter,0.85
6007,bactec vials,0.98
6008,bactec vials,0.98
6009,bactec vials,0.99
6010,bactec vials,0.99
6011,bactec vials,0.99
6012,bactec vials,0.99
6013,bactec vials,0.98
6014,bactec vials,0.98
6015,bactec vials,1.0
6016,bactec vials,0.99
6017,bactec vials,0.98
6018,bactec vials,0.98
6019,bactec vials,0.99
6020,bactec vials,0.98
6021,bactec vials,0.99
6022,bactec vials,0.99
6023,bactec vials,0.99
6024,bactec vials,1.0
6025,bactec vials,1.0
6026,bactec vials,1.0
6027,bactec vials,1.0
6028,bactec vials,0.99
6029,bactec vials,0.99
6030,bactec vials,0.99
6031,bactec vials,0.99
6032,bactec vials,0.99
6033,bactec vials,0.99
6034,bactec vials,0.99
6035,bactec vials,0.99
6036,bactec vials,0.99
6037,bactec vials,0.99
6038,bactec vials,0.99
6039,bactec vials,1.0
6040,bactec vials,1.0
6041,bactec vials,0.99
6042,bactec vials,0.99
6043,bactec vials,0.99
6044,bactec vials,0.94
6045,exclude,0.67
6046,bactec vials,0.99
6047,bactec vials,0.99
6048,bactec vials,0.99
6049,bactec vials,0.99
6050,bactec vials,0.99
6051,bactec vials,0.99
6052,bactec vials,0.99
6053,bactec vials,0.99
6054,bactec vials,0.99
6055,bactec vials,0.99
6056,bactec vials,0.98
6057,bactec vials,0.99
6058,bactec vials,0.99
6059,bactec vials,0.99
6060,bactec vials,0.99
6061,bactec vials,0.99
6062,bactec vials,0.99
6063,bactec vials,0.99
6064,bactec vials,0.99
6065,bactec vials,0.99
6066,bactec vials,0.99
6067,bactec vials,1.0
6068,bactec vials,0.99
6069,bactec vials,0.99
6070,bactec vials,0.99
6071,bactec vials,0.99
6072,bactec vials,1.0
6073,bactec vials,0.99
6074,bactec vials,0.99
6075,bactec vials,0.98
6076,bactec vials,0.98
6077,bactec vials,0.98
6078,bactec vials,0.99
6079,bactec vials,0.99
6080,bactec vials,0.99
6081,bactec vials,0.99
6082,bactec vials,1.0
6083,bactec vials,0.99
6084,bactec vials,0.99
6085,bactec vials,0.99
6086,bactec vials,0.99
6087,bactec vials,0.99
6088,bactec vials,0.99
6089,bactec vials,0.99
6090,bactec vials,0.99
6091,bactec vials,0.98
6092,bactec vials,0.99
6093,bactec vials,0.95
6094,bactec vials,1.0
6095,bactec vials,0.99
6096,bactec vials,0.99
6097,bactec vials,0.99
6098,bactec vials,1.0
6099,bactec vials,0.99
6100,bactec vials,1.0
6101,bactec vials,0.99
6102,bactec vials,1.0
6103,bactec vials,0.99
6104,bactec vials,0.98
6105,bactec vials,0.99
6106,bactec vials,0.99
6107,bactec vials,1.0
6108,bactec vials,0.99
6109,bactec vials,0.99
6110,bactec vials,0.99
6111,bactec vials,0.99
6112,bactec vials,0.99
6113,bactec vials,0.99
6114,bactec vials,0.99
6115,bactec vials,1.0
6116,bactec vials,0.99
6117,bactec vials,0.99
6118,bactec vials,0.99
6119,bactec vials,1.0
6120,bactec vials,0.98
6121,bactec vials,0.99
6122,bactec vials,0.98
6123,bactec vials,0.99
6124,bactec vials,0.99
6125,bactec vials,0.99
6126,bactec vials,0.99
6127,bactec vials,0.99
6128,bactec vials,1.0
6129,bactec vials,0.99
6130,bactec vials,0.99
6131,bactec vials,0.99
6132,bactec vials,0.99
6133,bactec vials,0.99
6134,bactec vials,0.99
6135,safety wingset,0.63
6136,bactec vials,0.99
6137,bactec vials,0.99
6138,bactec vials,0.99
6139,bactec vials,0.99
6140,bactec vials,0.99
6141,bactec vials,0.99
6142,bactec vials,0.98
6143,bactec vials,0.99
6144,bactec vials,1.0
6145,bactec vials,0.99
6146,bactec vials,0.99
6147,bactec vials,0.99
6148,bactec vials,0.98
6149,bactec vials,1.0
6150,pyxis,0.83
6151,bactec vials,0.98
6152,bactec vials,0.99
6153,bactec vials,0.98
6154,bactec vials,0.99
6155,bactec vials,0.99
6156,bactec vials,0.99
6157,bactec vials,0.99
6158,bactec vials,0.99
6159,bactec vials,0.99
6160,bactec vials,0.99
6161,bactec vials,0.99
6162,bactec vials,0.99
6163,bactec vials,0.99
6164,bactec vials,1.0
6165,bactec vials,0.99
6166,bactec vials,0.99
6167,bactec vials,0.99
6168,bactec vials,0.99
6169,bactec vials,0.99
6170,bactec vials,0.99
6171,bactec vials,0.99
6172,bactec vials,0.99
6173,bactec vials,1.0
6174,bactec vials,0.99
6175,bactec vials,0.99
6176,bactec vials,0.99
6177,bactec vials,0.99
6178,bactec vials,0.99
6179,bactec vials,0.99
6180,bactec vials,0.99
6181,bactec vials,0.99
6182,bactec vials,0.99
6183,bactec vials,0.99
6184,bactec vials,0.98
6185,bactec vials,0.99
6186,bactec vials,0.99
6187,bactec vials,1.0
6188,bactec vials,0.99
6189,bactec vials,0.99
6190,bactec vials,0.99
6191,bactec vials,0.99
6192,bactec vials,0.98
6193,bactec vials,0.99
6194,bactec vials,0.99
6195,bactec vials,0.99
6196,bactec vials,0.99
6197,bactec vials,0.94
6198,bactec vials,0.99
6199,bactec vials,0.99
6200,bactec vials,0.98
6201,bactec vials,0.99
6202,bactec vials,1.0
6203,bactec vials,0.99
6204,bactec vials,0.99
6205,bactec vials,1.0
6206,bactec vials,0.99
6207,bactec vials,1.0
6208,bactec vials,0.99
6209,bactec vials,0.99
6210,bactec vials,1.0
6211,bactec vials,0.99
6212,bactec vials,0.99
6213,bactec vials,0.99
6214,bactec vials,1.0
6215,bactec vials,0.99
6216,bactec vials,0.99
6217,bactec vials,1.0
6218,bactec vials,0.99
6219,bactec vials,0.99
6220,bactec vials,0.99
6221,powerport,0.96
6222,bactec vials,1.0
6223,bactec vials,0.99
6224,bactec vials,0.99
6225,bactec vials,0.99
6226,bactec vials,0.99
6227,bactec vials,0.99
6228,bactec vials,0.99
6229,bactec vials,0.99
6230,bactec vials,0.99
6231,bactec vials,1.0
6232,bactec vials,0.99
6233,bactec vials,0.99
6234,bactec vials,1.0
6235,bactec vials,0.99
6236,bactec vials,0.99
6237,bactec vials,0.99
6238,bactec vials,0.99
6239,bactec vials,0.99
6240,bactec vials,0.99
6241,bactec vials,0.99
6242,bactec vials,0.99
6243,bactec vials,1.0
6244,bactec vials,0.99
6245,bactec vials,0.99
6246,bactec vials,0.99
6247,bactec vials,0.99
6248,bactec vials,0.99
6249,bactec vials,0.94
6250,bactec vials,0.94
6251,bactec vials,0.99
6252,bactec vials,0.99
6253,bactec vials,0.99
6254,bactec vials,0.99
6255,bactec vials,0.99
6256,bactec vials,0.99
6257,bactec vials,0.99
6258,bactec vials,0.99
6259,bactec vials,0.99
6260,purewick device,0.81
6261,bactec vials,0.99
6262,bactec vials,0.98
6263,bactec vials,0.99
6264,bactec vials,1.0
6265,bactec vials,1.0
6266,bactec vials,0.99
6267,bactec vials,0.99
6268,bactec fx machine,0.34
6269,bactec vials,0.99
6270,purewick device,0.29
6271,bactec vials,0.98
6272,bactec vials,0.99
6273,bactec vials,1.0
6274,bactec vials,0.99
6275,bactec vials,0.99
6276,bactec vials,0.99
6277,bactec vials,0.99
6278,bactec vials,0.99
6279,bactec vials,0.99
6280,bactec vials,0.99
6281,bactec vials,0.99
6282,bactec vials,0.99
6283,bactec vials,0.99
6284,bactec vials,0.99
6285,bactec vials,1.0
6286,bactec vials,0.99
6287,bactec vials,0.98
6288,bactec vials,0.99
6289,bactec vials,1.0
6290,bactec vials,0.99
6291,bactec vials,0.99
6292,bactec vials,0.99
6293,bactec vials,0.99
6294,bactec vials,0.99
6295,bactec vials,1.0
6296,bactec vials,0.99
6297,bactec vials,0.99
6298,bactec vials,1.0
6299,bactec vials,1.0
6300,bactec vials,0.99
6301,bactec vials,0.99
6302,powerport,0.96
6303,bactec vials,1.0
6304,bactec vials,1.0
6305,bactec vials,1.0
6306,bactec vials,0.99
6307,bactec vials,0.99
6308,bactec vials,0.99
6309,bactec vials,0.99
6310,bactec vials,1.0
6311,bactec vials,1.0
6312,bactec vials,0.99
6313,bactec vials,0.99
6314,bactec vials,0.99
6315,bactec vials,0.99
6316,bactec vials,1.0
6317,bactec vials,1.0
6318,bactec vials,0.99
6319,bactec vials,0.99
6320,bactec vials,0.99
6321,bactec vials,0.98
6322,bactec vials,0.99
6323,bactec vials,1.0
6324,bactec vials,0.99
6325,bactec vials,1.0
6326,bactec vials,0.99
6327,bactec vials,1.0
6328,bactec vials,0.99
6329,bactec vials,1.0
6330,bactec vials,0.99
6331,bactec vials,0.99
6332,bactec vials,0.99
6333,bactec vials,1.0
6334,bactec vials,0.99
6335,bactec vials,0.99
6336,powerport,0.97
6337,bactec vials,0.99
6338,bactec vials,0.99
6339,bactec vials,0.99
6340,bactec vials,0.99
6341,bactec vials,0.99
6342,bactec vials,0.99
6343,bactec vials,0.99
6344,bactec vials,0.99
6345,bactec vials,0.99
6346,bactec vials,0.99
6347,bactec vials,1.0
6348,bactec vials,0.99
6349,bactec vials,0.99
6350,bactec vials,0.99
6351,pyxis,0.64
6352,bactec vials,0.99
6353,bactec vials,0.99
6354,bactec vials,0.99
6355,bactec vials,0.99
6356,bactec vials,0.99
6357,bactec vials,0.99
6358,bactec vials,0.98
6359,powerport,0.98
6360,bactec vials,1.0
6361,bactec vials,1.0
6362,bactec vials,1.0
6363,bactec vials,1.0
6364,bactec vials,0.99
6365,bactec vials,0.99
6366,bactec vials,0.99
6367,bactec vials,0.99
6368,bactec vials,0.99
6369,bactec vials,0.98
6370,bactec vials,0.99
6371,bactec vials,0.99
6372,bactec vials,0.99
6373,bactec vials,0.99
6374,bactec vials,0.99
6375,bactec vials,0.99
6376,bactec vials,0.99
6377,bactec vials,0.99
6378,bactec vials,1.0
6379,bactec vials,0.99
6380,bactec vials,0.99
6381,bactec vials,0.99
6382,bactec vials,0.98
6383,bactec vials,0.99
6384,bactec vials,1.0
6385,bactec vials,1.0
6386,bactec vials,0.99
6387,bactec vials,0.99
6388,veritor device,0.47
6389,bactec vials,0.99
6390,bactec vials,0.99
6391,bactec vials,0.99
6392,bactec vials,0.98
6393,bactec vials,0.99
6394,bactec vials,1.0
6395,bactec vials,0.99
6396,bactec vials,1.0
6397,veritor device,0.47
6398,bactec vials,1.0
6399,bactec vials,0.98
6400,bactec vials,1.0
6401,bactec vials,0.98
6402,bactec vials,0.99
6403,bactec vials,0.99
6404,safety wingset,0.63
6405,bactec vials,1.0
6406,bactec vials,0.99
6407,bactec vials,0.99
6408,safety wingset,0.63
6409,bactec vials,1.0
6410,vacutainer tubes,0.69
6411,bactec vials,0.99
6412,bactec vials,0.99
6413,bactec vials,0.99
6414,bactec vials,0.98
6415,bactec vials,0.94
6416,bactec vials,0.99
6417,bactec vials,1.0
6418,bactec vials,1.0
6419,bactec vials,0.99
6420,bactec vials,0.99
6421,bactec vials,1.0
6422,bactec vials,1.0
6423,bactec vials,0.99
6424,bactec vials,0.94
6425,vacutainer tubes,0.74
6426,bactec vials,0.99
6427,bactec vials,1.0
6428,bactec vials,1.0
6429,bactec vials,1.0
6430,bactec vials,0.98
6431,bactec vials,0.98
6432,bactec vials,1.0
6433,bactec vials,0.99
6434,bactec vials,0.99
6435,bactec vials,0.98
6436,bactec vials,0.99
6437,bactec vials,1.0
6438,bactec vials,0.99
6439,bactec vials,0.99
6440,bactec vials,0.99
6441,bactec vials,1.0
6442,bactec vials,1.0
6443,vacutainer tubes,0.71
6444,bactec vials,0.99
6445,bactec vials,0.98
6446,bactec vials,0.94
6447,purewick catheter,0.85
6448,bactec vials,0.98
6449,bactec vials,1.0
6450,bactec vials,0.99
6451,bactec vials,1.0
6452,bactec vials,0.98
6453,bactec vials,0.98
6454,bactec vials,0.99
6455,bactec vials,1.0
6456,bactec vials,0.98
6457,bactec vials,0.99
6458,bactec vials,1.0
6459,bactec vials,0.99
6460,bactec vials,1.0
6461,bactec vials,0.99
6462,bactec vials,0.99
6463,bactec vials,0.99
6464,bactec vials,0.99
6465,bactec vials,0.99
6466,bactec vials,0.99
6467,bactec vials,0.99
6468,bactec vials,0.98
6469,bactec vials,1.0
6470,safety wingset,0.63
6471,bactec vials,0.99
6472,bactec vials,0.99
6473,bactec vials,1.0
6474,bactec vials,0.98
6475,bactec vials,0.98
6476,bactec vials,0.98
6477,bactec vials,0.98
6478,bactec vials,0.98
6479,bactec vials,0.99
6480,bactec vials,0.99
6481,bactec vials,0.99
6482,bactec vials,1.0
6483,bactec vials,0.99
6484,bactec vials,0.99
6485,bactec vials,0.99
6486,bactec vials,0.99
6487,bactec vials,0.99
6488,bactec vials,0.98
6489,bactec vials,0.99
6490,bactec vials,0.99
6491,bactec vials,0.99
6492,veritor device,0.47
6493,bactec vials,0.98
6494,bactec vials,0.98
6495,bactec vials,0.98
6496,bactec vials,0.99
6497,bactec vials,0.99
6498,veritor device,0.47
6499,bactec vials,0.99
6500,bactec vials,0.98
6501,bactec vials,0.98
6502,bactec vials,0.98
6503,bactec vials,1.0
6504,purewick catheter,0.85
6505,bactec vials,0.99
6506,bactec vials,0.98
6507,bactec vials,0.94
6508,bactec vials,0.99
6509,bactec vials,0.99
6510,purewick catheter,0.85
6511,bactec vials,0.99
6512,bactec vials,0.99
6513,bactec vials,1.0
6514,bactec vials,0.99
6515,bactec vials,0.98
6516,bactec vials,0.99
6517,bactec vials,0.98
6518,bactec vials,0.99
6519,bactec vials,0.94
6520,bactec vials,0.99
6521,bactec vials,0.99
6522,bactec vials,0.99
6523,bactec vials,0.99
6524,bactec vials,0.99
6525,bactec vials,0.99
6526,bactec vials,0.98
6527,bactec vials,0.98
6528,bactec vials,0.99
6529,bactec vials,0.99
6530,purewick catheter,0.97
6531,bactec vials,0.99
6532,bactec vials,0.98
6533,bactec vials,1.0
6534,bactec vials,0.98
6535,bactec vials,0.98
6536,bactec vials,0.99
6537,safety wingset,0.63
6538,bactec vials,0.99
6539,bactec vials,0.99
6540,bactec vials,0.99
6541,bactec vials,0.98
6542,bactec vials,0.99
6543,bactec vials,0.99
6544,bactec vials,0.98
6545,bactec vials,0.99
6546,exclude,0.69
6547,bactec vials,0.98
6548,purewick catheter,0.85
6549,exclude,0.97
6550,bactec vials,1.0
6551,bactec vials,0.98
6552,bactec vials,0.99
6553,bactec vials,0.99
6554,bactec vials,0.99
6555,bactec vials,0.98
6556,bactec vials,1.0
6557,bactec vials,0.99
6558,purewick catheter,0.85
6559,purewick catheter,0.85
6560,bactec vials,1.0
6561,bactec vials,0.79
6562,purewick catheter,0.96
6563,purewick catheter,0.85
6564,bactec vials,1.0
6565,exclude,0.42
6566,purewick device,0.81
6567,powerport,0.66
6568,exclude,0.69
6569,bactec vials,0.99
6570,bactec vials,1.0
6571,purewick catheter,0.85
6572,purewick catheter,0.85
6573,bactec fx machine,0.34
6574,exclude,0.42
6575,bactec vials,0.98
6576,exclude,0.46
6577,purewick device,0.88
6578,purewick catheter,0.85
6579,exclude,0.69
6580,exclude,0.69
6581,veritor device,0.47
6582,exclude,0.69
6583,purewick catheter,0.85
6584,purewick catheter,0.85
6585,exclude,0.69
6586,purewick catheter,0.85
6587,purewick catheter,0.85
6588,purewick catheter,0.85
6589,purewick catheter,0.85
6590,exclude,0.69
6591,exclude,0.69
6592,exclude,0.69
6593,purewick catheter,0.85
6594,purewick catheter,0.85
6595,purewick catheter,0.85
6596,veritor device,0.47
6597,purewick catheter,0.85
6598,exclude,0.69
6599,vacutainer tubes,0.71
6600,purewick catheter,0.85
6601,exclude,0.69
6602,veritor device,0.47
6603,exclude,0.69
6604,exclude,0.69
6605,veritor device,0.47
6606,veritor device,0.47
6607,safety wingset,0.39
6608,bactec vials,0.96
6609,exclude,0.42
6610,exclude,0.42
6611,exclude,0.42
6612,exclude,0.92
6613,safety wingset,0.66
6614,safety wingset,0.64
6615,powerport,0.73
6616,powerport,0.66
6617,powerport,0.47
6618,pyxis,0.69
6619,purewick canister & tubing,0.91
6620,pyxis,0.64
6621,pyxis,0.64
6622,pyxis,0.83
6623,exclude,0.8
6624,purewick device,0.81
6625,purewick device,0.66
6626,purewick device,0.63
6627,safety wingset,0.57
6628,pyxis,0.7
6629,rowa,0.64
6630,pyxis,0.59
6631,pyxis,0.59
6632,pyxis,0.54
6633,bactec vials,0.95
6634,bactec vials,0.96
6635,bactec vials,0.96
6636,bactec vials,0.96
6637,bactec vials,0.96
6638,bactec vials,0.96
6639,bactec vials,0.96
6640,bactec vials,0.96
6641,bactec vials,0.96
6642,bactec vials,0.96
6643,bactec vials,0.96
6644,bactec vials,0.96
6645,bactec vials,0.96
6646,bactec vials,0.96
6647,bactec vials,0.96
6648,pyxis,0.97
6649,pyxis,0.97
6650,pyxis,0.64
6651,pyxis,0.64
6652,pyxis,0.64
6653,pyxis,0.64
6654,pyxis,0.64
6655,pyxis,0.64
6656,pyxis,0.64
6657,pyxis,0.64
6658,pyxis,0.64
6659,pyxis,0.64
6660,pyxis,0.71
6661,pyxis,0.71
6662,safety wingset,0.75
6663,safety wingset,0.75
6664,safety wingset,0.75
6665,safety wingset,0.75
6666,rowa,0.6
6667,rowa,0.6
6668,rowa,0.6
6669,rowa,0.63
6670,rowa,0.63
6671,rowa,0.63
6672,rowa,0.63
6673,rowa,0.63
6674,rowa,0.63
6675,rowa,0.63
6676,rowa,0.63
6677,rowa,0.63
6678,rowa,0.63
6679,rowa,0.63
6680,rowa,0.63
6681,rowa,0.63
6682,rowa,0.62
6683,rowa,0.62
6684,veritor device,0.47
6685,veritor device,0.47
6686,veritor device,0.47
6687,veritor device,0.47
6688,veritor device,0.47
6689,veritor device,0.47
6690,veritor device,0.47
6691,veritor device,0.47
6692,veritor device,0.47
6693,veritor device,0.47
6694,veritor device,0.47
6695,bactec vials,0.99
6696,bactec vials,0.99
6697,bactec vials,0.99
6698,bactec vials,0.99
6699,bactec vials,0.99
6700,bactec vials,0.99
6701,bactec vials,0.99
6702,bactec vials,0.99
6703,bactec vials,0.98
6704,bactec vials,0.98
6705,bactec vials,0.99
6706,bactec vials,0.99
6707,bactec vials,0.99
6708,bactec vials,0.99
6709,bactec vials,0.99
6710,bactec vials,0.99
6711,bactec vials,0.99
6712,bactec vials,1.0
6713,bactec vials,1.0
6714,bactec vials,1.0
6715,bactec vials,1.0
6716,bactec vials,1.0
6717,bactec vials,0.99
6718,bactec vials,0.99
6719,bactec vials,0.99
6720,bactec vials,0.99
6721,bactec vials,0.99
6722,bactec vials,0.99
6723,bactec vials,0.99
6724,bactec vials,0.94
6725,bactec vials,0.95
6726,bactec vials,0.98
6727,bactec vials,0.98
6728,bactec vials,0.98
6729,bactec vials,0.98
6730,bactec vials,0.98
6731,bactec vials,0.99
6732,bactec vials,0.99
6733,bactec vials,0.99
6734,bactec vials,0.99
6735,bactec vials,0.99
6736,bactec vials,1.0
6737,bactec vials,1.0
6738,safety wingset,0.51
6739,safety wingset,0.51
6740,safety wingset,0.51
6741,safety wingset,0.51
6742,safety wingset,0.51
6743,safety wingset,0.51
6744,safety wingset,0.51
6745,safety wingset,0.51
6746,safety wingset,0.89
6747,exclude,0.38
6748,exclude,0.38
6749,bactec vials,0.86
6750,bactec vials,0.86
6751,bactec vials,0.86
6752,pyxis,0.65
6753,vacutainer tubes,0.78
6754,vacutainer tubes,0.78
6755,bactec vials,0.79
6756,pyxis,0.42
6757,pyxis,0.42
6758,exclude,0.55
6759,safety wingset,0.59
6760,bactec fx machine,0.34
6761,rowa,0.61
6762,rowa,0.61
6763,purewick device,0.88
6764,purewick device,0.88
6765,purewick device,0.88
6766,purewick device,0.88
6767,purewick device,0.88
6768,purewick device,0.88
6769,purewick device,0.88
6770,purewick device,0.88
6771,purewick device,0.88
6772,purewick device,0.88
6773,purewick device,0.88
6774,purewick device,0.88
6775,purewick device,0.88
6776,purewick device,0.85
6777,purewick device,0.85
6778,purewick device,0.88
6779,purewick device,0.88
6780,exclude,0.42
6781,bactec vials,0.99
6782,bactec vials,0.99
6783,veritor device,0.47
6784,bactec vials,0.99
6785,purewick catheter,0.97
6786,exclude,0.89
6787,rowa,0.63
6788,purewick device,0.88
6789,bactec vials,0.91
6790,bactec vials,0.91
6791,bactec vials,0.91
6792,bactec vials,0.91
6793,bactec vials,0.97
6794,bactec vials,0.99
6795,bactec vials,0.97
6796,bactec vials,0.99
6797,pyxis,0.76
6798,powerport,0.76
6799,exclude,0.64
6800,rowa,0.89
6801,rowa,0.89
6802,purewick catheter,0.67
6803,exclude,0.91
6804,exclude,0.89
6805,purewick device,0.69
6806,purewick device,0.74
6807,exclude,0.8
6808,pyxis,0.64
6809,pyxis,0.97
6810,exclude,0.75
6811,pyxis,0.34
6812,exclude,0.9
6813,purewick catheter,0.67
6814,exclude,0.87
6815,exclude,0.84
6816,exclude,0.92
6817,rowa,0.58
6818,rowa,0.92
6819,exclude,0.52
6820,pyxis,0.88
6821,exclude,0.92
6822,exclude,0.97
6823,rowa,0.84
6824,rowa,0.89
6825,purewick canister & tubing,0.91
6826,purewick canister & tubing,0.5
6827,exclude,0.7
6828,exclude,0.62
6829,exclude,0.54
6830,bactec vials,0.57
6831,safety wingset,0.61
6832,exclude,0.97
6833,purewick canister & tubing,0.86
6834,pyxis,0.64
6835,bactec fx machine,0.61
6836,exclude,0.84
6837,vacutainer tubes,0.69
6838,vacutainer tubes,0.57
6839,vacutainer tubes,0.69
6840,safety wingset,0.61
6841,safety wingset,0.61
6842,hypak for antico,0.57
6843,safety wingset,0.69
6844,safety wingset,0.61
6845,pyxis,0.74
6846,rowa,0.84
6847,exclude,0.97
6848,safety wingset,0.61
6849,rowa,0.62
6850,safety wingset,0.48
6851,vacutainer tubes,0.81
6852,bactec vials,0.89
6853,pyxis,0.64
6854,exclude,0.72
6855,rowa,0.63
6856,exclude,0.9
6857,pyxis,0.74
6858,rowa,0.95
6859,bactec vials,0.96
6860,exclude,0.57
6861,purewick catheter,0.67
6862,hypak for antico,0.38
6863,exclude,0.44
6864,vacutainer tubes,0.68
6865,pyxis,0.74
6866,pyxis,0.74
6867,exclude,0.71
6868,exclude,0.99
6869,pyxis,0.64
6870,exclude,0.6
6871,exclude,0.72
6872,bactec fx machine,0.34
6873,exclude,0.72
6874,pyxis,0.74
6875,bactec fx machine,0.34
6876,pyxis,0.97
6877,purewick catheter,0.67
6878,safety wingset,0.99
6879,pyxis,0.74
6880,rowa,0.89
6881,exclude,0.9
6882,safety wingset,0.61
6883,safety wingset,0.61
6884,safety wingset,0.61
6885,rowa,0.56
6886,rowa,0.84
6887,rowa,0.64
6888,exclude,0.99
6889,exclude,0.79
6890,pyxis,0.64
6891,vacutainer tubes,0.9
6892,safety wingset,0.92
6893,purewick device,0.63
6894,pyxis,0.64
6895,exclude,0.56
6896,bactec vials,0.9
6897,rowa,0.92
6898,rowa,0.92
6899,rowa,0.95
6900,rowa,0.95
6901,exclude,0.84
6902,bactec vials,0.99
6903,safety wingset,0.61
6904,exclude,0.51
6905,vacutainer tubes,0.65
6906,purewick device,0.79
6907,exclude,0.98
6908,safety wingset,0.61
6909,bactec vials,0.95
6910,rowa,0.95
6911,safety wingset,0.61
6912,pyxis,0.64
6913,rowa,0.62
6914,rowa,0.56
6915,exclude,1.0
6916,pyxis,0.74
6917,veritor device,0.47
6918,exclude,0.95
6919,safety wingset,0.69
6920,bactec vials,0.95
6921,pyxis,0.74
6922,veritor device,0.47
6923,pyxis,0.64
6924,purewick catheter,0.67
6925,rowa,0.92
6926,rowa,0.92
6927,bactec fx machine,0.46
6928,rowa,0.62
6929,exclude,0.95
6930,rowa,0.62
6931,purewick device,0.76
6932,bactec vials,0.56
6933,pyxis,0.97
6934,powerport,0.96
6935,plastipak,0.56
6936,hypak for vaccine,0.86
6937,rowa,0.92
6938,exclude,0.37
6939,pyxis,0.97
6940,pyxis,0.74
6941,pyxis,0.77
6942,exclude,0.88
6943,vacutainer tubes,0.72
6944,plastipak,0.7
6945,exclude,0.42
6946,rowa,0.64
6947,vacutainer tubes,0.74
6948,pyxis,0.74
6949,vacutainer tubes,0.74
6950,exclude,0.98
6951,safety wingset,0.46
6952,bactec vials,1.0
6953,safety wingset,0.87
6954,purewick device,0.85
6955,chloraprep,0.49
6956,rowa,0.95
6957,rowa,0.84
6958,veritor assays,0.64
6959,safety wingset,0.93
6960,purewick device,0.69
6961,purewick catheter,0.67
6962,plastipak,0.53
6963,purewick canister & tubing,0.94
6964,hypak for vaccine,0.53
6965,vacutainer tubes,0.74
6966,rowa,0.84
6967,rowa,0.92
6968,pyxis,0.74
6969,pyxis,0.97
6970,pyxis,0.97
6971,rowa,0.62
6972,pyxis,0.74
6973,pyxis,1.0
6974,pyxis,0.74
6975,pyxis,0.77
6976,bactec fx machine,0.34
6977,pyxis,0.97
6978,rowa,0.92
6979,vacutainer tubes,0.74
6980,bactec vials,0.95
6981,vacutainer tubes,0.92
6982,bactec vials,0.86
6983,rowa,0.92
6984,pyxis,0.74
6985,bactec fx machine,0.46
6986,vacutainer tubes,0.94
6987,exclude,0.5
6988,bactec fx machine,0.34
6989,bactec vials,0.79
6990,exclude,0.62
6991,pyxis,0.64
6992,pyxis,0.76
6993,bactec vials,0.95
6994,bactec vials,0.88
6995,hypak for vaccine,0.74
6996,safety wingset,0.36
6997,safety wingset,0.69
6998,vacutainer tubes,0.74
6999,exclude,0.6
7000,safety wingset,0.79
7001,vacutainer tubes,0.79
7002,bactec vials,0.48
7003,vacutainer tubes,0.74
7004,vacutainer tubes,0.74
7005,safety wingset,0.46
7006,pyxis,0.64
7007,vacutainer tubes,0.74
7008,exclude,0.98
7009,vacutainer tubes,0.93
7010,vacutainer tubes,0.74
7011,vacutainer tubes,0.94
7012,purewick catheter,0.82
7013,purewick canister & tubing,0.51
7014,vacutainer tubes,0.74
7015,vacutainer tubes,0.74
7016,vacutainer tubes,0.74
7017,vacutainer tubes,0.74
7018,vacutainer tubes,0.51
7019,purewick catheter,0.67
7020,safety wingset,0.31
7021,safety wingset,0.84
7022,veritor assays,0.39
7023,purewick catheter,0.67
7024,exclude,0.84
7025,powerport,0.62
7026,pyxis,0.64
7027,powerport,0.7
7028,purewick catheter,0.5700000000000001
7029,vacutainer tubes,0.76
7030,bactec vials,1.0
7031,plastipak,0.99
7032,pyxis,0.42
7033,pyxis,0.42
7034,pyxis,0.42
7035,bactec vials,0.99
7036,bactec vials,0.95
7037,exclude,0.84
7038,purewick canister & tubing,1.0
7039,rowa,0.6
7040,bactec vials,0.99
7041,pyxis,0.42
7042,bactec vials,0.95
7043,pyxis,0.42
7044,pyxis,0.42
7045,exclude,0.49
7046,exclude,0.36
7047,powerport,0.96
7048,safety wingset,0.87
7049,exclude,0.7
7050,powerport,0.96
7051,safety wingset,0.61
7052,safety wingset,0.61
7053,powerport,0.47
7054,exclude,0.93
7055,exclude,0.89
7056,exclude,0.67
7057,purewick catheter,0.92
7058,purewick catheter,0.93
7059,purewick catheter,0.93
7060,purewick catheter,0.93
7061,purewick catheter,0.96
7062,veritor device,0.63
7063,safety wingset,0.98
7064,purewick device,0.83
7065,purewick device,0.64
7066,exclude,0.93
7067,exclude,0.93
7068,exclude,0.93
7069,exclude,0.93
7070,exclude,0.93
7071,exclude,0.93
7072,exclude,0.94
7073,exclude,0.94
7074,exclude,0.94
7075,exclude,0.94
7076,exclude,0.94
7077,exclude,0.89
7078,exclude,0.89
7079,exclude,0.89
7080,exclude,0.89
7081,exclude,0.89
7082,exclude,0.9
7083,exclude,0.94
7084,exclude,0.57
7085,exclude,0.72
7086,exclude,0.83
7087,exclude,0.6
7088,exclude,0.6
7089,exclude,0.6
7090,exclude,0.6
7091,exclude,0.6
7092,exclude,0.6
7093,exclude,0.6
7094,exclude,0.6
7095,exclude,0.6
7096,exclude,0.6
7097,exclude,0.6
7098,exclude,0.6
7099,exclude,0.56
7100,exclude,0.56
7101,exclude,0.56
7102,exclude,1.0
7103,exclude,0.56
7104,exclude,0.45
7105,exclude,0.95
7106,exclude,0.82
7107,safety wingset,0.71
7108,exclude,0.53
7109,rowa,0.64
7110,rowa,0.62
7111,bactec vials,0.92
7112,bactec vials,0.96
7113,exclude,0.87
7114,pyxis,0.74
7115,pyxis,0.74
7116,pyxis,0.74
7117,pyxis,0.64
7118,pyxis,0.64
7119,safety wingset,0.75
7120,rowa,0.92
7121,rowa,0.92
7122,rowa,0.62
7123,rowa,0.62
7124,veritor device,0.47
7125,veritor device,0.47
7126,veritor device,0.47
7127,veritor device,0.47
7128,bactec vials,0.99
7129,bactec vials,0.99
7130,bactec vials,0.99
7131,bactec vials,0.99
7132,bactec vials,0.99
7133,bactec vials,0.99
7134,bactec vials,0.99
7135,pyxis,0.66
7136,rowa,0.67
7137,pyxis,0.58
7138,vacutainer tubes,0.75
7139,bactec vials,0.86
7140,bactec fx machine,0.94
7141,bactec fx machine,0.52
7142,bactec fx machine,0.49
7143,bactec fx machine,0.46
7144,pyxis,0.42
7145,pyxis,0.83
7146,exclude,0.37
7147,exclude,0.91
7148,bactec fx machine,0.46
7149,purewick canister & tubing,0.97
7150,bactec fx machine,0.46
7151,bactec vials,0.99
7152,powerport,0.77
7153,bactec vials,1.0
7154,purewick catheter,0.73
7155,bactec vials,0.98
7156,bactec vials,0.99
7157,bactec vials,0.99
7158,purewick canister & tubing,0.97
7159,plastipak,0.88
7160,vacutainer tubes,0.93
7161,powerport,0.55
7162,powerport,0.9
7163,safety wingset,0.99
7164,powerport,0.9
7165,purewick canister & tubing,1.0
7166,vacutainer tubes,0.67
7167,powerport,0.56
7168,powerport,0.9
7169,vacutainer tubes,0.75
7170,powerport,0.63
7171,powerport,0.63
7172,safety wingset,0.55
7173,bactec vials,0.95
7174,powerport,0.63
7175,purewick catheter,0.91
7176,powerport,0.44
7177,purewick canister & tubing,0.82
7178,pyxis,0.42
7179,veritor assays,0.98
7180,exclude,0.44
7181,safety wingset,0.37
7182,bactec vials,1.0
7183,bactec vials,1.0
7184,purewick canister & tubing,0.9
7185,safety wingset,0.48
7186,exclude,0.62
7187,bactec vials,0.98
7188,vacutainer tubes,0.6
7189,safety wingset,0.51
7190,vacutainer tubes,0.9
7191,exclude,0.72
7192,purewick catheter,0.97
7193,purewick catheter,0.97
7194,purewick catheter,0.97
7195,safety wingset,0.98
7196,purewick catheter,0.93
7197,exclude,0.62
7198,purewick catheter,0.97
7199,exclude,0.54
7200,bactec vials,0.79
7201,purewick canister & tubing,0.94
7202,purewick canister & tubing,0.9
7203,bactec vials,1.0
7204,vacutainer tubes,0.97
7205,purewick catheter,0.97
7206,vacutainer tubes,0.9
7207,bactec vials,0.56
7208,purewick catheter,0.67
7209,vacutainer tubes,0.93
7210,pyxis,0.78
7211,safety wingset,0.55
7212,purewick device,0.79
7213,rowa,0.63
7214,bactec vials,0.51
7215,purewick canister & tubing,0.94
7216,exclude,0.48
7217,bactec vials,0.94
7218,safety wingset,0.92
7219,bactec vials,0.88
7220,purewick canister & tubing,0.76
7221,powerport,0.99
7222,vacutainer tubes,0.94
7223,exclude,0.42
7224,exclude,0.88
7225,rowa,0.6
7226,bactec vials,0.99
7227,chloraprep,0.87
7228,safety wingset,0.63
7229,exclude,0.37
7230,vacutainer tubes,0.6
7231,bactec vials,0.86
7232,pyxis,0.57
7233,chloraprep,0.87
7234,safety wingset,0.46
7235,vacutainer tubes,0.93
7236,exclude,0.77
7237,bactec fx machine,0.67
7238,exclude,0.48
7239,vacutainer tubes,0.88
7240,vacutainer tubes,0.64
7241,exclude,0.81
7242,bactec fx machine,0.57
7243,rowa,0.92
7244,exclude,0.66
7245,vacutainer tubes,0.71
7246,veritor assays,0.71
7247,chloraprep,0.72
7248,plastipak,0.56
7249,veritor device,0.47
7250,exclude,0.72
7251,vacutainer tubes,0.85
7252,vacutainer tubes,0.79
7253,safety wingset,0.46
7254,exclude,0.9
7255,safety wingset,0.65
7256,exclude,0.53
7257,rowa,0.84
7258,rowa,0.57
7259,plastipak,0.99
7260,safety wingset,0.74
7261,exclude,0.46
7262,pyxis,0.79
7263,exclude,0.85
7264,bactec fx machine,0.65
7265,pyxis,0.71
7266,powerport,0.54
7267,powerport,0.96
7268,purewick canister & tubing,0.51
7269,purewick device,0.74
7270,purewick device,0.45
7271,purewick device,0.89
7272,exclude,0.71
7273,powerport,0.47
7274,powerport,0.98
7275,exclude,0.78
7276,powerport,0.95
7277,powerport,0.96
7278,exclude,0.97
7279,exclude,0.96
7280,veritor device,0.47
7281,exclude,0.89
7282,hypak for antico,0.38
7283,veritor device,0.47
7284,exclude,0.97
7285,bactec vials,0.86
7286,bactec vials,0.94
7287,powerport,0.47
7288,powerport,0.62
7289,exclude,0.63
7290,purewick device,0.69
7291,bactec vials,1.0
7292,purewick catheter,0.97
7293,exclude,0.84
7294,powerport,0.96
7295,exclude,0.52
7296,exclude,0.78
7297,veritor device,0.47
7298,exclude,0.97
7299,exclude,0.9
7300,purewick device,0.69
7301,exclude,0.84
7302,pyxis,0.83
7303,safety wingset,0.46
7304,purewick device,0.84
7305,powerport,0.7
7306,exclude,0.78
7307,chloraprep,0.62
7308,purewick canister & tubing,0.93
7309,powerport,0.96
7310,pyxis,0.64
7311,vacutainer tubes,0.97
7312,safety wingset,0.89
7313,vacutainer tubes,0.47
7314,vacutainer tubes,0.47
7315,plastipak,0.98
7316,hypak for antico,0.67
