,SEG,BU,Business Unit,Sub BU,Sub Business Unit,Platform ID,Platform,Product Category ID,Product Category,Product Line ID,Product Line,Product Set ID,Product Set,Product Subset ID,Product Subset ,Material ID,Material Description,Material ID Description,BU + Material, FY 25 Actual Revenue , FY 25 Actual Units , COMMENTS ,CAT 12
2114,BDM,PS,Pharmaceutical Systems,PS,Pharmaceutical Systems,2103100,Prefillable Systems,PH210310021100,Plastic Container,PH210310031950,Sterifill Advance,PH210310041040,SCF Luer,PH210310051084,5ml,47594001,STERIFILL ADVANCE 5ML,47594001-STERIFILL ADVANCE 5ML,PS-47594001,"$2,047,195 ","729,600",Classified by ML model,pyxis
2612,BDM,PS,Pharmaceutical Systems,PS,Pharmaceutical Systems,2103100,Prefillable Systems,PH210310021250,Stopper,PH210310033000,Stopper High Tier,PH210310041151,TSCF/TCF Visio,PH210310051376,1-3ml,47627110,STOPPER TSCF1-3ML 4023 FLUR VISIO,47627110-STOPPER TSCF1-3ML 4023 FLUR VISIO,PS-47627110,"$126,244 ","405,000",Classified by ML model,pyxis
3802,BDI,PI,Peripheral Intervention,PI,Peripheral Intervention,2401110,Oncology,PH240111021005,Vacuum Assisted,PH240111031016,Encor Probes,PH240111041060,Encor Disposable Accessories,PH240111051075,Encor Disposable Accessories,DS4001,ENCOR ENSPIRE VACUUM & RINSE,DS4001-ENCOR ENSPIRE VACUUM & RINSE,PI-DS4001,"$2,993,233 ","120,166",Classified by ML model,pyxis
4330,BDM,MMS,Medication Management Solutions (MMS),MMS,Infusion Systems,2306001,Alaris System,PH230600121011,POC Systems,PH230600131060,Alaris System LVP Pump License,PH230600141162,Guardrails,PH230600151256,8100 Alaris Infusion System LVP,GUARDRAILS-LVP1,GUARDRAILS LVP LICENSE FEE,GUARDRAILS-LVP1-GUARDRAILS LVP LICENSE FEE,MMS-GUARDRAILS-LVP1,"$9,802,915 ","74,453",Classified by ML model,pyxis
5046,BDM,MMS,Medication Management Solutions (MMS),MMS,Infusion Systems,2306001,Alaris System,PH230600121011,POC Systems,PH230600131062,Alaris System PC Unit License,PH230600141168,Guardrails,PH230600151265,PCU 8015,GUARDRAILS-MX-8015,GUARDRAILS SUITE MX - 8015,GUARDRAILS-MX-8015-GUARDRAILS SUITE MX - 8015,MMS-GUARDRAILS-MX-8015,"$19,740,161 ","40,822",Matched by Material ID,pyxis
6147,BDI,PI,Peripheral Intervention,PI,Peripheral Intervention,2401110,Oncology,PH240111021005,Vacuum Assisted,PH240111031016,Encor Probes,PH240111041060,Encor Disposable Accessories,PH240111051075,Encor Disposable Accessories,DS4002,ENCOR ENSPIRE VAC TUBING CASS,DS4002-ENCOR ENSPIRE VAC TUBING CASS,PI-DS4002,"$281,697 ","18,353",Classified by ML model,pyxis
6548,BLS,SM,Specimen Management,SM,Specimen Management,2109003,Specimen Management Other,PH210900321400,Specimen Management Other,PH210900333300,Specimen Management Other,PH210900341162,All Other PAS,PH210900351175,All Other PAS,400005070,HANDLING CHARGE VACUTAINER,400005070-HANDLING CHARGE VACUTAINER,SM-400005070,"$426,926 ","14,017",Classified by ML model,pyxis
6950,BDM,MMS,Medication Management Solutions (MMS),MMS,Infusion Systems,2306001,Alaris System,PH230600121011,POC Systems,PH230600131067,Alaris System Syringe License,PH230600141175,Guardrails,PH230600151276,Syringe,GUARDRAILS-SYR1,GUARDRAILS SYR LICENSE FEE,GUARDRAILS-SYR1-GUARDRAILS SYR LICENSE FEE,MMS-GUARDRAILS-SYR1,"$1,841,069 ","10,825",Classified by ML model,pyxis
8037,BLS,DS,Diagnostic Solutions,DS,Diagnostic Solutions,2111006,Informatics,PH211100621000,Informatics,PH211100436600,Epicenter,PH211100441290,Epicenter Hardware,PH211100451521,Epicenter Hardware,441503,Labels Medium Barcode Option Epicenter,441503-Labels Medium Barcode Option Epicenter,DS-441503,"$58,445 ","5,656",Classified by ML model,pyxis
8403,BDM,PS,Pharmaceutical Systems,PS,Pharmaceutical Systems,2103100,Prefillable Systems,PH210310021250,Stopper,PH210310033000,Stopper High Tier,PH210310041125,BSCF/BCF/BCA PremiumCoat visio,PH210310051313,1-3ml,47619010,STOPPER BSCF PREMIUMCOAT 1-3ML EV VISIO,47619010-STOPPER BSCF PREMIUMCOAT 1-3ML EV VISIO,PS-47619010,"$5,060 ","4,600",Classified by ML model,pyxis
9056,BDM,MMS,Medication Management Solutions (MMS),MMS,Infusion Systems,2306001,Alaris System,PH230600121011,POC Systems,PH230600131063,Alaris System PCA License,PH230600141170,Guardrails,PH230600151270,PCA/Epi,GUARDRAILS-PCA1,GUARDRAILS PCA LICENSE FEE,GUARDRAILS-PCA1-GUARDRAILS PCA LICENSE FEE,MMS-GUARDRAILS-PCA1,"$388,889 ","3,230",Classified by ML model,pyxis
9270,BDI,PI,Peripheral Intervention,PI,Peripheral Intervention,2401110,Oncology,PH240111021005,Vacuum Assisted,PH240111031016,Encor Probes,PH240111041060,Encor Disposable Accessories,PH240111051075,Encor Disposable Accessories,SCVACPAK3000,ENCOR VACUUM PACKAGE,SCVACPAK3000-ENCOR VACUUM PACKAGE,PI-SCVACPAK3000,"$71,006 ","2,891",Classified by ML model,pyxis
9505,BLS,DS,Diagnostic Solutions,DS,Diagnostic Solutions,2211005,Diagnostic Solutions Other,PH221100521750,Diagnostic Systems Other,PH211100436750,Infection Prevention & Mgmt NP,PH211100441314,WW Infection Prev&Mgmt Oper Exps-Ex BDMS,PH211100451563,WW Infection Prev&Mgmt Oper Exps-Ex BDMS,3176845,SALES ADJUSTMENT FOR WWB 111,3176845-SALES ADJUSTMENT FOR WWB 111,DS-3176845, $-   ,"2,503",Classified by ML model,pyxis
10127,BDM,MMS,Medication Management Solutions (MMS),MMS,Infusion Systems,2306004,CME,PH230600421007,POC Systems,PH230600431053,CME DUAL CH TWIN - Placement,PH230600441139,Drug Infusion - Placement,PH230600451204,CME DUAL CH TWIN - Placement,L100-901PTM,Loaner Twins 121 Infusion Pump,L100-901PTM-Loaner Twins 121 Infusion Pump,MMS-L100-901PTM, $-   ,"1,816",Matched by Material ID,pyxis
11004,BDI,PI,Peripheral Intervention,PI,Peripheral Intervention,2401110,Oncology,PH240111021005,Vacuum Assisted,PH240111031016,Encor Probes,PH240111041060,Encor Disposable Accessories,PH240111051075,Encor Disposable Accessories,SCCAN02,Encor Vacuum Canister,SCCAN02-Encor Vacuum Canister,PI-SCCAN02,"$8,046 ","1,272",Classified by ML model,pyxis
11353,BDM,MMS,Medication Management Solutions (MMS),MMS,Infusion Systems,2306006,BD Nexus,PH230600621000,POC Systems,PH230600631016,BD Nexus DS 700 - Placement,PH230600641019,BD Nexus DS 700 - Placement,PH230600651019,BD Nexus DS 700 - Placement,PLACE - NEXUS DS700 DS,BD Nexus DS 700 - Placement,PLACE - NEXUS DS700 DS-BD Nexus DS 700 - Placement,MMS-PLACE - NEXUS DS700 DS, $-   ,"1,097",Classified by ML model,pyxis
11609,BDM,MMS,Medication Management Solutions (MMS),MMS,Infusion Systems,2306001,Alaris System,PH230600121011,POC Systems,PH230600131076,Alaris System Systems Manager,PH230600141215,Server Applications,PH230600151338,Client License,SYS MGR CLIENT,SYSTEMS MANAGER CLIENT LICENSE FEE,SYS MGR CLIENT-SYSTEMS MANAGER CLIENT LICENSE FEE,MMS-SYS MGR CLIENT,"$164,049 ",996,Classified by ML model,pyxis
12355,BLS,DS,Diagnostic Solutions,DS,Diagnostic Solutions,2111006,Informatics,PH211100621000,Informatics,PH211100436650,Other Informatics,PH211100441296,DMS (Japan),PH211100451534,DMS (Japan),252060,LABEL DMS PX BARCODE JAPAN,252060-LABEL DMS PX BARCODE JAPAN,DS-252060,"$24,661 ",764,Classified by ML model,pyxis
12927,BDM,MMS,Medication Management Solutions (MMS),MMS,Infusion Systems,2306001,Alaris System,PH230600121011,POC Systems,PH230600131058,Alaris System EtCO2 License,PH230600141160,Guardrails,PH230600151253,EtCO2,GUARDRAILS-ETC021,GUARDRAILS-ETC021-SITE LICENSE FEE,GUARDRAILS-ETC021-GUARDRAILS-ETC021-SITE LICENSE FEE,MMS-GUARDRAILS-ETC021,"$51,874 ",632,Classified by ML model,pyxis
13075,BDM,MDS,Medication Delivery Solutions (MDS),VAD,Vascular Access Devices,2410300,Vascular Access Technologies,PH241030021000,Site-Rite,PH241030031019,Site-Rite Probes,PH241030041038,Site Rite 9 Probes,PH241030051038,Site Rite 9 Probes,9770803,Site-Rite 9 Linear Cue Probe,9770803-Site-Rite 9 Linear Cue Probe,MDS-9770803,"$4,696,775 ",602,Matched by Material ID,pyxis
13202,BLS,DS,Diagnostic Solutions,DS,Diagnostic Solutions,2111006,Informatics,PH211100621000,Informatics,PH211100436650,Other Informatics,PH211100441296,DMS (Japan),PH211100451534,DMS (Japan),252059,LABEL DMS PPM BARCODE JAPAN,252059-LABEL DMS PPM BARCODE JAPAN,DS-252059,"$38,282 ",586,Classified by ML model,pyxis
13536,BDM,MDS,Medication Delivery Solutions (MDS),VAD,Vascular Access Devices,2410300,Vascular Access Technologies,PH241030021000,Site-Rite,PH241030031010,Site-Rite Consoles - ISALES,PH241030041003,Site Rite 9 Consoles,PH241030051023,Site Rite 9 Consoles,9770800,Site-Rite 9 Ultrasound Sys US,9770800-Site-Rite 9 Ultrasound Sys US,MDS-9770800,"$10,740,412 ",526,Matched by Material ID,pyxis
13611,BDI,PI,Peripheral Intervention,PI,Peripheral Intervention,2401105,BD PI Other,PH240110521002,OEM,PH240110531021,Virtual Bundles OEM,PH240110541067,Virtual Bundles OEM,PH240110551067,Virtual Bundles OEM,OBLBNDL1,OBLVIRTUALBUNDLE1,OBLBNDL1-OBLVIRTUALBUNDLE1,PI-OBLBNDL1, $-   ,516,Classified by ML model,pyxis
13730,BLS,BDB,Biosciences,BDB,Biosciences,2200200,Clinical Instruments,PH220020023200,FACSCanto,PH220020035950,FACSCanto Options,PH220020041126,FACSCanto Options,PH220020051329,FACSCanto Other Options and Upgrades,353910,Plate 96w nonTC U-btm PS NS 50cas,353910-Plate 96w nonTC U-btm PS NS 50cas,BDB-353910,$941 ,500,Classified by ML model,pyxis
14000,BLS,DS,Diagnostic Solutions,DS,Diagnostic Solutions,2111006,Informatics,PH211100621000,Informatics,PH211100436600,Epicenter,PH211100441290,Epicenter Hardware,PH211100451521,Epicenter Hardware,441404,Labels Large Barcode Option Epicenter,441404-Labels Large Barcode Option Epicenter,DS-441404,"$9,154 ",463,Classified by ML model,pyxis
15299,BLS,BDB,Biosciences,BDB,Biosciences,2200200,Clinical Instruments,PH220055021002,Cytognos Software,PH220055031005,Cytognos BBDD,PH220055041021,Cytognos BBDD,PH220055051034,Cytognos BBDD,CYT-INF-EFDB-20,pack of 20 Database accesses,CYT-INF-EFDB-20-pack of 20 Database accesses,BDB-CYT-INF-EFDB-20,"$38,527 ",321,Classified by ML model,pyxis
15485,BLS,DS,Diagnostic Solutions,DS,Diagnostic Solutions,2111006,Informatics,PH211100621000,Informatics,PH211100436600,Epicenter,PH211100441290,Epicenter Hardware,PH211100451521,Epicenter Hardware,445411,Informatics PC,445411-Informatics PC,DS-445411,"$442,085 ",303,Matched by Material ID,pyxis
15755,BLS,DS,Diagnostic Solutions,DS,Diagnostic Solutions,2111006,Informatics,PH211100621000,Informatics,PH211100436600,Epicenter,PH211100441290,Epicenter Hardware,PH211100451521,Epicenter Hardware,441403,Labels Small Barcode Option Epicenter,441403-Labels Small Barcode Option Epicenter,DS-441403,$663 ,288,Classified by ML model,pyxis
16242,BDM,MDS,Medication Delivery Solutions (MDS),VAD,Vascular Access Devices,2410300,Vascular Access Technologies,PH241030021006,Prevue,PH241030031004,Prevue Probes,PH241030041012,Prevue II Probes,PH241030051010,Prevue II Probes,9770703,PREVUE II TRADITIONAL,9770703-PREVUE II TRADITIONAL,MDS-9770703,"$1,084,201 ",250,Matched by Material ID,pyxis
16767,BLS,BDB,Biosciences,BDB,Biosciences,2200200,Clinical Instruments,PH220055021002,Cytognos Software,PH220055031005,Cytognos BBDD,PH220055041021,Cytognos BBDD,PH220055051034,Cytognos BBDD,ECC##BDB178,pack of 20 Database accesses,ECC##BDB178-pack of 20 Database accesses,BDB-ECC##BDB178,"$29,755 ",218,Classified by ML model,pyxis
17196,BDM,MDS,Medication Delivery Solutions (MDS),VAD,Vascular Access Devices,2410300,Vascular Access Technologies,PH241030021006,Prevue,PH241030031005,Prevue Consoles - ISALES,PH241030041014,Prevue II Consoles,PH241030051009,Prevue II Consoles,9770700,BAT1 PREVUE II CONSOLE,9770700-BAT1 PREVUE II CONSOLE,MDS-9770700,"$1,029,193 ",196,Matched by Material ID,pyxis
17756,BLS,BDB,Biosciences,BDB,Biosciences,2200100,Single Cell Multiomics,PH220010021150,SCM Instruments,PH220010031450,Rhapsody HT Xpress,PH220010041021,Rhapsody HT Xpress Package,PH220010051021,Rhapsody HT Xpress Package,666625,Rhapsody HT Xpress Package,666625-Rhapsody HT Xpress Package,BDB-666625,"$2,643,895 ",172,Matched by Material ID,pyxis
17786,BDI,PI,Peripheral Intervention,PI,Peripheral Intervention,2401105,BD PI Other,PH240110521002,OEM,PH240110531021,Virtual Bundles OEM,PH240110541067,Virtual Bundles OEM,PH240110551067,Virtual Bundles OEM,OBLBNDL3,OBLVIRTUALBUNDLE3,OBLBNDL3-OBLVIRTUALBUNDLE3,PI-OBLBNDL3, $-   ,172,Classified by ML model,pyxis
17934,BLS,BDB,Biosciences,BDB,Biosciences,2200200,Clinical Instruments,PH220020023350,FACSLyric,PH220020036550,FACSLyric Options,PH220020041139,FACSLyric Options,PH220020051354,FACSLyric Other Options and Upgrades,667231,Computer Bundle Z2SFFG9 Lyric LM5 ROW,667231-Computer Bundle Z2SFFG9 Lyric LM5 ROW,BDB-667231,"$533,960 ",164,Matched by Material ID,pyxis
18105,BLS,BDB,Biosciences,BDB,Biosciences,2200200,Clinical Instruments,PH220020023350,FACSLyric,PH220020036400,FACSLyric Instrument RR,PH220020041136,FACSLyric Instrument RR,PH220020051351,FACSLyric Instrument RR,#BDBPLANMAT_0034,Description - #BDBPlanMat_0034,#BDBPLANMAT_0034-Description - #BDBPlanMat_0034,BDB-#BDBPLANMAT_0034, $-   ,159,Classified by ML model,pyxis
18160,BDM,MMS,Medication Management Solutions (MMS),MMS,Infusion Systems,2306003,Alaris Plus,PH230600321003,Service,PH230600331080,Alaris Plus Prof. Services,PH230600341200,Serv Lab/Fixed Price,PH230600351365,Serv Lab/Fixed Price,PR.MAINTENANCE,Preventative Maintance.,PR.MAINTENANCE-Preventative Maintance.,MMS-PR.MAINTENANCE,"$9,052 ",156,Classified by ML model,pyxis
18275,BLS,BDB,Biosciences,BDB,Biosciences,2200200,Clinical Instruments,PH220020023350,FACSLyric,PH220020036350,FACSLyric Instrument,PH220020041135,FACSLyric Instrument,PH220020051346,FACSLyric Instrument CE/IVD - 12 Color,663029,FACSLyric 3L12C Instrument CEIVD,663029-FACSLyric 3L12C Instrument CEIVD,BDB-663029,"$18,737,140 ",150,Matched by Material ID,pyxis
18646,BLS,BDB,Biosciences,BDB,Biosciences,2200200,Clinical Instruments,PH220020023350,FACSLyric,PH220020036350,FACSLyric Instrument,PH220020041135,FACSLyric Instrument,PH220020051468,FACSLyric Instrument - 12 Color,663518,FACSLyric 3L12C Instrument USIVD,663518-FACSLyric 3L12C Instrument USIVD,BDB-663518,"$24,407,830 ",138,Matched by Material ID,pyxis
19052,BDI,PI,Peripheral Intervention,PI,Peripheral Intervention,2401121,End Stage Kidney Disease,PH240112121003,Other Surgical ESKD,PH240112131004,Other Surgical,PH240112141020,Tunnelers,PH240112151020,Tunnelers,AVST2000,SET COMPLETE AV SHEATH TUNNELER,AVST2000-SET COMPLETE AV SHEATH TUNNELER,PI-AVST2000,"$661,301 ",125,Matched by Material ID,pyxis
19096,BLS,BDB,Biosciences,BDB,Biosciences,2200200,Clinical Instruments,PH220020023350,FACSLyric,PH220020036500,FACSLyric Loader RR,PH220020041138,FACSLyric Loader RR,PH220020051353,FACSLyric Loader RR,#BDBPLANMAT_0035,Description - #BDBPlanMat_0035,#BDBPLANMAT_0035-Description - #BDBPlanMat_0035,BDB-#BDBPLANMAT_0035, $-   ,125,Classified by ML model,pyxis
19221,BLS,BDB,Biosciences,BDB,Biosciences,2200200,Clinical Instruments,PH220020023250,FACSCount,PH220020036100,FACSCount Options,PH220020041129,FACSCount Options,PH220020051332,FACSCount Other Options and Upgrades,340292,Pipette Tips In Tray 960 Tips,340292-Pipette Tips In Tray 960 Tips,BDB-340292,$63 ,121,Matched by Material ID,pyxis
19223,BDI,PI,Peripheral Intervention,PI,Peripheral Intervention,2401110,Oncology,PH240111021005,Vacuum Assisted,PH240111031015,Encor Capital,PH240111041057,Encor Enspire Capital,PH240111051072,Encor Enspire Capital,E4230,ENCOR ENSPIRE VACUUM ASSISTED,E4230-ENCOR ENSPIRE VACUUM ASSISTED,PI-E4230,"$1,960,235 ",120,Matched by Material ID,pyxis
19398,BLS,BDB,Biosciences,BDB,Biosciences,2200700,Research Instruments,PH220070022550,FACSDiscover S8,PH220070034350,FACSDiscover S8 Options,PH220070041079,FACSDiscover S8 Options,PH220070051234,FACSDiscover S8 Options,665026,FACSDiscover Temp Control 100V/115V/230V,665026-FACSDiscover Temp Control 100V/115V/230V,BDB-665026,"$345,673 ",116,Matched by Material ID,pyxis
19598,BLS,DS,Diagnostic Solutions,DS,Diagnostic Solutions,2111006,Informatics,PH211100621000,Informatics,PH211100436600,Epicenter,PH211100441290,Epicenter Hardware,PH211100451521,Epicenter Hardware,443674,Printer Laser Mono USB Packaged,443674-Printer Laser Mono USB Packaged,DS-443674,"$6,968 ",111,Matched by Material ID,pyxis
19601,BLS,BDB,Biosciences,BDB,Biosciences,2200200,Clinical Instruments,PH220055021002,Cytognos Software,PH220055031006,Cytognos Infinicyt,PH220055041022,Cytognos Infinicyt,PH220055051035,Cytognos Licenses,CYT-INF-D,Infinicyt with Dongle+5DB,CYT-INF-D-Infinicyt with Dongle+5DB,BDB-CYT-INF-D,"$397,779 ",110,Classified by ML model,pyxis
19667,BDI,PI,Peripheral Intervention,PI,Peripheral Intervention,2401110,Oncology,PH240111021005,Vacuum Assisted,PH240111031015,Encor Capital,PH240111041057,Encor Enspire Capital,PH240111051072,Encor Enspire Capital,DRENCOR20,ENCOR DRIVER-MDD,DRENCOR20-ENCOR DRIVER-MDD,PI-DRENCOR20,"$343,916 ",109,Matched by Material ID,pyxis
19718,BDI,UCC,Urology and Critical Care,UCC,Urology and Critical Care,2401511,Targeted Temperature Management,PH240151121000,Arctic Sun,PH240151131000,Arctic Sun-Hardware,PH240151141026,Arctic Sun-Hrdware Repl Parts,PH240151151001,Arctic Sun-Hrdware Repl Parts,40263800,ARCTIC 2000 SPAR PRT FDL VALVE,40263800-ARCTIC 2000 SPAR PRT FDL VALVE,UCC-40263800,"$33,226 ",108,Matched by Material ID,pyxis
19797,BLS,BDB,Biosciences,BDB,Biosciences,2200200,Clinical Instruments,PH220020023350,FACSLyric,PH220020036550,FACSLyric Options,PH220020041139,FACSLyric Options,PH220020051354,FACSLyric Other Options and Upgrades,666554,Computer Bundle Z2SFFG9 FACSLyric USIVD,666554-Computer Bundle Z2SFFG9 FACSLyric USIVD,BDB-666554,($259),106,Matched by Material ID,pyxis
19939,BDI,UCC,Urology and Critical Care,UCC,Urology and Critical Care,2401511,Targeted Temperature Management,PH240151121000,Arctic Sun,PH240151131000,Arctic Sun-Hardware,PH240151141026,Arctic Sun-Hrdware Repl Parts,PH240151151001,Arctic Sun-Hrdware Repl Parts,40307400,SPARE PRT HEATER ASSY AS5000,40307400-SPARE PRT HEATER ASSY AS5000,UCC-40307400,"$156,495 ",102,Matched by Material ID,pyxis
20325,BLS,DS,Diagnostic Solutions,DS,Diagnostic Solutions,2111006,Informatics,PH211100621000,Informatics,PH211100436600,Epicenter,PH211100441290,Epicenter Hardware,PH211100451521,Epicenter Hardware,257700,EPI Nuc Server Startergroup,257700-EPI Nuc Server Startergroup,DS-257700,"$23,210 ",96,Classified by ML model,pyxis
20357,BDI,PI,Peripheral Intervention,PI,Peripheral Intervention,2401110,Oncology,PH240111021005,Vacuum Assisted,PH240111031015,Encor Capital,PH240111041057,Encor Enspire Capital,PH240111051072,Encor Enspire Capital,E423020,ENCOR ENSPIRE SYSTEM-MDD,E423020-ENCOR ENSPIRE SYSTEM-MDD,PI-E423020,"$2,440,120 ",95,Matched by Material ID,pyxis
20405,BLS,BDB,Biosciences,BDB,Biosciences,2200700,Research Instruments,PH220070022550,FACSDiscover S8,PH220070034300,FACSDiscover S8 Instrument,PH220070041078,FACSDiscover S8 Instrument,PH220070051233,FACSDiscover S8 Instrument,665158,FACSDiscover S8 BRVYGUV 5L,665158-FACSDiscover S8 BRVYGUV 5L,BDB-665158,"$55,910,857 ",94,Matched by Material ID,pyxis
20406,BLS,DS,Diagnostic Solutions,DS,Diagnostic Solutions,2111001,Molecular Diagnostics,PH211100121200,BD MAX,PH211100132500,MAX Instr - Sale,PH211100141091,MAX 6Color Inst Sale,PH211100151163,MAX 6Color Inst Sale,441916,Instrument Max Clinical,441916-Instrument Max Clinical,DS-441916,"$4,830,014 ",94,Matched by Material ID,pyxis
20667,BLS,DS,Diagnostic Solutions,DS,Diagnostic Solutions,2111004,Microbiology,PH211100421000,Microbiology - PC Adjustment,PH211100437650,Microbiology - PC Adjustment,PH211100441379,Microbiology - PC Adjustment,PH211100451675,Microbiology - PC Adjustment,257847,FLASK EUGONLT100 BROTH 10X250ML,257847-FLASK EUGONLT100 BROTH 10X250ML,DS-257847,$308 ,90,Classified by ML model,pyxis
20774,BLS,DS,Diagnostic Solutions,DS,Diagnostic Solutions,2111460,Lab Automation,PH211146021100,Lab Automation,PH211146031100,All Other Lab Automation Instruments,PH211146041007,Other Instr- Sale,PH211146051014,Other Instr- Sale,446941,BD Kiestra Frame,446941-BD Kiestra Frame,DS-446941,"$12,692 ",88,Matched by Material ID,pyxis
20939,BDI,PI,Peripheral Intervention,PI,Peripheral Intervention,2401110,Oncology,PH240111021005,Vacuum Assisted,PH240111031015,Encor Capital,PH240111041057,Encor Enspire Capital,PH240111051072,Encor Enspire Capital,AC4001,DRIVER HOLDER ENCOR ENSPIRE,AC4001-DRIVER HOLDER ENCOR ENSPIRE,PI-AC4001,"$13,111 ",85,Matched by Material ID,pyxis
20974,BLS,DS,Diagnostic Solutions,DS,Diagnostic Solutions,2111006,Informatics,PH211100621000,Informatics,PH211100436600,Epicenter,PH211100441290,Epicenter Hardware,PH211100451521,Epicenter Hardware,444165,NUC 3 OS IMG IOT10/EPI 7.2,444165-NUC 3 OS IMG IOT10/EPI 7.2,DS-444165,"$25,982 ",84,Matched by Material ID,pyxis
21440,BLS,DS,Diagnostic Solutions,DS,Diagnostic Solutions,2111006,Informatics,PH211100621000,Informatics,PH211100436600,Epicenter,PH211100441290,Epicenter Hardware,PH211100451521,Epicenter Hardware,443809,SCANNER BARCODE HANDHELD PACKAGED,443809-SCANNER BARCODE HANDHELD PACKAGED,DS-443809,"$13,966 ",77,Matched by Material ID,pyxis
21517,BLS,BDB,Biosciences,BDB,Biosciences,2200700,Research Instruments,PH220070022100,FACSCelesta,PH220070032700,FACSCelesta HTS,PH220070041042,FACSCelesta HTS,PH220070051186,FACSCelesta HTS,658946,BD FACSCelesta HTS,658946-BD FACSCelesta HTS,BDB-658946,"$990,938 ",75,Matched by Material ID,pyxis
21523,BLS,BDB,Biosciences,BDB,Biosciences,2200700,Research Instruments,PH220070022200,FACSMelody,PH220070033000,FACSMelody Options,PH220070041048,FACSMelody Options,PH220070051192,FACSMelody Other Options and Upgrades,661774,BD FACSMelody Premium Accessory Kit,661774-BD FACSMelody Premium Accessory Kit,BDB-661774,"$69,027 ",75,Matched by Material ID,pyxis
21815,BLS,DS,Diagnostic Solutions,DS,Diagnostic Solutions,2111001,Molecular Diagnostics,PH211100121200,BD MAX,PH211100133300,MAX Instr - Plcmt,PH211100141120,MAX 6Color Inst Plac,PH211100151214,MAX 6Color Inst Plac,285025,BD MAX 6 Color Instrument Placements,285025-BD MAX 6 Color Instrument Placements,DS-285025,"$1,152,430 ",71,Matched by Material ID,pyxis
21879,BLS,BDB,Biosciences,BDB,Biosciences,2200200,Clinical Instruments,PH220020023150,FACSCalibur,PH220020035800,FACSCalibur Options,PH220020041119,FACSCalibur Options,PH220020051318,FACSCalibur Other Options and Upgrades,349277,BD FACSFlow Supply System,349277-BD FACSFlow Supply System,BDB-349277,"$292,300 ",70,Matched by Material ID,pyxis
21881,BLS,BDB,Biosciences,BDB,Biosciences,2200700,Research Instruments,PH220070022550,FACSDiscover S8,PH220070034350,FACSDiscover S8 Options,PH220070041079,FACSDiscover S8 Options,PH220070051234,FACSDiscover S8 Options,665816,Table Side BSC FACSDiscovery,665816-Table Side BSC FACSDiscovery,BDB-665816,"$100,049 ",70,Matched by Material ID,pyxis
22118,BDI,UCC,Urology and Critical Care,UCC,Urology and Critical Care,2401511,Targeted Temperature Management,PH240151121000,Arctic Sun,PH240151131000,Arctic Sun-Hardware,PH240151141026,Arctic Sun-Hrdware Repl Parts,PH240151151001,Arctic Sun-Hrdware Repl Parts,403077-00,SPARE PART CIRC PUMP AS5000,403077-00-SPARE PART CIRC PUMP AS5000,UCC-403077-00,"$75,358 ",67,Matched by Material ID,pyxis
22121,BDI,UCC,Urology and Critical Care,UCC,Urology and Critical Care,2401511,Targeted Temperature Management,PH240151121000,Arctic Sun,PH240151131000,Arctic Sun-Hardware,PH240151141000,Arctic Sun-Hardware,PH240151151000,Arctic Sun-Hardware,60000000L,ARCTIC SUN STAT 115V B PWR LNR,60000000L-ARCTIC SUN STAT 115V B PWR LNR,UCC-60000000L,"$29,000 ",67,Matched by Material ID,pyxis
22270,BDI,UCC,Urology and Critical Care,UCC,Urology and Critical Care,2401511,Targeted Temperature Management,PH240151121000,Arctic Sun,PH240151131000,Arctic Sun-Hardware,PH240151141026,Arctic Sun-Hrdware Repl Parts,PH240151151001,Arctic Sun-Hrdware Repl Parts,40310200,SPARE PART LEVEL SENSOR AS5000,40310200-SPARE PART LEVEL SENSOR AS5000,UCC-40310200,"$24,987 ",65,Matched by Material ID,pyxis
22472,BDM,MMS,Medication Management Solutions (MMS),MMS,Infusion Systems,2306001,Alaris System,PH230600121011,POC Systems,PH230600131062,Alaris System PC Unit License,PH230600141169,POC Applications,PH230600151266,Alaris System ICM Non-Commissionable,49000993,KIT 8990 POC PCU V12.5.0,49000993-KIT 8990 POC PCU V12.5.0,MMS-49000993,$125 ,63,Classified by ML model,pyxis
22476,BDI,UCC,Urology and Critical Care,UCC,Urology and Critical Care,2401511,Targeted Temperature Management,PH240151121000,Arctic Sun,PH240151131000,Arctic Sun-Hardware,PH240151141026,Arctic Sun-Hrdware Repl Parts,PH240151151001,Arctic Sun-Hrdware Repl Parts,403076-00,MIXING PUMP ASSEMBLY,403076-00-MIXING PUMP ASSEMBLY,UCC-403076-00,"$67,522 ",62,Matched by Material ID,pyxis
22574,BLS,BDB,Biosciences,BDB,Biosciences,2200100,Single Cell Multiomics,PH220010021150,SCM Instruments,PH220080035400,Rhapsody Scanner,PH220080041101,Rhapsody Scanner,PH220080051287,Rhapsody Scanner,633701,BD Rhapsody Scanner,633701-BD Rhapsody Scanner,BDB-633701,"$2,348,702 ",61,Matched by Material ID,pyxis
22650,BLS,BDB,Biosciences,BDB,Biosciences,2200200,Clinical Instruments,PH220055021002,Cytognos Software,PH220055031006,Cytognos Infinicyt,PH220055041022,Cytognos Infinicyt,PH220055051035,Cytognos Licenses,CYT-INF-D-R,Infinicyt RUO with Dongle+5DB,CYT-INF-D-R-Infinicyt RUO with Dongle+5DB,BDB-CYT-INF-D-R,"$257,639 ",60,Classified by ML model,pyxis
22824,BLS,DS,Diagnostic Solutions,DS,Diagnostic Solutions,2111004,Microbiology,PH211100421000,Microbiology - PC Adjustment,PH211100437650,Microbiology - PC Adjustment,PH211100441379,Microbiology - PC Adjustment,PH211100451675,Microbiology - PC Adjustment,R4-510-050,1-channel Reservoirs,R4-510-050-1-channel Reservoirs,DS-R4-510-050,$206 ,60,Matched by Material ID,pyxis
23036,BLS,BDB,Biosciences,BDB,Biosciences,2200700,Research Instruments,PH220070022800,FACSymphony A1,PH220070034500,FACSymphony A1 Instrument,PH220070041088,FACSymphony A1 Instrument,PH220070051249,FACSymphony A1 Instrument,664893,FACSSymphony A1 2B3R5YG6V,664893-FACSSymphony A1 2B3R5YG6V,BDB-664893,"$7,045,766 ",57,Matched by Material ID,pyxis
23037,BDI,PI,Peripheral Intervention,PI,Peripheral Intervention,2401110,Oncology,PH240111021005,Vacuum Assisted,PH240111031015,Encor Capital,PH240111041057,Encor Enspire Capital,PH240111051072,Encor Enspire Capital,E4115,ENCOR ENSPIRE VACUUM ASSISTED,E4115-ENCOR ENSPIRE VACUUM ASSISTED,PI-E4115,"$1,454,866 ",57,Matched by Material ID,pyxis
23039,BLS,BDB,Biosciences,BDB,Biosciences,2200700,Research Instruments,PH220070022050,FACSAria,PH220070032650,FACSAria Options,PH220070041041,FACSAria Options,PH220070051185,FACSAria Other Options and Upgrades,333729,BD FACSAria Aerosol Mgmt Option 230V,333729-BD FACSAria Aerosol Mgmt Option 230V,BDB-333729,"$166,506 ",57,Matched by Material ID,pyxis
23118,BLS,DS,Diagnostic Solutions,DS,Diagnostic Solutions,2111006,Informatics,PH211100621000,Informatics,PH211100436600,Epicenter,PH211100441290,Epicenter Hardware,PH211100451521,Epicenter Hardware,257701,EPI Nuc Client Startergroup,257701-EPI Nuc Client Startergroup,DS-257701,"$1,228 ",57,Classified by ML model,pyxis
23149,BDI,UCC,Urology and Critical Care,UCC,Urology and Critical Care,2401511,Targeted Temperature Management,PH240151121000,Arctic Sun,PH240151131000,Arctic Sun-Hardware,PH240151141026,Arctic Sun-Hrdware Repl Parts,PH240151151001,Arctic Sun-Hrdware Repl Parts,40307500,FLOWMETER,40307500-FLOWMETER,UCC-40307500,"$18,778 ",56,Matched by Material ID,pyxis
23208,BLS,DS,Diagnostic Solutions,DS,Diagnostic Solutions,2111006,Informatics,PH211100621000,Informatics,PH211100436600,Epicenter,PH211100441290,Epicenter Hardware,PH211100451521,Epicenter Hardware,256644,Epicenter Workstation Europe,256644-Epicenter Workstation Europe,DS-256644, $-   ,56,Classified by ML model,pyxis
23213,BLS,BDB,Biosciences,BDB,Biosciences,2200200,Clinical Instruments,PH220020023200,FACSCanto,PH220020035950,FACSCanto Options,PH220020041124,FACSCanto Loader,PH220020051327,FACSCanto Loader,342065,FACS Loader For FACSCanto II,342065-FACS Loader For FACSCanto II,BDB-342065,"$42,770 ",55,Matched by Material ID,pyxis
23394,BLS,DS,Diagnostic Solutions,DS,Diagnostic Solutions,2111006,Informatics,PH211100621000,Informatics,PH211100436600,Epicenter,PH211100441290,Epicenter Hardware,PH211100451521,Epicenter Hardware,442941,KIT INSTALL EPICNETER NUC 5i5,442941-KIT INSTALL EPICNETER NUC 5i5,DS-442941,$541 ,54,Matched by Material ID,pyxis
23402,BDI,PI,Peripheral Intervention,PI,Peripheral Intervention,2401137,Peripheral Vascular Disease,PH240113721005,PAD Mechanical,PH240113731003,Crosser Catheters,PH240113741055,Crosser iQ Catheters,PH240113751055,Crosser iQ Catheters,BDRECANSYSTEM,BD RECANALIZATION SYSTEM,BDRECANSYSTEM-BD RECANALIZATION SYSTEM,PI-BDRECANSYSTEM,"$794,451 ",53,Matched by Material ID,pyxis
23510,BLS,BDB,Biosciences,BDB,Biosciences,2200700,Research Instruments,PH220070022050,FACSAria,PH220070032650,FACSAria Options,PH220070041041,FACSAria Options,PH220070051185,FACSAria Other Options and Upgrades,643752,Aria II Temperature Control Option 230V,643752-Aria II Temperature Control Option 230V,BDB-643752,"$25,780 ",52,Matched by Material ID,pyxis
23999,BLS,BDB,Biosciences,BDB,Biosciences,2200700,Research Instruments,PH220070021950,Accuri,PH220070032450,Accuri Sampler,PH220070041037,Accuri Sampler,PH220070051174,Accuri C6 Plus Sampler,660519,BD CSampler Plus,660519-BD CSampler Plus,BDB-660519,"$518,850 ",48,Matched by Material ID,pyxis
24113,BLS,BDB,Biosciences,BDB,Biosciences,2200700,Research Instruments,PH220070022050,FACSAria,PH220070032650,FACSAria Options,PH220070041041,FACSAria Options,PH220070051184,FACSAria Fusion Hood,657590,OPTION HOOD SAFETY BIOLOGICAL,657590-OPTION HOOD SAFETY BIOLOGICAL,BDB-657590,"$1,082,290 ",47,Matched by Material ID,pyxis
24114,BDI,UCC,Urology and Critical Care,UCC,Urology and Critical Care,2401511,Targeted Temperature Management,PH240151121000,Arctic Sun,PH240151131000,Arctic Sun-Hardware,PH240151141000,Arctic Sun-Hardware,PH240151151000,Arctic Sun-Hardware,50000101,ARCTIC SUN 5000 CEU,50000101-ARCTIC SUN 5000 CEU,UCC-50000101,"$1,017,724 ",47,Matched by Material ID,pyxis
24226,BLS,BDB,Biosciences,BDB,Biosciences,2200200,Clinical Instruments,PH220020023350,FACSLyric,PH220020036350,FACSLyric Instrument,PH220020041135,FACSLyric Instrument,PH220020051344,FACSLyric Instrument - 6 Color,651165,FACSLyric 2L6C Instrument,651165-FACSLyric 2L6C Instrument,BDB-651165,"$3,523,285 ",46,Matched by Material ID,pyxis
24231,BLS,BDB,Biosciences,BDB,Biosciences,2200700,Research Instruments,PH220070022550,FACSDiscover S8,PH220070034350,FACSDiscover S8 Options,PH220070041079,FACSDiscover S8 Options,PH220070051234,FACSDiscover S8 Options,666780,FACSDiscover Air Compressor 120V/50HZ,666780-FACSDiscover Air Compressor 120V/50HZ,BDB-666780,"$202,531 ",46,Matched by Material ID,pyxis
24234,BLS,DS,Diagnostic Solutions,DS,Diagnostic Solutions,2111006,Informatics,PH211100621000,Informatics,PH211100436600,Epicenter,PH211100441290,Epicenter Hardware,PH211100451521,Epicenter Hardware,441511,Ups For Epicenter Computer,441511-Ups For Epicenter Computer,DS-441511,"$43,587 ",46,Matched by Material ID,pyxis
24357,BLS,BDB,Biosciences,BDB,Biosciences,2200700,Research Instruments,PH220070022550,FACSDiscover S8,PH220070034350,FACSDiscover S8 Options,PH220070041079,FACSDiscover S8 Options,PH220070051234,FACSDiscover S8 Options,665773,FACSDiscover Bio-Safety Cabinet US,665773-FACSDiscover Bio-Safety Cabinet US,BDB-665773,"$1,406,513 ",45,Matched by Material ID,pyxis
24358,BLS,DS,Diagnostic Solutions,DS,Diagnostic Solutions,2111004,Microbiology,PH211100421550,ID/AST,PH211100436300,BioTyper Instr - Plcmt,PH211100441284,BioTyper Placements,PH211100451512,LT MALDI-TOF Placeme,285027,Maldi Bruker Instrument Placements,285027-Maldi Bruker Instrument Placements,DS-285027,"$435,537 ",45,Matched by Material ID,pyxis
24483,BDI,UCC,Urology and Critical Care,UCC,Urology and Critical Care,2401511,Targeted Temperature Management,PH240151121000,Arctic Sun,PH240151131000,Arctic Sun-Hardware,PH240151141000,Arctic Sun-Hardware,PH240151151000,Arctic Sun-Hardware,600001,ArcticSunStat220-240v,600001-ArcticSunStat220-240v,UCC-600001,"$529,547 ",44,Matched by Material ID,pyxis
24621,BLS,DS,Diagnostic Solutions,DS,Diagnostic Solutions,2118000,Cancer,PH211800021000,Cytology,PH211800031800,PrepMate Instr - Plcmt,PH211800041011,PrepMate Placement,PH211800051020,PrepMate Placement,285047,PrepMate Instrument Placements,285047-PrepMate Instrument Placements,DS-285047,"($52,991)",44,Matched by Material ID,pyxis
24623,BLS,DS,Diagnostic Solutions,DS,Diagnostic Solutions,2111004,Microbiology,PH211100421550,ID/AST,PH211100435900,BioTyper Instr - Sale,PH211100441247,BioTyper Sales,PH211100451429,LT MALDI-TOF Sales,1890117,BD-MALDI Biotyper sirius IVD,1890117-BD-MALDI Biotyper sirius IVD,DS-1890117,"$7,600,206 ",43,Matched by Material ID,pyxis
24703,BLS,DS,Diagnostic Solutions,DS,Diagnostic Solutions,2111006,Informatics,PH211100621000,Informatics,PH211100436650,Other Informatics,PH211100441296,DMS (Japan),PH211100451534,DMS (Japan),252058,SCANNER DMS BARCODE JAPAN,252058-SCANNER DMS BARCODE JAPAN,DS-252058,"$9,579 ",43,Classified by ML model,pyxis
24748,BLS,BDB,Biosciences,BDB,Biosciences,2200700,Research Instruments,PH220070022850,FACSDiscover A8,PH220070034550,FACSDiscover A8 Instrument,PH220070041124,FACSDiscover A8 Instrument,PH220070051289,FACSDiscover A8 Instrument,666486,FACSDiscover A8 BRVYGUV 5L,666486-FACSDiscover A8 BRVYGUV 5L,BDB-666486,"$16,521,460 ",42,Classified by ML model,pyxis
24906,BLS,BDB,Biosciences,BDB,Biosciences,2200200,Clinical Instruments,PH220020023350,FACSLyric,PH220020036350,FACSLyric Instrument,PH220020041135,FACSLyric Instrument,PH220020051342,FACSLyric Instrument - 10 Color,659180,FACSLyric 3L10C Instrument,659180-FACSLyric 3L10C Instrument,BDB-659180,"$3,935,336 ",41,Matched by Material ID,pyxis
24997,BLS,BDB,Biosciences,BDB,Biosciences,2200200,Clinical Instruments,PH220020023250,FACSCount,PH220020036100,FACSCount Options,PH220020041129,FACSCount Options,PH220020051332,FACSCount Other Options and Upgrades,660331,Synergy SIII 2kVA on-line UPS,660331-Synergy SIII 2kVA on-line UPS,BDB-660331,"$6,940 ",41,Matched by Material ID,pyxis
25002,BLS,DS,Diagnostic Solutions,DS,Diagnostic Solutions,2111006,Informatics,PH211100621000,Informatics,PH211100436600,Epicenter,PH211100441290,Epicenter Hardware,PH211100451521,Epicenter Hardware,XSQ-ZTJ,Epicenter monitor,XSQ-ZTJ-Epicenter monitor,DS-XSQ-ZTJ,"$6,087 ",41,Classified by ML model,pyxis
25022,BLS,BDB,Biosciences,BDB,Biosciences,2200700,Research Instruments,PH220070022550,FACSDiscover S8,PH220070034350,FACSDiscover S8 Options,PH220070041079,FACSDiscover S8 Options,PH220070051234,FACSDiscover S8 Options,665774,FACSDiscover Bio-Safety Cabinet INT,665774-FACSDiscover Bio-Safety Cabinet INT,BDB-665774,"$1,045,096 ",40,Matched by Material ID,pyxis
25036,BLS,BDB,Biosciences,BDB,Biosciences,2200700,Research Instruments,PH220070022400,INFLUX,PH220070033500,Influx Options,PH220070041059,Influx Options,PH220070051205,INFLUX Other Options and Upgrades,645376,Cleaner Nozzle Tip 220V 50Hz Ultrasonic,645376-Cleaner Nozzle Tip 220V 50Hz Ultrasonic,BDB-645376,"$21,658 ",40,Matched by Material ID,pyxis
25288,BLS,BDB,Biosciences,BDB,Biosciences,2200700,Research Instruments,PH220070022800,FACSymphony A1,PH220070034500,FACSymphony A1 Instrument,PH220070041088,FACSymphony A1 Instrument,PH220070051249,FACSymphony A1 Instrument,664895,FACSSymphony A1 2B3R5YG6V SPD,664895-FACSSymphony A1 2B3R5YG6V SPD,BDB-664895,"$5,800,119 ",39,Matched by Material ID,pyxis
25289,BLS,BDB,Biosciences,BDB,Biosciences,2200200,Clinical Instruments,PH220020023350,FACSLyric,PH220020036350,FACSLyric Instrument,PH220020041135,FACSLyric Instrument,PH220020051345,FACSLyric Instrument - 8 Color,654587,FACSLyric 3L8C Instrument,654587-FACSLyric 3L8C Instrument,BDB-654587,"$3,709,950 ",39,Matched by Material ID,pyxis
25298,BLS,DS,Diagnostic Solutions,DS,Diagnostic Solutions,2111006,Informatics,PH211100621000,Informatics,PH211100436650,Other Informatics,PH211100441296,DMS (Japan),PH211100451534,DMS (Japan),252857,MDMS Client CPU3 (WIN10) JAPAN,252857-MDMS Client CPU3 (WIN10) JAPAN,DS-252857,"$46,898 ",39,Classified by ML model,pyxis
25399,BLS,DS,Diagnostic Solutions,DS,Diagnostic Solutions,2111006,Informatics,PH211100621000,Informatics,PH211100436650,Other Informatics,PH211100441296,DMS (Japan),PH211100451534,DMS (Japan),252317,DMS CLIENT TFT2 JAPAN,252317-DMS CLIENT TFT2 JAPAN,DS-252317,"$6,745 ",39,Classified by ML model,pyxis
25433,BLS,DS,Diagnostic Solutions,DS,Diagnostic Solutions,2111006,Informatics,PH211100621000,Informatics,PH211100436600,Epicenter,PH211100441290,Epicenter Hardware,PH211100451521,Epicenter Hardware,257335,Kit Instrument Connection,257335-Kit Instrument Connection,DS-257335,$412 ,39,Matched by Material ID,pyxis
25441,BLS,DS,Diagnostic Solutions,DS,Diagnostic Solutions,2118000,Cancer,PH211800021000,Cytology,PH211800031000,SlidePrep Instr - Sale,PH211800041000,SlidePrep Instrument Sale,PH211800051000,SlidePrep Instrument Sale,491346,Totalys Slideprep CE,491346-Totalys Slideprep CE,DS-491346,"$2,732,600 ",38,Matched by Material ID,pyxis
25442,BLS,BDB,Biosciences,BDB,Biosciences,2200200,Clinical Instruments,PH220020023700,Lyse Wash Assistant,PH220020037250,LWA,PH220020041164,LWA,PH220020051399,LWA Instrument,337146,BD FACS Lyse Wash Assistant,337146-BD FACS Lyse Wash Assistant,BDB-337146,"$1,332,525 ",38,Matched by Material ID,pyxis
25444,BLS,BDB,Biosciences,BDB,Biosciences,2200700,Research Instruments,PH220070022550,FACSDiscover S8,PH220070034350,FACSDiscover S8 Options,PH220070041079,FACSDiscover S8 Options,PH220070051234,FACSDiscover S8 Options,666782,FACSDiscover Air Compressor 230V/60HZ,666782-FACSDiscover Air Compressor 230V/60HZ,BDB-666782,"$121,391 ",38,Matched by Material ID,pyxis
25445,BDI,UCC,Urology and Critical Care,UCC,Urology and Critical Care,2401511,Targeted Temperature Management,PH240151121000,Arctic Sun,PH240151131000,Arctic Sun-Hardware,PH240151141026,Arctic Sun-Hrdware Repl Parts,PH240151151001,Arctic Sun-Hrdware Repl Parts,403082-00,SPARE P CNTRL PNL ASSEM AS5000,403082-00-SPARE P CNTRL PNL ASSEM AS5000,UCC-403082-00,"$99,015 ",38,Matched by Material ID,pyxis
25604,BLS,DS,Diagnostic Solutions,DS,Diagnostic Solutions,2118000,Cancer,PH211800021000,Cytology,PH211800031500,SlidePrep Instr - Plcmt,PH211800041036,SlidePrep Instrument Placement,PH211800051062,SlidePrep Instrument Placement,285046,PrepStain Plus Instrument Placements,285046-PrepStain Plus Instrument Placements,DS-285046, $-   ,38,Matched by Material ID,pyxis
25609,BLS,DS,Diagnostic Solutions,DS,Diagnostic Solutions,2111006,Informatics,PH211100621000,Informatics,PH211100436600,Epicenter,PH211100441290,Epicenter Hardware,PH211100451521,Epicenter Hardware,EPICENTER-ZHR,EPICENTER,EPICENTER-ZHR-EPICENTER,DS-EPICENTER-ZHR,"$54,309 ",37,Matched by Material ID,pyxis
25761,BLS,DS,Diagnostic Solutions,DS,Diagnostic Solutions,2111006,Informatics,PH211100621000,Informatics,PH211100436600,Epicenter,PH211100441290,Epicenter Hardware,PH211100451521,Epicenter Hardware,441510,Cd Installation Server Epifx Packaged,441510-Cd Installation Server Epifx Packaged,DS-441510,$216 ,37,Classified by ML model,pyxis
25769,BLS,BDB,Biosciences,BDB,Biosciences,2200700,Research Instruments,PH220070022150,FACSJazz,PH220070032900,FACSJazz Options,PH220070041046,FACSJazz Options,PH220070051190,FACSJazz Other Options and Upgrades,656626,Cytometer Workstation Accessory Cart,656626-Cytometer Workstation Accessory Cart,BDB-656626,"$47,123 ",36,Matched by Material ID,pyxis
25931,BLS,BDB,Biosciences,BDB,Biosciences,2200200,Clinical Instruments,PH220020023900,LAP - Cenglang Mate,PH220020038100,Cenglang,PH220020041219,Cenglang,PH220020051274,Cenglang,MATECYTE2L6C,Entry Level Clinical Flow Cytometry,MATECYTE2L6C-Entry Level Clinical Flow Cytometry,BDB-MATECYTE2L6C,"$1,280,778 ",35,Matched by Material ID,pyxis
25938,BLS,DS,Diagnostic Solutions,DS,Diagnostic Solutions,2111004,Microbiology,PH211100421000,Microbiology - PC Adjustment,PH211100437650,Microbiology - PC Adjustment,PH211100441379,Microbiology - PC Adjustment,PH211100451675,Microbiology - PC Adjustment,257913,ICB270 SNA ICXT Media 90mm,257913-ICB270 SNA ICXT Media 90mm,DS-257913,"$36,566 ",35,Classified by ML model,pyxis
25946,BLS,DS,Diagnostic Solutions,DS,Diagnostic Solutions,2111460,Lab Automation,PH211146021100,Lab Automation,PH211146031100,All Other Lab Automation Instruments,PH211146041007,Other Instr- Sale,PH211146051014,Other Instr- Sale,446946,BD Kiestra Straight,446946-BD Kiestra Straight,DS-446946,"$20,476 ",35,Matched by Material ID,pyxis
26115,BLS,BDB,Biosciences,BDB,Biosciences,2200700,Research Instruments,PH220070022100,FACSCelesta,PH220070032750,FACSCelesta Instrument,PH220070041043,FACSCelesta Instrument,PH220070051187,FACSCelesta Instrument,660344,BD FACSCelesta BVR,660344-BD FACSCelesta BVR,BDB-660344,"$3,765,831 ",34,Matched by Material ID,pyxis
26304,BLS,BDB,Biosciences,BDB,Biosciences,2200100,Single Cell Multiomics,PH220010021150,SCM Instruments,PH220010031600,Rhapsody Scanner Upgrade Kit,PH220010041029,Rhapsody Scanner Upgrade Kit,PH220010051031,Rhapsody Scanner Upgrade Kit,666627,Rhapsody Scanner Upgrade Kit,666627-Rhapsody Scanner Upgrade Kit,BDB-666627,"$54,507 ",33,Matched by Material ID,pyxis
26458,BLS,SM,Specimen Management,SM,Specimen Management,2109003,Specimen Management Other,PH210900321400,Specimen Management Other,PH210900333300,Specimen Management Other,PH210900341162,All Other PAS,PH210900351175,All Other PAS,400005061,Temperature Loggers PAS,400005061-Temperature Loggers PAS,SM-400005061,"$2,160 ",33,Classified by ML model,pyxis
26468,BLS,BDB,Biosciences,BDB,Biosciences,2200700,Research Instruments,PH220070022300,FACSymphony Analyzers,PH220070034650,FACSymphony A5 SE,PH220070041091,FACSymphony A5 SE,PH220070051252,FACSymphony A5 SE,664954,FACSymphony A5 SE,664954-FACSymphony A5 SE,BDB-664954,"$13,640,802 ",32,Matched by Material ID,pyxis
26469,BDI,PI,Peripheral Intervention,PI,Peripheral Intervention,2401110,Oncology,PH240111021007,Other Biopsy,PH240111031044,Other Biopsy Capital,PH240111041107,Gamma Finders III Capital,PH240111051122,Gamma Finders III Capital,GMFDR003,GAMMA FINDER 3 & ACCESSORIES,GMFDR003-GAMMA FINDER 3 & ACCESSORIES,PI-GMFDR003,"$1,041,235 ",32,Matched by Material ID,pyxis
26473,BDI,PI,Peripheral Intervention,PI,Peripheral Intervention,2401110,Oncology,PH240111021005,Vacuum Assisted,PH240111031015,Encor Capital,PH240111041057,Encor Enspire Capital,PH240111051072,Encor Enspire Capital,FSENCORMR,Encor Mri Foot Pedal,FSENCORMR-Encor Mri Foot Pedal,PI-FSENCORMR,"$66,010 ",32,Matched by Material ID,pyxis
26651,BLS,BDB,Biosciences,BDB,Biosciences,2200700,Research Instruments,PH220070022200,FACSMelody,PH220070032950,FACSMelody Instrument,PH220070041047,FACSMelody Instrument,PH220070051191,FACSMelody Instrument,653885,BD FACSMelody BRV 9 Color Plate 4way,653885-BD FACSMelody BRV 9 Color Plate 4way,BDB-653885,"$5,800,382 ",31,Matched by Material ID,pyxis
26653,BDM,MDS,Medication Delivery Solutions (MDS),VAD,Vascular Access Devices,2410300,Vascular Access Technologies,PH241030021006,Prevue,PH241030031005,Prevue Consoles - ISALES,PH241030041014,Prevue II Consoles,PH241030051009,Prevue II Consoles,9770702,BD PREVUE II CONSOLE ROW,9770702-BD PREVUE II CONSOLE ROW,MDS-9770702,"$395,458 ",31,Matched by Material ID,pyxis
26678,BLS,DS,Diagnostic Solutions,DS,Diagnostic Solutions,2111460,Lab Automation,PH211146021100,Lab Automation,PH211146031100,All Other Lab Automation Instruments,PH211146041007,Other Instr- Sale,PH211146051014,Other Instr- Sale,446950,BD Kiestra Plate Cart,446950-BD Kiestra Plate Cart,DS-446950,"$17,965 ",31,Matched by Material ID,pyxis
26864,BLS,BDB,Biosciences,BDB,Biosciences,2200700,Research Instruments,PH220070022400,INFLUX,PH220070033500,Influx Options,PH220070041059,Influx Options,PH220070051205,INFLUX Other Options and Upgrades,645260,Particles 8 Peak Calibration,645260-Particles 8 Peak Calibration,BDB-645260,"$1,595 ",31,Matched by Material ID,pyxis
26870,BLS,BDB,Biosciences,BDB,Biosciences,2200200,Clinical Instruments,PH220020023200,FACSCanto,PH220020035950,FACSCanto Options,PH220020041126,FACSCanto Options,PH220020051329,FACSCanto Other Options and Upgrades,344026,Barcode Reader Stand For FACSCanto II,344026-Barcode Reader Stand For FACSCanto II,BDB-344026, $-   ,31,Matched by Material ID,pyxis
26872,BLS,DS,Diagnostic Solutions,DS,Diagnostic Solutions,2111006,Informatics,PH211100621000,Informatics,PH211100436600,Epicenter,PH211100441290,Epicenter Hardware,PH211100451521,Epicenter Hardware,256628,STARTERGROUP EUROPEAN EPICENTER,256628-STARTERGROUP EUROPEAN EPICENTER,DS-256628, $-   ,31,Classified by ML model,pyxis
27216,BDM,MMS,Medication Management Solutions (MMS),MMS,Infusion Systems,2306001,Alaris System,PH230600121011,POC Systems,PH230600131062,Alaris System PC Unit License,PH230600141169,POC Applications,PH230600151266,Alaris System ICM Non-Commissionable,49000912,KIT 8990 POC PCU V12.4,49000912-KIT 8990 POC PCU V12.4,MMS-49000912, $-   ,30,Classified by ML model,pyxis
27239,BLS,DS,Diagnostic Solutions,DS,Diagnostic Solutions,2111460,Lab Automation,PH211146021100,Lab Automation,PH211146031100,All Other Lab Automation Instruments,PH211146041007,Other Instr- Sale,PH211146051014,Other Instr- Sale,447297,Digital Reading Workstation,447297-Digital Reading Workstation,DS-447297,"($14,710)",30,Matched by Material ID,pyxis
27243,BLS,BDB,Biosciences,BDB,Biosciences,2200100,Single Cell Multiomics,PH220080022800,SCM Reagents,PH220010031500,BD Immune Repertoire Profiling Reagents (BD VDJ),PH220010041018,TCR/BCR,PH220010051018,TCR/BCR,667400,Rhapsody TCRBCR Next Assay for WTA 8Pk,667400-Rhapsody TCRBCR Next Assay for WTA 8Pk,BDB-667400,"$295,025 ",29,Matched by Material ID,pyxis
27244,BLS,DS,Diagnostic Solutions,DS,Diagnostic Solutions,2118000,Cancer,PH211800021000,Cytology,PH211800031850,PrepMate Instr - Sale,PH211800041005,PrepMate Instr Sales,PH211800051008,PrepMate Instr Sales,491103,Inst Prepmate Final Assy Univ 100-240V,491103-Inst Prepmate Final Assy Univ 100-240V,DS-491103,"$267,136 ",29,Matched by Material ID,pyxis
27245,BDI,PI,Peripheral Intervention,PI,Peripheral Intervention,2401110,Oncology,PH240111021005,Vacuum Assisted,PH240111031015,Encor Capital,PH240111041057,Encor Enspire Capital,PH240111051072,Encor Enspire Capital,DRENCORMR,Encor Mri Driver,DRENCORMR-Encor Mri Driver,PI-DRENCORMR,"$168,949 ",29,Matched by Material ID,pyxis
27394,BLS,DS,Diagnostic Solutions,DS,Diagnostic Solutions,2111006,Informatics,PH211100621000,Informatics,PH211100436600,Epicenter,PH211100441290,Epicenter Hardware,PH211100451521,Epicenter Hardware,257705,Kit Barcode Printer Sd410,257705-Kit Barcode Printer Sd410,DS-257705,"$5,769 ",29,Matched by Material ID,pyxis
27452,BDM,MMS,Medication Management Solutions (MMS),MMS,Infusion Systems,2306001,Alaris System,PH230600121011,POC Systems,PH230600131062,Alaris System PC Unit License,PH230600141169,POC Applications,PH230600151266,Alaris System ICM Non-Commissionable,49000871,KIT 8990 POC PCU V12.3.1,49000871-KIT 8990 POC PCU V12.3.1,MMS-49000871,$125 ,29,Classified by ML model,pyxis
27456,BLS,BDB,Biosciences,BDB,Biosciences,2200200,Clinical Instruments,PH220020023350,FACSLyric,PH220020036350,FACSLyric Instrument,PH220020041135,FACSLyric Instrument,PH220020051342,FACSLyric Instrument - 10 Color,662878,FACSLyric 3L10C Instrument US,662878-FACSLyric 3L10C Instrument US,BDB-662878,"$4,622,305 ",28,Matched by Material ID,pyxis
27458,BLS,DS,Diagnostic Solutions,DS,Diagnostic Solutions,2111460,Lab Automation,PH211146021100,Lab Automation,PH211146031100,All Other Lab Automation Instruments,PH211146041007,Other Instr- Sale,PH211146051014,Other Instr- Sale,447333,Biosafety Cabinet,447333-Biosafety Cabinet,DS-447333,"$196,684 ",28,Matched by Material ID,pyxis
27470,BLS,DS,Diagnostic Solutions,DS,Diagnostic Solutions,2111006,Informatics,PH211100621000,Informatics,PH211100436650,Other Informatics,PH211100441296,DMS (Japan),PH211100451534,DMS (Japan),252057,PRINTER DMS BARCODE JAPAN,252057-PRINTER DMS BARCODE JAPAN,DS-252057,"$26,053 ",28,Matched by Material ID,pyxis
27611,BLS,DS,Diagnostic Solutions,DS,Diagnostic Solutions,2111006,Informatics,PH211100621000,Informatics,PH211100436600,Epicenter,PH211100441290,Epicenter Hardware,PH211100451521,Epicenter Hardware,252470,EPICENTER LCD 2,252470-EPICENTER LCD 2,DS-252470,"$3,394 ",28,Matched by Material ID,pyxis
27640,BLS,BDB,Biosciences,BDB,Biosciences,2200200,Clinical Instruments,PH220055021002,Cytognos Software,PH220055031006,Cytognos Infinicyt,PH220055041022,Cytognos Infinicyt,PH220055051035,Cytognos Licenses,CYT-INF-DN,Infinicyt Network with Dongle+5DB,CYT-INF-DN-Infinicyt Network with Dongle+5DB,BDB-CYT-INF-DN,"$134,105 ",27,Classified by ML model,pyxis
27871,BLS,BDB,Biosciences,BDB,Biosciences,2200200,Clinical Instruments,PH220020023300,FACSDuet,PH220020036250,FACSDuet Options,PH220020041132,FACSDuet Options,PH220020051337,FACSDuet Other Options and Upgrades,664457,Non-BD Vial Adptr - Type 1 (5),664457-Non-BD Vial Adptr - Type 1 (5),BDB-664457,$835 ,27,Matched by Material ID,pyxis
27889,BLS,DS,Diagnostic Solutions,DS,Diagnostic Solutions,2111004,Microbiology,PH211100421550,ID/AST,PH211100435900,BioTyper Instr - Sale,PH211100441247,BioTyper Sales,PH211100451429,LT MALDI-TOF Sales,1890133,BD-MALDI BIOTYPER SIRIUS CA SYSTEM,1890133-BD-MALDI BIOTYPER SIRIUS CA SYSTEM,DS-1890133,"$5,855,398 ",26,Matched by Material ID,pyxis
28276,BLS,DS,Diagnostic Solutions,DS,Diagnostic Solutions,2111460,Lab Automation,PH211146021000,Lab Automation - PC Adjustment,PH211146032150,Lab Automation - PC Adjustment,PH211146041039,Lab Automation - PC Adjustment,PH211146051068,Lab Automation - PC Adjustment,496010,PRINTER CARTRIDGE WLK660075,496010-PRINTER CARTRIDGE WLK660075,DS-496010,"$6,907 ",25,Matched by Material ID,pyxis
28392,BLS,BDB,Biosciences,BDB,Biosciences,2200200,Clinical Instruments,PH220020023300,FACSDuet,PH220020036250,FACSDuet Options,PH220020041132,FACSDuet Options,PH220020051337,FACSDuet Other Options and Upgrades,664459,Non-BD Vial Adptr - Type 2 (5),664459-Non-BD Vial Adptr - Type 2 (5),BDB-664459,"$2,077 ",25,Matched by Material ID,pyxis
28462,BLS,BDB,Biosciences,BDB,Biosciences,2200200,Clinical Instruments,PH220020023300,FACSDuet,PH220020036250,FACSDuet Options,PH220020041132,FACSDuet Options,PH220020051337,FACSDuet Other Options and Upgrades,663375,FACSDuet Table,663375-FACSDuet Table,BDB-663375,"$108,572 ",24,Matched by Material ID,pyxis
28468,BLS,BDB,Biosciences,BDB,Biosciences,2200200,Clinical Instruments,PH220020023300,FACSDuet,PH220020036250,FACSDuet Options,PH220020041132,FACSDuet Options,PH220020051337,FACSDuet Other Options and Upgrades,664458,Dual-Sized Reagent Rack,664458-Dual-Sized Reagent Rack,BDB-664458,"$25,206 ",24,Matched by Material ID,pyxis
28733,BLS,DS,Diagnostic Solutions,DS,Diagnostic Solutions,2111006,Informatics,PH211100621000,Informatics,PH211100436600,Epicenter,PH211100441290,Epicenter Hardware,PH211100451521,Epicenter Hardware,443753,Computer Small Box Epicenter,443753-Computer Small Box Epicenter,DS-443753, $-   ,24,Matched by Material ID,pyxis
28735,BLS,BDB,Biosciences,BDB,Biosciences,2200700,Research Instruments,PH220070022050,FACSAria,PH220070032550,FACSAria Fusion Instrument,PH220070041039,FACSAria Fusion Instrument,PH220070051178,FACSAria Fusion Instrument,656700N3,Fusion 3B/3R/6V/3UV/4YG ACDU,656700N3-Fusion 3B/3R/6V/3UV/4YG ACDU,BDB-656700N3,"$8,798,399 ",23,Matched by Material ID,pyxis
28736,BLS,BDB,Biosciences,BDB,Biosciences,2200200,Clinical Instruments,PH220020023300,FACSDuet,PH220020037850,FACSDuet Premium,PH220020041199,FACSDuet Premium,PH220020051335,FACSDuet - Premium Instrument,666339,BD FACSDuet Premium Sample Prep CE-IVDR,666339-BD FACSDuet Premium Sample Prep CE-IVDR,BDB-666339,"$2,327,195 ",23,Matched by Material ID,pyxis
28737,BLS,BDB,Biosciences,BDB,Biosciences,2200200,Clinical Instruments,PH220020023350,FACSLyric,PH220020036350,FACSLyric Instrument,PH220020041135,FACSLyric Instrument,PH220020051343,FACSLyric Instrument - 4 Color,651164,FACSLyric 2L4C Instrument,651164-FACSLyric 2L4C Instrument,BDB-651164,"$1,564,062 ",23,Matched by Material ID,pyxis
28740,BLS,BDB,Biosciences,BDB,Biosciences,2200700,Research Instruments,PH220070022150,FACSJazz,PH220070032900,FACSJazz Options,PH220070041046,FACSJazz Options,PH220070051190,FACSJazz Other Options and Upgrades,652322,Cart FACS Jazz,652322-Cart FACS Jazz,BDB-652322,"$59,115 ",23,Matched by Material ID,pyxis
28747,BDI,UCC,Urology and Critical Care,UCC,Urology and Critical Care,2401511,Targeted Temperature Management,PH240151121000,Arctic Sun,PH240151131000,Arctic Sun-Hardware,PH240151141026,Arctic Sun-Hrdware Repl Parts,PH240151151001,Arctic Sun-Hrdware Repl Parts,403078-00,ARCTIC SUN MANIFOLD ASSEMBLY,403078-00-ARCTIC SUN MANIFOLD ASSEMBLY,UCC-403078-00,"$21,752 ",23,Matched by Material ID,pyxis
28807,BLS,DS,Diagnostic Solutions,DS,Diagnostic Solutions,2111006,Informatics,PH211100621000,Informatics,PH211100436600,Epicenter,PH211100441290,Epicenter Hardware,PH211100451521,Epicenter Hardware,444822,KIT INSTALL GROUP EPICENTER,444822-KIT INSTALL GROUP EPICENTER,DS-444822,"$8,737 ",23,Matched by Material ID,pyxis
28990,BLS,BDB,Biosciences,BDB,Biosciences,2200700,Research Instruments,PH220070022050,FACSAria,PH220070032650,FACSAria Options,PH220070041041,FACSAria Options,PH220070051185,FACSAria Other Options and Upgrades,660361,Compressor Air EX 0-120 Psi 100v/50Hz JP,660361-Compressor Air EX 0-120 Psi 100v/50Hz JP,BDB-660361,"$84,524 ",22,Matched by Material ID,pyxis
29305,BDI,PI,Peripheral Intervention,PI,Peripheral Intervention,2401105,BD PI Other,PH240110521002,OEM,PH240110531021,Virtual Bundles OEM,PH240110541067,Virtual Bundles OEM,PH240110551067,Virtual Bundles OEM,OBLBNDL2,OBL VIRTUAL BUNDLE 2,OBLBNDL2-OBL VIRTUAL BUNDLE 2,PI-OBLBNDL2, $-   ,22,Matched by Material ID,pyxis
29311,BLS,DS,Diagnostic Solutions,DS,Diagnostic Solutions,2111006,Informatics,PH211100621000,Informatics,PH211100436600,Epicenter,PH211100441290,Epicenter Hardware,PH211100451521,Epicenter Hardware,443972,Nuc 5i5 Os Image Epicenter 7.X,443972-Nuc 5i5 Os Image Epicenter 7.X,DS-443972,"($25,885)",22,Matched by Material ID,pyxis
29313,BLS,BDB,Biosciences,BDB,Biosciences,2200200,Clinical Instruments,PH220020023300,FACSDuet,PH220020037850,FACSDuet Premium,PH220020041199,FACSDuet Premium,PH220020051335,FACSDuet - Premium Instrument,666340,BD FACSDuet Premium Sample Prep US-IVD,666340-BD FACSDuet Premium Sample Prep US-IVD,BDB-666340,"$3,025,891 ",21,Matched by Material ID,pyxis
29320,BDI,PI,Peripheral Intervention,PI,Peripheral Intervention,2401110,Oncology,PH240111021005,Vacuum Assisted,PH240111031015,Encor Capital,PH240111041057,Encor Enspire Capital,PH240111051072,Encor Enspire Capital,ENCFF-02,Fire Forward Encor,ENCFF-02-Fire Forward Encor,PI-ENCFF-02,"$44,721 ",21,Matched by Material ID,pyxis
29327,BLS,DS,Diagnostic Solutions,DS,Diagnostic Solutions,2111460,Lab Automation,PH211146021100,Lab Automation,PH211146031100,All Other Lab Automation Instruments,PH211146041007,Other Instr- Sale,PH211146051014,Other Instr- Sale,446944,BD Kiestra U-turn,446944-BD Kiestra U-turn,DS-446944,"$35,383 ",21,Matched by Material ID,pyxis
29342,BLS,DS,Diagnostic Solutions,DS,Diagnostic Solutions,2111004,Microbiology,PH211100421000,Microbiology - PC Adjustment,PH211100437650,Microbiology - PC Adjustment,PH211100441379,Microbiology - PC Adjustment,PH211100451675,Microbiology - PC Adjustment,1889166,MBT Mycobacteria IVD Kit,1889166-MBT Mycobacteria IVD Kit,DS-1889166,"$11,231 ",21,Classified by ML model,pyxis
29372,BDI,UCC,Urology and Critical Care,UCC,Urology and Critical Care,2401511,Targeted Temperature Management,PH240151121000,Arctic Sun,PH240151131000,Arctic Sun-Hardware,PH240151141026,Arctic Sun-Hrdware Repl Parts,PH240151151001,Arctic Sun-Hrdware Repl Parts,403074-01,"Heater, 200-230V","403074-01-Heater, 200-230V",UCC-403074-01,"$8,870 ",21,Matched by Material ID,pyxis
29495,BLS,DS,Diagnostic Solutions,DS,Diagnostic Solutions,2111006,Informatics,PH211100621000,Informatics,PH211100436650,Other Informatics,PH211100441296,DMS (Japan),PH211100451534,DMS (Japan),252051,SERVER DMS DEVICE JAPAN,252051-SERVER DMS DEVICE JAPAN,DS-252051,"$4,716 ",21,Classified by ML model,pyxis
29496,BLS,DS,Diagnostic Solutions,DS,Diagnostic Solutions,2111006,Informatics,PH211100621000,Informatics,PH211100436600,Epicenter,PH211100441290,Epicenter Hardware,PH211100451521,Epicenter Hardware,252962,EPICENTER SCANER(2D) JAPAN,252962-EPICENTER SCANER(2D) JAPAN,DS-252962,"$4,696 ",21,Matched by Material ID,pyxis
29536,BLS,DS,Diagnostic Solutions,DS,Diagnostic Solutions,2111006,Informatics,PH211100621000,Informatics,PH211100436600,Epicenter,PH211100441290,Epicenter Hardware,PH211100451521,Epicenter Hardware,252472,UPS FOR EPICENTER NUC,252472-UPS FOR EPICENTER NUC,DS-252472,"$3,439 ",21,Matched by Material ID,pyxis
29594,BDI,UCC,Urology and Critical Care,UCC,Urology and Critical Care,2401511,Targeted Temperature Management,PH240151121000,Arctic Sun,PH240151131000,Arctic Sun-Hardware,PH240151141026,Arctic Sun-Hrdware Repl Parts,PH240151151001,Arctic Sun-Hrdware Repl Parts,40413000,SparePartAS6000PowerCordBrkt,40413000-SparePartAS6000PowerCordBrkt,UCC-40413000,$777 ,21,Matched by Material ID,pyxis
29606,BLS,DS,Diagnostic Solutions,DS,Diagnostic Solutions,2111001,Molecular Diagnostics,PH211100121200,BD MAX,PH211100133300,MAX Instr - Plcmt,PH211100141120,MAX 6Color Inst Plac,PH211100151215,MAX 6Color Inst Plac Adjustment,EHF,EHF,EHF-EHF,DS-EHF, $-   ,21,Classified by ML model,pyxis
30020,BLS,BDB,Biosciences,BDB,Biosciences,2200700,Research Instruments,PH220070022400,INFLUX,PH220070033500,Influx Options,PH220070041059,Influx Options,PH220070051205,INFLUX Other Options and Upgrades,646266,Plate 384-Well Flat Bottom,646266-Plate 384-Well Flat Bottom,BDB-646266,$260 ,20,Matched by Material ID,pyxis
30059,BDM,MMS,Medication Management Solutions (MMS),MMS,Infusion Systems,2306001,Alaris System,PH230600121011,POC Systems,PH230600131062,Alaris System PC Unit License,PH230600141169,POC Applications,PH230600151266,Alaris System ICM Non-Commissionable,49000812,KIT 8990 POC PCU V12.1.3 CMN,49000812-KIT 8990 POC PCU V12.1.3 CMN,MMS-49000812, $-   ,20,Classified by ML model,pyxis
30074,BLS,BDB,Biosciences,BDB,Biosciences,2200700,Research Instruments,PH220070022050,FACSAria,PH220070032600,FACSAria Instrument,PH220070041040,FACSAria Instrument,PH220070051182,FACSAria III Instrument,648282C2,ARIA III ACDU 3B/3R/6V/5YG,648282C2-ARIA III ACDU 3B/3R/6V/5YG,BDB-648282C2,"$6,029,970 ",19,Matched by Material ID,pyxis
30075,BLS,DS,Diagnostic Solutions,DS,Diagnostic Solutions,2111004,Microbiology,PH211100421550,ID/AST,PH211100436250,Phoenix AP Instr - Sale,PH211100441283,Phoenix AP Sales,PH211100451510,Phoenix AP Sales,448010,Instrument Phoenix Ap,448010-Instrument Phoenix Ap,DS-448010,"$806,899 ",19,Matched by Material ID,pyxis
30077,BLS,BDB,Biosciences,BDB,Biosciences,2200700,Research Instruments,PH220070022050,FACSAria,PH220070032650,FACSAria Options,PH220070041041,FACSAria Options,PH220070051185,FACSAria Other Options and Upgrades,643154,Aria II Temperature Control Option 115V,643154-Aria II Temperature Control Option 115V,BDB-643154,"$88,996 ",19,Matched by Material ID,pyxis
30093,BLS,BDB,Biosciences,BDB,Biosciences,2200700,Research Instruments,PH220070022850,FACSDiscover A8,PH220070034600,FACSDiscover A8 Options,PH220070041090,FACSDiscover A8 Options,PH220070051251,FACSDiscover A8 Options,667247,Table FACSDiscover A8 Long,667247-Table FACSDiscover A8 Long,BDB-667247,"$23,033 ",19,Classified by ML model,pyxis
30096,BLS,DS,Diagnostic Solutions,DS,Diagnostic Solutions,2111006,Informatics,PH211100621000,Informatics,PH211100436600,Epicenter,PH211100441290,Epicenter Hardware,PH211100451521,Epicenter Hardware,441548,Kit Barcode Epicenter Ap,441548-Kit Barcode Epicenter Ap,DS-441548,"$16,145 ",19,Matched by Material ID,pyxis
30441,BDI,PI,Peripheral Intervention,PI,Peripheral Intervention,2401137,Peripheral Vascular Disease,PH240112121006,Venous,PH240113731043,Venclose Capital - Placement,PH240113741098,Venclose Capital - Placement,PH240113751098,Venclose Capital - Placement,PLACE - VENCLOSE CAPITAL,VENCLOSE CAPITAL - Placement,PLACE - VENCLOSE CAPITAL-VENCLOSE CAPITAL - Placement,PI-PLACE - VENCLOSE CAPITAL, $-   ,19,Classified by ML model,pyxis
30445,BLS,BDB,Biosciences,BDB,Biosciences,2200700,Research Instruments,PH220070022550,FACSDiscover S8,PH220070034300,FACSDiscover S8 Instrument,PH220070041078,FACSDiscover S8 Instrument,PH220070051233,FACSDiscover S8 Instrument,665157,FACSDiscover S8 BRVYG 4L,665157-FACSDiscover S8 BRVYG 4L,BDB-665157,"$7,530,739 ",18,Matched by Material ID,pyxis
30446,BLS,BDB,Biosciences,BDB,Biosciences,2200700,Research Instruments,PH220070022300,FACSymphony Analyzers,PH220070033150,FACSymphony A3 Sorp Instrument,PH220070041052,FACSymphony A3 Sorp Instrument,PH220070051197,FACSymphony A3 Sorp Instrument,660937L1,FACSymphony A3 Lite,660937L1-FACSymphony A3 Lite,BDB-660937L1,"$4,811,456 ",18,Matched by Material ID,pyxis
30448,BLS,BDB,Biosciences,BDB,Biosciences,2200700,Research Instruments,PH220070022200,FACSMelody,PH220070033000,FACSMelody Options,PH220070041048,FACSMelody Options,PH220070051192,FACSMelody Other Options and Upgrades,664388,BD FACSMelody Temp Control 220V 4-way,664388-BD FACSMelody Temp Control 220V 4-way,BDB-664388,"$63,161 ",18,Matched by Material ID,pyxis
30457,BDI,PI,Peripheral Intervention,PI,Peripheral Intervention,2401137,Peripheral Vascular Disease,PH240112121006,Venous,PH240113731040,Venclose Captial,PH240113741094,Venclose Capital,PH240113751094,Venclose Capital,VCOUSRFG1,DIGIRF GENERATOR,VCOUSRFG1-DIGIRF GENERATOR,PI-VCOUSRFG1,"$25,953 ",18,Matched by Material ID,pyxis
30459,BLS,DS,Diagnostic Solutions,DS,Diagnostic Solutions,2111006,Informatics,PH211100621000,Informatics,PH211100436600,Epicenter,PH211100441290,Epicenter Hardware,PH211100451521,Epicenter Hardware,445410,NUC Generic Config,445410-NUC Generic Config,DS-445410,"$21,257 ",18,Classified by ML model,pyxis
30753,BDI,UCC,Urology and Critical Care,UCC,Urology and Critical Care,2401511,Targeted Temperature Management,PH240151121000,Arctic Sun,PH240151131000,Arctic Sun-Hardware,PH240151141026,Arctic Sun-Hrdware Repl Parts,PH240151151001,Arctic Sun-Hrdware Repl Parts,40310700,ARCTIC SUN O RING,40310700-ARCTIC SUN O RING,UCC-40310700,"$2,664 ",18,Matched by Material ID,pyxis
30820,BLS,BDB,Biosciences,BDB,Biosciences,2200200,Clinical Instruments,PH220020023750,Other Instrument Revenue (Clinical),PH220020037400,Other Instrument Revenue (Clinical),PH220020041169,Other Instrument Revenue (Clinical),PH220020051405,Other Options and Upgrades (Clinical),CJW-HL5KPS-ZKY,POWER SUPPLY HONGLE 5KVA,CJW-HL5KPS-ZKY-POWER SUPPLY HONGLE 5KVA,BDB-CJW-HL5KPS-ZKY, $-   ,18,Matched by Material ID,pyxis
30826,BLS,BDB,Biosciences,BDB,Biosciences,2200200,Clinical Instruments,PH220020023350,FACSLyric,PH220020036350,FACSLyric Instrument,PH220020041135,FACSLyric Instrument,PH220020051344,FACSLyric Instrument - 6 Color,662876,FACSLyric 2L6C Instrument US,662876-FACSLyric 2L6C Instrument US,BDB-662876,"$2,560,715 ",17,Matched by Material ID,pyxis
30827,BLS,BDB,Biosciences,BDB,Biosciences,2200200,Clinical Instruments,PH220020023200,FACSCanto,PH220020035950,FACSCanto Options,PH220020041126,FACSCanto Options,PH220020051329,FACSCanto Other Options and Upgrades,641889,Kit Upgrade FACSCanto II 4-2 TO 4-2-2,641889-Kit Upgrade FACSCanto II 4-2 TO 4-2-2,BDB-641889,"$192,814 ",17,Matched by Material ID,pyxis
30828,BLS,BDB,Biosciences,BDB,Biosciences,2200200,Clinical Instruments,PH220020023350,FACSLyric,PH220020036550,FACSLyric Options,PH220020041139,FACSLyric Options,PH220020051354,FACSLyric Other Options and Upgrades,662858,Kit Upgrade FACSLyric 10 to 12 Color,662858-Kit Upgrade FACSLyric 10 to 12 Color,BDB-662858,"$152,853 ",17,Matched by Material ID,pyxis
31215,BDI,PI,Peripheral Intervention,PI,Peripheral Intervention,2401110,Oncology,PH240154121005,Brachy,PH240111031065,Brachy Equipment - Placement,PH240111041128,Brachytherapy Equipment - Placement,PH240111051143,Brachytherapy Equipment - Placement,PLACE - BRACHYTHERAPY EQUIPMENT,MRI REUSABLE TEMPLATE - Placement,PLACE - BRACHYTHERAPY EQUIPMENT-MRI REUSABLE TEMPLATE - Placement,PI-PLACE - BRACHYTHERAPY EQUIPMENT, $-   ,17,Classified by ML model,pyxis
31218,BLS,BDB,Biosciences,BDB,Biosciences,2200200,Clinical Instruments,PH220020023300,FACSDuet,PH220020037900,FACSDuet Premium RR,PH220020041200,FACSDuet Premium RR,PH220020051340,FACSDuet - Premium Instrument RR,#BDBPLANMAT_DUET_PRM_RR,Duet Premium RR,#BDBPLANMAT_DUET_PRM_RR-Duet Premium RR,BDB-#BDBPLANMAT_DUET_PRM_RR, $-   ,17,Matched by Material ID,pyxis
31220,BLS,BDB,Biosciences,BDB,Biosciences,2200700,Research Instruments,PH220070022600,Other Instrument Revenue (Research),PH220070034050,Other Instrument Revenue (Research),PH220070041072,Other Instrument Revenue (Research),PH220070051224,Other Options and Upgrades (Research),663407,UPM 1440VA 230V IN/OUT FACSDUET,663407-UPM 1440VA 230V IN/OUT FACSDUET,BDB-663407, $-   ,17,Matched by Material ID,pyxis
31224,BDI,UCC,Urology and Critical Care,UCC,Urology and Critical Care,2401511,Targeted Temperature Management,PH240151121000,Arctic Sun,PH240151131000,Arctic Sun-Hardware,PH240151141000,Arctic Sun-Hardware,PH240151151000,Arctic Sun-Hardware,50000103,ARCTIC SUN 5000 AUST/N ZEALAND,50000103-ARCTIC SUN 5000 AUST/N ZEALAND,UCC-50000103,"$430,881 ",16,Matched by Material ID,pyxis
31227,BDM,MDS,Medication Delivery Solutions (MDS),VAD,Vascular Access Devices,2410300,Vascular Access Technologies,PH241030021006,Prevue,PH241030031004,Prevue Probes,PH241030041012,Prevue II Probes,PH241030051010,Prevue II Probes,9770704,PREVUE II VASCULAR,9770704-PREVUE II VASCULAR,MDS-9770704,"$79,296 ",16,Matched by Material ID,pyxis
31229,BLS,BDB,Biosciences,BDB,Biosciences,2200700,Research Instruments,PH220070022050,FACSAria,PH220070032650,FACSAria Options,PH220070041041,FACSAria Options,PH220070051185,FACSAria Other Options and Upgrades,333728,BD FACSAria Aerosol Mgmt Option 120V,333728-BD FACSAria Aerosol Mgmt Option 120V,BDB-333728,"$67,779 ",16,Matched by Material ID,pyxis
31233,BLS,BDB,Biosciences,BDB,Biosciences,2200700,Research Instruments,PH220070022050,FACSAria,PH220070032650,FACSAria Options,PH220070041041,FACSAria Options,PH220070051185,FACSAria Other Options and Upgrades,643754,Aria II Temperature Control Option Euro,643754-Aria II Temperature Control Option Euro,BDB-643754,"$24,474 ",16,Matched by Material ID,pyxis
31249,BLS,BDB,Biosciences,BDB,Biosciences,2200200,Clinical Instruments,PH220055021002,Cytognos Software,PH220055031006,Cytognos Infinicyt,PH220055041022,Cytognos Infinicyt,PH220055051036,Cytognos Upgrades,CYT-INF-UPG-5-R,Infinicyt RUO upgrade (from 1.8)+5DB,CYT-INF-UPG-5-R-Infinicyt RUO upgrade (from 1.8)+5DB,BDB-CYT-INF-UPG-5-R,"$11,686 ",16,Classified by ML model,pyxis
31256,BLS,DS,Diagnostic Solutions,DS,Diagnostic Solutions,2111004,Microbiology,PH211100421550,ID/AST,PH211100436500,Phoenix AP Instr - Plcmt,PH211100441288,Phoenix AP Placement,PH211100451518,Phoenix AP Placement,285021,Phoenix Auto Prep Station Placements,285021-Phoenix Auto Prep Station Placements,DS-285021,"$9,730 ",16,Matched by Material ID,pyxis
31652,BLS,BDB,Biosciences,BDB,Biosciences,2200100,Single Cell Multiomics,PH220010021150,SCM Instruments,PH220010031750,Rhapsody HT Xpress RR,PH220010041028,Rhapsody HT Xpress RR,PH220010051030,Rhapsody HT Xpress RR,#BDBPLANMAT_RHAPHTXPRESS_RR,Rhapsody HT Xpress RR Plcmt,#BDBPLANMAT_RHAPHTXPRESS_RR-Rhapsody HT Xpress RR Plcmt,BDB-#BDBPLANMAT_RHAPHTXPRESS_RR, $-   ,16,Matched by Material ID,pyxis
31659,BLS,BDB,Biosciences,BDB,Biosciences,2200700,Research Instruments,PH220070022550,FACSDiscover S8,PH220070034300,FACSDiscover S8 Instrument,PH220070041078,FACSDiscover S8 Instrument,PH220070051233,FACSDiscover S8 Instrument,665154,FACSDiscover S8 BRV 3L,665154-FACSDiscover S8 BRV 3L,BDB-665154,"$4,885,696 ",15,Matched by Material ID,pyxis
31660,BLS,BDB,Biosciences,BDB,Biosciences,2200700,Research Instruments,PH220070022500,LSR/Fortessa,PH220070033800,LSR/Fortessa,PH220070041066,LSR/Fortessa,PH220070051215,LSRFortessa SORP Instrument,647800L6,LSRFortessa SO B50R40V50UV20YG50 6V CPU,647800L6-LSRFortessa SO B50R40V50UV20YG50 6V CPU,BDB-647800L6,"$3,873,143 ",15,Matched by Material ID,pyxis
31662,BLS,BDB,Biosciences,BDB,Biosciences,2200700,Research Instruments,PH220070022200,FACSMelody,PH220070033000,FACSMelody Options,PH220070041048,FACSMelody Options,PH220070051192,FACSMelody Other Options and Upgrades,661897,BAKER BD404XD SterilGard e3 BSC US,661897-BAKER BD404XD SterilGard e3 BSC US,BDB-661897,"$326,687 ",15,Matched by Material ID,pyxis
31664,BLS,BDB,Biosciences,BDB,Biosciences,2200200,Clinical Instruments,PH220020023350,FACSLyric,PH220020036550,FACSLyric Options,PH220020041139,FACSLyric Options,PH220020051354,FACSLyric Other Options and Upgrades,662851,Kit Upgrade FACSLyric 6 to 12 Color,662851-Kit Upgrade FACSLyric 6 to 12 Color,BDB-662851,"$306,400 ",15,Matched by Material ID,pyxis
31666,BLS,DS,Diagnostic Solutions,DS,Diagnostic Solutions,2111001,Molecular Diagnostics,PH211100121050,Affirm,PH211100131800,Affirm Instr - Sale,PH211100141043,Affirm Instrument - Sales,PH211100151074,Affirm Instrument - Sales,211918,Microprobe Sys 220V,211918-Microprobe Sys 220V,DS-211918,"$90,810 ",15,Matched by Material ID,pyxis
31668,BLS,BDB,Biosciences,BDB,Biosciences,2200700,Research Instruments,PH220070022200,FACSMelody,PH220070033000,FACSMelody Options,PH220070041048,FACSMelody Options,PH220070051192,FACSMelody Other Options and Upgrades,664387,BD FACSMelody Temp Control 115V 4-way,664387-BD FACSMelody Temp Control 115V 4-way,BDB-664387,"$80,284 ",15,Matched by Material ID,pyxis
31672,BLS,DS,Diagnostic Solutions,DS,Diagnostic Solutions,2111006,Informatics,PH211100621000,Informatics,PH211100436600,Epicenter,PH211100441290,Epicenter Hardware,PH211100451521,Epicenter Hardware,210-BLTQ-V7TM,WORKSTATION KEYBOARD EPICENTER,210-BLTQ-V7TM-WORKSTATION KEYBOARD EPICENTER,DS-210-BLTQ-V7TM,"$47,650 ",15,Matched by Material ID,pyxis
31673,BLS,BDB,Biosciences,BDB,Biosciences,2200200,Clinical Instruments,PH220020023450,FACSVia,PH220020036750,FACSVia Instrument,PH220020041143,FACSVia Instrument,PH220020051358,FACSVia Instrument,656874,BD FACSVia Flow Cytometer,656874-BD FACSVia Flow Cytometer,BDB-656874,"$42,534 ",15,Matched by Material ID,pyxis
31675,BLS,BDB,Biosciences,BDB,Biosciences,2200700,Research Instruments,PH220070022050,FACSAria,PH220070032650,FACSAria Options,PH220070041041,FACSAria Options,PH220070051185,FACSAria Other Options and Upgrades,650526,Thermo Fischer SC100-A10 CLR/HTR Bath,650526-Thermo Fischer SC100-A10 CLR/HTR Bath,BDB-650526,"$31,999 ",15,Matched by Material ID,pyxis
31929,BLS,DS,Diagnostic Solutions,DS,Diagnostic Solutions,2111006,Informatics,PH211100621000,Informatics,PH211100436600,Epicenter,PH211100441290,Epicenter Hardware,PH211100451521,Epicenter Hardware,252471,EPICENTER STARTER KIT JP,252471-EPICENTER STARTER KIT JP,DS-252471,"$4,032 ",15,Matched by Material ID,pyxis
32080,BLS,BDB,Biosciences,BDB,Biosciences,2200200,Clinical Instruments,PH220020023300,FACSDuet,PH220020036250,FACSDuet Options,PH220020041132,FACSDuet Options,PH220020051337,FACSDuet Other Options and Upgrades,664460,Non-BD Vial Adptr - Type 3 (5),664460-Non-BD Vial Adptr - Type 3 (5),BDB-664460,"$1,275 ",15,Matched by Material ID,pyxis
32143,BLS,BDB,Biosciences,BDB,Biosciences,2200700,Research Instruments,PH220070022050,FACSAria,PH220070032600,FACSAria Instrument,PH220070041040,FACSAria Instrument,PH220070051182,FACSAria III Instrument,648282B3,ARIA III ACDU 6B/3R/3V,648282B3-ARIA III ACDU 6B/3R/3V,BDB-648282B3,"$3,685,822 ",14,Matched by Material ID,pyxis
32160,BDI,UCC,Urology and Critical Care,UCC,Urology and Critical Care,2401511,Targeted Temperature Management,PH240151121000,Arctic Sun,PH240151131000,Arctic Sun-Hardware,PH240151141026,Arctic Sun-Hrdware Repl Parts,PH240151151001,Arctic Sun-Hrdware Repl Parts,40308000,Tank Harness,40308000-Tank Harness,UCC-40308000,"$14,238 ",14,Matched by Material ID,pyxis
32161,BLS,DS,Diagnostic Solutions,DS,Diagnostic Solutions,2111004,Microbiology,PH211100421000,Microbiology - PC Adjustment,PH211100437650,Microbiology - PC Adjustment,PH211100441379,Microbiology - PC Adjustment,PH211100451675,Microbiology - PC Adjustment,1889444,MBT HT LipidART Module,1889444-MBT HT LipidART Module,DS-1889444,"$13,523 ",14,Matched by Material ID,pyxis
32628,BDI,UCC,Urology and Critical Care,UCC,Urology and Critical Care,2401511,Targeted Temperature Management,PH240151121000,Arctic Sun,PH240151131000,Arctic Sun-Hardware,PH240151141000,Arctic Sun-Hardware,PH240151151000,Arctic Sun-Hardware,50000104,ARCTICSUN5000CHINA,50000104-ARCTICSUN5000CHINA,UCC-50000104,"$471,858 ",13,Matched by Material ID,pyxis
32984,BDI,PI,Peripheral Intervention,PI,Peripheral Intervention,2401110,Oncology,PH240111021005,Vacuum Assisted,PH240111031015,Encor Capital,PH240111041057,Encor Enspire Capital,PH240111051072,Encor Enspire Capital,PC3600,POWER CORD JAPAN,PC3600-POWER CORD JAPAN,PI-PC3600,"$2,458 ",13,Matched by Material ID,pyxis
33123,BDI,PI,Peripheral Intervention,PI,Peripheral Intervention,2401110,Oncology,PH240111021005,Vacuum Assisted,PH240111031015,Encor Capital,PH240111041057,Encor Enspire Capital,PH240111051072,Encor Enspire Capital,E4230STL,ENCOR ENSPIRE FOR LORAD TABLE,E4230STL-ENCOR ENSPIRE FOR LORAD TABLE,PI-E4230STL, $-   ,13,Matched by Material ID,pyxis
33126,BLS,DS,Diagnostic Solutions,DS,Diagnostic Solutions,2111006,Informatics,PH211100621000,Informatics,PH211100436600,Epicenter,PH211100441290,Epicenter Hardware,PH211100451521,Epicenter Hardware,580-AJIT,DELL PRO KEYBOARD AND MOUSE KM5221W,580-AJIT-DELL PRO KEYBOARD AND MOUSE KM5221W,DS-580-AJIT,"($2,214)",13,Matched by Material ID,pyxis
33128,BLS,BDB,Biosciences,BDB,Biosciences,2200700,Research Instruments,PH220070022800,FACSymphony A1,PH220070034500,FACSymphony A1 Instrument,PH220070041088,FACSymphony A1 Instrument,PH220070051249,FACSymphony A1 Instrument,664892,FACSSymphony A1 2B2R4YG6V,664892-FACSSymphony A1 2B2R4YG6V,BDB-664892,"$1,544,769 ",12,Matched by Material ID,pyxis
33130,BLS,DS,Diagnostic Solutions,DS,Diagnostic Solutions,2111001,Molecular Diagnostics,PH211100121250,BD COR,PH211100134600,BD COR GX/MX Instr - Plcmt,PH211100141001,BD COR GX/MX Instr - Plcmt,PH211100151001,BD COR GX/MX Instr - Plcmt,285089,BD Cor Instrument Placement GX/MX,285089-BD Cor Instrument Placement GX/MX,DS-285089,"$365,657 ",12,Matched by Material ID,pyxis
33131,BLS,DS,Diagnostic Solutions,DS,Diagnostic Solutions,2118000,Cancer,PH211800021000,Cytology,PH211800031500,SlidePrep Instr - Plcmt,PH211800041036,SlidePrep Instrument Placement,PH211800051062,SlidePrep Instrument Placement,444131,SlidePrep Instrument Placement,444131-SlidePrep Instrument Placement,DS-444131,"$243,645 ",12,Matched by Material ID,pyxis
33137,BDI,UCC,Urology and Critical Care,UCC,Urology and Critical Care,2401511,Targeted Temperature Management,PH240151121000,Arctic Sun,PH240151131000,Arctic Sun-Hardware,PH240151141026,Arctic Sun-Hrdware Repl Parts,PH240151151001,Arctic Sun-Hrdware Repl Parts,40308600,SPARE ISOLATION CIRC CRD M5000,40308600-SPARE ISOLATION CIRC CRD M5000,UCC-40308600,"$53,972 ",12,Matched by Material ID,pyxis
33142,BDI,PI,Peripheral Intervention,PI,Peripheral Intervention,2401110,Oncology,PH240111021007,Other Biopsy,PH240111031045,CoreLite Capital,PH240111041106,CoreLite Capital,PH240111051121,CoreLite Capital,CLTROLLEY,CORELITE TROLLEY / STAND,CLTROLLEY-CORELITE TROLLEY / STAND,PI-CLTROLLEY,"$29,089 ",12,Classified by ML model,pyxis
33165,BDI,UCC,Urology and Critical Care,UCC,Urology and Critical Care,2401511,Targeted Temperature Management,PH240151121000,Arctic Sun,PH240151131000,Arctic Sun-Hardware,PH240151141000,Arctic Sun-Hardware,PH240151151000,Arctic Sun-Hardware,400021216,ARCTIC SUN 5000 230V BRAZIL,400021216-ARCTIC SUN 5000 230V BRAZIL,UCC-400021216,"$14,099 ",12,Matched by Material ID,pyxis
33219,BLS,DS,Diagnostic Solutions,DS,Diagnostic Solutions,2111006,Informatics,PH211100621000,Informatics,PH211100436600,Epicenter,PH211100441290,Epicenter Hardware,PH211100451521,Epicenter Hardware,252235,PRINTER BARCODE EPICENTER PACKAGED JAPAN,252235-PRINTER BARCODE EPICENTER PACKAGED JAPAN,DS-252235,"$5,498 ",12,Matched by Material ID,pyxis
33382,BDI,UCC,Urology and Critical Care,UCC,Urology and Critical Care,2401511,Targeted Temperature Management,PH240151121000,Arctic Sun,PH240151131000,Arctic Sun-Hardware,PH240151141026,Arctic Sun-Hrdware Repl Parts,PH240151151001,Arctic Sun-Hrdware Repl Parts,403080-00,Tank Harness,403080-00-Tank Harness,UCC-403080-00,"$3,602 ",12,Matched by Material ID,pyxis
33771,BLS,BDB,Biosciences,BDB,Biosciences,2200700,Research Instruments,PH220070022050,FACSAria,PH220070032550,FACSAria Fusion Instrument,PH220070041039,FACSAria Fusion Instrument,PH220070051179,FACSAria Fusion SORP Instrument,658282,BD FACSAria Fusion Special Order System,658282-BD FACSAria Fusion Special Order System,BDB-658282,"$4,304,178 ",11,Matched by Material ID,pyxis
33775,BLS,DS,Diagnostic Solutions,DS,Diagnostic Solutions,2111004,Microbiology,PH211100421550,ID/AST,PH211100435900,BioTyper Instr - Sale,PH211100441247,BioTyper Sales,PH211100451429,LT MALDI-TOF Sales,1890217,BD-MALDI Biotyper sirius one IVD,1890217-BD-MALDI Biotyper sirius one IVD,DS-1890217,"$2,194,124 ",11,Matched by Material ID,pyxis
33782,BLS,DS,Diagnostic Solutions,DS,Diagnostic Solutions,2111001,Molecular Diagnostics,PH211100121050,Affirm,PH211100131800,Affirm Instr - Sale,PH211100141043,Affirm Instrument - Sales,PH211100151074,Affirm Instrument - Sales,250100,Processor BD Microprobe 120 Volt,250100-Processor BD Microprobe 120 Volt,DS-250100,"$120,156 ",11,Matched by Material ID,pyxis
33783,BLS,BDB,Biosciences,BDB,Biosciences,2200200,Clinical Instruments,PH220020023300,FACSDuet,PH220020036250,FACSDuet Options,PH220020041132,FACSDuet Options,PH220020051337,FACSDuet Other Options and Upgrades,662609,Secondary Tube Labels Printer,662609-Secondary Tube Labels Printer,BDB-662609,"$75,392 ",11,Matched by Material ID,pyxis
33795,BLS,DS,Diagnostic Solutions,DS,Diagnostic Solutions,2111006,Informatics,PH211100621000,Informatics,PH211100436650,Other Informatics,PH211100441296,DMS (Japan),PH211100451534,DMS (Japan),252047,KIT DMS STARTER JAPAN,252047-KIT DMS STARTER JAPAN,DS-252047,"$9,357 ",11,Classified by ML model,pyxis
33821,BLS,DS,Diagnostic Solutions,DS,Diagnostic Solutions,2111006,Informatics,PH211100621000,Informatics,PH211100436650,Other Informatics,PH211100441296,DMS (Japan),PH211100451534,DMS (Japan),252050,PRINTER DMS JAPAN,252050-PRINTER DMS JAPAN,DS-252050,"$5,944 ",11,Matched by Material ID,pyxis
34399,BLS,BDB,Biosciences,BDB,Biosciences,2200200,Clinical Instruments,PH220020023300,FACSDuet,PH220020036300,FACSDuet RR,PH220020041133,FACSDuet RR,PH220020051338,FACSDuet - Base Instrument RR,11012101A5194BASR,BLANK DESCRIPTION - TBD,11012101A5194BASR-BLANK DESCRIPTION - TBD,BDB-11012101A5194BASR, $-   ,11,Classified by ML model,pyxis
34401,BLS,BDB,Biosciences,BDB,Biosciences,2200700,Research Instruments,PH220070022550,FACSDiscover S8,PH220070034350,FACSDiscover S8 Options,PH220070041079,FACSDiscover S8 Options,PH220070051234,FACSDiscover S8 Options,S8-TABLE,S8 Instrument Table,S8-TABLE-S8 Instrument Table,BDB-S8-TABLE, $-   ,11,Classified by ML model,pyxis
34402,BLS,BDB,Biosciences,BDB,Biosciences,2200700,Research Instruments,PH220070022800,FACSymphony A1,PH220070035750,FACSymphony A1 RR,PH220070041113,FACSymphony A1 RR,PH220070051274,FACSymphony A1 RR,#BDBPLANMAT_FACSYMPHONYA1_RR,FACSymphony A1 RR,#BDBPLANMAT_FACSYMPHONYA1_RR-FACSymphony A1 RR,BDB-#BDBPLANMAT_FACSYMPHONYA1_RR, $-   ,11,Matched by Material ID,pyxis
34403,BLS,BDB,Biosciences,BDB,Biosciences,2200700,Research Instruments,PH220070022850,FACSDiscover A8,PH220070035650,FACSDiscover A8 Instrument RR,PH220070041111,FACSDiscover A8 Instrument RR,PH220070051272,FACSDiscover A8 Instrument RR,#BDBPLANMAT_MOSAICANALYZER_RR,Mosaic Instrument - Analyzer RR,#BDBPLANMAT_MOSAICANALYZER_RR-Mosaic Instrument - Analyzer RR,BDB-#BDBPLANMAT_MOSAICANALYZER_RR, $-   ,11,Classified by ML model,pyxis
34414,BLS,BDB,Biosciences,BDB,Biosciences,2200200,Clinical Instruments,PH220020023350,FACSLyric,PH220020036350,FACSLyric Instrument,PH220020041135,FACSLyric Instrument,PH220020051342,FACSLyric Instrument - 10 Color,EJR,BLANK DESCRIPTION - TBD,EJR-BLANK DESCRIPTION - TBD,BDB-EJR,"($17,128)",11,Matched by Material ID,pyxis
34418,BLS,DS,Diagnostic Solutions,DS,Diagnostic Solutions,2111001,Molecular Diagnostics,PH211100121200,BD MAX,PH211100133300,MAX Instr - Plcmt,PH211100141120,MAX 6Color Inst Plac,PH211100151214,MAX 6Color Inst Plac,435412,Lease Billing BD Max 6 Color,435412-Lease Billing BD Max 6 Color,DS-435412,"$20,455 ",11,Matched by Material ID,pyxis
34423,BLS,BDB,Biosciences,BDB,Biosciences,2200700,Research Instruments,PH220070022050,FACSAria,PH220070032600,FACSAria Instrument,PH220070041040,FACSAria Instrument,PH220070051182,FACSAria III Instrument,648282B4,ARIA III ACDU 6B/3R/6V,648282B4-ARIA III ACDU 6B/3R/6V,BDB-648282B4,"$2,483,752 ",10,Matched by Material ID,pyxis
34424,BLS,BDB,Biosciences,BDB,Biosciences,2200700,Research Instruments,PH220070022200,FACSMelody,PH220070032950,FACSMelody Instrument,PH220070041047,FACSMelody Instrument,PH220070051191,FACSMelody Instrument,664338,BD FACSMelody BVYG 8-Color Plate 4way,664338-BD FACSMelody BVYG 8-Color Plate 4way,BDB-664338,"$1,929,545 ",10,Matched by Material ID,pyxis
34425,BLS,BDB,Biosciences,BDB,Biosciences,2200700,Research Instruments,PH220070022200,FACSMelody,PH220070032950,FACSMelody Instrument,PH220070041047,FACSMelody Instrument,PH220070051191,FACSMelody Instrument,653882,BD FACSMelody BR Plate 4way,653882-BD FACSMelody BR Plate 4way,BDB-653882,"$1,402,238 ",10,Matched by Material ID,pyxis
34426,BLS,BDB,Biosciences,BDB,Biosciences,2200200,Clinical Instruments,PH220020023350,FACSLyric,PH220020036350,FACSLyric Instrument,PH220020041135,FACSLyric Instrument,PH220020051345,FACSLyric Instrument - 8 Color,662877,FACSLyric 3L8C Instrument US,662877-FACSLyric 3L8C Instrument US,BDB-662877,"$1,355,029 ",10,Matched by Material ID,pyxis
34427,BLS,DS,Diagnostic Solutions,DS,Diagnostic Solutions,2111006,Informatics,PH211100621000,Informatics,PH211100436650,Other Informatics,PH211100441296,DMS (Japan),PH211100451534,DMS (Japan),252046,SET DMS SERVER JAPAN,252046-SET DMS SERVER JAPAN,DS-252046,"$489,999 ",10,Classified by ML model,pyxis
34432,BDI,PI,Peripheral Intervention,PI,Peripheral Intervention,2401110,Oncology,PH240111021005,Vacuum Assisted,PH240111031015,Encor Capital,PH240111041058,Encor Ultra Capital,PH240111051073,Encor Ultra Capital,E5230,ENCOR 220 TO 240V,E5230-ENCOR 220 TO 240V,PI-E5230,"$76,018 ",10,Matched by Material ID,pyxis
34444,BDI,UCC,Urology and Critical Care,UCC,Urology and Critical Care,2401511,Targeted Temperature Management,PH240151121000,Arctic Sun,PH240151131000,Arctic Sun-Hardware,PH240151141026,Arctic Sun-Hrdware Repl Parts,PH240151151001,Arctic Sun-Hrdware Repl Parts,40307800,MANIFOLD ASSEMBLY,40307800-MANIFOLD ASSEMBLY,UCC-40307800,"$22,353 ",10,Matched by Material ID,pyxis
34455,BDI,UCC,Urology and Critical Care,UCC,Urology and Critical Care,2401511,Targeted Temperature Management,PH240151121000,Arctic Sun,PH240151131000,Arctic Sun-Hardware,PH240151141026,Arctic Sun-Hrdware Repl Parts,PH240151151001,Arctic Sun-Hrdware Repl Parts,40308400,Processor Circuit Card,40308400-Processor Circuit Card,UCC-40308400,"$12,901 ",10,Matched by Material ID,pyxis
34458,BDI,UCC,Urology and Critical Care,UCC,Urology and Critical Care,2401511,Targeted Temperature Management,PH240151121000,Arctic Sun,PH240151131000,Arctic Sun-Hardware,PH240151141026,Arctic Sun-Hrdware Repl Parts,PH240151151001,Arctic Sun-Hrdware Repl Parts,403084-00,Processor Circuit Card,403084-00-Processor Circuit Card,UCC-403084-00,"$12,602 ",10,Matched by Material ID,pyxis
34472,BLS,DS,Diagnostic Solutions,DS,Diagnostic Solutions,2111004,Microbiology,PH211100421000,Microbiology - PC Adjustment,PH211100437650,Microbiology - PC Adjustment,PH211100441379,Microbiology - PC Adjustment,PH211100451675,Microbiology - PC Adjustment,445331,POWER SUPPLY FX40 SPARE,445331-POWER SUPPLY FX40 SPARE,DS-445331,"$7,932 ",10,Classified by ML model,pyxis
34884,BDI,UCC,Urology and Critical Care,UCC,Urology and Critical Care,2401511,Targeted Temperature Management,PH240151121000,Arctic Sun,PH240151131000,Arctic Sun-Hardware,PH240151141026,Arctic Sun-Hrdware Repl Parts,PH240151151001,Arctic Sun-Hrdware Repl Parts,403105-00,ARCTIC SUN SPARE PART DRAIN VALAVES M500,403105-00-ARCTIC SUN SPARE PART DRAIN VALAVES M500,UCC-403105-00,"$2,398 ",10,Matched by Material ID,pyxis
35247,BDI,PI,Peripheral Intervention,PI,Peripheral Intervention,2401110,Oncology,PH240111021005,Vacuum Assisted,PH240111031015,Encor Capital,PH240111041057,Encor Enspire Capital,PH240111051072,Encor Enspire Capital,E4230US,ENCOR ENSPIRE FOR US,E4230US-ENCOR ENSPIRE FOR US,PI-E4230US, $-   ,10,Matched by Material ID,pyxis
35255,BLS,BDB,Biosciences,BDB,Biosciences,2200200,Clinical Instruments,PH220020023700,Lyse Wash Assistant,PH220020037350,LWA RR,PH220020041166,LWA RR,PH220020051401,LWA Instrument RR,#BDBPLANMAT_0045,Description - #BDBPlanMat_0045,#BDBPLANMAT_0045-Description - #BDBPlanMat_0045,BDB-#BDBPLANMAT_0045, $-   ,10,Matched by Material ID,pyxis
35302,BLS,BDB,Biosciences,BDB,Biosciences,2200700,Research Instruments,PH220070022550,FACSDiscover S8,PH220070034350,FACSDiscover S8 Options,PH220070041079,FACSDiscover S8 Options,PH220070051234,FACSDiscover S8 Options,667940,Kit 4 Tube holders UG KIT,667940-Kit 4 Tube holders UG KIT,BDB-667940, $-   ,10,Classified by ML model,pyxis
35311,BLS,DS,Diagnostic Solutions,DS,Diagnostic Solutions,2118000,Cancer,PH211800021000,Cytology,PH211800031150,All Other Instruments,PH211800041009,FocalPoint Instrument Accessories,PH211800051016,Spares - FocalPoint,490377,Power Cord 6 Ft Usa/Sau Wkstn,490377-Power Cord 6 Ft Usa/Sau Wkstn,DS-490377, $-   ,10,Classified by ML model,pyxis
35321,BLS,BDB,Biosciences,BDB,Biosciences,2200700,Research Instruments,PH220070022300,FACSymphony Analyzers,PH220070033150,FACSymphony A3 Sorp Instrument,PH220070041052,FACSymphony A3 Sorp Instrument,PH220070051197,FACSymphony A3 Sorp Instrument,660937Q6,SymphA3 SO B10R14V10YG10 349-100 HTSRDY,660937Q6-SymphA3 SO B10R14V10YG10 349-100 HTSRDY,BDB-660937Q6,"$3,246,916 ",9,Matched by Material ID,pyxis
35322,BLS,BDB,Biosciences,BDB,Biosciences,2200700,Research Instruments,PH220070022200,FACSMelody,PH220070032950,FACSMelody Instrument,PH220070041047,FACSMelody Instrument,PH220070051191,FACSMelody Instrument,664326,BD FACSMelody BRV 9 Color Plate EU 4way,664326-BD FACSMelody BRV 9 Color Plate EU 4way,BDB-664326,"$1,690,627 ",9,Matched by Material ID,pyxis
35323,BLS,BDB,Biosciences,BDB,Biosciences,2200200,Clinical Instruments,PH220020023350,FACSLyric,PH220020036350,FACSLyric Instrument,PH220020041135,FACSLyric Instrument,PH220020051343,FACSLyric Instrument - 4 Color,662875,FACSLyric 2L4C Instrument US,662875-FACSLyric 2L4C Instrument US,BDB-662875,"$1,023,447 ",9,Matched by Material ID,pyxis
35324,BLS,BDB,Biosciences,BDB,Biosciences,2200200,Clinical Instruments,PH220020023300,FACSDuet,PH220020035350,FACSDuet Premium Upgrade Kit,PH220020041217,FACSDuet Premium Upgrade Kit,PH220020051275,FACSDuet Premium Upgrade Kit,666341,BD FACSDuet Base to Premium Upgrade Kit*,666341-BD FACSDuet Base to Premium Upgrade Kit*,BDB-666341,"$322,119 ",9,Matched by Material ID,pyxis
35327,BLS,BDB,Biosciences,BDB,Biosciences,2200200,Clinical Instruments,PH220055021002,Cytognos Software,PH220055031006,Cytognos Infinicyt,PH220055041022,Cytognos Infinicyt,PH220055051035,Cytognos Licenses,CYT-INF-DN-R,Infinicyt RUO Network with Dongle+5DB,CYT-INF-DN-R-Infinicyt RUO Network with Dongle+5DB,BDB-CYT-INF-DN-R,"$35,490 ",9,Classified by ML model,pyxis
35328,BDI,PI,Peripheral Intervention,PI,Peripheral Intervention,2401110,Oncology,PH240111021005,Vacuum Assisted,PH240111031015,Encor Capital,PH240111041057,Encor Enspire Capital,PH240111051072,Encor Enspire Capital,DRENCORMR20,ENCOR MRI DRIVER-MDD,DRENCORMR20-ENCOR MRI DRIVER-MDD,PI-DRENCORMR20,"$30,721 ",9,Matched by Material ID,pyxis
35353,BDI,PI,Peripheral Intervention,PI,Peripheral Intervention,2401110,Oncology,PH240111021005,Vacuum Assisted,PH240111031015,Encor Capital,PH240111041057,Encor Enspire Capital,PH240111051072,Encor Enspire Capital,ECGEVERTFFADP,FIRE FORWARD ADAPTER FOR GE,ECGEVERTFFADP-FIRE FORWARD ADAPTER FOR GE,PI-ECGEVERTFFADP,"$8,369 ",9,Matched by Material ID,pyxis
35356,BLS,BDB,Biosciences,BDB,Biosciences,2200700,Research Instruments,PH220070022150,FACSJazz,PH220070032900,FACSJazz Options,PH220070041046,FACSJazz Options,PH220070051190,FACSJazz Other Options and Upgrades,657985,FACSJazz Table To Use With BSC,657985-FACSJazz Table To Use With BSC,BDB-657985,"$8,086 ",9,Matched by Material ID,pyxis
35730,BDI,UCC,Urology and Critical Care,UCC,Urology and Critical Care,2401511,Targeted Temperature Management,PH240151121000,Arctic Sun,PH240151131000,Arctic Sun-Hardware,PH240151141026,Arctic Sun-Hrdware Repl Parts,PH240151151001,Arctic Sun-Hrdware Repl Parts,403102-00,ARCTIC SUN SPARE PART LEVEL SNSR M5000,403102-00-ARCTIC SUN SPARE PART LEVEL SNSR M5000,UCC-403102-00,"$2,707 ",9,Matched by Material ID,pyxis
35795,BLS,DS,Diagnostic Solutions,DS,Diagnostic Solutions,2111004,Microbiology,PH211100421000,Microbiology - PC Adjustment,PH211100437650,Microbiology - PC Adjustment,PH211100441379,Microbiology - PC Adjustment,PH211100451675,Microbiology - PC Adjustment,430368,UPM 802Va 230V In/Out,430368-UPM 802Va 230V In/Out,DS-430368,"$2,438 ",9,Classified by ML model,pyxis
36137,BLS,BDB,Biosciences,BDB,Biosciences,2200200,Clinical Instruments,PH220055021002,Cytognos Software,PH220055031006,Cytognos Infinicyt,PH220055041022,Cytognos Infinicyt,PH220055051036,Cytognos Upgrades,CYT-INF-UPG-5,Infinicyt upgrade (from 1.8)+5DB,CYT-INF-UPG-5-Infinicyt upgrade (from 1.8)+5DB,BDB-CYT-INF-UPG-5, $-   ,9,Classified by ML model,pyxis
36139,BLS,BDB,Biosciences,BDB,Biosciences,2200700,Research Instruments,PH220070022050,FACSAria,PH220070032650,FACSAria Options,PH220070041041,FACSAria Options,PH220070051185,FACSAria Other Options and Upgrades,656750,Mirror Dichroic Combo Pack Bril Violet,656750-Mirror Dichroic Combo Pack Bril Violet,BDB-656750, $-   ,9,Matched by Material ID,pyxis
36143,BLS,DS,Diagnostic Solutions,DS,Diagnostic Solutions,2118000,Cancer,PH211800021000,Cytology,PH211800031150,All Other Instruments,PH211800041008,PrepStain Instr Accessories,PH211800051014,Spares-PrepStainInst,490109,Kit Prepstain Germany,490109-Kit Prepstain Germany,DS-490109, $-   ,9,Classified by ML model,pyxis
36144,BLS,DS,Diagnostic Solutions,DS,Diagnostic Solutions,2118000,Cancer,PH211800021000,Cytology,PH211800031150,All Other Instruments,PH211800041009,FocalPoint Instrument Accessories,PH211800051016,Spares - FocalPoint,490166,Kit Gs Keyboard And Mouse,490166-Kit Gs Keyboard And Mouse,DS-490166, $-   ,9,Classified by ML model,pyxis
36145,BLS,DS,Diagnostic Solutions,DS,Diagnostic Solutions,2118000,Cancer,PH211800021000,Cytology,PH211800031150,All Other Instruments,PH211800041009,FocalPoint Instrument Accessories,PH211800051016,Spares - FocalPoint,490659,Kit Gs Country 2.4.1/2.4.2,490659-Kit Gs Country 2.4.1/2.4.2,DS-490659, $-   ,9,Classified by ML model,pyxis
36148,BLS,BDB,Biosciences,BDB,Biosciences,2200700,Research Instruments,PH220070022050,FACSAria,PH220070032600,FACSAria Instrument,PH220070041040,FACSAria Instrument,PH220070051182,FACSAria III Instrument,648282D8,ARIA III 3B/3R/6V/5YG/2UV ACDU,648282D8-ARIA III 3B/3R/6V/5YG/2UV ACDU,BDB-648282D8,"$3,076,450 ",8,Matched by Material ID,pyxis
36149,BLS,BDB,Biosciences,BDB,Biosciences,2200700,Research Instruments,PH220070022050,FACSAria,PH220070032550,FACSAria Fusion Instrument,PH220070041039,FACSAria Fusion Instrument,PH220070051178,FACSAria Fusion Instrument,656700N4,Fusion 3B/3R/6V/3UV/4YG ACDU with Hood,656700N4-Fusion 3B/3R/6V/3UV/4YG ACDU with Hood,BDB-656700N4,"$2,969,704 ",8,Matched by Material ID,pyxis
36151,BLS,DS,Diagnostic Solutions,DS,Diagnostic Solutions,2118000,Cancer,PH211800021000,Cytology,PH211800031950,PrepStain Instr - Sale,PH211800041007,PrepStain Instr Sales,PH211800051012,PrepStain Inst Sales,490100,INSTRUMENT PREPSTAIN TECAN US II,490100-INSTRUMENT PREPSTAIN TECAN US II,DS-490100,"$270,066 ",8,Matched by Material ID,pyxis
36154,BLS,BDB,Biosciences,BDB,Biosciences,2200700,Research Instruments,PH220070022200,FACSMelody,PH220070033000,FACSMelody Options,PH220070041048,FACSMelody Options,PH220070051192,FACSMelody Other Options and Upgrades,664386,BD FACSMelody Temp Control 100V 4-way,664386-BD FACSMelody Temp Control 100V 4-way,BDB-664386,"$47,664 ",8,Matched by Material ID,pyxis
36370,BDI,UCC,Urology and Critical Care,UCC,Urology and Critical Care,2401511,Targeted Temperature Management,PH240151121000,Arctic Sun,PH240151131000,Arctic Sun-Hardware,PH240151141026,Arctic Sun-Hrdware Repl Parts,PH240151151001,Arctic Sun-Hrdware Repl Parts,40434100,SPARE PART AS6000 CASTER,40434100-SPARE PART AS6000 CASTER,UCC-40434100,"$3,204 ",8,Matched by Material ID,pyxis
37065,BLS,DS,Diagnostic Solutions,DS,Diagnostic Solutions,2118000,Cancer,PH211800021000,Cytology,PH211800031150,All Other Instruments,PH211800041014,PrepStain Plus Accessories,PH211800051026,Spares- PS Plus,444744,ASSY SLIDE TRAY SUPPORT SP,444744-ASSY SLIDE TRAY SUPPORT SP,DS-444744,$156 ,8,Classified by ML model,pyxis
37082,BDM,MMS,Medication Management Solutions (MMS),MMS,Infusion Systems,2306004,CME,PH230600421007,POC Systems,PH230600431043,CME BODYGUARD C VISION - Placement,PH230600441137,Drug Infusion - Placement,PH230600451183,Ambulatory LVP CME - Placement,L999-683BDEN,Loaner BD BodyGuard Epidural Infusion Pump BG545,L999-683BDEN-Loaner BD BodyGuard Epidural Infusion Pump BG545,MMS-L999-683BDEN, $-   ,8,Matched by Material ID,pyxis
37083,BLS,BDB,Biosciences,BDB,Biosciences,2200200,Clinical Instruments,PH220020023150,FACSCalibur,PH220020035800,FACSCalibur Options,PH220020041119,FACSCalibur Options,PH220020051318,FACSCalibur Other Options and Upgrades,338149,FACSCalibur E1016+ FL4 Upgrade Europe,338149-FACSCalibur E1016+ FL4 Upgrade Europe,BDB-338149, $-   ,8,Classified by ML model,pyxis
37084,BLS,BDB,Biosciences,BDB,Biosciences,2200700,Research Instruments,PH220070022550,FACSDiscover S8,PH220070034350,FACSDiscover S8 Options,PH220070041079,FACSDiscover S8 Options,PH220070051234,FACSDiscover S8 Options,S8-BSCTABLE,S8 Side BSC Table,S8-BSCTABLE-S8 Side BSC Table,BDB-S8-BSCTABLE, $-   ,8,Classified by ML model,pyxis
37088,BLS,DS,Diagnostic Solutions,DS,Diagnostic Solutions,2111006,Informatics,PH211100621000,Informatics,PH211100436600,Epicenter,PH211100441290,Epicenter Hardware,PH211100451521,Epicenter Hardware,257742,INSTALL KIT RSS EU,257742-INSTALL KIT RSS EU,DS-257742, $-   ,8,Classified by ML model,pyxis
37090,BLS,DS,Diagnostic Solutions,DS,Diagnostic Solutions,2118000,Cancer,PH211800021000,Cytology,PH211800031150,All Other Instruments,PH211800041009,FocalPoint Instrument Accessories,PH211800051016,Spares - FocalPoint,490139,Kit Svc Tools,490139-Kit Svc Tools,DS-490139, $-   ,8,Classified by ML model,pyxis
37094,BLS,BDB,Biosciences,BDB,Biosciences,2200700,Research Instruments,PH220070022050,FACSAria,PH220070032550,FACSAria Fusion Instrument,PH220070041039,FACSAria Fusion Instrument,PH220070051178,FACSAria Fusion Instrument,656700C2,Fusion 3B/3R/6V/5YG ACDU,656700C2-Fusion 3B/3R/6V/5YG ACDU,BDB-656700C2,"$1,822,858 ",7,Matched by Material ID,pyxis
37096,BLS,BDB,Biosciences,BDB,Biosciences,2200200,Clinical Instruments,PH220020023350,FACSLyric,PH220020036350,FACSLyric Instrument,PH220020041135,FACSLyric Instrument,PH220020051348,FACSLyric RUO Instrument - 12 Color,662383,FACSLyric 3L12C Instrument RUO,662383-FACSLyric 3L12C Instrument RUO,BDB-662383,"$1,368,769 ",7,Matched by Material ID,pyxis
37097,BLS,BDB,Biosciences,BDB,Biosciences,2200700,Research Instruments,PH220070022200,FACSMelody,PH220070032950,FACSMelody Instrument,PH220070041047,FACSMelody Instrument,PH220070051191,FACSMelody Instrument,653873,BD FACSMelody BRV 9 Color 4way,653873-BD FACSMelody BRV 9 Color 4way,BDB-653873,"$1,315,000 ",7,Matched by Material ID,pyxis
37098,BLS,BDB,Biosciences,BDB,Biosciences,2200700,Research Instruments,PH220070022800,FACSymphony A1,PH220070034500,FACSymphony A1 Instrument,PH220070041088,FACSymphony A1 Instrument,PH220070051249,FACSymphony A1 Instrument,664894,FACSSymphony A1 2B2R4YG6V SPD,664894-FACSSymphony A1 2B2R4YG6V SPD,BDB-664894,"$1,050,810 ",7,Matched by Material ID,pyxis
37099,BLS,DS,Diagnostic Solutions,DS,Diagnostic Solutions,2111004,Microbiology,PH211100421550,ID/AST,PH211100435900,BioTyper Instr - Sale,PH211100441247,BioTyper Sales,PH211100451429,LT MALDI-TOF Sales,8604561,Bruker IVD MALDI Biotyper China,8604561-Bruker IVD MALDI Biotyper China,DS-8604561,"$918,718 ",7,Matched by Material ID,pyxis
37101,BDI,PI,Peripheral Intervention,PI,Peripheral Intervention,2401110,Oncology,PH240111021007,Other Biopsy,PH240111031045,CoreLite Capital,PH240111041106,CoreLite Capital,PH240111051121,CoreLite Capital,A4112EU2,CORELITE CAPITAL2- EU,A4112EU2-CORELITE CAPITAL2- EU,PI-A4112EU2,"$256,796 ",7,Matched by Material ID,pyxis
37103,BLS,BDB,Biosciences,BDB,Biosciences,2200700,Research Instruments,PH220070022200,FACSMelody,PH220070033000,FACSMelody Options,PH220070041048,FACSMelody Options,PH220070051192,FACSMelody Other Options and Upgrades,661898,BAKER BD404XD SterilGard e3 BSC EX US,661898-BAKER BD404XD SterilGard e3 BSC EX US,BDB-661898,"$144,647 ",7,Matched by Material ID,pyxis
37105,BLS,DS,Diagnostic Solutions,DS,Diagnostic Solutions,2111460,Lab Automation,PH211146021000,Lab Automation - PC Adjustment,PH211146032150,Lab Automation - PC Adjustment,PH211146041039,Lab Automation - PC Adjustment,PH211146051068,Lab Automation - PC Adjustment,496146,BD Kiestra Gateway,496146-BD Kiestra Gateway,DS-496146,"$113,632 ",7,Classified by ML model,pyxis
37109,BDI,UCC,Urology and Critical Care,UCC,Urology and Critical Care,2401511,Targeted Temperature Management,PH240151121000,Arctic Sun,PH240151131000,Arctic Sun-Hardware,PH240151141026,Arctic Sun-Hrdware Repl Parts,PH240151151001,Arctic Sun-Hrdware Repl Parts,40408200,SPARE PART AS6000 CTRL PANEL,40408200-SPARE PART AS6000 CTRL PANEL,UCC-40408200,"$50,883 ",7,Matched by Material ID,pyxis
37110,BLS,BDB,Biosciences,BDB,Biosciences,2200700,Research Instruments,PH220070022550,FACSDiscover S8,PH220070034350,FACSDiscover S8 Options,PH220070041079,FACSDiscover S8 Options,PH220070051234,FACSDiscover S8 Options,VQF-1950DR-CA-CS,Instrument Table,VQF-1950DR-CA-CS-Instrument Table,BDB-VQF-1950DR-CA-CS,"$45,783 ",7,Matched by Material ID,pyxis
37128,BLS,DS,Diagnostic Solutions,DS,Diagnostic Solutions,2111006,Informatics,PH211100621000,Informatics,PH211100631000,Synapsys,PH211100641003,Synapsys Hardware,PH211100651003,Synapsys Hardware,444878,NUC GENERIC CONFIGURATION COMPUTER,444878-NUC GENERIC CONFIGURATION COMPUTER,DS-444878,"$7,422 ",7,Matched by Material ID,pyxis
37129,BLS,DS,Diagnostic Solutions,DS,Diagnostic Solutions,2111006,Informatics,PH211100621000,Informatics,PH211100436650,Other Informatics,PH211100441296,DMS (Japan),PH211100451534,DMS (Japan),252856,MDMS Client NOTE PC (WIN10) JAPAN,252856-MDMS Client NOTE PC (WIN10) JAPAN,DS-252856,"$7,279 ",7,Classified by ML model,pyxis
37910,BLS,DS,Diagnostic Solutions,DS,Diagnostic Solutions,2111006,Informatics,PH211100621000,Informatics,PH211100436600,Epicenter,PH211100441290,Epicenter Hardware,PH211100451521,Epicenter Hardware,441019,COMPUTER MONITOR DATALINK,441019-COMPUTER MONITOR DATALINK,DS-441019,"$1,000 ",7,Matched by Material ID,pyxis
38052,BLS,BDB,Biosciences,BDB,Biosciences,2200200,Clinical Instruments,PH220020023200,FACSCanto,PH220020035950,FACSCanto Options,PH220020041124,FACSCanto Loader,PH220020051327,FACSCanto Loader,338313,FACSCanto Loader Option IVD,338313-FACSCanto Loader Option IVD,BDB-338313, $-   ,7,Matched by Material ID,pyxis
38053,BLS,BDB,Biosciences,BDB,Biosciences,2200200,Clinical Instruments,PH220055021002,Cytognos Software,PH220055031005,Cytognos BBDD,PH220055041021,Cytognos BBDD,PH220055051034,Cytognos BBDD,CYT-INF-EFDB-PROM,Promotional code EuroFlow? Database Accesses,CYT-INF-EFDB-PROM-Promotional code EuroFlow? Database Accesses,BDB-CYT-INF-EFDB-PROM, $-   ,7,Classified by ML model,pyxis
38064,BLS,DS,Diagnostic Solutions,DS,Diagnostic Solutions,2118000,Cancer,PH211800021000,Cytology,PH211800031150,All Other Instruments,PH211800041009,FocalPoint Instrument Accessories,PH211800051016,Spares - FocalPoint,490140,Kit Lab Startup,490140-Kit Lab Startup,DS-490140, $-   ,7,Classified by ML model,pyxis
38065,BLS,DS,Diagnostic Solutions,DS,Diagnostic Solutions,2118000,Cancer,PH211800021000,Cytology,PH211800031150,All Other Instruments,PH211800041009,FocalPoint Instrument Accessories,PH211800051016,Spares - FocalPoint,490145,Kit Focalpoint Germany Belgium Austria,490145-Kit Focalpoint Germany Belgium Austria,DS-490145, $-   ,7,Classified by ML model,pyxis
38066,BLS,DS,Diagnostic Solutions,DS,Diagnostic Solutions,2118000,Cancer,PH211800021000,Cytology,PH211800031150,All Other Instruments,PH211800041009,FocalPoint Instrument Accessories,PH211800051016,Spares - FocalPoint,490165,Kit Barcode Reader Handheld,490165-Kit Barcode Reader Handheld,DS-490165, $-   ,7,Classified by ML model,pyxis
38069,BLS,DS,Diagnostic Solutions,DS,Diagnostic Solutions,2111006,Informatics,PH211100621000,Informatics,PH211100631000,Synapsys,PH211100641003,Synapsys Hardware,PH211100651003,Synapsys Hardware,444895,NUC COMPUTER HARDEN OP SYSTEM,444895-NUC COMPUTER HARDEN OP SYSTEM,DS-444895,"($2,202)",7,Matched by Material ID,pyxis
38072,BLS,BDB,Biosciences,BDB,Biosciences,2200700,Research Instruments,PH220070022300,FACSymphony Analyzers,PH220070033200,FACSymphony A5 Sorp Instrument,PH220070041053,FACSymphony A5 Sorp Instrument,PH220070051198,FACSymphony A5 Sorp Instrument,660964,FACSymphony A5 Special Order System,660964-FACSymphony A5 Special Order System,BDB-660964,"$2,654,993 ",6,Matched by Material ID,pyxis
38074,BLS,BDB,Biosciences,BDB,Biosciences,2200700,Research Instruments,PH220070021950,Accuri,PH220070032350,Accuri Instrument,PH220070041035,Accuri Instrument,PH220070051168,Accuri C6 Plus Instrument,661311,C6 Plus System & PC,661311-C6 Plus System & PC,BDB-661311,"$251,552 ",6,Matched by Material ID,pyxis
38075,BDI,UCC,Urology and Critical Care,UCC,Urology and Critical Care,2401511,Targeted Temperature Management,PH240151121000,Arctic Sun,PH240151131000,Arctic Sun-Hardware,PH240151141000,Arctic Sun-Hardware,PH240151151000,Arctic Sun-Hardware,50000102,ARCTIC SUN 5000 UK,50000102-ARCTIC SUN 5000 UK,UCC-50000102,"$190,809 ",6,Matched by Material ID,pyxis
38076,BLS,BDB,Biosciences,BDB,Biosciences,2200200,Clinical Instruments,PH220020023350,FACSLyric,PH220020036550,FACSLyric Options,PH220020041139,FACSLyric Options,PH220020051354,FACSLyric Other Options and Upgrades,662852,Kit Upgrade FACSLyric 8 to 12 Color,662852-Kit Upgrade FACSLyric 8 to 12 Color,BDB-662852,"$186,585 ",6,Matched by Material ID,pyxis
38077,BDI,UCC,Urology and Critical Care,UCC,Urology and Critical Care,2401511,Targeted Temperature Management,PH240151121000,Arctic Sun,PH240151131000,Arctic Sun-Hardware,PH240151141000,Arctic Sun-Hardware,PH240151151000,Arctic Sun-Hardware,5000-00-00,ARCTIC SUN 5000,5000-00-00-ARCTIC SUN 5000,UCC-5000-00-00,"$80,450 ",6,Matched by Material ID,pyxis
38078,BLS,BDB,Biosciences,BDB,Biosciences,2200700,Research Instruments,PH220070022050,FACSAria,PH220070032650,FACSAria Options,PH220070041041,FACSAria Options,PH220070051185,FACSAria Other Options and Upgrades,649592,Kit NON NUV 405nm LSR Upgrade Aria I-III,649592-Kit NON NUV 405nm LSR Upgrade Aria I-III,BDB-649592,"$55,216 ",6,Matched by Material ID,pyxis
38081,BLS,BDB,Biosciences,BDB,Biosciences,2200200,Clinical Instruments,PH220055021002,Cytognos Software,PH220055031006,Cytognos Infinicyt,PH220055041022,Cytognos Infinicyt,PH220055051036,Cytognos Upgrades,ECC##BDB177,Infinicyt upgrade (from 1.8) 5DB,ECC##BDB177-Infinicyt upgrade (from 1.8) 5DB,BDB-ECC##BDB177,"$30,561 ",6,Classified by ML model,pyxis
38095,BLS,DS,Diagnostic Solutions,DS,Diagnostic Solutions,2111006,Informatics,PH211100621000,Informatics,PH211100436650,Other Informatics,PH211100441296,DMS (Japan),PH211100451534,DMS (Japan),252065,PRINTER COLOR LASER DMS JAPAN,252065-PRINTER COLOR LASER DMS JAPAN,DS-252065,"$14,014 ",6,Classified by ML model,pyxis
38107,BDI,UCC,Urology and Critical Care,UCC,Urology and Critical Care,2401511,Targeted Temperature Management,PH240151121000,Arctic Sun,PH240151131000,Arctic Sun-Hardware,PH240151141026,Arctic Sun-Hrdware Repl Parts,PH240151151001,Arctic Sun-Hrdware Repl Parts,40307900,MANIFOLD HARNESS,40307900-MANIFOLD HARNESS,UCC-40307900,"$7,032 ",6,Matched by Material ID,pyxis
38109,BDI,UCC,Urology and Critical Care,UCC,Urology and Critical Care,2401511,Targeted Temperature Management,PH240151121000,Arctic Sun,PH240151131000,Arctic Sun-Hardware,PH240151141026,Arctic Sun-Hrdware Repl Parts,PH240151151001,Arctic Sun-Hrdware Repl Parts,40412100,SPARE PART AS6000 CNNECT PCB,40412100-SPARE PART AS6000 CNNECT PCB,UCC-40412100,"$6,372 ",6,Matched by Material ID,pyxis
38211,BLS,DS,Diagnostic Solutions,DS,Diagnostic Solutions,2111006,Informatics,PH211100621000,Informatics,PH211100436600,Epicenter,PH211100441290,Epicenter Hardware,PH211100451521,Epicenter Hardware,441002,Computer System Epicenter F/G,441002-Computer System Epicenter F/G,DS-441002,"$2,790 ",6,Matched by Material ID,pyxis
38266,BLS,DS,Diagnostic Solutions,DS,Diagnostic Solutions,2111006,Informatics,PH211100621000,Informatics,PH211100631000,Synapsys,PH211100641003,Synapsys Hardware,PH211100651003,Synapsys Hardware,252817,SYNAPSYS STARTER KIT,252817-SYNAPSYS STARTER KIT,DS-252817,"$2,585 ",6,Classified by ML model,pyxis
38537,BLS,DS,Diagnostic Solutions,DS,Diagnostic Solutions,2111006,Informatics,PH211100621000,Informatics,PH211100436600,Epicenter,PH211100441290,Epicenter Hardware,PH211100451521,Epicenter Hardware,252282,COMPUTER STAND FOR EPI CENTER,252282-COMPUTER STAND FOR EPI CENTER,DS-252282,"$2,046 ",6,Matched by Material ID,pyxis
38827,BLS,BDB,Biosciences,BDB,Biosciences,2200200,Clinical Instruments,PH220020023300,FACSDuet,PH220020036250,FACSDuet Options,PH220020041132,FACSDuet Options,PH220020051337,FACSDuet Other Options and Upgrades,664848,Tube Adapter Type S (10),664848-Tube Adapter Type S (10),BDB-664848,"$1,549 ",6,Matched by Material ID,pyxis
38857,BDI,UCC,Urology and Critical Care,UCC,Urology and Critical Care,2401511,Targeted Temperature Management,PH240151121000,Arctic Sun,PH240151131000,Arctic Sun-Hardware,PH240151141026,Arctic Sun-Hrdware Repl Parts,PH240151151001,Arctic Sun-Hrdware Repl Parts,40234100,CASTER WITH BRAKE,40234100-CASTER WITH BRAKE,UCC-40234100,"$1,472 ",6,Matched by Material ID,pyxis
39144,BDI,PI,Peripheral Intervention,PI,Peripheral Intervention,2401110,Oncology,PH240111021005,Vacuum Assisted,PH240111031015,Encor Capital,PH240111041057,Encor Enspire Capital,PH240111051072,Encor Enspire Capital,AC4004,EU TRAY HOOK,AC4004-EU TRAY HOOK,PI-AC4004,$738 ,6,Matched by Material ID,pyxis
39145,BDI,PI,Peripheral Intervention,PI,Peripheral Intervention,2401110,Oncology,PH240111021005,Vacuum Assisted,PH240111031015,Encor Capital,PH240111041057,Encor Enspire Capital,PH240111051072,Encor Enspire Capital,AC4003,EU VERT PROBE HOLDER,AC4003-EU VERT PROBE HOLDER,PI-AC4003,$738 ,6,Matched by Material ID,pyxis
39215,BDI,PI,Peripheral Intervention,PI,Peripheral Intervention,2401110,Oncology,PH240111021005,Vacuum Assisted,PH240111031015,Encor Capital,PH240111041057,Encor Enspire Capital,PH240111051072,Encor Enspire Capital,AC4002,EU REMOVABLE TRAY,AC4002-EU REMOVABLE TRAY,PI-AC4002,$523 ,6,Matched by Material ID,pyxis
39288,BDM,MMS,Medication Management Solutions (MMS),MMS,Infusion Systems,2306004,CME,PH230600421007,POC Systems,PH230600431043,CME BODYGUARD C VISION - Placement,PH230600441137,Drug Infusion - Placement,PH230600451183,Ambulatory LVP CME - Placement,L999-803BDEN,Loaner BD BodyGuard Pain Manager Infusion Pump,L999-803BDEN-Loaner BD BodyGuard Pain Manager Infusion Pump,MMS-L999-803BDEN, $-   ,6,Matched by Material ID,pyxis
39289,BLS,BDB,Biosciences,BDB,Biosciences,2200100,Single Cell Multiomics,PH220010021150,SCM Instruments,PH220010031700,Rhapsody Scanner RR,PH220010041027,Rhapsody Scanner RR,PH220010051029,Rhapsody Scanner RR,#BDBPLANMAT_RHAPSCANNER_RR,Rhapsody Scanner RR Plcmt,#BDBPLANMAT_RHAPSCANNER_RR-Rhapsody Scanner RR Plcmt,BDB-#BDBPLANMAT_RHAPSCANNER_RR, $-   ,6,Matched by Material ID,pyxis
39290,BLS,BDB,Biosciences,BDB,Biosciences,2200200,Clinical Instruments,PH220020023200,FACSCanto,PH220020035900,FACSCanto Instrument RR,PH220020041121,FACSCanto Instrument RR,PH220020051324,FACSCanto Instrument RR,#BDBPLANMAT_0026,Description - #BDBPlanMat_0026,#BDBPLANMAT_0026-Description - #BDBPlanMat_0026,BDB-#BDBPLANMAT_0026, $-   ,6,Classified by ML model,pyxis
39294,BLS,BDB,Biosciences,BDB,Biosciences,2200200,Clinical Instruments,PH220020023300,FACSDuet,PH220020036300,FACSDuet RR,PH220020041133,FACSDuet RR,PH220020051338,FACSDuet - Base Instrument RR,#BDBPLANMAT_DUET_RR,Duet RR,#BDBPLANMAT_DUET_RR-Duet RR,BDB-#BDBPLANMAT_DUET_RR, $-   ,6,Classified by ML model,pyxis
39322,BLS,DS,Diagnostic Solutions,DS,Diagnostic Solutions,2111006,Informatics,PH211100621000,Informatics,PH211100436600,Epicenter,PH211100441290,Epicenter Hardware,PH211100451521,Epicenter Hardware,257334,STARTER GROUP EPICENTER CLIENT EUROPE,257334-STARTER GROUP EPICENTER CLIENT EUROPE,DS-257334, $-   ,6,Classified by ML model,pyxis
39338,BLS,BDB,Biosciences,BDB,Biosciences,2200200,Clinical Instruments,PH220020023350,FACSLyric,PH220020036350,FACSLyric Instrument,PH220020041135,FACSLyric Instrument,PH220020051348,FACSLyric RUO Instrument - 12 Color,666882,FACSLyric 3L12C CN-IVD,666882-FACSLyric 3L12C CN-IVD,BDB-666882,"$687,463 ",5,Classified by ML model,pyxis
39339,BLS,DS,Diagnostic Solutions,DS,Diagnostic Solutions,2111004,Microbiology,PH211100421550,ID/AST,PH211100435900,BioTyper Instr - Sale,PH211100441247,BioTyper Sales,PH211100451429,LT MALDI-TOF Sales,1845471,IR Biotyper,1845471-IR Biotyper,DS-1845471,"$454,611 ",5,Matched by Material ID,pyxis
39345,BDI,UCC,Urology and Critical Care,UCC,Urology and Critical Care,2401511,Targeted Temperature Management,PH240151121000,Arctic Sun,PH240151131000,Arctic Sun-Hardware,PH240151141000,Arctic Sun-Hardware,PH240151151000,Arctic Sun-Hardware,50000000,ARCTIC SUN 5000,50000000-ARCTIC SUN 5000,UCC-50000000,"$213,293 ",5,Matched by Material ID,pyxis
39346,BLS,BDB,Biosciences,BDB,Biosciences,2200700,Research Instruments,PH220070022200,FACSMelody,PH220070033000,FACSMelody Options,PH220070041048,FACSMelody Options,PH220070051192,FACSMelody Other Options and Upgrades,662471,FACSMelody Violet Laser Upgrade 3V,662471-FACSMelody Violet Laser Upgrade 3V,BDB-662471,"$167,124 ",5,Matched by Material ID,pyxis
39348,BLS,BDB,Biosciences,BDB,Biosciences,2200700,Research Instruments,PH220070022050,FACSAria,PH220070032650,FACSAria Options,PH220070041041,FACSAria Options,PH220070051185,FACSAria Other Options and Upgrades,649580,Kit 561nm Laser Upgrade Aria III,649580-Kit 561nm Laser Upgrade Aria III,BDB-649580,"$109,964 ",5,Matched by Material ID,pyxis
39350,BLS,DS,Diagnostic Solutions,DS,Diagnostic Solutions,2118000,Cancer,PH211800021000,Cytology,PH211800031950,PrepStain Instr - Sale,PH211800041007,PrepStain Instr Sales,PH211800051012,PrepStain Inst Sales,PREPIHC PROCESSOR,PrepIHC,PREPIHC PROCESSOR-PrepIHC,DS-PREPIHC PROCESSOR,"$92,094 ",5,Matched by Material ID,pyxis
39361,BLS,DS,Diagnostic Solutions,DS,Diagnostic Solutions,2111004,Microbiology,PH211100421000,Microbiology - PC Adjustment,PH211100437650,Microbiology - PC Adjustment,PH211100441379,Microbiology - PC Adjustment,PH211100451675,Microbiology - PC Adjustment,430173,KIESTRA TLA 3.0 MM Inst CO,430173-KIESTRA TLA 3.0 MM Inst CO,DS-430173,"$19,641 ",5,Matched by Material ID,pyxis
39373,BLS,DS,Diagnostic Solutions,DS,Diagnostic Solutions,2111006,Informatics,PH211100621000,Informatics,PH211100436600,Epicenter,PH211100441290,Epicenter Hardware,PH211100451521,Epicenter Hardware,4471093,FIXED ASSET-EPICENTER WORKSTATION,4471093-FIXED ASSET-EPICENTER WORKSTATION,DS-4471093,"$10,011 ",5,Matched by Material ID,pyxis
39374,BLS,BDB,Biosciences,BDB,Biosciences,2200700,Research Instruments,PH220070022150,FACSJazz,PH220070032900,FACSJazz Options,PH220070041046,FACSJazz Options,PH220070051190,FACSJazz Other Options and Upgrades,656864,FACSJazz Instrument Table,656864-FACSJazz Instrument Table,BDB-656864,"$9,006 ",5,Matched by Material ID,pyxis
39377,BDI,UCC,Urology and Critical Care,UCC,Urology and Critical Care,2401511,Targeted Temperature Management,PH240151121000,Arctic Sun,PH240151131000,Arctic Sun-Hardware,PH240151141026,Arctic Sun-Hrdware Repl Parts,PH240151151001,Arctic Sun-Hrdware Repl Parts,40308700,MAIN VOLTAGE CIRCUIT CARD,40308700-MAIN VOLTAGE CIRCUIT CARD,UCC-40308700,"$7,357 ",5,Matched by Material ID,pyxis
39379,BLS,BDB,Biosciences,BDB,Biosciences,2200200,Clinical Instruments,PH220055021002,Cytognos Software,PH220055031006,Cytognos Infinicyt,PH220055041022,Cytognos Infinicyt,PH220055051035,Cytognos Licenses,CYT-INF-SWD,Infinicyt without Dongle+5DB,CYT-INF-SWD-Infinicyt without Dongle+5DB,BDB-CYT-INF-SWD,"$6,931 ",5,Classified by ML model,pyxis
40113,BDI,UCC,Urology and Critical Care,UCC,Urology and Critical Care,2401511,Targeted Temperature Management,PH240151121000,Arctic Sun,PH240151131000,Arctic Sun-Hardware,PH240151141026,Arctic Sun-Hrdware Repl Parts,PH240151151001,Arctic Sun-Hrdware Repl Parts,40307401,SPARE PART HEATER ASSY AS5000,40307401-SPARE PART HEATER ASSY AS5000,UCC-40307401,"$1,463 ",5,Matched by Material ID,pyxis
40129,BLS,DS,Diagnostic Solutions,DS,Diagnostic Solutions,2111460,Lab Automation,PH211146021000,Lab Automation - PC Adjustment,PH211146032150,Lab Automation - PC Adjustment,PH211146041039,Lab Automation - PC Adjustment,PH211146051068,Lab Automation - PC Adjustment,496150,"RACK TYPE 17: 32MM, 14 TUBES","496150-RACK TYPE 17: 32MM, 14 TUBES",DS-496150,"$1,432 ",5,Classified by ML model,pyxis
40471,BLS,DS,Diagnostic Solutions,DS,Diagnostic Solutions,2111006,Informatics,PH211100621000,Informatics,PH211100436600,Epicenter,PH211100441290,Epicenter Hardware,PH211100451521,Epicenter Hardware,443675,Printer Laser Mono Parallel Packaged,443675-Printer Laser Mono Parallel Packaged,DS-443675,$839 ,5,Matched by Material ID,pyxis
40736,BDI,PI,Peripheral Intervention,PI,Peripheral Intervention,2401110,Oncology,PH240111021005,Vacuum Assisted,PH240111031015,Encor Capital,PH240111041057,Encor Enspire Capital,PH240111051072,Encor Enspire Capital,E4230GEU,ENCOR ENSPIRE FOR GE UPRIGHT,E4230GEU-ENCOR ENSPIRE FOR GE UPRIGHT,PI-E4230GEU, $-   ,5,Matched by Material ID,pyxis
40740,BLS,DS,Diagnostic Solutions,DS,Diagnostic Solutions,2111460,Lab Automation,PH211146021000,Lab Automation - PC Adjustment,PH211146032150,Lab Automation - PC Adjustment,PH211146041039,Lab Automation - PC Adjustment,PH211146051068,Lab Automation - PC Adjustment,496122,Upgrade Kit Schmersal ReadA,496122-Upgrade Kit Schmersal ReadA,DS-496122, $-   ,5,Classified by ML model,pyxis
40777,BLS,BDB,Biosciences,BDB,Biosciences,2200700,Research Instruments,PH220070021950,Accuri,PH220070032300,Accuri Instrument RR,PH220070041015,Accuri Instrument RR,PH220070051146,Accuri Instrument RR,#BDBPLANMAT_ACCURI_RR,Accuri RR Plcmt,#BDBPLANMAT_ACCURI_RR-Accuri RR Plcmt,BDB-#BDBPLANMAT_ACCURI_RR, $-   ,5,Matched by Material ID,pyxis
40812,BLS,BDB,Biosciences,BDB,Biosciences,2200700,Research Instruments,PH220070022050,FACSAria,PH220070032600,FACSAria Instrument,PH220070041040,FACSAria Instrument,PH220070051182,FACSAria III Instrument,648282C1,ARIA III ACDU 3B/3R/3V/5YG,648282C1-ARIA III ACDU 3B/3R/3V/5YG,BDB-648282C1,"$1,748,145 ",4,Matched by Material ID,pyxis
40813,BLS,BDB,Biosciences,BDB,Biosciences,2200700,Research Instruments,PH220070022050,FACSAria,PH220070032550,FACSAria Fusion Instrument,PH220070041039,FACSAria Fusion Instrument,PH220070051178,FACSAria Fusion Instrument,656700G5,Fusion 3B/3R/6V/5YG ACDU w/Hood,656700G5-Fusion 3B/3R/6V/5YG ACDU w/Hood,BDB-656700G5,"$1,593,454 ",4,Matched by Material ID,pyxis
40814,BLS,BDB,Biosciences,BDB,Biosciences,2200700,Research Instruments,PH220070022200,FACSMelody,PH220070032950,FACSMelody Instrument,PH220070041047,FACSMelody Instrument,PH220070051191,FACSMelody Instrument,664337,BD FACSMelody BRYG 8-Color Plate 4way,664337-BD FACSMelody BRYG 8-Color Plate 4way,BDB-664337,"$751,315 ",4,Matched by Material ID,pyxis
40815,BLS,BDB,Biosciences,BDB,Biosciences,2200700,Research Instruments,PH220070022200,FACSMelody,PH220070032950,FACSMelody Instrument,PH220070041047,FACSMelody Instrument,PH220070051191,FACSMelody Instrument,653870,BD FACSMelody BR 4way,653870-BD FACSMelody BR 4way,BDB-653870,"$533,719 ",4,Matched by Material ID,pyxis
40816,BLS,DS,Diagnostic Solutions,DS,Diagnostic Solutions,2111004,Microbiology,PH211100421550,ID/AST,PH211100435900,BioTyper Instr - Sale,PH211100441247,BioTyper Sales,PH211100451429,LT MALDI-TOF Sales,1890111,MALDI Biotyper sirius IVD System,1890111-MALDI Biotyper sirius IVD System,DS-1890111,"$431,715 ",4,Matched by Material ID,pyxis
40817,BLS,BDB,Biosciences,BDB,Biosciences,2200700,Research Instruments,PH220070022550,FACSDiscover S8,PH220070034350,FACSDiscover S8 Options,PH220070041079,FACSDiscover S8 Options,PH220070051234,FACSDiscover S8 Options,665775,FACSDiscover Bio-Safety Cabinet JP,665775-FACSDiscover Bio-Safety Cabinet JP,BDB-665775,"$294,891 ",4,Matched by Material ID,pyxis
40820,BDI,PI,Peripheral Intervention,PI,Peripheral Intervention,2401110,Oncology,PH240111021007,Other Biopsy,PH240111031045,CoreLite Capital,PH240111041106,CoreLite Capital,PH240111051121,CoreLite Capital,A4112UK2,CORELITE CAPITAL2- UK,A4112UK2-CORELITE CAPITAL2- UK,PI-A4112UK2,"$164,667 ",4,Classified by ML model,pyxis
40822,BLS,DS,Diagnostic Solutions,DS,Diagnostic Solutions,2111001,Molecular Diagnostics,PH211100121200,BD MAX,PH211100132500,MAX Instr - Sale,PH211100141091,MAX 6Color Inst Sale,PH211100151163,MAX 6Color Inst Sale,44191609,BDMAX 6C RECONDITIONED,44191609-BDMAX 6C RECONDITIONED,DS-44191609,"$96,887 ",4,Matched by Material ID,pyxis
40825,BDI,PI,Peripheral Intervention,PI,Peripheral Intervention,2401110,Oncology,PH240111021005,Vacuum Assisted,PH240111031015,Encor Capital,PH240111041057,Encor Enspire Capital,PH240111051072,Encor Enspire Capital,E-4115,Encor Enspire Systm 115V,E-4115-Encor Enspire Systm 115V,PI-E-4115,"$42,495 ",4,Matched by Material ID,pyxis
40826,BLS,BDB,Biosciences,BDB,Biosciences,2200700,Research Instruments,PH220070022050,FACSAria,PH220070032650,FACSAria Options,PH220070041041,FACSAria Options,PH220070051185,FACSAria Other Options and Upgrades,643753,Aria II Temperature Control Option 100V,643753-Aria II Temperature Control Option 100V,BDB-643753,"$39,568 ",4,Matched by Material ID,pyxis
40827,BLS,BDB,Biosciences,BDB,Biosciences,2200200,Clinical Instruments,PH220020023350,FACSLyric,PH220020036550,FACSLyric Options,PH220020041139,FACSLyric Options,PH220020051354,FACSLyric Other Options and Upgrades,660448,Kit Upgrade FACSLyric 3L8C to 3L10C,660448-Kit Upgrade FACSLyric 3L8C to 3L10C,BDB-660448,"$35,476 ",4,Matched by Material ID,pyxis
40831,BLS,BDB,Biosciences,BDB,Biosciences,2200100,Single Cell Multiomics,PH220080022800,SCM Reagents,PH220010031500,BD Immune Repertoire Profiling Reagents (BD VDJ),PH220010041018,TCR/BCR,PH220010051018,TCR/BCR,667399,Rhapsody TCRBCR Next Assay Targeted 8Pk,667399-Rhapsody TCRBCR Next Assay Targeted 8Pk,BDB-667399,"$25,990 ",4,Matched by Material ID,pyxis
40841,BLS,DS,Diagnostic Solutions,DS,Diagnostic Solutions,2118000,Cancer,PH211800021000,Cytology,PH211800031150,All Other Instruments,PH211800041014,PrepStain Plus Accessories,PH211800051026,Spares- PS Plus,444529,SP REPLACEMENT TOUCHSCREEN SPARE,444529-SP REPLACEMENT TOUCHSCREEN SPARE,DS-444529,"$11,112 ",4,Classified by ML model,pyxis
40844,BLS,BDB,Biosciences,BDB,Biosciences,2200700,Research Instruments,PH220070022050,FACSAria,PH220070032650,FACSAria Options,PH220070041041,FACSAria Options,PH220070051185,FACSAria Other Options and Upgrades,656422,UPGRADE KIT BUBBLE DETECTOR ARIA,656422-UPGRADE KIT BUBBLE DETECTOR ARIA,BDB-656422,"$10,795 ",4,Matched by Material ID,pyxis
40860,BLS,BDB,Biosciences,BDB,Biosciences,2200200,Clinical Instruments,PH220020023200,FACSCanto,PH220020035950,FACSCanto Options,PH220020041126,FACSCanto Options,PH220020051329,FACSCanto Other Options and Upgrades,642529,FACS Instr Table,642529-FACS Instr Table,BDB-642529,"$5,780 ",4,Matched by Material ID,pyxis
40867,BDI,UCC,Urology and Critical Care,UCC,Urology and Critical Care,2401511,Targeted Temperature Management,PH240151121000,Arctic Sun,PH240151131000,Arctic Sun-Hardware,PH240151141026,Arctic Sun-Hrdware Repl Parts,PH240151151001,Arctic Sun-Hrdware Repl Parts,40410400,ARCTIC SUN 6000 PACKAGING KIT,40410400-ARCTIC SUN 6000 PACKAGING KIT,UCC-40410400,"$4,708 ",4,Matched by Material ID,pyxis
40881,BDI,UCC,Urology and Critical Care,UCC,Urology and Critical Care,2401511,Targeted Temperature Management,PH240151121000,Arctic Sun,PH240151131000,Arctic Sun-Hardware,PH240151141026,Arctic Sun-Hrdware Repl Parts,PH240151151001,Arctic Sun-Hrdware Repl Parts,403079-00,ARCTIC SUN MANIFOLD HARNESS,403079-00-ARCTIC SUN MANIFOLD HARNESS,UCC-403079-00,"$3,240 ",4,Matched by Material ID,pyxis
42383,BDI,UCC,Urology and Critical Care,UCC,Urology and Critical Care,2401511,Targeted Temperature Management,PH240151121000,Arctic Sun,PH240151131000,Arctic Sun-Hardware,PH240151141026,Arctic Sun-Hrdware Repl Parts,PH240151151001,Arctic Sun-Hrdware Repl Parts,402341-01,ARCTIC SUN CASTER WITHOUT BRAKE,402341-01-ARCTIC SUN CASTER WITHOUT BRAKE,UCC-402341-01,$188 ,4,Matched by Material ID,pyxis
42448,BLS,BDB,Biosciences,BDB,Biosciences,2200700,Research Instruments,PH220070022100,FACSCelesta,PH220070032800,FACSCelesta Options,PH220070041044,FACSCelesta Options,PH220070051188,FACSCelesta Other Options and Upgrades,655753,FILTER OPTICAL 690LP SQUARE SORP,655753-FILTER OPTICAL 690LP SQUARE SORP,BDB-655753, $-   ,4,Matched by Material ID,pyxis
42449,BLS,BDB,Biosciences,BDB,Biosciences,2200700,Research Instruments,PH220070022100,FACSCelesta,PH220070036050,FACSCelesta HTS RR,PH220070041120,FACSCelesta HTS RR,PH220070051283,FACSCelesta HTS RR,DUMMYSKU091_BDB,DUMMY SKU - FACSCelesta HTS RR Plcmt,DUMMYSKU091_BDB-DUMMY SKU - FACSCelesta HTS RR Plcmt,BDB-DUMMYSKU091_BDB, $-   ,4,Classified by ML model,pyxis
42468,BLS,DS,Diagnostic Solutions,DS,Diagnostic Solutions,2118000,Cancer,PH211800021000,Cytology,PH211800031150,All Other Instruments,PH211800041008,PrepStain Instr Accessories,PH211800051014,Spares-PrepStainInst,490122,Tube Holder Cntrfg 12 Place Jouan 4 Ea,490122-Tube Holder Cntrfg 12 Place Jouan 4 Ea,DS-490122, $-   ,4,Classified by ML model,pyxis
42469,BLS,DS,Diagnostic Solutions,DS,Diagnostic Solutions,2118000,Cancer,PH211800021000,Cytology,PH211800031150,All Other Instruments,PH211800041009,FocalPoint Instrument Accessories,PH211800051016,Spares - FocalPoint,491131,KIT PRINTER 220/240V,491131-KIT PRINTER 220/240V,DS-491131, $-   ,4,Classified by ML model,pyxis
42470,BLS,DS,Diagnostic Solutions,DS,Diagnostic Solutions,2118000,Cancer,PH211800021000,Cytology,PH211800031150,All Other Instruments,PH211800041014,PrepStain Plus Accessories,PH211800051026,Spares- PS Plus,491292,KIT TOTALYS SLIDE PREP INSTALLATION,491292-KIT TOTALYS SLIDE PREP INSTALLATION,DS-491292, $-   ,4,Classified by ML model,pyxis
42490,BLS,BDB,Biosciences,BDB,Biosciences,2200700,Research Instruments,PH220070022050,FACSAria,PH220070032550,FACSAria Fusion Instrument,PH220070041039,FACSAria Fusion Instrument,PH220070051178,FACSAria Fusion Instrument,656700J4,Fusion 6B/3R/6V/3UV ACDU,656700J4-Fusion 6B/3R/6V/3UV ACDU,BDB-656700J4,"$920,819 ",3,Matched by Material ID,pyxis
42494,BLS,BDB,Biosciences,BDB,Biosciences,2200700,Research Instruments,PH220070022300,FACSymphony Analyzers,PH220070033150,FACSymphony A3 Sorp Instrument,PH220070041052,FACSymphony A3 Sorp Instrument,PH220070051197,FACSymphony A3 Sorp Instrument,660937,FACSymphony A3 Special Order System,660937-FACSymphony A3 Special Order System,BDB-660937,"$899,892 ",3,Matched by Material ID,pyxis
42495,BLS,BDB,Biosciences,BDB,Biosciences,2200700,Research Instruments,PH220070022050,FACSAria,PH220070032600,FACSAria Instrument,PH220070041040,FACSAria Instrument,PH220070051182,FACSAria III Instrument,648282B1,ARIA III ACDU 3B/3R/5YG,648282B1-ARIA III ACDU 3B/3R/5YG,BDB-648282B1,"$801,246 ",3,Matched by Material ID,pyxis
42496,BLS,BDB,Biosciences,BDB,Biosciences,2200700,Research Instruments,PH220070022500,LSR/Fortessa,PH220070033950,LSR/Fortessa X-20,PH220070041069,LSR/Fortessa X-20,PH220070051218,LSRFortessa X20 Instrument,658226R1,LSRFortessa X-20 SO 2B/3R/6V/5YG/2UV,658226R1-LSRFortessa X-20 SO 2B/3R/6V/5YG/2UV,BDB-658226R1,"$732,169 ",3,Matched by Material ID,pyxis
42497,BLS,BDB,Biosciences,BDB,Biosciences,2200700,Research Instruments,PH220070022050,FACSAria,PH220070032600,FACSAria Instrument,PH220070041040,FACSAria Instrument,PH220070051182,FACSAria III Instrument,64828203,ARIA III 6B/2R/2V BASIC,64828203-ARIA III 6B/2R/2V BASIC,BDB-64828203,"$692,100 ",3,Matched by Material ID,pyxis
42498,BLS,BDB,Biosciences,BDB,Biosciences,2200700,Research Instruments,PH220070022200,FACSMelody,PH220070032950,FACSMelody Instrument,PH220070041047,FACSMelody Instrument,PH220070051191,FACSMelody Instrument,664342,BD FACSMelody BVYG 8-Color Plate EU 4way,664342-BD FACSMelody BVYG 8-Color Plate EU 4way,BDB-664342,"$636,830 ",3,Matched by Material ID,pyxis
42500,BLS,BDB,Biosciences,BDB,Biosciences,2200700,Research Instruments,PH220070022500,LSR/Fortessa,PH220070033800,LSR/Fortessa,PH220070041066,LSR/Fortessa,PH220070051214,LSRFortessa Instrument,649225B5,LSRFORTESSA 5B/3R/6V 3 LASER,649225B5-LSRFORTESSA 5B/3R/6V 3 LASER,BDB-649225B5,"$481,232 ",3,Matched by Material ID,pyxis
42501,BLS,BDB,Biosciences,BDB,Biosciences,2200700,Research Instruments,PH220070022200,FACSMelody,PH220070032950,FACSMelody Instrument,PH220070041047,FACSMelody Instrument,PH220070051191,FACSMelody Instrument,653869,BD FACSMelody Blue 4-Color 4way,653869-BD FACSMelody Blue 4-Color 4way,BDB-653869,"$469,089 ",3,Matched by Material ID,pyxis
42502,BLS,BDB,Biosciences,BDB,Biosciences,2200700,Research Instruments,PH220070022050,FACSAria,PH220070032650,FACSAria Options,PH220070041041,FACSAria Options,PH220070051185,FACSAria Other Options and Upgrades,340577,BD FACSAria Special Order Laser Option,340577-BD FACSAria Special Order Laser Option,BDB-340577,"$276,394 ",3,Matched by Material ID,pyxis
42503,BLS,BDB,Biosciences,BDB,Biosciences,2200700,Research Instruments,PH220070022050,FACSAria,PH220070032650,FACSAria Options,PH220070041041,FACSAria Options,PH220070051185,FACSAria Other Options and Upgrades,662075,FACSAria Fusion SO Laser Option,662075-FACSAria Fusion SO Laser Option,BDB-662075,"$226,213 ",3,Matched by Material ID,pyxis
42505,BLS,BDB,Biosciences,BDB,Biosciences,2200100,Single Cell Multiomics,PH220010021150,SCM Instruments,PH220010031800,Rhapsody ALP,PH220010041030,Rhapsody ALP,PH220010051032,Rhapsody ALP,633CSA,PHS Multifunctional Workstation System,633CSA-PHS Multifunctional Workstation System,BDB-633CSA,"$131,595 ",3,Matched by Material ID,pyxis
42509,BDI,PI,Peripheral Intervention,PI,Peripheral Intervention,2401110,Oncology,PH240111021005,Vacuum Assisted,PH240111031015,Encor Capital,PH240111041057,Encor Enspire Capital,PH240111051072,Encor Enspire Capital,E4115MR,ENCOR ENSPIRE FOR MRI,E4115MR-ENCOR ENSPIRE FOR MRI,PI-E4115MR,"$72,275 ",3,Matched by Material ID,pyxis
42512,BLS,BDB,Biosciences,BDB,Biosciences,2200200,Clinical Instruments,PH220020023750,Other Instrument Revenue (Clinical),PH220020037400,Other Instrument Revenue (Clinical),PH220020041169,Other Instrument Revenue (Clinical),PH220020051406,Reag Rent Inst Alloc (Clinical),668108,FACSLyric Lease,668108-FACSLyric Lease,BDB-668108,"$30,989 ",3,Classified by ML model,pyxis
42533,BLS,DS,Diagnostic Solutions,DS,Diagnostic Solutions,2111006,Informatics,PH211100621000,Informatics,PH211100436600,Epicenter,PH211100441290,Epicenter Hardware,PH211100451521,Epicenter Hardware,444162,NUC 3 OS IMG IOT10/RSS 2.X,444162-NUC 3 OS IMG IOT10/RSS 2.X,DS-444162,"$7,831 ",3,Matched by Material ID,pyxis
42535,BDI,UCC,Urology and Critical Care,UCC,Urology and Critical Care,2401511,Targeted Temperature Management,PH240151121000,Arctic Sun,PH240151131000,Arctic Sun-Hardware,PH240151141026,Arctic Sun-Hrdware Repl Parts,PH240151151001,Arctic Sun-Hrdware Repl Parts,40412200,SparePartAS6000ConnectPanel,40412200-SparePartAS6000ConnectPanel,UCC-40412200,"$6,970 ",3,Matched by Material ID,pyxis
42541,BDI,UCC,Urology and Critical Care,UCC,Urology and Critical Care,2401511,Targeted Temperature Management,PH240151121000,Arctic Sun,PH240151131000,Arctic Sun-Hardware,PH240151141026,Arctic Sun-Hrdware Repl Parts,PH240151151001,Arctic Sun-Hrdware Repl Parts,40308100,SPARE PART CHILLER PUMP AS500,40308100-SPARE PART CHILLER PUMP AS500,UCC-40308100,"$5,648 ",3,Matched by Material ID,pyxis
42552,BDI,UCC,Urology and Critical Care,UCC,Urology and Critical Care,2401511,Targeted Temperature Management,PH240151121000,Arctic Sun,PH240151131000,Arctic Sun-Hardware,PH240151141026,Arctic Sun-Hrdware Repl Parts,PH240151151001,Arctic Sun-Hrdware Repl Parts,403081-01,"ARCTIC SUN CHILLER PUMP, 200 TO 230V","403081-01-ARCTIC SUN CHILLER PUMP, 200 TO 230V",UCC-403081-01,"$4,364 ",3,Matched by Material ID,pyxis
42554,BDI,UCC,Urology and Critical Care,UCC,Urology and Critical Care,2401511,Targeted Temperature Management,PH240151121000,Arctic Sun,PH240151131000,Arctic Sun-Hardware,PH240151141026,Arctic Sun-Hrdware Repl Parts,PH240151151001,Arctic Sun-Hrdware Repl Parts,403086-00,ARCTIC SUN SPARE ISOL CIRC CRD M5000,403086-00-ARCTIC SUN SPARE ISOL CIRC CRD M5000,UCC-403086-00,"$4,050 ",3,Matched by Material ID,pyxis
42569,BLS,BDB,Biosciences,BDB,Biosciences,2200700,Research Instruments,PH220070022050,FACSAria,PH220070032650,FACSAria Options,PH220070041041,FACSAria Options,PH220070051185,FACSAria Other Options and Upgrades,644012,Table FACSAria II - Europe,644012-Table FACSAria II - Europe,BDB-644012,"$2,925 ",3,Classified by ML model,pyxis
42595,BDI,PI,Peripheral Intervention,PI,Peripheral Intervention,2401110,Oncology,PH240111021005,Vacuum Assisted,PH240111031015,Encor Capital,PH240111041057,Encor Enspire Capital,PH240111051072,Encor Enspire Capital,ENCFFF,ENCOR FIREFORWARD CLAMP SIEMEN,ENCFFF-ENCOR FIREFORWARD CLAMP SIEMEN,PI-ENCFFF,"$1,989 ",3,Matched by Material ID,pyxis
42602,BDI,UCC,Urology and Critical Care,UCC,Urology and Critical Care,2401511,Targeted Temperature Management,PH240151121000,Arctic Sun,PH240151131000,Arctic Sun-Hardware,PH240151141026,Arctic Sun-Hrdware Repl Parts,PH240151151001,Arctic Sun-Hrdware Repl Parts,403083-00,ARCTIC SUN INPUT/OUTPUT CIRCUIT CARD,403083-00-ARCTIC SUN INPUT/OUTPUT CIRCUIT CARD,UCC-403083-00,"$1,924 ",3,Matched by Material ID,pyxis
43023,BDI,UCC,Urology and Critical Care,UCC,Urology and Critical Care,2401511,Targeted Temperature Management,PH240151121000,Arctic Sun,PH240151131000,Arctic Sun-Hardware,PH240151141026,Arctic Sun-Hrdware Repl Parts,PH240151151001,Arctic Sun-Hrdware Repl Parts,40414300,SPARE PART AS6000 POWER INLET,40414300-SPARE PART AS6000 POWER INLET,UCC-40414300,"$1,166 ",3,Matched by Material ID,pyxis
44013,BDI,UCC,Urology and Critical Care,UCC,Urology and Critical Care,2401511,Targeted Temperature Management,PH240151121000,Arctic Sun,PH240151131000,Arctic Sun-Hardware,PH240151141026,Arctic Sun-Hrdware Repl Parts,PH240151151001,Arctic Sun-Hrdware Repl Parts,403075-00,ARCTIC SUN FLOWMETER,403075-00-ARCTIC SUN FLOWMETER,UCC-403075-00,$613 ,3,Matched by Material ID,pyxis
44164,BLS,DS,Diagnostic Solutions,DS,Diagnostic Solutions,2111004,Microbiology,PH211100421000,Microbiology - PC Adjustment,PH211100437650,Microbiology - PC Adjustment,PH211100441379,Microbiology - PC Adjustment,PH211100451675,Microbiology - PC Adjustment,KS-QXJ,CLEANING FLUID,KS-QXJ-CLEANING FLUID,DS-KS-QXJ,$481 ,3,Classified by ML model,pyxis
44334,BLS,DS,Diagnostic Solutions,DS,Diagnostic Solutions,2118000,Cancer,PH211800021000,Cytology,PH211800031150,All Other Instruments,PH211800041015,FEA- Accessories,PH211800051027,FEA-Accessories,444848,WASH BOTTLE ASSEMBLY MP SPARE,444848-WASH BOTTLE ASSEMBLY MP SPARE,DS-444848,$326 ,3,Classified by ML model,pyxis
44439,BLS,DS,Diagnostic Solutions,DS,Diagnostic Solutions,2111006,Informatics,PH211100621000,Informatics,PH211100436600,Epicenter,PH211100441290,Epicenter Hardware,PH211100451521,Epicenter Hardware,4471094,EPICENTER KEYBOARD ASSETS NP,4471094-EPICENTER KEYBOARD ASSETS NP,DS-4471094,$112 ,3,Matched by Material ID,pyxis
44472,BLS,DS,Diagnostic Solutions,DS,Diagnostic Solutions,2111006,Informatics,PH211100621000,Informatics,PH211100436600,Epicenter,PH211100441290,Epicenter Hardware,PH211100451521,Epicenter Hardware,4471101,FIXED ASSET-EPICENTER MOUSE,4471101-FIXED ASSET-EPICENTER MOUSE,DS-4471101,$58 ,3,Matched by Material ID,pyxis
44492,BDI,PI,Peripheral Intervention,PI,Peripheral Intervention,2401137,Peripheral Vascular Disease,PH240112121006,Venous,PH240113731040,Venclose Captial,PH240113741094,Venclose Capital,PH240113751094,Venclose Capital,VCRFG1,VENCLOSE RF GENERATOR,VCRFG1-VENCLOSE RF GENERATOR,PI-VCRFG1, $-   ,3,Matched by Material ID,pyxis
44502,BDM,MMS,Medication Management Solutions (MMS),MMS,Infusion Systems,2306004,CME,PH230600421007,POC Systems,PH230600431046,DO NOT USE - CME T34 Series -Placement,PH230600441135,Drug Infusion - Placement,PH230600451186,CME T34 series - Placement,DUMMYSKU013_MMS,Dummy SKU - CME T34 Series -Placement,DUMMYSKU013_MMS-Dummy SKU - CME T34 Series -Placement,MMS-DUMMYSKU013_MMS, $-   ,3,Classified by ML model,pyxis
44503,BLS,BDB,Biosciences,BDB,Biosciences,2200200,Clinical Instruments,PH220020023200,FACSCanto,PH220020035950,FACSCanto Options,PH220020041126,FACSCanto Options,PH220020051329,FACSCanto Other Options and Upgrades,657986,Assembly Sce Module for Canto II,657986-Assembly Sce Module for Canto II,BDB-657986, $-   ,3,Matched by Material ID,pyxis
44512,BLS,BDB,Biosciences,BDB,Biosciences,2200700,Research Instruments,PH220070022200,FACSMelody,PH220070033000,FACSMelody Options,PH220070041048,FACSMelody Options,PH220070051192,FACSMelody Other Options and Upgrades,664296,BD FACSMelody 4-way Upgrade Kit TC,664296-BD FACSMelody 4-way Upgrade Kit TC,BDB-664296, $-   ,3,Matched by Material ID,pyxis
44514,BLS,BDB,Biosciences,BDB,Biosciences,2200700,Research Instruments,PH220070022500,LSR/Fortessa,PH220070033900,LSR/Fortessa Options,PH220070041068,LSR/Fortessa Options,PH220070051217,LSR/Fortessa Other Options and Upgrades,658326S0,LSRFortessa X-20 SO 6VDET UPGD BV,658326S0-LSRFortessa X-20 SO 6VDET UPGD BV,BDB-658326S0, $-   ,3,Classified by ML model,pyxis
44515,BLS,BDB,Biosciences,BDB,Biosciences,2200700,Research Instruments,PH220070022550,FACSDiscover S8,PH220070035700,FACSDiscover S8 Instrument RR,PH220070041112,FACSDiscover S8 Instrument RR,PH220070051273,FACSDiscover S8 Instrument RR,#BDBPLANMAT_MOSAICSORTER_RR,Mosaic Instrument - Sorter RR,#BDBPLANMAT_MOSAICSORTER_RR-Mosaic Instrument - Sorter RR,BDB-#BDBPLANMAT_MOSAICSORTER_RR, $-   ,3,Matched by Material ID,pyxis
44525,BLS,DS,Diagnostic Solutions,DS,Diagnostic Solutions,2111006,Informatics,PH211100621000,Informatics,PH211100436600,Epicenter,PH211100441290,Epicenter Hardware,PH211100451521,Epicenter Hardware,441407,Printer Laser With Cable,441407-Printer Laser With Cable,DS-441407, $-   ,3,Classified by ML model,pyxis
44539,BLS,BDB,Biosciences,BDB,Biosciences,2200800,Research Reagents,PH220080022650,Custom Research Reagents,PH220080036000,Cobalt - Customs,PH220080041053,Cobalt - Customs,PH220080051186,Customs (Core Cobalt),627950,Custom RB705 Conjugate 0.5-0.9MG,627950-Custom RB705 Conjugate 0.5-0.9MG,BDB-627950,"$21,175 ",3,Matched by Material ID,pyxis
44547,BLS,DS,Diagnostic Solutions,DS,Diagnostic Solutions,2111004,Microbiology,PH211100421550,ID/AST,PH211100436300,BioTyper Instr - Plcmt,PH211100441284,BioTyper Placements,PH211100451512,LT MALDI-TOF Placeme,430208,LEASE - ALQMALDI,430208-LEASE - ALQMALDI,DS-430208,"$596,139 ",2,Matched by Material ID,pyxis
44556,BLS,DS,Diagnostic Solutions,DS,Diagnostic Solutions,2111004,Microbiology,PH211100421550,ID/AST,PH211100435900,BioTyper Instr - Sale,PH211100441247,BioTyper Sales,PH211100451429,LT MALDI-TOF Sales,1890113,BD BRUKER MALDI BIOTYPER SIRIUS IVD,1890113-BD BRUKER MALDI BIOTYPER SIRIUS IVD,DS-1890113,"$271,112 ",2,Matched by Material ID,pyxis
44560,BLS,SM,Specimen Management,SM,Specimen Management,2109003,Specimen Management Other,PH210900321400,Specimen Management Other,PH210900333300,Specimen Management Other,PH210900341162,All Other PAS,PH210900351175,All Other PAS,400026581,SORTPRO 8 BULK SORTER,400026581-SORTPRO 8 BULK SORTER,SM-400026581,"$110,085 ",2,Matched by Material ID,pyxis
44564,BLS,BDB,Biosciences,BDB,Biosciences,2200700,Research Instruments,PH220070022300,FACSymphony Analyzers,PH220070033150,FACSymphony A3 Sorp Instrument,PH220070041052,FACSymphony A3 Sorp Instrument,PH220070051197,FACSymphony A3 Sorp Instrument,660937K1,Symphony A3 5B103R148V205YG107UV60 SO,660937K1-Symphony A3 5B103R148V205YG107UV60 SO,BDB-660937K1,"$805,842 ",2,Matched by Material ID,pyxis
44565,BLS,BDB,Biosciences,BDB,Biosciences,2200700,Research Instruments,PH220070022050,FACSAria,PH220070032550,FACSAria Fusion Instrument,PH220070041039,FACSAria Fusion Instrument,PH220070051179,FACSAria Fusion SORP Instrument,658282W5,FusionSO2B100/3R140/6V100/3UV60/4YG100PC,658282W5-FusionSO2B100/3R140/6V100/3UV60/4YG100PC,BDB-658282W5,"$732,281 ",2,Classified by ML model,pyxis
44566,BLS,BDB,Biosciences,BDB,Biosciences,2200700,Research Instruments,PH220070022500,LSR/Fortessa,PH220070033950,LSR/Fortessa X-20,PH220070041069,LSR/Fortessa X-20,PH220070051218,LSRFortessa X20 Instrument,656385T5,Fort X20 2B603R406V504YG503UV15 HPPMT CC,656385T5-Fort X20 2B603R406V504YG503UV15 HPPMT CC,BDB-656385T5,"$607,483 ",2,Matched by Material ID,pyxis
44567,BLS,BDB,Biosciences,BDB,Biosciences,2200700,Research Instruments,PH220070022500,LSR/Fortessa,PH220070033800,LSR/Fortessa,PH220070041066,LSR/Fortessa,PH220070051215,LSRFortessa SORP Instrument,647794L6,LSRFortessa SO B50R40V50YG50 6V CPU MON,647794L6-LSRFortessa SO B50R40V50YG50 6V CPU MON,BDB-647794L6,"$439,046 ",2,Matched by Material ID,pyxis
44568,BLS,DS,Diagnostic Solutions,DS,Diagnostic Solutions,2111004,Microbiology,PH211100421550,ID/AST,PH211100435900,BioTyper Instr - Sale,PH211100441247,BioTyper Sales,PH211100451429,LT MALDI-TOF Sales,1890107,BD-MALDI Biotyper sirius RUO,1890107-BD-MALDI Biotyper sirius RUO,DS-1890107,"$329,505 ",2,Matched by Material ID,pyxis
44569,BLS,BDB,Biosciences,BDB,Biosciences,2200700,Research Instruments,PH220070022200,FACSMelody,PH220070032950,FACSMelody Instrument,PH220070041047,FACSMelody Instrument,PH220070051191,FACSMelody Instrument,653888,BD FACSMelody BR Plate EU 4way,653888-BD FACSMelody BR Plate EU 4way,BDB-653888,"$296,016 ",2,Matched by Material ID,pyxis
44570,BLS,BDB,Biosciences,BDB,Biosciences,2200700,Research Instruments,PH220070022800,FACSymphony A1,PH220070034500,FACSymphony A1 Instrument,PH220070041088,FACSymphony A1 Instrument,PH220070051249,FACSymphony A1 Instrument,667970,A1 2B3R5YG6V with HTS,667970-A1 2B3R5YG6V with HTS,BDB-667970,"$273,960 ",2,Classified by ML model,pyxis
44571,BLS,BDB,Biosciences,BDB,Biosciences,2200700,Research Instruments,PH220070022100,FACSCelesta,PH220070032750,FACSCelesta Instrument,PH220070041043,FACSCelesta Instrument,PH220070051187,FACSCelesta Instrument,660345,BD FACSCelesta BVYG,660345-BD FACSCelesta BVYG,BDB-660345,"$252,625 ",2,Matched by Material ID,pyxis
44572,BLS,BDB,Biosciences,BDB,Biosciences,2200700,Research Instruments,PH220070022100,FACSCelesta,PH220070032750,FACSCelesta Instrument,PH220070041043,FACSCelesta Instrument,PH220070051187,FACSCelesta Instrument,660343,BD FACSCelesta BV,660343-BD FACSCelesta BV,BDB-660343,"$177,588 ",2,Matched by Material ID,pyxis
44573,BLS,BDB,Biosciences,BDB,Biosciences,2200200,Clinical Instruments,PH220020023350,FACSLyric,PH220020036550,FACSLyric Options,PH220020041139,FACSLyric Options,PH220020051354,FACSLyric Other Options and Upgrades,*CONNECTIC,Informatic Connection,*CONNECTIC-Informatic Connection,BDB-*CONNECTIC,"$154,806 ",2,Matched by Material ID,pyxis
44574,BLS,BDB,Biosciences,BDB,Biosciences,2200700,Research Instruments,PH220070022050,FACSAria,PH220070032600,FACSAria Instrument,PH220070041040,FACSAria Instrument,PH220070051182,FACSAria III Instrument,648282,FACS Aria III,648282-FACS Aria III,BDB-648282,"$129,644 ",2,Matched by Material ID,pyxis
44576,BLS,BDB,Biosciences,BDB,Biosciences,2200700,Research Instruments,PH220070021950,Accuri,PH220070032350,Accuri Instrument,PH220070041035,Accuri Instrument,PH220070051169,Accuri C6 Plus Instrument with Sampler,661310,C6 Plus System w/ CSampler Plus & PC,661310-C6 Plus System w/ CSampler Plus & PC,BDB-661310,"$124,559 ",2,Matched by Material ID,pyxis
44581,BDI,PI,Peripheral Intervention,PI,Peripheral Intervention,2401110,Oncology,PH240111021007,Other Biopsy,PH240111031045,CoreLite Capital,PH240111041106,CoreLite Capital,PH240111051121,CoreLite Capital,A411210001,CORELITE CABINET,A411210001-CORELITE CABINET,PI-A411210001,"$86,000 ",2,Matched by Material ID,pyxis
44582,BLS,BDB,Biosciences,BDB,Biosciences,2200700,Research Instruments,PH220070022050,FACSAria,PH220070032650,FACSAria Options,PH220070041041,FACSAria Options,PH220070051185,FACSAria Other Options and Upgrades,65671010,Fusion YG Upgrade 4 PMT Octagon,65671010-Fusion YG Upgrade 4 PMT Octagon,BDB-65671010,"$83,128 ",2,Classified by ML model,pyxis
44583,BLS,BDB,Biosciences,BDB,Biosciences,2200700,Research Instruments,PH220070022050,FACSAria,PH220070032650,FACSAria Options,PH220070041041,FACSAria Options,PH220070051185,FACSAria Other Options and Upgrades,65670310,Fusion Violet Upgrade w/6PMT Octagon,65670310-Fusion Violet Upgrade w/6PMT Octagon,BDB-65670310,"$72,119 ",2,Matched by Material ID,pyxis
44587,BLS,BDB,Biosciences,BDB,Biosciences,2200100,Single Cell Multiomics,PH220010021150,SCM Instruments,PH220010031050,Rhapsody Express,PH220010041031,Rhapsody Express Standalone,PH220010051033,Rhapsody Express Standalone,633702,BD Rhapsody Sample Loading Station,633702-BD Rhapsody Sample Loading Station,BDB-633702,"$63,046 ",2,Matched by Material ID,pyxis
44588,BDI,PI,Peripheral Intervention,PI,Peripheral Intervention,2401110,Oncology,PH240111021005,Vacuum Assisted,PH240111031015,Encor Capital,PH240111041057,Encor Enspire Capital,PH240111051072,Encor Enspire Capital,E4115STL,ENCOR ENSPIRE FOR LORAD STEREO,E4115STL-ENCOR ENSPIRE FOR LORAD STEREO,PI-E4115STL,"$59,245 ",2,Matched by Material ID,pyxis
44593,BLS,BDB,Biosciences,BDB,Biosciences,2200700,Research Instruments,PH220070021950,Accuri,PH220070032350,Accuri Instrument,PH220070041035,Accuri Instrument,PH220070051168,Accuri C6 Plus Instrument,66051709,C6 Plus Refurbished,66051709-C6 Plus Refurbished,BDB-66051709,"$37,191 ",2,Matched by Material ID,pyxis
44594,BLS,BDB,Biosciences,BDB,Biosciences,2200700,Research Instruments,PH220070022200,FACSMelody,PH220070033000,FACSMelody Options,PH220070041048,FACSMelody Options,PH220070051192,FACSMelody Other Options and Upgrades,662452,FACSMelody Red Laser Upgrade 2R,662452-FACSMelody Red Laser Upgrade 2R,BDB-662452,"$35,815 ",2,Matched by Material ID,pyxis
44595,BLS,BDB,Biosciences,BDB,Biosciences,2200700,Research Instruments,PH220070022050,FACSAria,PH220070032650,FACSAria Options,PH220070041041,FACSAria Options,PH220070051185,FACSAria Other Options and Upgrades,656702,FACSAria Fusion ACDU Field Upgrade,656702-FACSAria Fusion ACDU Field Upgrade,BDB-656702,"$31,022 ",2,Matched by Material ID,pyxis
44603,BLS,BDB,Biosciences,BDB,Biosciences,2200200,Clinical Instruments,PH220020023350,FACSLyric,PH220020036550,FACSLyric Options,PH220020041139,FACSLyric Options,PH220020051354,FACSLyric Other Options and Upgrades,660447,Kit Upgrade FACSLyric 2L6C to 3L10C,660447-Kit Upgrade FACSLyric 2L6C to 3L10C,BDB-660447,"$20,061 ",2,Classified by ML model,pyxis
44606,BLS,BDB,Biosciences,BDB,Biosciences,2200200,Clinical Instruments,PH220020023350,FACSLyric,PH220020036550,FACSLyric Options,PH220020041139,FACSLyric Options,PH220020051354,FACSLyric Other Options and Upgrades,660446,Kit Upgrade FACSLyric 2L6C to 3L8C,660446-Kit Upgrade FACSLyric 2L6C to 3L8C,BDB-660446,"$18,000 ",2,Matched by Material ID,pyxis
44608,BLS,BDB,Biosciences,BDB,Biosciences,2200800,Research Reagents,PH220080022650,Custom Research Reagents,PH220080036000,Cobalt - Customs,PH220080041053,Cobalt - Customs,PH220080051186,Customs (Core Cobalt),627944,Custom RB744 Conjugate 2-2.9MG,627944-Custom RB744 Conjugate 2-2.9MG,BDB-627944,"$16,880 ",2,Matched by Material ID,pyxis
44614,BDI,PI,Peripheral Intervention,PI,Peripheral Intervention,2401110,Oncology,PH240111021007,Other Biopsy,PH240111031045,CoreLite Capital,PH240111041106,CoreLite Capital,PH240111051121,CoreLite Capital,A4112TROLLEY,CORELITE TROLLEY,A4112TROLLEY-CORELITE TROLLEY,PI-A4112TROLLEY,"$11,500 ",2,Matched by Material ID,pyxis
44615,BLS,BDB,Biosciences,BDB,Biosciences,2200100,Single Cell Multiomics,PH220080022800,SCM Reagents,PH220010031500,BD Immune Repertoire Profiling Reagents (BD VDJ),PH220010041018,TCR/BCR,PH220010051018,TCR/BCR,667402,Rhapsody Mouse TCRBCR Next Assay WTA 8Pk,667402-Rhapsody Mouse TCRBCR Next Assay WTA 8Pk,BDB-667402,"$10,866 ",2,Matched by Material ID,pyxis
44626,BLS,DS,Diagnostic Solutions,DS,Diagnostic Solutions,2111006,Informatics,PH211100621000,Informatics,PH211100436600,Epicenter,PH211100441290,Epicenter Hardware,PH211100451521,Epicenter Hardware,BM6330-ZNC,ASUS COMPUTER,BM6330-ZNC-ASUS COMPUTER,DS-BM6330-ZNC,"$7,305 ",2,Matched by Material ID,pyxis
44627,BLS,BDB,Biosciences,BDB,Biosciences,2200700,Research Instruments,PH220070022200,FACSMelody,PH220070033000,FACSMelody Options,PH220070041048,FACSMelody Options,PH220070051192,FACSMelody Other Options and Upgrades,663422,Sheath Tank W Pressure Gauge FACSMelody,663422-Sheath Tank W Pressure Gauge FACSMelody,BDB-663422,"$7,070 ",2,Matched by Material ID,pyxis
44628,BLS,DS,Diagnostic Solutions,DS,Diagnostic Solutions,2111004,Microbiology,PH211100421000,Microbiology - PC Adjustment,PH211100437650,Microbiology - PC Adjustment,PH211100441379,Microbiology - PC Adjustment,PH211100451675,Microbiology - PC Adjustment,444880,ALIGNMENT TOOL BFX SPARE,444880-ALIGNMENT TOOL BFX SPARE,DS-444880,"$6,490 ",2,Classified by ML model,pyxis
44664,BLS,DS,Diagnostic Solutions,DS,Diagnostic Solutions,2118000,Cancer,PH211800021000,Cytology,PH211800031150,All Other Instruments,PH211800041015,FEA- Accessories,PH211800051027,FEA-Accessories,252992,D-CUBE POSITIONING TOOL SET,252992-D-CUBE POSITIONING TOOL SET,DS-252992,"$2,775 ",2,Classified by ML model,pyxis
44677,BDI,UCC,Urology and Critical Care,UCC,Urology and Critical Care,2401511,Targeted Temperature Management,PH240151121000,Arctic Sun,PH240151131000,Arctic Sun-Hardware,PH240151141026,Arctic Sun-Hrdware Repl Parts,PH240151151001,Arctic Sun-Hrdware Repl Parts,40412800,SparePartAS6000PowerSupply,40412800-SparePartAS6000PowerSupply,UCC-40412800,"$2,005 ",2,Matched by Material ID,pyxis
44684,BDI,UCC,Urology and Critical Care,UCC,Urology and Critical Care,2401511,Targeted Temperature Management,PH240151121000,Arctic Sun,PH240151131000,Arctic Sun-Hardware,PH240151141026,Arctic Sun-Hrdware Repl Parts,PH240151151001,Arctic Sun-Hrdware Repl Parts,403085-00,ARCTIC SUN SPARE P PWR CIRC CRD M5000,403085-00-ARCTIC SUN SPARE P PWR CIRC CRD M5000,UCC-403085-00,"$1,779 ",2,Matched by Material ID,pyxis
44685,BLS,DS,Diagnostic Solutions,DS,Diagnostic Solutions,2111006,Informatics,PH211100621000,Informatics,PH211100436600,Epicenter,PH211100441290,Epicenter Hardware,PH211100451521,Epicenter Hardware,252752,COMPUTER SYSTEM EPICENTER FOR BDNLA,252752-COMPUTER SYSTEM EPICENTER FOR BDNLA,DS-252752,"$1,659 ",2,Matched by Material ID,pyxis
44704,BLS,DS,Diagnostic Solutions,DS,Diagnostic Solutions,2118000,Cancer,PH211800021000,Cytology,PH211800031150,All Other Instruments,PH211800041015,FEA- Accessories,PH211800051027,FEA-Accessories,252931,PM KIT FEA,252931-PM KIT FEA,DS-252931,"$1,388 ",2,Classified by ML model,pyxis
44792,BLS,DS,Diagnostic Solutions,DS,Diagnostic Solutions,2111006,Informatics,PH211100621000,Informatics,PH211100436600,Epicenter,PH211100441290,Epicenter Hardware,PH211100451521,Epicenter Hardware,441506,SCANNER BARCODE 2D READER PACKAGED,441506-SCANNER BARCODE 2D READER PACKAGED,DS-441506,"$1,079 ",2,Matched by Material ID,pyxis
44795,BDI,UCC,Urology and Critical Care,UCC,Urology and Critical Care,2401511,Targeted Temperature Management,PH240151121000,Arctic Sun,PH240151131000,Arctic Sun-Hardware,PH240151141026,Arctic Sun-Hrdware Repl Parts,PH240151151001,Arctic Sun-Hrdware Repl Parts,403087-00,ARCTIC SUN MAIN VOLTAGE CIRCUIT CARD,403087-00-ARCTIC SUN MAIN VOLTAGE CIRCUIT CARD,UCC-403087-00,"$1,072 ",2,Matched by Material ID,pyxis
46456,BLS,DS,Diagnostic Solutions,DS,Diagnostic Solutions,2111006,Informatics,PH211100621000,Informatics,PH211100436650,Other Informatics,PH211100441296,DMS (Japan),PH211100451534,DMS (Japan),252062,SET DMS PC MEASURE 2 JAPAN,252062-SET DMS PC MEASURE 2 JAPAN,DS-252062,$484 ,2,Classified by ML model,pyxis
46617,BLS,DS,Diagnostic Solutions,DS,Diagnostic Solutions,2111001,Molecular Diagnostics,PH211100121250,BD COR,PH211100133550,BD COR Other Consumables,PH211100141127,BD COR Other Consumables,PH211100151224,BD COR Other Consumables Adjustment,444852,COR PX DURABLE WASTE CONTAINER,444852-COR PX DURABLE WASTE CONTAINER,DS-444852,$432 ,2,Classified by ML model,pyxis
47004,BLS,DS,Diagnostic Solutions,DS,Diagnostic Solutions,2111006,Informatics,PH211100621000,Informatics,PH211100436600,Epicenter,PH211100441290,Epicenter Hardware,PH211100451521,Epicenter Hardware,440046,SWITCH MICRO 8 PORT SPARE,440046-SWITCH MICRO 8 PORT SPARE,DS-440046,$260 ,2,Classified by ML model,pyxis
47020,BDI,UCC,Urology and Critical Care,UCC,Urology and Critical Care,2401511,Targeted Temperature Management,PH240151121000,Arctic Sun,PH240151131000,Arctic Sun-Hardware,PH240151141026,Arctic Sun-Hrdware Repl Parts,PH240151151001,Arctic Sun-Hrdware Repl Parts,402638-00,Arctic Sun 2000 Spare Part FDL,402638-00-Arctic Sun 2000 Spare Part FDL,UCC-402638-00,$251 ,2,Matched by Material ID,pyxis
47052,BDI,UCC,Urology and Critical Care,UCC,Urology and Critical Care,2401511,Targeted Temperature Management,PH240151121000,Arctic Sun,PH240151131000,Arctic Sun-Hardware,PH240151141026,Arctic Sun-Hrdware Repl Parts,PH240151151001,Arctic Sun-Hrdware Repl Parts,40234101,CASTER WITHOUT BRAKE,40234101-CASTER WITHOUT BRAKE,UCC-40234101,$228 ,2,Matched by Material ID,pyxis
47111,BLS,DS,Diagnostic Solutions,DS,Diagnostic Solutions,2111006,Informatics,PH211100621000,Informatics,PH211100436600,Epicenter,PH211100441290,Epicenter Hardware,PH211100451521,Epicenter Hardware,440044,CABLE ASSEMBLY NETWORK 14 FT SPARE,440044-CABLE ASSEMBLY NETWORK 14 FT SPARE,DS-440044,$200 ,2,Matched by Material ID,pyxis
47192,BLS,BDB,Biosciences,BDB,Biosciences,2200700,Research Instruments,PH220070022100,FACSCelesta,PH220070032800,FACSCelesta Options,PH220070041044,FACSCelesta Options,PH220070051188,FACSCelesta Other Options and Upgrades,655778,FILTER OPTICAL 655LP SQUARE SORP,655778-FILTER OPTICAL 655LP SQUARE SORP,BDB-655778,$134 ,2,Classified by ML model,pyxis
47263,BLS,DS,Diagnostic Solutions,DS,Diagnostic Solutions,2111006,Informatics,PH211100621000,Informatics,PH211100436600,Epicenter,PH211100441290,Epicenter Hardware,PH211100451521,Epicenter Hardware,257449,Cable UPT 5M,257449-Cable UPT 5M,DS-257449,$15 ,2,Matched by Material ID,pyxis
47278,BDI,PI,Peripheral Intervention,PI,Peripheral Intervention,2401110,Oncology,PH240111021005,Vacuum Assisted,PH240111031015,Encor Capital,PH240111041057,Encor Enspire Capital,PH240111051072,Encor Enspire Capital,RM1190464,Canaleta,RM1190464-Canaleta,PI-RM1190464,$0 ,2,Matched by Material ID,pyxis
47295,BLS,DS,Diagnostic Solutions,DS,Diagnostic Solutions,2111004,Microbiology,PH211100421000,Microbiology - PC Adjustment,PH211100437650,Microbiology - PC Adjustment,PH211100441379,Microbiology - PC Adjustment,PH211100451675,Microbiology - PC Adjustment,445233,REMFG 460TB W/O HOOD 230V/50H.,445233-REMFG 460TB W/O HOOD 230V/50H.,DS-445233, $-   ,2,Matched by Material ID,pyxis
47298,BDM,MMS,Medication Management Solutions (MMS),MMS,Infusion Systems,2306001,Alaris System,PH230600121011,POC Systems,PH230600131062,Alaris System PC Unit License,PH230600141169,POC Applications,PH230600151266,Alaris System ICM Non-Commissionable,49000599,KIT 8990 POC PCU V12.1.1 INTL.,49000599-KIT 8990 POC PCU V12.1.1 INTL.,MMS-49000599, $-   ,2,Classified by ML model,pyxis
47336,BLS,BDB,Biosciences,BDB,Biosciences,2200700,Research Instruments,PH220070022050,FACSAria,PH220070032650,FACSAria Options,PH220070041041,FACSAria Options,PH220070051185,FACSAria Other Options and Upgrades,643680,FACSAria II Upgrade Kit 2 Laser/PMT,643680-FACSAria II Upgrade Kit 2 Laser/PMT,BDB-643680, $-   ,2,Classified by ML model,pyxis
47337,BLS,BDB,Biosciences,BDB,Biosciences,2200700,Research Instruments,PH220070022050,FACSAria,PH220070032650,FACSAria Options,PH220070041041,FACSAria Options,PH220070051185,FACSAria Other Options and Upgrades,657023,FLEXAIR OPTION 10IN CONNECTION,657023-FLEXAIR OPTION 10IN CONNECTION,BDB-657023, $-   ,2,Matched by Material ID,pyxis
47338,BLS,BDB,Biosciences,BDB,Biosciences,2200700,Research Instruments,PH220070022050,FACSAria,PH220070032650,FACSAria Options,PH220070041041,FACSAria Options,PH220070051185,FACSAria Other Options and Upgrades,87R4P-ZJL,Oil-less Compressor 230V/50Hz 87R-4P,87R4P-ZJL-Oil-less Compressor 230V/50Hz 87R-4P,BDB-87R4P-ZJL, $-   ,2,Matched by Material ID,pyxis
47339,BLS,BDB,Biosciences,BDB,Biosciences,2200700,Research Instruments,PH220070022200,FACSMelody,PH220070033000,FACSMelody Options,PH220070041048,FACSMelody Options,PH220070051192,FACSMelody Other Options and Upgrades,664368,BD FACSMelody 4-way Upgrade Kit Non-TC,664368-BD FACSMelody 4-way Upgrade Kit Non-TC,BDB-664368, $-   ,2,Matched by Material ID,pyxis
47340,BLS,BDB,Biosciences,BDB,Biosciences,2200700,Research Instruments,PH220070022300,FACSymphony Analyzers,PH220070035350,FACSymphony A3 Sorp Instrument RR,PH220070041105,FACSymphony A3 Sorp Instrument RR,PH220070051266,FACSymphony A3 Sorp Instrument RR,#BDBPLANMAT_SYMPHONYA3_RR,FACSymphony A3 Sorp Instrument RR,#BDBPLANMAT_SYMPHONYA3_RR-FACSymphony A3 Sorp Instrument RR,BDB-#BDBPLANMAT_SYMPHONYA3_RR, $-   ,2,Matched by Material ID,pyxis
47342,BLS,BDB,Biosciences,BDB,Biosciences,2200700,Research Instruments,PH220070022500,LSR/Fortessa,PH220070036100,LSR/Fortessa HTS RR,PH220070041121,LSR/Fortessa HTS RR,PH220070051284,LSR/Fortessa HTS RR,DUMMYSKU092_BDB,DUMMY SKU - LSR/Fortessa HTS RR Plcmt,DUMMYSKU092_BDB-DUMMY SKU - LSR/Fortessa HTS RR Plcmt,BDB-DUMMYSKU092_BDB, $-   ,2,Classified by ML model,pyxis
47368,BLS,DS,Diagnostic Solutions,DS,Diagnostic Solutions,2111006,Informatics,PH211100621000,Informatics,PH211100436600,Epicenter,PH211100441290,Epicenter Hardware,PH211100451521,Epicenter Hardware,441014,Printer Color,441014-Printer Color,DS-441014, $-   ,2,Classified by ML model,pyxis
47369,BLS,DS,Diagnostic Solutions,DS,Diagnostic Solutions,2111006,Informatics,PH211100621000,Informatics,PH211100436600,Epicenter,PH211100441290,Epicenter Hardware,PH211100451521,Epicenter Hardware,443754,Kit Install Small SB EPI Computer,443754-Kit Install Small SB EPI Computer,DS-443754, $-   ,2,Matched by Material ID,pyxis
47373,BLS,DS,Diagnostic Solutions,DS,Diagnostic Solutions,2118000,Cancer,PH211800021000,Cytology,PH211800031100,FocalPoint Instr - Sale,PH211800041004,FocalPoint Sales,PH211800051006,FocalPoint Sales,491464,Instrument Focalpoint CE UNIVERSAL,491464-Instrument Focalpoint CE UNIVERSAL,DS-491464, $-   ,2,Classified by ML model,pyxis
47374,BLS,DS,Diagnostic Solutions,DS,Diagnostic Solutions,2118000,Cancer,PH211800021000,Cytology,PH211800031150,All Other Instruments,PH211800041009,FocalPoint Instrument Accessories,PH211800051016,Spares - FocalPoint,490155,Kit Workstation Blade,490155-Kit Workstation Blade,DS-490155, $-   ,2,Classified by ML model,pyxis
47375,BLS,DS,Diagnostic Solutions,DS,Diagnostic Solutions,2118000,Cancer,PH211800021000,Cytology,PH211800031150,All Other Instruments,PH211800041009,FocalPoint Instrument Accessories,PH211800051016,Spares - FocalPoint,490156,Kit Workstation Monitor,490156-Kit Workstation Monitor,DS-490156, $-   ,2,Classified by ML model,pyxis
47376,BLS,DS,Diagnostic Solutions,DS,Diagnostic Solutions,2118000,Cancer,PH211800021000,Cytology,PH211800031150,All Other Instruments,PH211800041009,FocalPoint Instrument Accessories,PH211800051016,Spares - FocalPoint,490158,Kit Workstation Cart Assembled,490158-Kit Workstation Cart Assembled,DS-490158, $-   ,2,Classified by ML model,pyxis
47378,BLS,DS,Diagnostic Solutions,DS,Diagnostic Solutions,2118000,Cancer,PH211800021000,Cytology,PH211800031150,All Other Instruments,PH211800041014,PrepStain Plus Accessories,PH211800051026,Spares- PS Plus,444832,TRAY SENSOR CABLE HARNESS SP SPARE,444832-TRAY SENSOR CABLE HARNESS SP SPARE,DS-444832, $-   ,2,Classified by ML model,pyxis
47379,BLS,DS,Diagnostic Solutions,DS,Diagnostic Solutions,2118000,Cancer,PH211800021000,Cytology,PH211800031150,All Other Instruments,PH211800041015,FEA- Accessories,PH211800051027,FEA-Accessories,443146,TOTALYS C TUBE BARCODE LABELS,443146-TOTALYS C TUBE BARCODE LABELS,DS-443146, $-   ,2,Classified by ML model,pyxis
47405,BLS,DS,Diagnostic Solutions,DS,Diagnostic Solutions,2111004,Microbiology,PH211100421550,ID/AST,PH211100435900,BioTyper Instr - Sale,PH211100441247,BioTyper Sales,PH211100451429,LT MALDI-TOF Sales,400033693,BD-MALDI Biotyper sirius one IVD,400033693-BD-MALDI Biotyper sirius one IVD,DS-400033693,"$121,099 ",1,Matched by Material ID,pyxis
47406,BLS,DS,Diagnostic Solutions,DS,Diagnostic Solutions,2111004,Microbiology,PH211100421550,ID/AST,PH211100435900,BioTyper Instr - Sale,PH211100441247,BioTyper Sales,PH211100451429,LT MALDI-TOF Sales,400031701,BDBruker IVD MALDI Biotyper WW,400031701-BDBruker IVD MALDI Biotyper WW,DS-400031701,"$67,932 ",1,Matched by Material ID,pyxis
47410,BLS,SM,Specimen Management,SM,Specimen Management,2109003,Specimen Management Other,PH210900321400,Specimen Management Other,PH210900333300,Specimen Management Other,PH210900341162,All Other PAS,PH210900351175,All Other PAS,400026583,HENM LABELER MACHINE 140,400026583-HENM LABELER MACHINE 140,SM-400026583,"$11,232 ",1,Classified by ML model,pyxis
47411,BLS,BDB,Biosciences,BDB,Biosciences,2200200,Clinical Instruments,PH220020023750,Other Instrument Revenue (Clinical),PH220020037400,Other Instrument Revenue (Clinical),PH220020041169,Other Instrument Revenue (Clinical),PH220020051406,Reag Rent Inst Alloc (Clinical),4515113,BD FACS/LYSE WASH ASSISTANT,4515113-BD FACS/LYSE WASH ASSISTANT,BDB-4515113,"$5,346 ",1,Classified by ML model,pyxis
47412,BLS,BDB,Biosciences,BDB,Biosciences,2200200,Clinical Instruments,PH220020023700,Lyse Wash Assistant,PH220020037250,LWA,PH220020041164,LWA,PH220020051399,LWA Instrument,4515112,BD FACS/LYSE WASH ASSISTANT,4515112-BD FACS/LYSE WASH ASSISTANT,BDB-4515112,"$2,856 ",1,Matched by Material ID,pyxis
47415,BLS,DS,Diagnostic Solutions,DS,Diagnostic Solutions,2111004,Microbiology,PH211100421550,ID/AST,PH211100436300,BioTyper Instr - Plcmt,PH211100441284,BioTyper Placements,PH211100451512,LT MALDI-TOF Placeme,400031702,MALDI Biotyper smart System,400031702-MALDI Biotyper smart System,DS-400031702,"$100,630 ",1,Matched by Material ID,pyxis
47418,BLS,DS,Diagnostic Solutions,DS,Diagnostic Solutions,2118000,Cancer,PH211800021000,Cytology,PH211800031800,PrepMate Instr - Plcmt,PH211800041011,PrepMate Placement,PH211800051020,PrepMate Placement,4493416,AT-BD PREPMATE SIST.FINAL ENSAIO 115V,4493416-AT-BD PREPMATE SIST.FINAL ENSAIO 115V,DS-4493416,"$54,705 ",1,Matched by Material ID,pyxis
47419,BLS,DS,Diagnostic Solutions,DS,Diagnostic Solutions,2118000,Cancer,PH211800021000,Cytology,PH211800031900,PrepStain Instr - Plcmt,PH211800041010,PrepStain Placement,PH211800051018,PrepStain Placement,4493404,AT-MONTAGEM BD PREPSTAIN SIST.TECANUS-US,4493404-AT-MONTAGEM BD PREPSTAIN SIST.TECANUS-US,DS-4493404,"$35,173 ",1,Matched by Material ID,pyxis
47422,BLS,BDB,Biosciences,BDB,Biosciences,2200200,Clinical Instruments,PH220020023300,FACSDuet,PH220020036250,FACSDuet Options,PH220020041132,FACSDuet Options,PH220020051337,FACSDuet Other Options and Upgrades,400027434,BD FACSDuet Sample Prep CE-IVD,400027434-BD FACSDuet Sample Prep CE-IVD,BDB-400027434,"$6,663 ",1,Matched by Material ID,pyxis
47423,BLS,BDB,Biosciences,BDB,Biosciences,2200200,Clinical Instruments,PH220020023350,FACSLyric,PH220020036550,FACSLyric Options,PH220020041139,FACSLyric Options,PH220020051354,FACSLyric Other Options and Upgrades,400016382,ACESSORIO UNIVLOADER P/FACSLYRIC ATIVOSP,400016382-ACESSORIO UNIVLOADER P/FACSLYRIC ATIVOSP,BDB-400016382,"$6,092 ",1,Matched by Material ID,pyxis
47436,BLS,BDB,Biosciences,BDB,Biosciences,2200700,Research Instruments,PH220070022300,FACSymphony Analyzers,PH220070033200,FACSymphony A5 Sorp Instrument,PH220070041053,FACSymphony A5 Sorp Instrument,PH220070051198,FACSymphony A5 Sorp Instrument,660964U0,A5:6L24C4B10/3R14/6V10/6UV60/4YG15/3BV36,660964U0-A5:6L24C4B10/3R14/6V10/6UV60/4YG15/3BV36,BDB-660964U0,"$479,818 ",1,Classified by ML model,pyxis
47437,BLS,BDB,Biosciences,BDB,Biosciences,2200700,Research Instruments,PH220070022200,FACSMelody,PH220070033000,FACSMelody Options,PH220070041048,FACSMelody Options,PH220070051192,FACSMelody Other Options and Upgrades,PL_999_128,FACSMelody Instr Adjustment,PL_999_128-FACSMelody Instr Adjustment,BDB-PL_999_128,"$476,106 ",1,Matched by Material ID,pyxis
47438,BLS,BDB,Biosciences,BDB,Biosciences,2200700,Research Instruments,PH220070022050,FACSAria,PH220070032550,FACSAria Fusion Instrument,PH220070041039,FACSAria Fusion Instrument,PH220070051178,FACSAria Fusion Instrument,65670023,Fusion 3B/2R/3V/4YG ACDU,65670023-Fusion 3B/2R/3V/4YG ACDU,BDB-65670023,"$462,466 ",1,Matched by Material ID,pyxis
47441,BLS,BDB,Biosciences,BDB,Biosciences,2200700,Research Instruments,PH220070022050,FACSAria,PH220070032550,FACSAria Fusion Instrument,PH220070041039,FACSAria Fusion Instrument,PH220070051178,FACSAria Fusion Instrument,656700I5,Fusion 3B/3R/3UV/5YG ACDU,656700I5-Fusion 3B/3R/3UV/5YG ACDU,BDB-656700I5,"$419,377 ",1,Matched by Material ID,pyxis
47442,BLS,BDB,Biosciences,BDB,Biosciences,2200700,Research Instruments,PH220070022050,FACSAria,PH220070032550,FACSAria Fusion Instrument,PH220070041039,FACSAria Fusion Instrument,PH220070051178,FACSAria Fusion Instrument,656700I6,Fusion 6B/3R/3V/3UV ACDU,656700I6-Fusion 6B/3R/3V/3UV ACDU,BDB-656700I6,"$415,636 ",1,Classified by ML model,pyxis
47444,BLS,BDB,Biosciences,BDB,Biosciences,2200700,Research Instruments,PH220070022050,FACSAria,PH220070032550,FACSAria Fusion Instrument,PH220070041039,FACSAria Fusion Instrument,PH220070051178,FACSAria Fusion Instrument,65670017,Fusion 3B/2R/3V/4YG,65670017-Fusion 3B/2R/3V/4YG,BDB-65670017,"$384,574 ",1,Classified by ML model,pyxis
47446,BLS,BDB,Biosciences,BDB,Biosciences,2200700,Research Instruments,PH220070022300,FACSymphony Analyzers,PH220070033150,FACSymphony A3 Sorp Instrument,PH220070041052,FACSymphony A3 Sorp Instrument,PH220070051197,FACSymphony A3 Sorp Instrument,660937T4,SymphA3 SO 5B1003R1408V1005YG100 SPD HP,660937T4-SymphA3 SO 5B1003R1408V1005YG100 SPD HP,BDB-660937T4,"$372,400 ",1,Classified by ML model,pyxis
47447,BLS,BDB,Biosciences,BDB,Biosciences,2200700,Research Instruments,PH220070022300,FACSymphony Analyzers,PH220070033200,FACSymphony A5 Sorp Instrument,PH220070041053,FACSymphony A5 Sorp Instrument,PH220070051198,FACSymphony A5 Sorp Instrument,660964L4,SymphonyA5 6B103R109V104YG107UV60 MON SO,660964L4-SymphonyA5 6B103R109V104YG107UV60 MON SO,BDB-660964L4,"$368,230 ",1,Classified by ML model,pyxis
47448,BLS,BDB,Biosciences,BDB,Biosciences,2200700,Research Instruments,PH220070022050,FACSAria,PH220070032550,FACSAria Fusion Instrument,PH220070041039,FACSAria Fusion Instrument,PH220070051178,FACSAria Fusion Instrument,656700G3,Fusion 6B/3R/6V ACDU w/Hood,656700G3-Fusion 6B/3R/6V ACDU w/Hood,BDB-656700G3,"$355,588 ",1,Matched by Material ID,pyxis
47449,BLS,BDB,Biosciences,BDB,Biosciences,2200700,Research Instruments,PH220070022300,FACSymphony Analyzers,PH220070033150,FACSymphony A3 Sorp Instrument,PH220070041052,FACSymphony A3 Sorp Instrument,PH220070051197,FACSymphony A3 Sorp Instrument,660937T5,SymphA3 SO 6B103R148V104YG107UV10,660937T5-SymphA3 SO 6B103R148V104YG107UV10,BDB-660937T5,"$355,317 ",1,Classified by ML model,pyxis
47450,BLS,BDB,Biosciences,BDB,Biosciences,2200700,Research Instruments,PH220070022050,FACSAria,PH220070032550,FACSAria Fusion Instrument,PH220070041039,FACSAria Fusion Instrument,PH220070051178,FACSAria Fusion Instrument,65670001,Fusion 6B/2R,65670001-Fusion 6B/2R,BDB-65670001,"$352,570 ",1,Matched by Material ID,pyxis
47451,BLS,BDB,Biosciences,BDB,Biosciences,2200700,Research Instruments,PH220070022300,FACSymphony Analyzers,PH220070033150,FACSymphony A3 Sorp Instrument,PH220070041052,FACSymphony A3 Sorp Instrument,PH220070051197,FACSymphony A3 Sorp Instrument,660937D1,Symph A3 B10R10V10YG10UV50 XOPT HPPMT SO,660937D1-Symph A3 B10R10V10YG10UV50 XOPT HPPMT SO,BDB-660937D1,"$340,472 ",1,Matched by Material ID,pyxis
47452,BLS,BDB,Biosciences,BDB,Biosciences,2200700,Research Instruments,PH220070022300,FACSymphony Analyzers,PH220070033150,FACSymphony A3 Sorp Instrument,PH220070041052,FACSymphony A3 Sorp Instrument,PH220070051197,FACSymphony A3 Sorp Instrument,660937T6,SymphA3SO5B1003R1408V1005YG100MONFFSSTBL,660937T6-SymphA3SO5B1003R1408V1005YG100MONFFSSTBL,BDB-660937T6,"$339,000 ",1,Classified by ML model,pyxis
47453,BLS,BDB,Biosciences,BDB,Biosciences,2200700,Research Instruments,PH220070022300,FACSymphony Analyzers,PH220070033200,FACSymphony A5 Sorp Instrument,PH220070041053,FACSymphony A5 Sorp Instrument,PH220070051198,FACSymphony A5 Sorp Instrument,660964K3,Symph A5 B20R14V20YG20UV20 HTSRDY EU SO,660964K3-Symph A5 B20R14V20YG20UV20 HTSRDY EU SO,BDB-660964K3,"$333,106 ",1,Classified by ML model,pyxis
47454,BLS,BDB,Biosciences,BDB,Biosciences,2200700,Research Instruments,PH220070022300,FACSymphony Analyzers,PH220070033150,FACSymphony A3 Sorp Instrument,PH220070041052,FACSymphony A3 Sorp Instrument,PH220070051197,FACSymphony A3 Sorp Instrument,660937L4,Symph A3 2B103R147V104YG105UV60 HTSRD SO,660937L4-Symph A3 2B103R147V104YG105UV60 HTSRD SO,BDB-660937L4,"$329,153 ",1,Matched by Material ID,pyxis
47456,BLS,BDB,Biosciences,BDB,Biosciences,2200700,Research Instruments,PH220070022050,FACSAria,PH220070032550,FACSAria Fusion Instrument,PH220070041039,FACSAria Fusion Instrument,PH220070051178,FACSAria Fusion Instrument,656700K4,Fusion 3B/3R/3V/3UV/5YG,656700K4-Fusion 3B/3R/3V/3UV/5YG,BDB-656700K4,"$319,756 ",1,Classified by ML model,pyxis
47457,BLS,BDB,Biosciences,BDB,Biosciences,2200700,Research Instruments,PH220070022300,FACSymphony Analyzers,PH220070033150,FACSymphony A3 Sorp Instrument,PH220070041052,FACSymphony A3 Sorp Instrument,PH220070051197,FACSymphony A3 Sorp Instrument,66093723,Symph A3 B10R14V10YG15UV60 FFSS TBL,66093723-Symph A3 B10R14V10YG15UV60 FFSS TBL,BDB-66093723,"$301,134 ",1,Matched by Material ID,pyxis
47458,BLS,BDB,Biosciences,BDB,Biosciences,2200700,Research Instruments,PH220070022300,FACSymphony Analyzers,PH220070033150,FACSymphony A3 Sorp Instrument,PH220070041052,FACSymphony A3 Sorp Instrument,PH220070051197,FACSymphony A3 Sorp Instrument,660937V2,SymphA3 4L17C 4B103R146V104YG10 FFSS,660937V2-SymphA3 4L17C 4B103R146V104YG10 FFSS,BDB-660937V2,"$300,000 ",1,Classified by ML model,pyxis
47459,BLS,DS,Diagnostic Solutions,DS,Diagnostic Solutions,2118000,Cancer,PH211800021000,Cytology,PH211800031100,FocalPoint Instr - Sale,PH211800041004,FocalPoint Sales,PH211800051006,FocalPoint Sales,491087,Instrument Focalpoint 230V,491087-Instrument Focalpoint 230V,DS-491087,"$291,776 ",1,Classified by ML model,pyxis
47460,BLS,BDB,Biosciences,BDB,Biosciences,2200700,Research Instruments,PH220070022050,FACSAria,PH220070032600,FACSAria Instrument,PH220070041040,FACSAria Instrument,PH220070051182,FACSAria III Instrument,64828202,ARIA III 6B/2R ACDU BASIC,64828202-ARIA III 6B/2R ACDU BASIC,BDB-64828202,"$287,246 ",1,Matched by Material ID,pyxis
47461,BLS,BDB,Biosciences,BDB,Biosciences,2200700,Research Instruments,PH220070022500,LSR/Fortessa,PH220070033950,LSR/Fortessa X-20,PH220070041069,LSR/Fortessa X-20,PH220070051218,LSRFortessa X20 Instrument,65742724,Fort X-20 2B603R406V504YG503UV CC 6X Opt,65742724-Fort X-20 2B603R406V504YG503UV CC 6X Opt,BDB-65742724,"$284,155 ",1,Matched by Material ID,pyxis
47462,BLS,BDB,Biosciences,BDB,Biosciences,2200700,Research Instruments,PH220070022050,FACSAria,PH220070032550,FACSAria Fusion Instrument,PH220070041039,FACSAria Fusion Instrument,PH220070051179,FACSAria Fusion SORP Instrument,658282X0,Fusion SO 3B103R103V105YG50ACDU,658282X0-Fusion SO 3B103R103V105YG50ACDU,BDB-658282X0,"$274,785 ",1,Classified by ML model,pyxis
47463,BLS,BDB,Biosciences,BDB,Biosciences,2200700,Research Instruments,PH220070022500,LSR/Fortessa,PH220070033950,LSR/Fortessa X-20,PH220070041069,LSR/Fortessa X-20,PH220070051218,LSRFortessa X20 Instrument,65742746,FORTX20 5L18C 2B60/3R40/6V50/4YG50/3UV15,65742746-FORTX20 5L18C 2B60/3R40/6V50/4YG50/3UV15,BDB-65742746,"$270,933 ",1,Classified by ML model,pyxis
47464,BLS,BDB,Biosciences,BDB,Biosciences,2200700,Research Instruments,PH220070022300,FACSymphony Analyzers,PH220070033200,FACSymphony A5 Sorp Instrument,PH220070041053,FACSymphony A5 Sorp Instrument,PH220070051198,FACSymphony A5 Sorp Instrument,660964K2,SymphA5 30C B20R14V20YG20UV10 CASC EU SO,660964K2-SymphA5 30C B20R14V20YG20UV10 CASC EU SO,BDB-660964K2,"$267,431 ",1,Matched by Material ID,pyxis
47465,BLS,BDB,Biosciences,BDB,Biosciences,2200700,Research Instruments,PH220070022800,FACSymphony A1,PH220070034500,FACSymphony A1 Instrument,PH220070041088,FACSymphony A1 Instrument,PH220070051249,FACSymphony A1 Instrument,PL_146_128,FACSymphony A1 Adjustment,PL_146_128-FACSymphony A1 Adjustment,BDB-PL_146_128,"$263,267 ",1,Matched by Material ID,pyxis
47466,BLS,BDB,Biosciences,BDB,Biosciences,2200700,Research Instruments,PH220070022300,FACSymphony Analyzers,PH220070033150,FACSymphony A3 Sorp Instrument,PH220070041052,FACSymphony A3 Sorp Instrument,PH220070051197,FACSymphony A3 Sorp Instrument,660937O5,Symphony A3 6B103R148V104YG10 HTSRDY SO,660937O5-Symphony A3 6B103R148V104YG10 HTSRDY SO,BDB-660937O5,"$260,672 ",1,Classified by ML model,pyxis
47470,BLS,BDB,Biosciences,BDB,Biosciences,2200700,Research Instruments,PH220070022500,LSR/Fortessa,PH220070033950,LSR/Fortessa X-20,PH220070041069,LSR/Fortessa X-20,PH220070051218,LSRFortessa X20 Instrument,657427U5,FOR X20 2B603R406V504YG503UV15 HPPMT CC,657427U5-FOR X20 2B603R406V504YG503UV15 HPPMT CC,BDB-657427U5,"$259,975 ",1,Classified by ML model,pyxis
47471,BLS,BDB,Biosciences,BDB,Biosciences,2200700,Research Instruments,PH220070022050,FACSAria,PH220070032600,FACSAria Instrument,PH220070041040,FACSAria Instrument,PH220070051182,FACSAria III Instrument,648282A2,ARIA III ACDU 6B/3R,648282A2-ARIA III ACDU 6B/3R,BDB-648282A2,"$253,750 ",1,Matched by Material ID,pyxis
47472,BLS,BDB,Biosciences,BDB,Biosciences,2200700,Research Instruments,PH220070022500,LSR/Fortessa,PH220070033800,LSR/Fortessa,PH220070041066,LSR/Fortessa,PH220070051215,LSRFortessa SORP Instrument,647177N0,FORT 2B50/3R40/6V50/4YG50/3UV20CPU,647177N0-FORT 2B50/3R40/6V50/4YG50/3UV20CPU,BDB-647177N0,"$250,807 ",1,Classified by ML model,pyxis
47473,BLS,BDB,Biosciences,BDB,Biosciences,2200700,Research Instruments,PH220070022300,FACSymphony Analyzers,PH220070033150,FACSymphony A3 Sorp Instrument,PH220070041052,FACSymphony A3 Sorp Instrument,PH220070051197,FACSymphony A3 Sorp Instrument,660937T1,SymphA3 SO 3B103R146V105YG106UV20SPDVSSC,660937T1-SymphA3 SO 3B103R146V105YG106UV20SPDVSSC,BDB-660937T1,"$250,102 ",1,Classified by ML model,pyxis
47474,BLS,BDB,Biosciences,BDB,Biosciences,2200700,Research Instruments,PH220070022300,FACSymphony Analyzers,PH220070033200,FACSymphony A5 Sorp Instrument,PH220070041053,FACSymphony A5 Sorp Instrument,PH220070051198,FACSymphony A5 Sorp Instrument,660964R6,SymphA5 SO 4L Spectral B15R14V20YG15,660964R6-SymphA5 SO 4L Spectral B15R14V20YG15,BDB-660964R6,"$249,605 ",1,Matched by Material ID,pyxis
47475,BLS,BDB,Biosciences,BDB,Biosciences,2200700,Research Instruments,PH220070022300,FACSymphony Analyzers,PH220070033150,FACSymphony A3 Sorp Instrument,PH220070041052,FACSymphony A3 Sorp Instrument,PH220070051197,FACSymphony A3 Sorp Instrument,660937N6,Symph A3 5B103R148V105YG157UV60 HP FF SO,660937N6-Symph A3 5B103R148V105YG157UV60 HP FF SO,BDB-660937N6,"$247,384 ",1,Matched by Material ID,pyxis
47476,BLS,BDB,Biosciences,BDB,Biosciences,2200700,Research Instruments,PH220070022300,FACSymphony Analyzers,PH220070033200,FACSymphony A5 Sorp Instrument,PH220070041053,FACSymphony A5 Sorp Instrument,PH220070051198,FACSymphony A5 Sorp Instrument,660964S0,SymphA5 SO 3L Spectral B15R14V20,660964S0-SymphA5 SO 3L Spectral B15R14V20,BDB-660964S0,"$246,867 ",1,Matched by Material ID,pyxis
47477,BLS,BDB,Biosciences,BDB,Biosciences,2200700,Research Instruments,PH220070022500,LSR/Fortessa,PH220070033950,LSR/Fortessa X-20,PH220070041069,LSR/Fortessa X-20,PH220070051218,LSRFortessa X20 Instrument,656385P2,Fort X-20 B10R10V105YG102UV15 CPU EXTOPT,656385P2-Fort X-20 B10R10V105YG102UV15 CPU EXTOPT,BDB-656385P2,"$239,594 ",1,Classified by ML model,pyxis
47478,BLS,BDB,Biosciences,BDB,Biosciences,2200700,Research Instruments,PH220070022300,FACSymphony Analyzers,PH220070033150,FACSymphony A3 Sorp Instrument,PH220070041052,FACSymphony A3 Sorp Instrument,PH220070051197,FACSymphony A3 Sorp Instrument,66093725,Symph A3 6B103R108V104YG107UV10 HPPMT,66093725-Symph A3 6B103R108V104YG107UV10 HPPMT,BDB-66093725,"$225,163 ",1,Classified by ML model,pyxis
47479,BLS,BDB,Biosciences,BDB,Biosciences,2200700,Research Instruments,PH220070022500,LSR/Fortessa,PH220070033950,LSR/Fortessa X-20,PH220070041069,LSR/Fortessa X-20,PH220070051218,LSRFortessa X20 Instrument,657427U4,FOR X20 B10R10V10YG10UV50 HPPMT HTSRDY,657427U4-FOR X20 B10R10V10YG10UV50 HPPMT HTSRDY,BDB-657427U4,"$224,544 ",1,Classified by ML model,pyxis
47480,BLS,BDB,Biosciences,BDB,Biosciences,2200700,Research Instruments,PH220070022050,FACSAria,PH220070032600,FACSAria Instrument,PH220070041040,FACSAria Instrument,PH220070051182,FACSAria III Instrument,64828201,ARIA III 6B/2R BASIC,64828201-ARIA III 6B/2R BASIC,BDB-64828201,"$220,053 ",1,Matched by Material ID,pyxis
47481,BLS,BDB,Biosciences,BDB,Biosciences,2200700,Research Instruments,PH220070022300,FACSymphony Analyzers,PH220070033150,FACSymphony A3 Sorp Instrument,PH220070041052,FACSymphony A3 Sorp Instrument,PH220070051197,FACSymphony A3 Sorp Instrument,660937W2,SymphA3 4L21C 5B100/3R100/8V100/5YG100,660937W2-SymphA3 4L21C 5B100/3R100/8V100/5YG100,BDB-660937W2,"$220,001 ",1,Classified by ML model,pyxis
47482,BLS,BDB,Biosciences,BDB,Biosciences,2200700,Research Instruments,PH220070022500,LSR/Fortessa,PH220070033950,LSR/Fortessa X-20,PH220070041069,LSR/Fortessa X-20,PH220070051218,LSRFortessa X20 Instrument,65742750,X205L18C 2B100/3R100/6V100/3YG100/4UV15,65742750-X205L18C 2B100/3R100/6V100/3YG100/4UV15,BDB-65742750,"$220,001 ",1,Classified by ML model,pyxis
47483,BLS,BDB,Biosciences,BDB,Biosciences,2200700,Research Instruments,PH220070022050,FACSAria,PH220070032550,FACSAria Fusion Instrument,PH220070041039,FACSAria Fusion Instrument,PH220070051178,FACSAria Fusion Instrument,656700B4,Fusion 6B/3R/6V ACDU,656700B4-Fusion 6B/3R/6V ACDU,BDB-656700B4,"$212,339 ",1,Matched by Material ID,pyxis
47484,BLS,BDB,Biosciences,BDB,Biosciences,2200700,Research Instruments,PH220070022050,FACSAria,PH220070032550,FACSAria Fusion Instrument,PH220070041039,FACSAria Fusion Instrument,PH220070051178,FACSAria Fusion Instrument,656700F1,Fusion 3B/3R/6V/5YG,656700F1-Fusion 3B/3R/6V/5YG,BDB-656700F1,"$205,191 ",1,Matched by Material ID,pyxis
47485,BLS,BDB,Biosciences,BDB,Biosciences,2200700,Research Instruments,PH220070022200,FACSMelody,PH220070032950,FACSMelody Instrument,PH220070041047,FACSMelody Instrument,PH220070051191,FACSMelody Instrument,664336,BD FACSMelody BYG 6-Color Plate 4way,664336-BD FACSMelody BYG 6-Color Plate 4way,BDB-664336,"$203,022 ",1,Matched by Material ID,pyxis
47486,BLS,BDB,Biosciences,BDB,Biosciences,2200700,Research Instruments,PH220070022300,FACSymphony Analyzers,PH220070033150,FACSymphony A3 Sorp Instrument,PH220070041052,FACSymphony A3 Sorp Instrument,PH220070051197,FACSymphony A3 Sorp Instrument,660937V6,SymphA3 3L17C 6B100 3R140 8V100,660937V6-SymphA3 3L17C 6B100 3R140 8V100,BDB-660937V6,"$201,943 ",1,Classified by ML model,pyxis
47488,BLS,BDB,Biosciences,BDB,Biosciences,2200700,Research Instruments,PH220070022500,LSR/Fortessa,PH220070033950,LSR/Fortessa X-20,PH220070041069,LSR/Fortessa X-20,PH220070051218,LSRFortessa X20 Instrument,657675R1,LSRFortessa X-20 SO 2B/3R/6V/5YG,657675R1-LSRFortessa X-20 SO 2B/3R/6V/5YG,BDB-657675R1,"$201,341 ",1,Matched by Material ID,pyxis
47490,BLS,BDB,Biosciences,BDB,Biosciences,2200700,Research Instruments,PH220070022300,FACSymphony Analyzers,PH220070033150,FACSymphony A3 Sorp Instrument,PH220070041052,FACSymphony A3 Sorp Instrument,PH220070051197,FACSymphony A3 Sorp Instrument,660937V3,SymphA3 3L16C 5B103R148V10 FFSS TBL MON,660937V3-SymphA3 3L16C 5B103R148V10 FFSS TBL MON,BDB-660937V3,"$184,700 ",1,Classified by ML model,pyxis
47491,BLS,BDB,Biosciences,BDB,Biosciences,2200700,Research Instruments,PH220070022500,LSR/Fortessa,PH220070033950,LSR/Fortessa X-20,PH220070041069,LSR/Fortessa X-20,PH220070051218,LSRFortessa X20 Instrument,656385U3,X20 5L18C 2B150/3R140/6V200/5YG150/2IR15,656385U3-X20 5L18C 2B150/3R140/6V200/5YG150/2IR15,BDB-656385U3,"$184,543 ",1,Classified by ML model,pyxis
47492,BLS,BDB,Biosciences,BDB,Biosciences,2200700,Research Instruments,PH220070022500,LSR/Fortessa,PH220070033950,LSR/Fortessa X-20,PH220070041069,LSR/Fortessa X-20,PH220070051218,LSRFortessa X20 Instrument,65742745,FORTX20 5L18C 2B100/3R40/6V100/5YG50/2UV,65742745-FORTX20 5L18C 2B100/3R40/6V100/5YG50/2UV,BDB-65742745,"$177,454 ",1,Classified by ML model,pyxis
47493,BLS,BDB,Biosciences,BDB,Biosciences,2200700,Research Instruments,PH220070022200,FACSMelody,PH220070032950,FACSMelody Instrument,PH220070041047,FACSMelody Instrument,PH220070051191,FACSMelody Instrument,653872,BD FACSMelody BRV 6 Color 4way,653872-BD FACSMelody BRV 6 Color 4way,BDB-653872,"$177,158 ",1,Classified by ML model,pyxis
47494,BLS,BDB,Biosciences,BDB,Biosciences,2200700,Research Instruments,PH220070022200,FACSMelody,PH220070032950,FACSMelody Instrument,PH220070041047,FACSMelody Instrument,PH220070051191,FACSMelody Instrument,653877,BD FACSMelody BV EU 4way,653877-BD FACSMelody BV EU 4way,BDB-653877,"$172,864 ",1,Classified by ML model,pyxis
47496,BLS,BDB,Biosciences,BDB,Biosciences,2200700,Research Instruments,PH220070022050,FACSAria,PH220070032550,FACSAria Fusion Instrument,PH220070041039,FACSAria Fusion Instrument,PH220070051178,FACSAria Fusion Instrument,65670003,Fusion 6B/2R/3V,65670003-Fusion 6B/2R/3V,BDB-65670003,"$169,598 ",1,Matched by Material ID,pyxis
47497,BLS,BDB,Biosciences,BDB,Biosciences,2200700,Research Instruments,PH220070022200,FACSMelody,PH220070032950,FACSMelody Instrument,PH220070041047,FACSMelody Instrument,PH220070051191,FACSMelody Instrument,664339,BD FACSMelody BYG 4-Color Plate EU 4way,664339-BD FACSMelody BYG 4-Color Plate EU 4way,BDB-664339,"$168,506 ",1,Matched by Material ID,pyxis
47498,BLS,BDB,Biosciences,BDB,Biosciences,2200700,Research Instruments,PH220070022300,FACSymphony Analyzers,PH220070033200,FACSymphony A5 Sorp Instrument,PH220070041053,FACSymphony A5 Sorp Instrument,PH220070051198,FACSymphony A5 Sorp Instrument,66096420,FACSymphony,66096420-FACSymphony,BDB-66096420,"$164,648 ",1,Classified by ML model,pyxis
47499,BLS,BDB,Biosciences,BDB,Biosciences,2200700,Research Instruments,PH220070022050,FACSAria,PH220070032600,FACSAria Instrument,PH220070041040,FACSAria Instrument,PH220070051182,FACSAria III Instrument,64828217,ARIA III 3B/2R/2V/4YG BASIC,64828217-ARIA III 3B/2R/2V/4YG BASIC,BDB-64828217,"$159,204 ",1,Matched by Material ID,pyxis
47500,BLS,DS,Diagnostic Solutions,DS,Diagnostic Solutions,2111001,Molecular Diagnostics,PH211100121050,Affirm,PH211100132000,Affirm Instr - Plcmt,PH211100141053,Affirm Inst - Placements,PH211100151092,Affirm Inst - Placem,285010,Affirm Instrument Placements & Patents,285010-Affirm Instrument Placements & Patents,DS-285010,"$147,627 ",1,Matched by Material ID,pyxis
47503,BLS,BDB,Biosciences,BDB,Biosciences,2200700,Research Instruments,PH220070022200,FACSMelody,PH220070032950,FACSMelody Instrument,PH220070041047,FACSMelody Instrument,PH220070051191,FACSMelody Instrument,664329,BD FACSMelody BRYG 8-Color 4way,664329-BD FACSMelody BRYG 8-Color 4way,BDB-664329,"$116,027 ",1,Classified by ML model,pyxis
47504,BLS,BDB,Biosciences,BDB,Biosciences,2200200,Clinical Instruments,PH220020023350,FACSLyric,PH220020036350,FACSLyric Instrument,PH220020041135,FACSLyric Instrument,PH220020051342,FACSLyric Instrument - 10 Color,666949,FACSLyric 3L10C CN-IVD,666949-FACSLyric 3L10C CN-IVD,BDB-666949,"$113,306 ",1,Classified by ML model,pyxis
47505,BLS,BDB,Biosciences,BDB,Biosciences,2200700,Research Instruments,PH220070022200,FACSMelody,PH220070032950,FACSMelody Instrument,PH220070041047,FACSMelody Instrument,PH220070051191,FACSMelody Instrument,653871,BD FACSMelody BV 4way,653871-BD FACSMelody BV 4way,BDB-653871,"$111,266 ",1,Classified by ML model,pyxis
47507,BLS,BDB,Biosciences,BDB,Biosciences,2200200,Clinical Instruments,PH220020023350,FACSLyric,PH220020036550,FACSLyric Options,PH220020041139,FACSLyric Options,PH220020051354,FACSLyric Other Options and Upgrades,662850,Kit Upgrade FACSLyric 4 to 12 Color,662850-Kit Upgrade FACSLyric 4 to 12 Color,BDB-662850,"$91,462 ",1,Matched by Material ID,pyxis
47508,BLS,BDB,Biosciences,BDB,Biosciences,2200700,Research Instruments,PH220070022200,FACSMelody,PH220070032950,FACSMelody Instrument,PH220070041047,FACSMelody Instrument,PH220070051191,FACSMelody Instrument,#EVM#,BD FACSMelody,#EVM#-BD FACSMelody,BDB-#EVM#,"$90,677 ",1,Matched by Material ID,pyxis
47511,BLS,BDB,Biosciences,BDB,Biosciences,2200700,Research Instruments,PH220070022800,FACSymphony A1,PH220070034500,FACSymphony A1 Instrument,PH220070041088,FACSymphony A1 Instrument,PH220070051249,FACSymphony A1 Instrument,66489309,FACSymphony A1 Refurb,66489309-FACSymphony A1 Refurb,BDB-66489309,"$88,640 ",1,Classified by ML model,pyxis
47512,BLS,BDB,Biosciences,BDB,Biosciences,2200700,Research Instruments,PH220070022050,FACSAria,PH220070032650,FACSAria Options,PH220070041041,FACSAria Options,PH220070051185,FACSAria Other Options and Upgrades,6.62E+11,FUSION SO LASER 355-50 2PMT Fib 3Optic,662075E6-FUSION SO LASER 355-50 2PMT Fib 3Optic,BDB-662075E6,"$85,085 ",1,Classified by ML model,pyxis
47515,BLS,BDB,Biosciences,BDB,Biosciences,2200700,Research Instruments,PH220070022050,FACSAria,PH220070032650,FACSAria Options,PH220070041041,FACSAria Options,PH220070051185,FACSAria Other Options and Upgrades,340577R3,Aria SO Laser UPG 405-50 6 PMT OCT,340577R3-Aria SO Laser UPG 405-50 6 PMT OCT,BDB-340577R3,"$76,254 ",1,Classified by ML model,pyxis
47516,BLS,BDB,Biosciences,BDB,Biosciences,2200700,Research Instruments,PH220070022050,FACSAria,PH220070032650,FACSAria Options,PH220070041041,FACSAria Options,PH220070051185,FACSAria Other Options and Upgrades,340577R4,Aria SO Laser UPG 405-50 6 PMT OCT DAQ3,340577R4-Aria SO Laser UPG 405-50 6 PMT OCT DAQ3,BDB-340577R4,"$73,958 ",1,Classified by ML model,pyxis
47517,BLS,BDB,Biosciences,BDB,Biosciences,2200700,Research Instruments,PH220070022500,LSR/Fortessa,PH220070033950,LSR/Fortessa X-20,PH220070041069,LSR/Fortessa X-20,PH220070051218,LSRFortessa X20 Instrument,658325N3,FORT X20 SO 561-50 355-15 5YG 2UV,658325N3-FORT X20 SO 561-50 355-15 5YG 2UV,BDB-658325N3,"$73,223 ",1,Classified by ML model,pyxis
47518,BLS,BDB,Biosciences,BDB,Biosciences,2200700,Research Instruments,PH220070022050,FACSAria,PH220070032650,FACSAria Options,PH220070041041,FACSAria Options,PH220070051185,FACSAria Other Options and Upgrades,340577P4,"ARIA LASER OPT561-50, 9PMTS, 2DAQ3, 2SCI","340577P4-ARIA LASER OPT561-50, 9PMTS, 2DAQ3, 2SCI",BDB-340577P4,"$71,566 ",1,Classified by ML model,pyxis
47521,BLS,BDB,Biosciences,BDB,Biosciences,2200700,Research Instruments,PH220070022200,FACSMelody,PH220070032950,FACSMelody Instrument,PH220070041047,FACSMelody Instrument,PH220070051191,FACSMelody Instrument,653868,BD FACSMelody Blue 2-Color 4way,653868-BD FACSMelody Blue 2-Color 4way,BDB-653868,"$65,849 ",1,Matched by Material ID,pyxis
47522,BLS,BDB,Biosciences,BDB,Biosciences,2200700,Research Instruments,PH220070022050,FACSAria,PH220070032650,FACSAria Options,PH220070041041,FACSAria Options,PH220070051185,FACSAria Other Options and Upgrades,663814,Fusion 355 UV Laser Upgd 3 PMT Trigon,663814-Fusion 355 UV Laser Upgd 3 PMT Trigon,BDB-663814,"$62,982 ",1,Matched by Material ID,pyxis
47523,BLS,BDB,Biosciences,BDB,Biosciences,2200700,Research Instruments,PH220070022100,FACSCelesta,PH220070032750,FACSCelesta Instrument,PH220070041043,FACSCelesta Instrument,PH220070051187,FACSCelesta Instrument,66093309,FACSCelesta SORP - Rep,66093309-FACSCelesta SORP - Rep,BDB-66093309,"$62,920 ",1,Matched by Material ID,pyxis
47528,BDI,PI,Peripheral Intervention,PI,Peripheral Intervention,2401110,Oncology,PH240111021007,Other Biopsy,PH240111031045,CoreLite Capital,PH240111041106,CoreLite Capital,PH240111051121,CoreLite Capital,A4112UK,CORELITE SYSTEM - UK,A4112UK-CORELITE SYSTEM - UK,PI-A4112UK,"$52,756 ",1,Classified by ML model,pyxis
47529,BLS,BDB,Biosciences,BDB,Biosciences,2200700,Research Instruments,PH220070022050,FACSAria,PH220070032650,FACSAria Options,PH220070041041,FACSAria Options,PH220070051185,FACSAria Other Options and Upgrades,340577L6,Aria Laser Opt 561-50 1PMT FIB DAQ3 SO,340577L6-Aria Laser Opt 561-50 1PMT FIB DAQ3 SO,BDB-340577L6,"$52,021 ",1,Classified by ML model,pyxis
47531,BLS,BDB,Biosciences,BDB,Biosciences,2200700,Research Instruments,PH220070022050,FACSAria,PH220070032650,FACSAria Options,PH220070041041,FACSAria Options,PH220070051185,FACSAria Other Options and Upgrades,340577R2,Aria SO Laser UPG 405-100 6 PMT Octagon,340577R2-Aria SO Laser UPG 405-100 6 PMT Octagon,BDB-340577R2,"$45,530 ",1,Classified by ML model,pyxis
47532,BLS,BDB,Biosciences,BDB,Biosciences,2200700,Research Instruments,PH220070022300,FACSymphony Analyzers,PH220070033150,FACSymphony A3 Sorp Instrument,PH220070041052,FACSymphony A3 Sorp Instrument,PH220070051197,FACSymphony A3 Sorp Instrument,66093710,SymphonyA3 B10R14V10YG10UV100 HTSRDY SO,66093710-SymphonyA3 B10R14V10YG10UV100 HTSRDY SO,BDB-66093710,"$44,406 ",1,Matched by Material ID,pyxis
47533,BLS,BDB,Biosciences,BDB,Biosciences,2200700,Research Instruments,PH220070022050,FACSAria,PH220070032650,FACSAria Options,PH220070041041,FACSAria Options,PH220070051185,FACSAria Other Options and Upgrades,65671110,Fusion YG Upgrade 5 PMT Octagon,65671110-Fusion YG Upgrade 5 PMT Octagon,BDB-65671110,"$41,789 ",1,Matched by Material ID,pyxis
47534,BLS,BDB,Biosciences,BDB,Biosciences,2200700,Research Instruments,PH220070022200,FACSMelody,PH220070033000,FACSMelody Options,PH220070041048,FACSMelody Options,PH220070051192,FACSMelody Other Options and Upgrades,661776,FACSMelody Plate Sorting UPGD Kit,661776-FACSMelody Plate Sorting UPGD Kit,BDB-661776,"$38,653 ",1,Matched by Material ID,pyxis
47536,BLS,BDB,Biosciences,BDB,Biosciences,2200200,Clinical Instruments,PH220020023150,FACSCalibur,PH220020035800,FACSCalibur Options,PH220020041119,FACSCalibur Options,PH220020051318,FACSCalibur Other Options and Upgrades,343020,FACSCalibur Basic Sensor Unit,343020-FACSCalibur Basic Sensor Unit,BDB-343020,"$36,414 ",1,Matched by Material ID,pyxis
47538,BLS,BDB,Biosciences,BDB,Biosciences,2200700,Research Instruments,PH220070022050,FACSAria,PH220070032650,FACSAria Options,PH220070041041,FACSAria Options,PH220070051185,FACSAria Other Options and Upgrades,662075F1,Fusion STD SO Laser 405-50 6PMT,662075F1-Fusion STD SO Laser 405-50 6PMT,BDB-662075F1,"$34,045 ",1,Classified by ML model,pyxis
47541,BLS,BDB,Biosciences,BDB,Biosciences,2200700,Research Instruments,PH220070022200,FACSMelody,PH220070033000,FACSMelody Options,PH220070041048,FACSMelody Options,PH220070051192,FACSMelody Other Options and Upgrades,662453,FACSMelody Violet Laser Upgrade 2V,662453-FACSMelody Violet Laser Upgrade 2V,BDB-662453,"$31,067 ",1,Classified by ML model,pyxis
47545,BLS,BDB,Biosciences,BDB,Biosciences,2200700,Research Instruments,PH220070022200,FACSMelody,PH220070033000,FACSMelody Options,PH220070041048,FACSMelody Options,PH220070051192,FACSMelody Other Options and Upgrades,661779,BD FACSMelody YG Laser 2-Color UPGD KIT,661779-BD FACSMelody YG Laser 2-Color UPGD KIT,BDB-661779,"$26,949 ",1,Classified by ML model,pyxis
47549,BLS,BDB,Biosciences,BDB,Biosciences,2200200,Clinical Instruments,PH220020023350,FACSLyric,PH220020036550,FACSLyric Options,PH220020041139,FACSLyric Options,PH220020051354,FACSLyric Other Options and Upgrades,660444,Kit Upgrade FACSLyric 2L4C to 3L8C,660444-Kit Upgrade FACSLyric 2L4C to 3L8C,BDB-660444,"$25,575 ",1,Matched by Material ID,pyxis
47551,BLS,BDB,Biosciences,BDB,Biosciences,2200700,Research Instruments,PH220070022050,FACSAria,PH220070032650,FACSAria Options,PH220070041041,FACSAria Options,PH220070051185,FACSAria Other Options and Upgrades,340562,BD FACSAria Special Order Dtec Option,340562-BD FACSAria Special Order Dtec Option,BDB-340562,"$24,848 ",1,Classified by ML model,pyxis
47552,BLS,BDB,Biosciences,BDB,Biosciences,2200700,Research Instruments,PH220070022050,FACSAria,PH220070032650,FACSAria Options,PH220070041041,FACSAria Options,PH220070051185,FACSAria Other Options and Upgrades,657792,FACSAria Std Misc,657792-FACSAria Std Misc,BDB-657792,"$24,397 ",1,Classified by ML model,pyxis
47555,BDI,PI,Peripheral Intervention,PI,Peripheral Intervention,2401110,Oncology,PH240111021007,Other Biopsy,PH240111031045,CoreLite Capital,PH240111041106,CoreLite Capital,PH240111051121,CoreLite Capital,A4112US,CORELITE CABINET,A4112US-CORELITE CABINET,PI-A4112US,"$23,322 ",1,Classified by ML model,pyxis
47556,BLS,DS,Diagnostic Solutions,DS,Diagnostic Solutions,2111460,Lab Automation,PH211146021000,Lab Automation - PC Adjustment,PH211146032150,Lab Automation - PC Adjustment,PH211146041039,Lab Automation - PC Adjustment,PH211146051068,Lab Automation - PC Adjustment,*SLPE-55F,Compressor TLA UGAP,*SLPE-55F-Compressor TLA UGAP,DS-*SLPE-55F,"$22,179 ",1,Classified by ML model,pyxis
47561,BLS,BDB,Biosciences,BDB,Biosciences,2200700,Research Instruments,PH220070022050,FACSAria,PH220070032650,FACSAria Options,PH220070041041,FACSAria Options,PH220070051185,FACSAria Other Options and Upgrades,662076,FACSAria Fusion SO Detector Option,662076-FACSAria Fusion SO Detector Option,BDB-662076,"$17,576 ",1,Classified by ML model,pyxis
47563,BDI,PI,Peripheral Intervention,PI,Peripheral Intervention,2401110,Oncology,PH240111021007,Other Biopsy,PH240111031045,CoreLite Capital,PH240111041106,CoreLite Capital,PH240111051121,CoreLite Capital,A4112CH2,CORELITE CAPITAL2- CH,A4112CH2-CORELITE CAPITAL2- CH,PI-A4112CH2,"$17,400 ",1,Classified by ML model,pyxis
47564,BLS,BDB,Biosciences,BDB,Biosciences,2200200,Clinical Instruments,PH220020023850,Sample Prep Assistant,PH220020037500,SPA,PH220020041178,SPA,PH220020051435,SPA III Instrument,647205,BD FACS Sample Prep Assistant III,647205-BD FACS Sample Prep Assistant III,BDB-647205,"$16,488 ",1,Matched by Material ID,pyxis
47566,BDI,PI,Peripheral Intervention,PI,Peripheral Intervention,2401110,Oncology,PH240111021007,Other Biopsy,PH240111031045,CoreLite Capital,PH240111041106,CoreLite Capital,PH240111051121,CoreLite Capital,A4112EU,CORELITE SYSTEM - EU,A4112EU-CORELITE SYSTEM - EU,PI-A4112EU,"$15,702 ",1,Matched by Material ID,pyxis
47568,BLS,DS,Diagnostic Solutions,DS,Diagnostic Solutions,2111004,Microbiology,PH211100421000,Microbiology - PC Adjustment,PH211100437650,Microbiology - PC Adjustment,PH211100441379,Microbiology - PC Adjustment,PH211100451675,Microbiology - PC Adjustment,E-1883698,Ion Source-gridless,E-1883698-Ion Source-gridless,DS-E-1883698,"$14,700 ",1,Matched by Material ID,pyxis
47570,BDI,UCC,Urology and Critical Care,UCC,Urology and Critical Care,2401511,Targeted Temperature Management,PH240151121000,Arctic Sun,PH240151131000,Arctic Sun-Hardware,PH240151141000,Arctic Sun-Hardware,PH240151151000,Arctic Sun-Hardware,5000-00-00U,ARCTIC SUN M5000 USED,5000-00-00U-ARCTIC SUN M5000 USED,UCC-5000-00-00U,"$13,823 ",1,Matched by Material ID,pyxis
47579,BLS,DS,Diagnostic Solutions,DS,Diagnostic Solutions,2111460,Lab Automation,PH211146021000,Lab Automation - PC Adjustment,PH211146032150,Lab Automation - PC Adjustment,PH211146041039,Lab Automation - PC Adjustment,PH211146051068,Lab Automation - PC Adjustment,400036136,Commission  Copan,400036136-Commission  Copan,DS-400036136,"$10,605 ",1,Classified by ML model,pyxis
47581,BLS,BDB,Biosciences,BDB,Biosciences,2200200,Clinical Instruments,PH220055021002,Cytognos Software,PH220055031006,Cytognos Infinicyt,PH220055041022,Cytognos Infinicyt,PH220055051035,Cytognos Licenses,CYT-INF-SWD-R,Infinicyt RUO without Dongle+5DB,CYT-INF-SWD-R-Infinicyt RUO without Dongle+5DB,BDB-CYT-INF-SWD-R,"$9,882 ",1,Classified by ML model,pyxis
47586,BLS,BDB,Biosciences,BDB,Biosciences,2200800,Research Reagents,PH220080022650,Custom Research Reagents,PH220080036000,Cobalt - Customs,PH220080041053,Cobalt - Customs,PH220080051186,Customs (Core Cobalt),627942,Custom RB744 Conjugate 0.5-0.9MG,627942-Custom RB744 Conjugate 0.5-0.9MG,BDB-627942,"$8,447 ",1,Matched by Material ID,pyxis
47587,BLS,BDB,Biosciences,BDB,Biosciences,2200800,Research Reagents,PH220080022650,Custom Research Reagents,PH220080036000,Cobalt - Customs,PH220080041053,Cobalt - Customs,PH220080051186,Customs (Core Cobalt),630093,Custom RB613 Conjugate 0.5-0.9MG,630093-Custom RB613 Conjugate 0.5-0.9MG,BDB-630093,"$8,447 ",1,Matched by Material ID,pyxis
47591,BLS,BDB,Biosciences,BDB,Biosciences,2200800,Research Reagents,PH220080022650,Custom Research Reagents,PH220080036000,Cobalt - Customs,PH220080041053,Cobalt - Customs,PH220080051186,Customs (Core Cobalt),630053,Custom RB780 Conjugate 0.5-0.9MG,630053-Custom RB780 Conjugate 0.5-0.9MG,BDB-630053,"$7,031 ",1,Matched by Material ID,pyxis
47593,BLS,BDB,Biosciences,BDB,Biosciences,2200700,Research Instruments,PH220070022500,LSR/Fortessa,PH220070033900,LSR/Fortessa Options,PH220070041068,LSR/Fortessa Options,PH220070051217,LSR/Fortessa Other Options and Upgrades,65832617,Fort X-20 Det Opt 2PMTBUV737 BUV805 SO,65832617-Fort X-20 Det Opt 2PMTBUV737 BUV805 SO,BDB-65832617,"$6,876 ",1,Classified by ML model,pyxis
47601,BLS,BDB,Biosciences,BDB,Biosciences,2200700,Research Instruments,PH220070022200,FACSMelody,PH220070033000,FACSMelody Options,PH220070041048,FACSMelody Options,PH220070051192,FACSMelody Other Options and Upgrades,661900,BD FACSMelody Temperature Control 100V,661900-BD FACSMelody Temperature Control 100V,BDB-661900,"$6,064 ",1,Classified by ML model,pyxis
47605,BLS,BDB,Biosciences,BDB,Biosciences,2200700,Research Instruments,PH220070022050,FACSAria,PH220070032650,FACSAria Options,PH220070041041,FACSAria Options,PH220070051185,FACSAria Other Options and Upgrades,657519,FLEXAIR EXTERNAL VENT BD400,657519-FLEXAIR EXTERNAL VENT BD400,BDB-657519,"$5,159 ",1,Matched by Material ID,pyxis
47611,BLS,BDB,Biosciences,BDB,Biosciences,2200700,Research Instruments,PH220070022500,LSR/Fortessa,PH220070033900,LSR/Fortessa Options,PH220070041068,LSR/Fortessa Options,PH220070051217,LSR/Fortessa Other Options and Upgrades,658328,LSRFortessa X-20 SO Filter Set,658328-LSRFortessa X-20 SO Filter Set,BDB-658328,"$4,239 ",1,Classified by ML model,pyxis
47619,BLS,BDB,Biosciences,BDB,Biosciences,2200700,Research Instruments,PH220070022200,FACSMelody,PH220070033000,FACSMelody Options,PH220070041048,FACSMelody Options,PH220070051192,FACSMelody Other Options and Upgrades,661770,BD FACSMelody Temperature Control 220V,661770-BD FACSMelody Temperature Control 220V,BDB-661770,"$3,437 ",1,Matched by Material ID,pyxis
47622,BDI,PI,Peripheral Intervention,PI,Peripheral Intervention,2401110,Oncology,PH240111021005,Vacuum Assisted,PH240111031015,Encor Capital,PH240111041057,Encor Enspire Capital,PH240111051072,Encor Enspire Capital,DRENCOR-MR,Encor Mri Driver,DRENCOR-MR-Encor Mri Driver,PI-DRENCOR-MR,"$3,296 ",1,Matched by Material ID,pyxis
47624,BLS,BDB,Biosciences,BDB,Biosciences,2200700,Research Instruments,PH220070022550,FACSDiscover S8,PH220070034350,FACSDiscover S8 Options,PH220070041079,FACSDiscover S8 Options,PH220070051234,FACSDiscover S8 Options,VQF-850CA-PC,Side Table,VQF-850CA-PC-Side Table,BDB-VQF-850CA-PC,"$3,214 ",1,Classified by ML model,pyxis
47626,BDI,UCC,Urology and Critical Care,UCC,Urology and Critical Care,2401511,Targeted Temperature Management,PH240151121000,Arctic Sun,PH240151131000,Arctic Sun-Hardware,PH240151141026,Arctic Sun-Hrdware Repl Parts,PH240151151001,Arctic Sun-Hrdware Repl Parts,40408600,SPARE PART AS6000 ISO CARD,40408600-SPARE PART AS6000 ISO CARD,UCC-40408600,"$3,183 ",1,Matched by Material ID,pyxis
47639,BLS,BDB,Biosciences,BDB,Biosciences,2200700,Research Instruments,PH220070022050,FACSAria,PH220070032650,FACSAria Options,PH220070041041,FACSAria Options,PH220070051185,FACSAria Other Options and Upgrades,65556407,WASTE LEVEL SENSOR KIT ARIA II & III,65556407-WASTE LEVEL SENSOR KIT ARIA II & III,BDB-65556407,"$2,877 ",1,Classified by ML model,pyxis
47646,BLS,DS,Diagnostic Solutions,DS,Diagnostic Solutions,2118000,Cancer,PH211800021000,Cytology,PH211800031150,All Other Instruments,PH211800041015,FEA- Accessories,PH211800051027,FEA-Accessories,252863,COMPUTER WITH OP SYS FEA SPARE,252863-COMPUTER WITH OP SYS FEA SPARE,DS-252863,"$2,428 ",1,Classified by ML model,pyxis
47651,BDI,UCC,Urology and Critical Care,UCC,Urology and Critical Care,2401511,Targeted Temperature Management,PH240151121000,Arctic Sun,PH240151131000,Arctic Sun-Hardware,PH240151141026,Arctic Sun-Hrdware Repl Parts,PH240151151001,Arctic Sun-Hrdware Repl Parts,40308500,SPARE P PWR CIRCUIT CARD M5000,40308500-SPARE P PWR CIRCUIT CARD M5000,UCC-40308500,"$2,323 ",1,Matched by Material ID,pyxis
47673,BLS,BDB,Biosciences,BDB,Biosciences,2200700,Research Instruments,PH220070022050,FACSAria,PH220070032650,FACSAria Options,PH220070041041,FACSAria Options,PH220070051185,FACSAria Other Options and Upgrades,657024,FLEXAIR OPTION 12IN CONNECTION,657024-FLEXAIR OPTION 12IN CONNECTION,BDB-657024,"$1,870 ",1,Matched by Material ID,pyxis
47675,BDI,UCC,Urology and Critical Care,UCC,Urology and Critical Care,2401511,Targeted Temperature Management,PH240151121000,Arctic Sun,PH240151131000,Arctic Sun-Hardware,PH240151141026,Arctic Sun-Hrdware Repl Parts,PH240151151001,Arctic Sun-Hrdware Repl Parts,40308800,SPAREPARTAIRFILTERM5000,40308800-SPAREPARTAIRFILTERM5000,UCC-40308800,"$1,849 ",1,Matched by Material ID,pyxis
47676,BLS,DS,Diagnostic Solutions,DS,Diagnostic Solutions,2118000,Cancer,PH211800021000,Cytology,PH211800031150,All Other Instruments,PH211800041015,FEA- Accessories,PH211800051027,FEA-Accessories,444844,WASTE BOTTLE ASSEMBLY MP SPARE,444844-WASTE BOTTLE ASSEMBLY MP SPARE,DS-444844,"$1,833 ",1,Classified by ML model,pyxis
47682,BDI,UCC,Urology and Critical Care,UCC,Urology and Critical Care,2401511,Targeted Temperature Management,PH240151121000,Arctic Sun,PH240151131000,Arctic Sun-Hardware,PH240151141026,Arctic Sun-Hrdware Repl Parts,PH240151151001,Arctic Sun-Hrdware Repl Parts,40308300,INPUT/OUTPUT CIRCUIT CARD,40308300-INPUT/OUTPUT CIRCUIT CARD,UCC-40308300,"$1,692 ",1,Matched by Material ID,pyxis
47721,BLS,DS,Diagnostic Solutions,DS,Diagnostic Solutions,2111004,Microbiology,PH211100421000,Microbiology - PC Adjustment,PH211100437650,Microbiology - PC Adjustment,PH211100441379,Microbiology - PC Adjustment,PH211100451675,Microbiology - PC Adjustment,444563,FRONT DISPLAY BOARD MOD GEN2 MGIT SPARE,444563-FRONT DISPLAY BOARD MOD GEN2 MGIT SPARE,DS-444563,$914 ,1,Classified by ML model,pyxis
47722,BDI,PI,Peripheral Intervention,PI,Peripheral Intervention,2401110,Oncology,PH240111021005,Vacuum Assisted,PH240111031015,Encor Capital,PH240111041057,Encor Enspire Capital,PH240111051072,Encor Enspire Capital,FSENCOR-MR,Encor Mri Foot Pedal,FSENCOR-MR-Encor Mri Foot Pedal,PI-FSENCOR-MR,$911 ,1,Matched by Material ID,pyxis
47744,BLS,DS,Diagnostic Solutions,DS,Diagnostic Solutions,2118000,Cancer,PH211800021000,Cytology,PH211800031150,All Other Instruments,PH211800041015,FEA- Accessories,PH211800051027,FEA-Accessories,252874,LCD TOUCH SCREEN FEA SPARE,252874-LCD TOUCH SCREEN FEA SPARE,DS-252874,$833 ,1,Classified by ML model,pyxis
47764,BLS,SM,Specimen Management,SM,Specimen Management,2109003,Specimen Management Other,PH210900321400,Specimen Management Other,PH210900333300,Specimen Management Other,PH210900341162,All Other PAS,PH210900351175,All Other PAS,400026584,GNT9 - BARCODE APPLICATOR 400,400026584-GNT9 - BARCODE APPLICATOR 400,SM-400026584,$786 ,1,Matched by Material ID,pyxis
47807,BLS,DS,Diagnostic Solutions,DS,Diagnostic Solutions,2118000,Cancer,PH211800021000,Cytology,PH211800031150,All Other Instruments,PH211800041008,PrepStain Instr Accessories,PH211800051014,Spares-PrepStainInst,4493413,Vortexer Multi Cyto Rich 120V,4493413-Vortexer Multi Cyto Rich 120V,DS-4493413,$646 ,1,Classified by ML model,pyxis
47813,BLS,DS,Diagnostic Solutions,DS,Diagnostic Solutions,2118000,Cancer,PH211800021000,Cytology,PH211800031150,All Other Instruments,PH211800041008,PrepStain Instr Accessories,PH211800051014,Spares-PrepStainInst,490106,Power Cable Kit Prepstain 240V Europe,490106-Power Cable Kit Prepstain 240V Europe,DS-490106,$623 ,1,Classified by ML model,pyxis
47821,BDI,UCC,Urology and Critical Care,UCC,Urology and Critical Care,2401511,Targeted Temperature Management,PH240151121000,Arctic Sun,PH240151131000,Arctic Sun-Hardware,PH240151141026,Arctic Sun-Hrdware Repl Parts,PH240151151001,Arctic Sun-Hrdware Repl Parts,40400300,SPARE PART AS6000 SCREEN FILTR,40400300-SPARE PART AS6000 SCREEN FILTR,UCC-40400300,$606 ,1,Matched by Material ID,pyxis
47863,BLS,DS,Diagnostic Solutions,DS,Diagnostic Solutions,2111004,Microbiology,PH211100421000,Microbiology - PC Adjustment,PH211100437650,Microbiology - PC Adjustment,PH211100441379,Microbiology - PC Adjustment,PH211100451675,Microbiology - PC Adjustment,8270037,Vacuum Switch,8270037-Vacuum Switch,DS-8270037,$582 ,1,Matched by Material ID,pyxis
48084,BLS,BDB,Biosciences,BDB,Biosciences,2200700,Research Instruments,PH220070022050,FACSAria,PH220070032650,FACSAria Options,PH220070041041,FACSAria Options,PH220070051185,FACSAria Other Options and Upgrades,66207706,Fusion SO Filter Option 537/32 510/20,66207706-Fusion SO Filter Option 537/32 510/20,BDB-66207706,$500 ,1,Classified by ML model,pyxis
48825,BLS,SM,Specimen Management,SM,Specimen Management,2109003,Specimen Management Other,PH210900321400,Specimen Management Other,PH210900333300,Specimen Management Other,PH210900341162,All Other PAS,PH210900351175,All Other PAS,400026586,GNT9 - TRAY DISPENSING UNIT,400026586-GNT9 - TRAY DISPENSING UNIT,SM-400026586,$393 ,1,Matched by Material ID,pyxis
48981,BLS,DS,Diagnostic Solutions,DS,Diagnostic Solutions,2111006,Informatics,PH211100621000,Informatics,PH211100436600,Epicenter,PH211100441290,Epicenter Hardware,PH211100451521,Epicenter Hardware,441116,KEY SECURITY USB EPICENTER,441116-KEY SECURITY USB EPICENTER,DS-441116,$379 ,1,Classified by ML model,pyxis
49044,BLS,DS,Diagnostic Solutions,DS,Diagnostic Solutions,2111460,Lab Automation,PH211146021000,Lab Automation - PC Adjustment,PH211146032150,Lab Automation - PC Adjustment,PH211146041039,Lab Automation - PC Adjustment,PH211146051068,Lab Automation - PC Adjustment,496121,CYLINDER DSNU-16-125-PPV-A-R3 KIE SPARE,496121-CYLINDER DSNU-16-125-PPV-A-R3 KIE SPARE,DS-496121,$372 ,1,Matched by Material ID,pyxis
50810,BLS,DS,Diagnostic Solutions,DS,Diagnostic Solutions,2111460,Lab Automation,PH211146021000,Lab Automation - PC Adjustment,PH211146032150,Lab Automation - PC Adjustment,PH211146041039,Lab Automation - PC Adjustment,PH211146051068,Lab Automation - PC Adjustment,446007,MAIN CABINET FAN,446007-MAIN CABINET FAN,DS-446007,$206 ,1,Classified by ML model,pyxis
51852,BLS,DS,Diagnostic Solutions,DS,Diagnostic Solutions,2118000,Cancer,PH211800021000,Cytology,PH211800031150,All Other Instruments,PH211800041015,FEA- Accessories,PH211800051027,FEA-Accessories,252862,"COLLISION SENSOR (C5,C11,C12) FEA SPARE","252862-COLLISION SENSOR (C5,C11,C12) FEA SPARE",DS-252862,$21 ,1,Classified by ML model,pyxis
51867,BLS,DS,Diagnostic Solutions,DS,Diagnostic Solutions,2111006,Informatics,PH211100621000,Informatics,PH211100436650,Other Informatics,PH211100441296,DMS (Japan),PH211100451534,DMS (Japan),252791,SW Pkg CliniproTools 3.0,252791-SW Pkg CliniproTools 3.0,DS-252791,$18 ,1,Classified by ML model,pyxis
51942,BDI,PI,Peripheral Intervention,PI,Peripheral Intervention,2401110,Oncology,PH240111021005,Vacuum Assisted,PH240111031015,Encor Capital,PH240111041057,Encor Enspire Capital,PH240111051072,Encor Enspire Capital,RM1190488,Mangueira de Poliuretano 3/8 16,RM1190488-Mangueira de Poliuretano 3/8 16,PI-RM1190488, $-   ,1,Matched by Material ID,pyxis
51948,BDI,PI,Peripheral Intervention,PI,Peripheral Intervention,2401110,Oncology,PH240111021007,Other Biopsy,PH240111031064,CoreLite Capital - Placement,PH240111041127,CoreLite Capital - Placement,PH240111051142,CoreLite Capital - Placement,PLACE - CORELITE CAPITAL,CORELITE CABINET - Placement,PLACE - CORELITE CAPITAL-CORELITE CABINET - Placement,PI-PLACE - CORELITE CAPITAL, $-   ,1,Matched by Material ID,pyxis
51981,BLS,DS,Diagnostic Solutions,DS,Diagnostic Solutions,2111004,Microbiology,PH211100421000,Microbiology - PC Adjustment,PH211100437650,Microbiology - PC Adjustment,PH211100441379,Microbiology - PC Adjustment,PH211100451675,Microbiology - PC Adjustment,*501893,NEQAS Mycobacterium,*501893-NEQAS Mycobacterium,DS-*501893, $-   ,1,Matched by Material ID,pyxis
51983,BLS,DS,Diagnostic Solutions,DS,Diagnostic Solutions,2111004,Microbiology,PH211100421000,Microbiology - PC Adjustment,PH211100437650,Microbiology - PC Adjustment,PH211100441379,Microbiology - PC Adjustment,PH211100451675,Microbiology - PC Adjustment,4421072,PRINTER HP LASERJET 6L,4421072-PRINTER HP LASERJET 6L,DS-4421072, $-   ,1,Classified by ML model,pyxis
51984,BLS,DS,Diagnostic Solutions,DS,Diagnostic Solutions,2111004,Microbiology,PH211100421000,Microbiology - PC Adjustment,PH211100437650,Microbiology - PC Adjustment,PH211100441379,Microbiology - PC Adjustment,PH211100451675,Microbiology - PC Adjustment,4421073,CABLE HP PRINTER LASERJET 6L,4421073-CABLE HP PRINTER LASERJET 6L,DS-4421073, $-   ,1,Classified by ML model,pyxis
51986,BLS,DS,Diagnostic Solutions,DS,Diagnostic Solutions,2111004,Microbiology,PH211100421000,Microbiology - PC Adjustment,PH211100437650,Microbiology - PC Adjustment,PH211100441379,Microbiology - PC Adjustment,PH211100451675,Microbiology - PC Adjustment,S-8255019,Nitrogen Laser,S-8255019-Nitrogen Laser,DS-S-8255019, $-   ,1,Matched by Material ID,pyxis
51987,BLS,DS,Diagnostic Solutions,DS,Diagnostic Solutions,2111460,Lab Automation,PH211146021000,Lab Automation - PC Adjustment,PH211146032150,Lab Automation - PC Adjustment,PH211146041039,Lab Automation - PC Adjustment,PH211146051068,Lab Automation - PC Adjustment,447154,HDMI CABLE 2M A MALE TO HDMI A MALE.,447154-HDMI CABLE 2M A MALE TO HDMI A MALE.,DS-447154, $-   ,1,Matched by Material ID,pyxis
51989,BLS,DS,Diagnostic Solutions,DS,Diagnostic Solutions,2111460,Lab Automation,PH211146021000,Lab Automation - PC Adjustment,PH211146032150,Lab Automation - PC Adjustment,PH211146041039,Lab Automation - PC Adjustment,PH211146051068,Lab Automation - PC Adjustment,496159,Adlink PC Kit,496159-Adlink PC Kit,DS-496159, $-   ,1,Classified by ML model,pyxis
51999,BDM,MMS,Medication Management Solutions (MMS),MMS,Infusion Systems,2306001,Alaris System,PH230600121011,POC Systems,PH230600131062,Alaris System PC Unit License,PH230600141169,POC Applications,PH230600151266,Alaris System ICM Non-Commissionable,49000627,KIT 8990 POC PCU V9.19.1 DOM,49000627-KIT 8990 POC PCU V9.19.1 DOM,MMS-49000627, $-   ,1,Classified by ML model,pyxis
52015,BLS,BDB,Biosciences,BDB,Biosciences,2200200,Clinical Instruments,PH220020023150,FACSCalibur,PH220020035800,FACSCalibur Options,PH220020041119,FACSCalibur Options,PH220020051318,FACSCalibur Other Options and Upgrades,338148,Calibur E0001-E1015 FL4Upgrade Sort EURO,338148-Calibur E0001-E1015 FL4Upgrade Sort EURO,BDB-338148, $-   ,1,Classified by ML model,pyxis
52018,BLS,BDB,Biosciences,BDB,Biosciences,2200200,Clinical Instruments,PH220020023200,FACSCanto,PH220020035950,FACSCanto Options,PH220020041122,FACSCanto HTS,PH220020051325,FACSCanto HTS,64000919,BD HTS FACSCanto II RoHS Repaired,64000919-BD HTS FACSCanto II RoHS Repaired,BDB-64000919, $-   ,1,Classified by ML model,pyxis
52020,BLS,BDB,Biosciences,BDB,Biosciences,2200200,Clinical Instruments,PH220020023200,FACSCanto,PH220020035950,FACSCanto Options,PH220020041126,FACSCanto Options,PH220020051329,FACSCanto Other Options and Upgrades,650369,FACSCanto II Z200 Workstation Bundle,650369-FACSCanto II Z200 Workstation Bundle,BDB-650369, $-   ,1,Classified by ML model,pyxis
52022,BLS,BDB,Biosciences,BDB,Biosciences,2200200,Clinical Instruments,PH220020023200,FACSCanto,PH220020035950,FACSCanto Options,PH220020041126,FACSCanto Options,PH220020051329,FACSCanto Other Options and Upgrades,656801,FACSCanto II Z220 WORKSTATION BUNDLE EUR,656801-FACSCanto II Z220 WORKSTATION BUNDLE EUR,BDB-656801, $-   ,1,Classified by ML model,pyxis
52024,BLS,BDB,Biosciences,BDB,Biosciences,2200200,Clinical Instruments,PH220020023350,FACSLyric,PH220020036550,FACSLyric Options,PH220020041139,FACSLyric Options,PH220020051354,FACSLyric Other Options and Upgrades,65958907,FACSLyric 4 Blue Heptagon SVC,65958907-FACSLyric 4 Blue Heptagon SVC,BDB-65958907, $-   ,1,Classified by ML model,pyxis
52025,BLS,BDB,Biosciences,BDB,Biosciences,2200200,Clinical Instruments,PH220020023350,FACSLyric,PH220020036550,FACSLyric Options,PH220020041139,FACSLyric Options,PH220020051354,FACSLyric Other Options and Upgrades,662672,Bundle Computer Z240SFF FACSLyric EU,662672-Bundle Computer Z240SFF FACSLyric EU,BDB-662672, $-   ,1,Matched by Material ID,pyxis
52026,BLS,BDB,Biosciences,BDB,Biosciences,2200200,Clinical Instruments,PH220020023400,FACSPresto,PH220020036650,FACSPresto Instrument RR,PH220020041141,FACSPresto Instrument RR,PH220020051356,FACSPresto Instrument RR,#BDBPLANMAT_0043,Description - #BDBPlanMat_0043,#BDBPLANMAT_0043-Description - #BDBPlanMat_0043,BDB-#BDBPLANMAT_0043, $-   ,1,Matched by Material ID,pyxis
52075,BLS,BDB,Biosciences,BDB,Biosciences,2200700,Research Instruments,PH220070021950,Accuri,PH220070036000,Accuri Sampler RR,PH220070041119,Accuri Sampler RR,PH220070051282,Accuri Sampler RR,DUMMYSKU090_BDB,DUMMY SKU - Accuri Sampler RR Plcmt,DUMMYSKU090_BDB-DUMMY SKU - Accuri Sampler RR Plcmt,BDB-DUMMYSKU090_BDB, $-   ,1,Classified by ML model,pyxis
52076,BLS,BDB,Biosciences,BDB,Biosciences,2200700,Research Instruments,PH220070022050,FACSAria,PH220070032550,FACSAria Fusion Instrument,PH220070041039,FACSAria Fusion Instrument,PH220070051178,FACSAria Fusion Instrument,34056244,FACSAria SO G1-G2 CONVERSION SNP5M500001,34056244-FACSAria SO G1-G2 CONVERSION SNP5M500001,BDB-34056244, $-   ,1,Classified by ML model,pyxis
52077,BLS,BDB,Biosciences,BDB,Biosciences,2200700,Research Instruments,PH220070022050,FACSAria,PH220070032550,FACSAria Fusion Instrument,PH220070041039,FACSAria Fusion Instrument,PH220070051179,FACSAria Fusion SORP Instrument,6.58E+07,FACSAria Fusion SO 3B3R3V5YG2BV3UV EU,658282E2-FACSAria Fusion SO 3B3R3V5YG2BV3UV EU,BDB-658282E2, $-   ,1,Classified by ML model,pyxis
52078,BLS,BDB,Biosciences,BDB,Biosciences,2200700,Research Instruments,PH220070022050,FACSAria,PH220070032650,FACSAria Options,PH220070041041,FACSAria Options,PH220070051185,FACSAria Other Options and Upgrades,34056221,FACSAria Laser OPT 355-60 3PMT Fiber SO,34056221-FACSAria Laser OPT 355-60 3PMT Fiber SO,BDB-34056221, $-   ,1,Classified by ML model,pyxis
52079,BLS,BDB,Biosciences,BDB,Biosciences,2200700,Research Instruments,PH220070022050,FACSAria,PH220070032650,FACSAria Options,PH220070041041,FACSAria Options,PH220070051185,FACSAria Other Options and Upgrades,34057733,FACSAria SO 4UV60 UPGRD SN P650034S2001,34057733-FACSAria SO 4UV60 UPGRD SN P650034S2001,BDB-34057733, $-   ,1,Classified by ML model,pyxis
52081,BLS,BDB,Biosciences,BDB,Biosciences,2200700,Research Instruments,PH220070022050,FACSAria,PH220070032650,FACSAria Options,PH220070041041,FACSAria Options,PH220070051185,FACSAria Other Options and Upgrades,340577Q5,FACSAria SO 5YG100 UPGD BDEU,340577Q5-FACSAria SO 5YG100 UPGD BDEU,BDB-340577Q5, $-   ,1,Classified by ML model,pyxis
52083,BLS,BDB,Biosciences,BDB,Biosciences,2200700,Research Instruments,PH220070022050,FACSAria,PH220070032650,FACSAria Options,PH220070041041,FACSAria Options,PH220070051185,FACSAria Other Options and Upgrades,340577Q7,FACSAria SO 355-60 w/BE 3PMT Trigon,340577Q7-FACSAria SO 355-60 w/BE 3PMT Trigon,BDB-340577Q7, $-   ,1,Classified by ML model,pyxis
52084,BLS,BDB,Biosciences,BDB,Biosciences,2200700,Research Instruments,PH220070022050,FACSAria,PH220070032650,FACSAria Options,PH220070041041,FACSAria Options,PH220070051185,FACSAria Other Options and Upgrades,340577S3,FACSAria SO 3UV60 UPGRD SN650110A9,340577S3-FACSAria SO 3UV60 UPGRD SN650110A9,BDB-340577S3, $-   ,1,Classified by ML model,pyxis
52089,BLS,BDB,Biosciences,BDB,Biosciences,2200700,Research Instruments,PH220070022050,FACSAria,PH220070032650,FACSAria Options,PH220070041041,FACSAria Options,PH220070051185,FACSAria Other Options and Upgrades,643986,Conversion ARIA I to ARIA II W/Tmp Cont,643986-Conversion ARIA I to ARIA II W/Tmp Cont,BDB-643986, $-   ,1,Classified by ML model,pyxis
52091,BLS,BDB,Biosciences,BDB,Biosciences,2200700,Research Instruments,PH220070022050,FACSAria,PH220070032650,FACSAria Options,PH220070041041,FACSAria Options,PH220070051185,FACSAria Other Options and Upgrades,649589,Kit Violet 375nm Laser Upgd FACSAria III,649589-Kit Violet 375nm Laser Upgd FACSAria III,BDB-649589, $-   ,1,Classified by ML model,pyxis
52093,BLS,BDB,Biosciences,BDB,Biosciences,2200700,Research Instruments,PH220070022050,FACSAria,PH220070032650,FACSAria Options,PH220070041041,FACSAria Options,PH220070051185,FACSAria Other Options and Upgrades,649590,Kit NON NUV 405nm LSR Upgrade Aria I-III,649590-Kit NON NUV 405nm LSR Upgrade Aria I-III,BDB-649590, $-   ,1,Classified by ML model,pyxis
52094,BLS,BDB,Biosciences,BDB,Biosciences,2200700,Research Instruments,PH220070022050,FACSAria,PH220070032650,FACSAria Options,PH220070041041,FACSAria Options,PH220070051185,FACSAria Other Options and Upgrades,656711,Fusion YG Upgrade 5 PMT Octagon,656711-Fusion YG Upgrade 5 PMT Octagon,BDB-656711, $-   ,1,Classified by ML model,pyxis
52095,BLS,BDB,Biosciences,BDB,Biosciences,2200700,Research Instruments,PH220070022050,FACSAria,PH220070032650,FACSAria Options,PH220070041041,FACSAria Options,PH220070051185,FACSAria Other Options and Upgrades,66207503,Aria Fusion SO Laser Opt 355-15 PMT SCI,66207503-Aria Fusion SO Laser Opt 355-15 PMT SCI,BDB-66207503, $-   ,1,Classified by ML model,pyxis
52097,BLS,BDB,Biosciences,BDB,Biosciences,2200700,Research Instruments,PH220070022050,FACSAria,PH220070035150,FACSAria Fusion Instrument RR,PH220070041101,FACSAria Fusion Instrument RR,PH220070051262,FACSAria Fusion Instrument RR,#BDBPLANMAT_ARIAFUSION_RR,FACSAria Fusion Instrument RR,#BDBPLANMAT_ARIAFUSION_RR-FACSAria Fusion Instrument RR,BDB-#BDBPLANMAT_ARIAFUSION_RR, $-   ,1,Classified by ML model,pyxis
52098,BLS,BDB,Biosciences,BDB,Biosciences,2200700,Research Instruments,PH220070022100,FACSCelesta,PH220070032800,FACSCelesta Options,PH220070041044,FACSCelesta Options,PH220070051188,FACSCelesta Other Options and Upgrades,661748,HTS FACSCelesta Install Kit,661748-HTS FACSCelesta Install Kit,BDB-661748, $-   ,1,Classified by ML model,pyxis
52107,BLS,BDB,Biosciences,BDB,Biosciences,2200700,Research Instruments,PH220070022400,INFLUX,PH220070033500,Influx Options,PH220070041059,Influx Options,PH220070051205,INFLUX Other Options and Upgrades,645364,Cleaner Nozzle Tip 110V 60Hz Ultrasonic,645364-Cleaner Nozzle Tip 110V 60Hz Ultrasonic,BDB-645364, $-   ,1,Matched by Material ID,pyxis
52109,BLS,BDB,Biosciences,BDB,Biosciences,2200700,Research Instruments,PH220070022400,INFLUX,PH220070033500,Influx Options,PH220070041059,Influx Options,PH220070051205,INFLUX Other Options and Upgrades,659460,Kit 355-100 Laser Upgrade W F355-4PMT-B,659460-Kit 355-100 Laser Upgrade W F355-4PMT-B,BDB-659460, $-   ,1,Classified by ML model,pyxis
52111,BLS,BDB,Biosciences,BDB,Biosciences,2200700,Research Instruments,PH220070022400,INFLUX,PH220070033500,Influx Options,PH220070041059,Influx Options,PH220070051205,INFLUX Other Options and Upgrades,660258,Kit 561-150 Laser Upgrade W F561-5PMT-A,660258-Kit 561-150 Laser Upgrade W F561-5PMT-A,BDB-660258, $-   ,1,Classified by ML model,pyxis
52112,BLS,BDB,Biosciences,BDB,Biosciences,2200700,Research Instruments,PH220070022400,INFLUX,PH220070033500,Influx Options,PH220070041059,Influx Options,PH220070051205,INFLUX Other Options and Upgrades,661886,Influx Upgrade,661886-Influx Upgrade,BDB-661886, $-   ,1,Classified by ML model,pyxis
52140,BLS,BDB,Biosciences,BDB,Biosciences,2200700,Research Instruments,PH220070022500,LSR/Fortessa,PH220070033900,LSR/Fortessa Options,PH220070041068,LSR/Fortessa Options,PH220070051217,LSR/Fortessa Other Options and Upgrades,65832524,Fortessa X-20 SO 355-15 2 PMT Preamp Fib,65832524-Fortessa X-20 SO 355-15 2 PMT Preamp Fib,BDB-65832524, $-   ,1,Classified by ML model,pyxis
52146,BLS,BDB,Biosciences,BDB,Biosciences,2200700,Research Instruments,PH220070022500,LSR/Fortessa,PH220070033900,LSR/Fortessa Options,PH220070041068,LSR/Fortessa Options,PH220070051217,LSR/Fortessa Other Options and Upgrades,658326W2,LSRFortessa X-20 SO 2DET BUV 355 ES WW,658326W2-LSRFortessa X-20 SO 2DET BUV 355 ES WW,BDB-658326W2, $-   ,1,Classified by ML model,pyxis
52147,BLS,BDB,Biosciences,BDB,Biosciences,2200700,Research Instruments,PH220070022500,LSR/Fortessa,PH220070033950,LSR/Fortessa X-20,PH220070041069,LSR/Fortessa X-20,PH220070051218,LSRFortessa X20 Instrument,658325S2,LSRFortessa X-20 355 2DET UPGRD,658325S2-LSRFortessa X-20 355 2DET UPGRD,BDB-658325S2, $-   ,1,Classified by ML model,pyxis
52152,BLS,BDB,Biosciences,BDB,Biosciences,2200700,Research Instruments,PH220070022500,LSR/Fortessa,PH220070033950,LSR/Fortessa X-20,PH220070041069,LSR/Fortessa X-20,PH220070051218,LSRFortessa X20 Instrument,658325S4,LSRFort X20 SO 355-15 561-50 7 PMT 5Fib1,658325S4-LSRFort X20 SO 355-15 561-50 7 PMT 5Fib1,BDB-658325S4, $-   ,1,Classified by ML model,pyxis
52154,BLS,BDB,Biosciences,BDB,Biosciences,2200700,Research Instruments,PH220070022550,FACSDiscover S8,PH220070034350,FACSDiscover S8 Options,PH220070041079,FACSDiscover S8 Options,PH220070051234,FACSDiscover S8 Options,667380,Updgrade Kit S8 StrobeLED Collection Lns,667380-Updgrade Kit S8 StrobeLED Collection Lns,BDB-667380, $-   ,1,Classified by ML model,pyxis
52793,BLS,DS,Diagnostic Solutions,DS,Diagnostic Solutions,2111001,Molecular Diagnostics,PH211100121250,BD COR,PH211100133950,All Other BD COR,PH211100141152,BD COR Instrument Other,PH211100151253,BD COR Instrument Other,444884,BD COR MX MOCK KIT,444884-BD COR MX MOCK KIT,DS-444884, $-   ,1,Classified by ML model,pyxis
52801,BLS,DS,Diagnostic Solutions,DS,Diagnostic Solutions,2111004,Microbiology,PH211100421550,ID/AST,PH211100435900,BioTyper Instr - Sale,PH211100441247,BioTyper Sales,PH211100451429,LT MALDI-TOF Sales,1841916,PRINTER HP LASERJET 115V,1841916-PRINTER HP LASERJET 115V,DS-1841916, $-   ,1,Matched by Material ID,pyxis
52802,BLS,DS,Diagnostic Solutions,DS,Diagnostic Solutions,2111004,Microbiology,PH211100421550,ID/AST,PH211100435900,BioTyper Instr - Sale,PH211100441247,BioTyper Sales,PH211100451429,LT MALDI-TOF Sales,8604655,MEMBRANE PUMP MVP 030 3DC,8604655-MEMBRANE PUMP MVP 030 3DC,DS-8604655, $-   ,1,Matched by Material ID,pyxis
52808,BLS,DS,Diagnostic Solutions,DS,Diagnostic Solutions,2111006,Informatics,PH211100621000,Informatics,PH211100436600,Epicenter,PH211100441290,Epicenter Hardware,PH211100451521,Epicenter Hardware,256642,256642,256642-256642,DS-256642, $-   ,1,Classified by ML model,pyxis
52809,BLS,DS,Diagnostic Solutions,DS,Diagnostic Solutions,2111006,Informatics,PH211100621000,Informatics,PH211100436600,Epicenter,PH211100441290,Epicenter Hardware,PH211100451521,Epicenter Hardware,257287,EPICENTER V4 UPGRADE KIT FOR DELL 220,257287-EPICENTER V4 UPGRADE KIT FOR DELL 220,DS-257287, $-   ,1,Classified by ML model,pyxis
52810,BLS,DS,Diagnostic Solutions,DS,Diagnostic Solutions,2111006,Informatics,PH211100621000,Informatics,PH211100436600,Epicenter,PH211100441290,Epicenter Hardware,PH211100451521,Epicenter Hardware,441402,Printer Barcode Epicenter Packaged,441402-Printer Barcode Epicenter Packaged,DS-441402, $-   ,1,Matched by Material ID,pyxis
52811,BLS,DS,Diagnostic Solutions,DS,Diagnostic Solutions,2111006,Informatics,PH211100621000,Informatics,PH211100436600,Epicenter,PH211100441290,Epicenter Hardware,PH211100451521,Epicenter Hardware,441932,SWITCH 24 PORT GIGABIT EPICENTER SPARE,441932-SWITCH 24 PORT GIGABIT EPICENTER SPARE,DS-441932, $-   ,1,Matched by Material ID,pyxis
52812,BLS,DS,Diagnostic Solutions,DS,Diagnostic Solutions,2111006,Informatics,PH211100621000,Informatics,PH211100631000,Synapsys,PH211100641003,Synapsys Hardware,PH211100651003,Synapsys Hardware,444879,NUC GENERIC COMPUTER OP SYSTEM,444879-NUC GENERIC COMPUTER OP SYSTEM,DS-444879, $-   ,1,Classified by ML model,pyxis
52826,BLS,DS,Diagnostic Solutions,DS,Diagnostic Solutions,2118000,Cancer,PH211800021000,Cytology,PH211800031150,All Other Instruments,PH211800041009,FocalPoint Instrument Accessories,PH211800051016,Spares - FocalPoint,443875,MANUAL OPS FPGS ASSY 3.7.0 PACKAGED,443875-MANUAL OPS FPGS ASSY 3.7.0 PACKAGED,DS-443875, $-   ,1,Classified by ML model,pyxis
52827,BLS,DS,Diagnostic Solutions,DS,Diagnostic Solutions,2118000,Cancer,PH211800021000,Cytology,PH211800031150,All Other Instruments,PH211800041009,FocalPoint Instrument Accessories,PH211800051016,Spares - FocalPoint,444592,PRINTED WIRE MOTOR INTFC X&Y ROHS SPARE,444592-PRINTED WIRE MOTOR INTFC X&Y ROHS SPARE,DS-444592, $-   ,1,Classified by ML model,pyxis
52828,BLS,DS,Diagnostic Solutions,DS,Diagnostic Solutions,2118000,Cancer,PH211800021000,Cytology,PH211800031150,All Other Instruments,PH211800041009,FocalPoint Instrument Accessories,PH211800051016,Spares - FocalPoint,444839,FP WKST SYSTEM APPS 3.7.0 OR HIGHER,444839-FP WKST SYSTEM APPS 3.7.0 OR HIGHER,DS-444839, $-   ,1,Classified by ML model,pyxis
52831,BLS,DS,Diagnostic Solutions,DS,Diagnostic Solutions,2118000,Cancer,PH211800021000,Cytology,PH211800031150,All Other Instruments,PH211800041009,FocalPoint Instrument Accessories,PH211800051016,Spares - FocalPoint,490141,Kit Printer,490141-Kit Printer,DS-490141, $-   ,1,Classified by ML model,pyxis
52832,BLS,DS,Diagnostic Solutions,DS,Diagnostic Solutions,2118000,Cancer,PH211800021000,Cytology,PH211800031150,All Other Instruments,PH211800041009,FocalPoint Instrument Accessories,PH211800051016,Spares - FocalPoint,490157,Kit External Tape Drive,490157-Kit External Tape Drive,DS-490157, $-   ,1,Classified by ML model,pyxis
52833,BLS,DS,Diagnostic Solutions,DS,Diagnostic Solutions,2118000,Cancer,PH211800021000,Cytology,PH211800031150,All Other Instruments,PH211800041009,FocalPoint Instrument Accessories,PH211800051016,Spares - FocalPoint,490160,Kit Router Europe,490160-Kit Router Europe,DS-490160, $-   ,1,Classified by ML model,pyxis
52835,BLS,DS,Diagnostic Solutions,DS,Diagnostic Solutions,2118000,Cancer,PH211800021000,Cytology,PH211800031150,All Other Instruments,PH211800041009,FocalPoint Instrument Accessories,PH211800051016,Spares - FocalPoint,490403,Manual Operators Focal Point Intl 3.4.1A,490403-Manual Operators Focal Point Intl 3.4.1A,DS-490403, $-   ,1,Classified by ML model,pyxis
52836,BLS,DS,Diagnostic Solutions,DS,Diagnostic Solutions,2118000,Cancer,PH211800021000,Cytology,PH211800031150,All Other Instruments,PH211800041009,FocalPoint Instrument Accessories,PH211800051016,Spares - FocalPoint,490412,Kit Country 120V 60Hz,490412-Kit Country 120V 60Hz,DS-490412, $-   ,1,Classified by ML model,pyxis
52837,BLS,DS,Diagnostic Solutions,DS,Diagnostic Solutions,2118000,Cancer,PH211800021000,Cytology,PH211800031150,All Other Instruments,PH211800041009,FocalPoint Instrument Accessories,PH211800051016,Spares - FocalPoint,490676,Kit Country Focalpoint 230/240V 50Hz,490676-Kit Country Focalpoint 230/240V 50Hz,DS-490676, $-   ,1,Classified by ML model,pyxis
52838,BLS,DS,Diagnostic Solutions,DS,Diagnostic Solutions,2118000,Cancer,PH211800021000,Cytology,PH211800031150,All Other Instruments,PH211800041009,FocalPoint Instrument Accessories,PH211800051016,Spares - FocalPoint,491441,Review Station LL Server,491441-Review Station LL Server,DS-491441, $-   ,1,Classified by ML model,pyxis
52840,BLS,DS,Diagnostic Solutions,DS,Diagnostic Solutions,2118000,Cancer,PH211800021000,Cytology,PH211800031150,All Other Instruments,PH211800041009,FocalPoint Instrument Accessories,PH211800051017,FocalPoint Instrument Accessories Adjustment,NIKON-CI-L,NIKON CI-L Microscope,NIKON-CI-L-NIKON CI-L Microscope,DS-NIKON-CI-L, $-   ,1,Classified by ML model,pyxis
52841,BLS,DS,Diagnostic Solutions,DS,Diagnostic Solutions,2118000,Cancer,PH211800021000,Cytology,PH211800031150,All Other Instruments,PH211800041014,PrepStain Plus Accessories,PH211800051026,Spares- PS Plus,491295,Kit Totalys Slide Prep Handheld Bcr,491295-Kit Totalys Slide Prep Handheld Bcr,DS-491295, $-   ,1,Classified by ML model,pyxis
52842,BLS,DS,Diagnostic Solutions,DS,Diagnostic Solutions,2118000,Cancer,PH211800021000,Cytology,PH211800031150,All Other Instruments,PH211800041014,PrepStain Plus Accessories,PH211800051026,Spares- PS Plus,491345,Totalys Slideprep Ops Man Kit All Lang,491345-Totalys Slideprep Ops Man Kit All Lang,DS-491345, $-   ,1,Classified by ML model,pyxis
52843,BLS,DS,Diagnostic Solutions,DS,Diagnostic Solutions,2118000,Cancer,PH211800021000,Cytology,PH211800031150,All Other Instruments,PH211800041015,FEA- Accessories,PH211800051027,FEA-Accessories,443147,TOTALYS M TUBE BARCODE LABELS,443147-TOTALYS M TUBE BARCODE LABELS,DS-443147, $-   ,1,Classified by ML model,pyxis
52844,BLS,DS,Diagnostic Solutions,DS,Diagnostic Solutions,2118000,Cancer,PH211800021000,Cytology,PH211800031150,All Other Instruments,PH211800041015,FEA- Accessories,PH211800051027,FEA-Accessories,491389,KIT MULTIPROCESSOR INSTALL,491389-KIT MULTIPROCESSOR INSTALL,DS-491389, $-   ,1,Classified by ML model,pyxis
52845,BLS,DS,Diagnostic Solutions,DS,Diagnostic Solutions,2118000,Cancer,PH211800021000,Cytology,PH211800031900,PrepStain Instr - Plcmt,PH211800041010,PrepStain Placement,PH211800051018,PrepStain Placement,285045,PrepStain Instrument Placements,285045-PrepStain Instrument Placements,DS-285045, $-   ,1,Matched by Material ID,pyxis
52860,BLS,BDB,Biosciences,BDB,Biosciences,2200700,Research Instruments,PH220070022100,FACSCelesta,PH220070032800,FACSCelesta Options,PH220070041044,FACSCelesta Options,PH220070051188,FACSCelesta Other Options and Upgrades,663351,HTS Tank Option Kit,663351-HTS Tank Option Kit,BDB-663351,($127),1,Matched by Material ID,pyxis
52869,BDM,MMS,Medication Management Solutions (MMS),MMD,Dispensing,2307000,Advisors,PH233200021003,Patient Solutions,PH233200031007,Clinical Advisor,PH233200041012,Clinical Advisor,PH233200051013,Clinical Advisor,MM-PYX-ADV,PYXIS ADVISOR,MM-PYX-ADV-PYXIS ADVISOR,MMS-MM-PYX-ADV,"($4,750)",1,Classified by ML model,pyxis
52870,BLS,DS,Diagnostic Solutions,DS,Diagnostic Solutions,2118000,Cancer,PH211800021000,Cytology,PH211800031150,All Other Instruments,PH211800041009,FocalPoint Instrument Accessories,PH211800051016,Spares - FocalPoint,490187,Review Station Config Xp Srvr Ll 2.4.2,490187-Review Station Config Xp Srvr Ll 2.4.2,DS-490187,"($6,500)",1,Classified by ML model,pyxis
52873,BLS,DS,Diagnostic Solutions,DS,Diagnostic Solutions,2111004,Microbiology,PH211100421000,Microbiology - PC Adjustment,PH211100437650,Microbiology - PC Adjustment,PH211100441379,Microbiology - PC Adjustment,PH211100451675,Microbiology - PC Adjustment,*FL06801,A.I.M.G BACTERIO AUTOMAT,*FL06801-A.I.M.G BACTERIO AUTOMAT,DS-*FL06801,"($153,661)",1,Matched by Material ID,pyxis
52905,BLS,BDB,Biosciences,BDB,Biosciences,2200700,Research Instruments,PH220070021950,Accuri,PH220070032350,Accuri Instrument,PH220070041035,Accuri Instrument,PH220070051168,Accuri C6 Plus Instrument,400018062,BD Accuri C6 Plus System,400018062-BD Accuri C6 Plus System,BDB-400018062,"$7,896 ",0,Classified by ML model,pyxis
52909,BLS,BDB,Biosciences,BDB,Biosciences,2200200,Clinical Instruments,PH220020023350,FACSLyric,PH220020036350,FACSLyric Instrument,PH220020041135,FACSLyric Instrument,PH220020051346,FACSLyric Instrument CE/IVD - 12 Color,400031430,FACSLyric 3L12C Instrument CEIVD,400031430-FACSLyric 3L12C Instrument CEIVD,BDB-400031430,"$24,046 ",0,Matched by Material ID,pyxis
52913,BDM,MMS,Medication Management Solutions (MMS),MMD,Dispensing,2305001,Pyxis Med,PH230500121000,Pyxis Med,PH230500131000,Pyxis Med - Other,PH230500141000,Pyxis Med - Other,PH230500151000,Pyxis Med - Other,PL_452_150,Dispensing Technologies NP Adjustment,PL_452_150-Dispensing Technologies NP Adjustment,MMS-PL_452_150,"$8,331,808 ", -   ,Classified by ML model,pyxis
52918,BDM,MMS,Medication Management Solutions (MMS),MMD,Dispensing,2142000,IV Prep,PH214200021150,Capital,PH214200031150,IV Prep - Other,PH214200041003,IV Prep - Other,PH214200051003,IV Prep - Other,PL_406_142,Pyxis IV Prep NP Adjustment,PL_406_142-Pyxis IV Prep NP Adjustment,MMS-PL_406_142,"$5,749,654 ", -   ,Classified by ML model,pyxis
52926,BLS,BDB,Biosciences,BDB,Biosciences,2200200,Clinical Instruments,PH220020023750,Other Instrument Revenue (Clinical),PH220020037400,Other Instrument Revenue (Clinical),PH220020041169,Other Instrument Revenue (Clinical),PH220020051406,Reag Rent Inst Alloc (Clinical),*999055999,RRP FACSLYRIC,*999055999-RRP FACSLYRIC,BDB-*999055999,"$2,901,235 ", -   ,Classified by ML model,pyxis
52933,BLS,DS,Diagnostic Solutions,DS,Diagnostic Solutions,2111004,Microbiology,PH211100421550,ID/AST,PH211100435900,BioTyper Instr - Sale,PH211100441247,BioTyper Sales,PH211100451430,BioTyper Sales Adjustment,PL_596_127,BioTyper Instruments Adjustment,PL_596_127-BioTyper Instruments Adjustment,DS-PL_596_127,"$1,633,592 ", -   ,Matched by Material ID,pyxis
52938,BLS,BDB,Biosciences,BDB,Biosciences,2200700,Research Instruments,PH220070022850,FACSDiscover A8,PH220070034550,FACSDiscover A8 Instrument,PH220070041022,Mosaic Instrument - Analyzer - PC Adjustment,PH220070051162,Mosaic Instrument - Analyzer - PC Adjustment,PL_141_128,FACSMosaic Instrument - Analyzer Adjustment,PL_141_128-FACSMosaic Instrument - Analyzer Adjustment,BDB-PL_141_128,"$1,098,637 ", -   ,Classified by ML model,pyxis
52945,BLS,DS,Diagnostic Solutions,DS,Diagnostic Solutions,2111460,Lab Automation,PH211146021100,Lab Automation,PH211146032050,InoqulA Talon Instr - Plcmt,PH211146041037,InoqulA Talon Instr - Plcmt,PH211146051066,InoqulA Talon Instr - Plcmt,PL_698_210,InoqulA Talon Instrument - Plcmt Adjustment,PL_698_210-InoqulA Talon Instrument - Plcmt Adjustment,DS-PL_698_210,"$706,897 ", -   ,Matched by Material ID,pyxis
52949,BLS,BDB,Biosciences,BDB,Biosciences,2200200,Clinical Instruments,PH220020023750,Other Instrument Revenue (Clinical),PH220020037400,Other Instrument Revenue (Clinical),PH220020041169,Other Instrument Revenue (Clinical),PH220020051406,Reag Rent Inst Alloc (Clinical),*999064999,RRP FACSCANTO,*999064999-RRP FACSCANTO,BDB-*999064999,"$658,665 ", -   ,Classified by ML model,pyxis
52956,BLS,DS,Diagnostic Solutions,DS,Diagnostic Solutions,2118000,Cancer,PH211800021000,Cytology,PH211800031650,FocalPoint Instr - Plcmt,PH211800041038,FocalPoint GS Placement,PH211800051066,FocalPoint GS Placement,285049,Focalpoint Guided Screening,285049-Focalpoint Guided Screening,DS-285049,"$544,076 ", -   ,Matched by Material ID,pyxis
52957,BLS,DS,Diagnostic Solutions,DS,Diagnostic Solutions,2111006,Informatics,PH211100621000,Informatics,PH211100436600,Epicenter,PH211100441291,Epicenter Other,PH211100451524,Epicenter Other Adjustment,PL_611_127,Epicenter Other and Adjustments,PL_611_127-Epicenter Other and Adjustments,DS-PL_611_127,"$514,841 ", -   ,Matched by Material ID,pyxis
52961,BLS,BDB,Biosciences,BDB,Biosciences,2200700,Research Instruments,PH220070022600,Other Instrument Revenue (Research),PH220070034050,Other Instrument Revenue (Research),PH220070041072,Other Instrument Revenue (Research),PH220070051225,Reag Rent Inst Alloc (Research),*999054999,RRP FACSMELODY,*999054999-RRP FACSMELODY,BDB-*999054999,"$434,554 ", -   ,Matched by Material ID,pyxis
52966,BLS,BDB,Biosciences,BDB,Biosciences,2200700,Research Instruments,PH220070022600,Other Instrument Revenue (Research),PH220070034050,Other Instrument Revenue (Research),PH220070041072,Other Instrument Revenue (Research),PH220070051225,Reag Rent Inst Alloc (Research),*999059999,RRP FACSYMPHONY,*999059999-RRP FACSYMPHONY,BDB-*999059999,"$387,834 ", -   ,Matched by Material ID,pyxis
52973,BLS,DS,Diagnostic Solutions,DS,Diagnostic Solutions,2111001,Molecular Diagnostics,PH211100121200,BD MAX,PH211100132500,MAX Instr - Sale,PH211100141091,MAX 6Color Inst Sale,PH211100151163,MAX 6Color Inst Sale,435404,Instrument Buyout BD Max 6 Color,435404-Instrument Buyout BD Max 6 Color,DS-435404,"$326,374 ", -   ,Matched by Material ID,pyxis
52983,BLS,DS,Diagnostic Solutions,DS,Diagnostic Solutions,2111001,Molecular Diagnostics,PH211100121100,ProbeTec/Viper,PH211100132300,BD Viper NP,PH211100141075,BD Viper Diagnostics Adjustment/Expense,PH211100151133,BD Viper Diagnostics Adjustment/Expense Adjustment,PL_512_125,BD Viper NP Adjustment,PL_512_125-BD Viper NP Adjustment,DS-PL_512_125,"$274,716 ", -   ,Classified by ML model,pyxis
52984,BLS,DS,Diagnostic Solutions,DS,Diagnostic Solutions,2211005,Diagnostic Solutions Other,PH221100521750,Diagnostic Systems Other,PH211100436750,Infection Prevention & Mgmt NP,PH211100441314,WW Infection Prev&Mgmt Oper Exps-Ex BDMS,PH211100451563,WW Infection Prev&Mgmt Oper Exps-Ex BDMS,PL_635_127,Infection Prevention & Mgmt NP,PL_635_127-Infection Prevention & Mgmt NP,DS-PL_635_127,"$270,185 ", -   ,Classified by ML model,pyxis
52989,BLS,DS,Diagnostic Solutions,DS,Diagnostic Solutions,2111006,Informatics,PH211100621000,Informatics,PH211100436650,Other Informatics,PH211100441296,DMS (Japan),PH211100451534,DMS (Japan),4418877,BD DATA MANAGEMENT SYSTEM,4418877-BD DATA MANAGEMENT SYSTEM,DS-4418877,"$240,960 ", -   ,Classified by ML model,pyxis
52990,BLS,DS,Diagnostic Solutions,DS,Diagnostic Solutions,2111004,Microbiology,PH211100421550,ID/AST,PH211100435900,BioTyper Instr - Sale,PH211100441247,BioTyper Sales,PH211100451429,LT MALDI-TOF Sales,1890127,BD-MALDI Biotyper sirius GP,1890127-BD-MALDI Biotyper sirius GP,DS-1890127,"$225,380 ", -   ,Matched by Material ID,pyxis
52995,BLS,DS,Diagnostic Solutions,DS,Diagnostic Solutions,2111006,Informatics,PH211100621000,Informatics,PH211100436650,Other Informatics,PH211100441297,Informatics Adjustment,PH211100451535,Informatics Adjustment,PL_613_127,Infection Prevention Solutions NP Adjustment,PL_613_127-Infection Prevention Solutions NP Adjustment,DS-PL_613_127,"$208,726 ", -   ,Classified by ML model,pyxis
53000,BLS,BDB,Biosciences,BDB,Biosciences,2200200,Clinical Instruments,PH220020023300,FACSDuet,PH220020036150,FACSDuet,PH220020041130,FACSDuet,PH220020051333,FACSDuet - Base Instrument,PL_133_110,FACSDuet Instrument Adjustment,PL_133_110-FACSDuet Instrument Adjustment,BDB-PL_133_110,"$199,377 ", -   ,Matched by Material ID,pyxis
53006,BLS,DS,Diagnostic Solutions,DS,Diagnostic Solutions,2111006,Informatics,PH211100621000,Informatics,PH211100436600,Epicenter,PH211100441290,Epicenter Hardware,PH211100451521,Epicenter Hardware,*REPICENTER,EPICENTER SYSTEM,*REPICENTER-EPICENTER SYSTEM,DS-*REPICENTER,"$191,107 ", -   ,Matched by Material ID,pyxis
53009,BLS,SM,Specimen Management,SM,Specimen Management,2109003,Specimen Management Other,PH210900321400,Specimen Management Other,PH210900333300,Specimen Management Other,PH210900341162,All Other PAS,PH210900351175,All Other PAS,*DUT051,PRODUKTY ZEWNETRZNE,*DUT051-PRODUKTY ZEWNETRZNE,SM-*DUT051,"$182,573 ", -   ,Matched by Material ID,pyxis
53021,BLS,DS,Diagnostic Solutions,DS,Diagnostic Solutions,2211005,Diagnostic Solutions Other,PH221100521800,Diagnostic Systems Other - PC Adjustment,PH221100537250,Diagnostic Systems Other - PC Adjustment,PH221100541356,Diagnostic Systems Other - PC Adjustment,PH221100551639,Diagnostic Systems Other - PC Adjustment,DUMMYSKU042_IDS,PC Adjustment - 2211005 Diagnostic Systems Other,DUMMYSKU042_IDS-PC Adjustment - 2211005 Diagnostic Systems Other,DS-DUMMYSKU042_IDS,"$153,149 ", -   ,Classified by ML model,pyxis
53022,BLS,DS,Diagnostic Solutions,DS,Diagnostic Solutions,2111004,Microbiology,PH211100421000,Microbiology - PC Adjustment,PH211100437650,Microbiology - PC Adjustment,PH211100441379,Microbiology - PC Adjustment,PH211100451675,Microbiology - PC Adjustment,*MALDI_SERV,*MALDI_SERV,*MALDI_SERV-*MALDI_SERV,DS-*MALDI_SERV,"$150,214 ", -   ,Classified by ML model,pyxis
53024,BLS,BDB,Biosciences,BDB,Biosciences,2200200,Clinical Instruments,PH220020023750,Other Instrument Revenue (Clinical),PH220020037400,Other Instrument Revenue (Clinical),PH220020041169,Other Instrument Revenue (Clinical),PH220020051406,Reag Rent Inst Alloc (Clinical),*999061999,RRP FACSARIA,*999061999-RRP FACSARIA,BDB-*999061999,"$148,828 ", -   ,Classified by ML model,pyxis
53026,BLS,BDB,Biosciences,BDB,Biosciences,2200700,Research Instruments,PH220070022050,FACSAria,PH220070032550,FACSAria Fusion Instrument,PH220070041039,FACSAria Fusion Instrument,PH220070051178,FACSAria Fusion Instrument,656700K1,Fusion 6B/2R/3V ACDU w/Hood,656700K1-Fusion 6B/2R/3V ACDU w/Hood,BDB-656700K1,"$146,738 ", -   ,Classified by ML model,pyxis
53050,BDM,MMS,Medication Management Solutions (MMS),MMD,Dispensing,2315001,Pyxis Supply,PH231500121050,Pyxis Supply,PH231500131050,Pyxis Supply - Other,PH231500141001,Pyxis Supply - Other,PH231500151001,Pyxis Supply - Other,PL_608_163,Pyxis StockStation Adjustment,PL_608_163-Pyxis StockStation Adjustment,MMS-PL_608_163,"$112,447 ", -   ,Classified by ML model,pyxis
53056,BLS,BDB,Biosciences,BDB,Biosciences,2200700,Research Instruments,PH220070022250,FACSVerse,PH220070033050,FACSVerse Instrument,PH220070041049,FACSVerse Instrument,PH220070051193,FACSVerse Instrument,651154,BD FACSVerse 2L 6c System with Acc Kit,651154-BD FACSVerse 2L 6c System with Acc Kit,BDB-651154,"$105,252 ", -   ,Matched by Material ID,pyxis
53060,BLS,BDB,Biosciences,BDB,Biosciences,2200200,Clinical Instruments,PH220020023350,FACSLyric,PH220020036350,FACSLyric Instrument,PH220020041134,FACSLyric,PH220020051341,FACSLyric Instrument,66302909,FACSLyric 3L12C Instrument CEIVD Rep,66302909-FACSLyric 3L12C Instrument CEIVD Rep,BDB-66302909,"$101,370 ", -   ,Classified by ML model,pyxis
53063,BLS,BDB,Biosciences,BDB,Biosciences,2200700,Research Instruments,PH220070022500,LSR/Fortessa,PH220070033800,LSR/Fortessa,PH220070041066,LSR/Fortessa,PH220070051215,LSRFortessa SORP Instrument,647177H3,Fortessa 2B1030R1006V1003YG1004UV60 SO,647177H3-Fortessa 2B1030R1006V1003YG1004UV60 SO,BDB-647177H3,"$99,377 ", -   ,Classified by ML model,pyxis
53065,BLS,DS,Diagnostic Solutions,DS,Diagnostic Solutions,2111001,Molecular Diagnostics,PH211100121200,BD MAX,PH211100133300,MAX Instr - Plcmt,PH211100141120,MAX 6Color Inst Plac,PH211100151214,MAX 6Color Inst Plac,X001916U,UNDEFINED,X001916U-UNDEFINED,DS-X001916U,"$98,447 ", -   ,Classified by ML model,pyxis
53066,BLS,BDB,Biosciences,BDB,Biosciences,2200700,Research Instruments,PH220070022400,INFLUX,PH220070033450,Influx,PH220070041058,Influx,PH220070051203,INFLUX Instrument,646500,BD Influx Configurable,646500-BD Influx Configurable,BDB-646500,"$96,951 ", -   ,Matched by Material ID,pyxis
53067,BLS,BDB,Biosciences,BDB,Biosciences,2200700,Research Instruments,PH220070022500,LSR/Fortessa,PH220070033800,LSR/Fortessa,PH220070041066,LSR/Fortessa,PH220070051237,Refurbished Analyzers & Sorters (Research),660125,BD LSRFortessa Used (Europe),660125-BD LSRFortessa Used (Europe),BDB-660125,"$96,347 ", -   ,Matched by Material ID,pyxis
53069,BLS,BDB,Biosciences,BDB,Biosciences,2200700,Research Instruments,PH220070022400,INFLUX,PH220070033450,Influx,PH220070041058,Influx,PH220070051203,INFLUX Instrument,646500R8,INFLUX 6V3B3R4YG SD BSC,646500R8-INFLUX 6V3B3R4YG SD BSC,BDB-646500R8,"$94,447 ", -   ,Matched by Material ID,pyxis
53074,BLS,BDB,Biosciences,BDB,Biosciences,2200700,Research Instruments,PH220070022200,FACSMelody,PH220070032950,FACSMelody Instrument,PH220070041047,FACSMelody Instrument,PH220070051191,FACSMelody Instrument,662753,BD FACSMelody BRYG 8-Color Plate EU,662753-BD FACSMelody BRYG 8-Color Plate EU,BDB-662753,"$89,133 ", -   ,Matched by Material ID,pyxis
53081,BLS,DS,Diagnostic Solutions,DS,Diagnostic Solutions,2111004,Microbiology,PH211100421550,ID/AST,PH211100435900,BioTyper Instr - Sale,PH211100441247,BioTyper Sales,PH211100451429,LT MALDI-TOF Sales,444714,Lease Billing Bruker,444714-Lease Billing Bruker,DS-444714,"$85,200 ", -   ,Matched by Material ID,pyxis
53088,BLS,BDB,Biosciences,BDB,Biosciences,2200700,Research Instruments,PH220070022600,Other Instrument Revenue (Research),PH220070034050,Other Instrument Revenue (Research),PH220070041072,Other Instrument Revenue (Research),PH220070051225,Reag Rent Inst Alloc (Research),*999057999,RRP FACSCELESTA,*999057999-RRP FACSCELESTA,BDB-*999057999,"$80,762 ", -   ,Matched by Material ID,pyxis
53093,BLS,DS,Diagnostic Solutions,DS,Diagnostic Solutions,2118000,Cancer,PH211800021000,Cytology,PH211800031500,SlidePrep Instr - Plcmt,PH211800041036,SlidePrep Instrument Placement,PH211800051062,SlidePrep Instrument Placement,440159,SLIDE-PREP LEASING,440159-SLIDE-PREP LEASING,DS-440159,"$75,058 ", -   ,Matched by Material ID,pyxis
53096,BLS,BDB,Biosciences,BDB,Biosciences,2200700,Research Instruments,PH220070022250,FACSVerse,PH220070033050,FACSVerse Instrument,PH220070041049,FACSVerse Instrument,PH220070051193,FACSVerse Instrument,651155,BD FACSVerse 3L 8c System with Acc Kit,651155-BD FACSVerse 3L 8c System with Acc Kit,BDB-651155,"$71,040 ", -   ,Matched by Material ID,pyxis
53102,BLS,BDB,Biosciences,BDB,Biosciences,2200200,Clinical Instruments,PH220020023300,FACSDuet,PH220020037850,FACSDuet Premium,PH220020041199,FACSDuet Premium,PH220020051335,FACSDuet - Premium Instrument,PL_176_110,FACSDuet Premium Adjustment,PL_176_110-FACSDuet Premium Adjustment,BDB-PL_176_110,"$63,791 ", -   ,Classified by ML model,pyxis
53105,BLS,BDB,Biosciences,BDB,Biosciences,2200700,Research Instruments,PH220070022300,FACSymphony Analyzers,PH220070033150,FACSymphony A3 Sorp Instrument,PH220070041052,FACSymphony A3 Sorp Instrument,PH220070051197,FACSymphony A3 Sorp Instrument,660937Q1,FACSymphony A3 6B104R14 HPPMT CC MON SO,660937Q1-FACSymphony A3 6B104R14 HPPMT CC MON SO,BDB-660937Q1,"$63,040 ", -   ,Classified by ML model,pyxis
53115,BLS,BDB,Biosciences,BDB,Biosciences,2200700,Research Instruments,PH220070021950,Accuri,PH220070032350,Accuri Instrument,PH220070041035,Accuri Instrument,PH220070051166,Accuri C5 & C6 Instrument,653320,ACCURI C6 System Without PC,653320-ACCURI C6 System Without PC,BDB-653320,"$56,213 ", -   ,Matched by Material ID,pyxis
53118,BLS,BDB,Biosciences,BDB,Biosciences,2200200,Clinical Instruments,PH220020023700,Lyse Wash Assistant,PH220020037250,LWA,PH220020041164,LWA,PH220020051399,LWA Instrument,337408,LWA Including External Tank Option,337408-LWA Including External Tank Option,BDB-337408,"$53,567 ", -   ,Matched by Material ID,pyxis
53136,BLS,DS,Diagnostic Solutions,DS,Diagnostic Solutions,2111009,Corporate Initiatives DS,PH211100921000,Corp InitiativesDS - PC Adjustment,PH211100931000,Corp InitiativesDS - PC Adjustment NONCATALOG,PH211100941000,Corp InitiativesDS - PC Adjustment,PH211100951000,Corp InitiativesDS - PC Adjustment,DUMMYSKU016_DS,PC Adjustment - 2111009 Corp Initiatives DS,DUMMYSKU016_DS-PC Adjustment - 2111009 Corp Initiatives DS,DS-DUMMYSKU016_DS,"$45,880 ", -   ,Classified by ML model,pyxis
53138,BLS,DS,Diagnostic Solutions,DS,Diagnostic Solutions,2118000,Cancer,PH211800021000,Cytology,PH211800031850,PrepMate Instr - Sale,PH211800041005,PrepMate Instr Sales,PH211800051008,PrepMate Instr Sales,KNX-ZDZPJ-42,Automatic Sample Processing System,KNX-ZDZPJ-42-Automatic Sample Processing System,DS-KNX-ZDZPJ-42,"$45,448 ", -   ,Matched by Material ID,pyxis
53142,BLS,BDB,Biosciences,BDB,Biosciences,2200200,Clinical Instruments,PH220020023750,Other Instrument Revenue (Clinical),PH220020037400,Other Instrument Revenue (Clinical),PH220020041169,Other Instrument Revenue (Clinical),PH220020051406,Reag Rent Inst Alloc (Clinical),*999704998,RRP LWA PREPPER,*999704998-RRP LWA PREPPER,BDB-*999704998,"$43,535 ", -   ,Classified by ML model,pyxis
53149,BLS,BDB,Biosciences,BDB,Biosciences,2200700,Research Instruments,PH220070022500,LSR/Fortessa,PH220070033950,LSR/Fortessa X-20,PH220070041069,LSR/Fortessa X-20,PH220070051218,LSRFortessa X20 Instrument,658226D1,LSRFortessa X-20 SO 2B3R6V5YG2UV CPU TBL,658226D1-LSRFortessa X-20 SO 2B3R6V5YG2UV CPU TBL,BDB-658226D1,"$41,484 ", -   ,Matched by Material ID,pyxis
53150,BLS,BDB,Biosciences,BDB,Biosciences,2200200,Clinical Instruments,PH220020023750,Other Instrument Revenue (Clinical),PH220020037400,Other Instrument Revenue (Clinical),PH220020041169,Other Instrument Revenue (Clinical),PH220020051407,Refurbished Analyzers & Sorters (Clinical),641548,FACSCanto RUO Remanufactured,641548-FACSCanto RUO Remanufactured,BDB-641548,"$41,321 ", -   ,Classified by ML model,pyxis
53160,BLS,DS,Diagnostic Solutions,DS,Diagnostic Solutions,2118000,Cancer,PH211800021000,Cytology,PH211800031800,PrepMate Instr - Plcmt,PH211800041011,PrepMate Placement,PH211800051021,PrepMate Placement Adjustment,*RMM,RENT MANUAL METHOD,*RMM-RENT MANUAL METHOD,DS-*RMM,"$36,961 ", -   ,Matched by Material ID,pyxis
53168,BLS,DS,Diagnostic Solutions,DS,Diagnostic Solutions,2111004,Microbiology,PH211100421000,Microbiology - PC Adjustment,PH211100437650,Microbiology - PC Adjustment,PH211100441379,Microbiology - PC Adjustment,PH211100451675,Microbiology - PC Adjustment,*MALDI_SP,*MALDI_SP,*MALDI_SP-*MALDI_SP,DS-*MALDI_SP,"$34,329 ", -   ,Classified by ML model,pyxis
53173,BLS,BDB,Biosciences,BDB,Biosciences,2200700,Research Instruments,PH220070022500,LSR/Fortessa,PH220070033800,LSR/Fortessa,PH220070041066,LSR/Fortessa,PH220070051214,LSRFortessa Instrument,649225,LSR Fortessa Configurable,649225-LSR Fortessa Configurable,BDB-649225,"$31,936 ", -   ,Matched by Material ID,pyxis
53174,BLS,BDB,Biosciences,BDB,Biosciences,2200700,Research Instruments,PH220070022050,FACSAria,PH220070032600,FACSAria Instrument,PH220070041040,FACSAria Instrument,PH220070051181,FACSAria II Instrument,643181,Aria II Cytometer 3 Laser W/Violet/ACDU,643181-Aria II Cytometer 3 Laser W/Violet/ACDU,BDB-643181,"$31,624 ", -   ,Matched by Material ID,pyxis
53176,BLS,BDB,Biosciences,BDB,Biosciences,2200100,Single Cell Multiomics,PH220010021150,SCM Instruments,PH220010031700,Rhapsody Scanner RR,PH220010041027,Rhapsody Scanner RR,PH220010051029,Rhapsody Scanner RR,*999084999,RRP RHAPSODY,*999084999-RRP RHAPSODY,BDB-*999084999,"$31,545 ", -   ,Matched by Material ID,pyxis
53183,BLS,BDB,Biosciences,BDB,Biosciences,2200700,Research Instruments,PH220070022050,FACSAria,PH220070032550,FACSAria Fusion Instrument,PH220070041039,FACSAria Fusion Instrument,PH220070051178,FACSAria Fusion Instrument,65670002,Fusion 6B/2R ACDU,65670002-Fusion 6B/2R ACDU,BDB-65670002,"$30,399 ", -   ,Matched by Material ID,pyxis
53184,BLS,BDB,Biosciences,BDB,Biosciences,2200200,Clinical Instruments,PH220020023450,FACSVia,PH220020036800,FACSVia Instrument RR,PH220020041144,FACSVia Instrument RR,PH220020051360,FACSVia Instrument RR,*AP0204,RRP FACSVIA,*AP0204-RRP FACSVIA,BDB-*AP0204,"$30,316 ", -   ,Matched by Material ID,pyxis
53186,BLS,BDB,Biosciences,BDB,Biosciences,2200700,Research Instruments,PH220070022200,FACSMelody,PH220070032950,FACSMelody Instrument,PH220070041047,FACSMelody Instrument,PH220070051191,FACSMelody Instrument,661762,BD FACSMelody BRV 9 Color Plate,661762-BD FACSMelody BRV 9 Color Plate,BDB-661762,"$30,240 ", -   ,Matched by Material ID,pyxis
53193,BLS,DS,Diagnostic Solutions,DS,Diagnostic Solutions,2111004,Microbiology,PH211100421000,Microbiology - PC Adjustment,PH211100437650,Microbiology - PC Adjustment,PH211100441379,Microbiology - PC Adjustment,PH211100451675,Microbiology - PC Adjustment,430175,MALDI MICROFLEX Inst CO,430175-MALDI MICROFLEX Inst CO,DS-430175,"$29,163 ", -   ,Matched by Material ID,pyxis
53195,BDI,UCC,Urology and Critical Care,UCC,Urology and Critical Care,2401511,Targeted Temperature Management,PH240151121000,Arctic Sun,PH240151131000,Arctic Sun-Hardware,PH240151141000,Arctic Sun-Hardware,PH240151151000,Arctic Sun-Hardware,ARCTICSUNREPAIR,ARCTIC SUN REPAIR,ARCTICSUNREPAIR-ARCTIC SUN REPAIR,UCC-ARCTICSUNREPAIR,"$28,021 ", -   ,Matched by Material ID,pyxis
53208,BLS,DS,Diagnostic Solutions,DS,Diagnostic Solutions,2211005,Diagnostic Solutions Other,PH221100521750,Diagnostic Systems Other,PH211100436750,Infection Prevention & Mgmt NP,PH211100441314,WW Infection Prev&Mgmt Oper Exps-Ex BDMS,PH211100451563,WW Infection Prev&Mgmt Oper Exps-Ex BDMS,400002647,Sales Adj - DIAG,400002647-Sales Adj - DIAG,DS-400002647,"$24,192 ", -   ,Classified by ML model,pyxis
53213,BLS,BDB,Biosciences,BDB,Biosciences,2200700,Research Instruments,PH220070022600,Other Instrument Revenue (Research),PH220070034050,Other Instrument Revenue (Research),PH220070041072,Other Instrument Revenue (Research),PH220070051226,Refurbished Analyzers & Sorters (Research),341360,FACSAria Remanufactured Special Order,341360-FACSAria Remanufactured Special Order,BDB-341360,"$22,644 ", -   ,Matched by Material ID,pyxis
53226,BLS,BDB,Biosciences,BDB,Biosciences,2200700,Research Instruments,PH220070022050,FACSAria,PH220070032600,FACSAria Instrument,PH220070041040,FACSAria Instrument,PH220070051182,FACSAria III Instrument,648282B5,ARIA III 6B/3R/2V,648282B5-ARIA III 6B/3R/2V,BDB-648282B5,"$20,240 ", -   ,Matched by Material ID,pyxis
53227,BLS,BDB,Biosciences,BDB,Biosciences,2200700,Research Instruments,PH220070022600,Other Instrument Revenue (Research),PH220070034050,Other Instrument Revenue (Research),PH220070041072,Other Instrument Revenue (Research),PH220070051226,Refurbished Analyzers & Sorters (Research),645054,FACSAria SO System Remanufactured,645054-FACSAria SO System Remanufactured,BDB-645054,"$20,146 ", -   ,Matched by Material ID,pyxis
53230,BLS,BDB,Biosciences,BDB,Biosciences,2200200,Clinical Instruments,PH220020023450,FACSVia,PH220020036750,FACSVia Instrument,PH220020041143,FACSVia Instrument,PH220020051358,FACSVia Instrument,662386,BD FACSVia Flow Cytometer US,662386-BD FACSVia Flow Cytometer US,BDB-662386,"$19,983 ", -   ,Matched by Material ID,pyxis
53236,BLS,BDB,Biosciences,BDB,Biosciences,2200700,Research Instruments,PH220070022050,FACSAria,PH220070032600,FACSAria Instrument,PH220070041040,FACSAria Instrument,PH220070051183,FACSAria SORP Instrument,650036L4,Aria SO 7B3R8V5YG3UVACDU CPU TC AMO FOPT,650036L4-Aria SO 7B3R8V5YG3UVACDU CPU TC AMO FOPT,BDB-650036L4,"$19,056 ", -   ,Classified by ML model,pyxis
53240,BLS,BDB,Biosciences,BDB,Biosciences,2200700,Research Instruments,PH220070022300,FACSymphony Analyzers,PH220070033150,FACSymphony A3 Sorp Instrument,PH220070041052,FACSymphony A3 Sorp Instrument,PH220070051197,FACSymphony A3 Sorp Instrument,6.61E+05,SymphonyA3 B10R14V20YG10UV10 FFSS TBL SO,660937E0-SymphonyA3 B10R14V20YG10UV10 FFSS TBL SO,BDB-660937E0,"$18,620 ", -   ,Classified by ML model,pyxis
53252,BLS,BDB,Biosciences,BDB,Biosciences,2200700,Research Instruments,PH220070022500,LSR/Fortessa,PH220070033800,LSR/Fortessa,PH220070041066,LSR/Fortessa,PH220070051215,LSRFortessa SORP Instrument,647794L5,LSRFortessa SO B50R40V50YG50 3V CPU MON,647794L5-LSRFortessa SO B50R40V50YG50 3V CPU MON,BDB-647794L5,"$16,576 ", -   ,Matched by Material ID,pyxis
53255,BLS,BDB,Biosciences,BDB,Biosciences,2200700,Research Instruments,PH220070022500,LSR/Fortessa,PH220070033950,LSR/Fortessa X-20,PH220070041069,LSR/Fortessa X-20,PH220070051218,LSRFortessa X20 Instrument,656385C6,FortessaX20 SO 2B503R403V505YG50 CPU Mon,656385C6-FortessaX20 SO 2B503R403V505YG50 CPU Mon,BDB-656385C6,"$16,189 ", -   ,Classified by ML model,pyxis
53262,BLS,BDB,Biosciences,BDB,Biosciences,2200700,Research Instruments,PH220070022050,FACSAria,PH220070032600,FACSAria Instrument,PH220070041040,FACSAria Instrument,PH220070051180,FACSAria I Instrument,333888,BD FACSAria Flow Cytometer 2 Laser Base,333888-BD FACSAria Flow Cytometer 2 Laser Base,BDB-333888,"$15,751 ", -   ,Matched by Material ID,pyxis
53263,BLS,BDB,Biosciences,BDB,Biosciences,2200700,Research Instruments,PH220070022050,FACSAria,PH220070032600,FACSAria Instrument,PH220070041040,FACSAria Instrument,PH220070051181,FACSAria II Instrument,643180,Aria II Cytometer 3 Laser W/Blue/Violet,643180-Aria II Cytometer 3 Laser W/Blue/Violet,BDB-643180,"$15,713 ", -   ,Matched by Material ID,pyxis
53272,BLS,BDB,Biosciences,BDB,Biosciences,2200200,Clinical Instruments,PH220020023750,Other Instrument Revenue (Clinical),PH220020037400,Other Instrument Revenue (Clinical),PH220020041169,Other Instrument Revenue (Clinical),PH220020051407,Refurbished Analyzers & Sorters (Clinical),343276,FACSCalibur 4 Color Remanufactured NS,343276-FACSCalibur 4 Color Remanufactured NS,BDB-343276,"$14,277 ", -   ,Classified by ML model,pyxis
53274,BLS,BDB,Biosciences,BDB,Biosciences,2200700,Research Instruments,PH220070022600,Other Instrument Revenue (Research),PH220070034050,Other Instrument Revenue (Research),PH220070041072,Other Instrument Revenue (Research),PH220070051224,Other Options and Upgrades (Research),00-05000-10,FACSCAN SYSTEM,00-05000-10-FACSCAN SYSTEM,BDB-00-05000-10,"$13,754 ", -   ,Matched by Material ID,pyxis
53275,BLS,BDB,Biosciences,BDB,Biosciences,2200700,Research Instruments,PH220070022500,LSR/Fortessa,PH220070033800,LSR/Fortessa,PH220070041066,LSR/Fortessa,PH220070051214,LSRFortessa Instrument,649225C3,LSRFORTESSA 5B/3R/2UV 3 LASER,649225C3-LSRFORTESSA 5B/3R/2UV 3 LASER,BDB-649225C3,"$13,735 ", -   ,Matched by Material ID,pyxis
53276,BLS,BDB,Biosciences,BDB,Biosciences,2200700,Research Instruments,PH220070022500,LSR/Fortessa,PH220070033950,LSR/Fortessa X-20,PH220070041069,LSR/Fortessa X-20,PH220070051218,LSRFortessa X20 Instrument,656385N5,Fort X-20 2B1006V1005YG100 CPU MON SO,656385N5-Fort X-20 2B1006V1005YG100 CPU MON SO,BDB-656385N5,"$13,575 ", -   ,Matched by Material ID,pyxis
53278,BLS,BDB,Biosciences,BDB,Biosciences,2200200,Clinical Instruments,PH220020023750,Other Instrument Revenue (Clinical),PH220020037400,Other Instrument Revenue (Clinical),PH220020041169,Other Instrument Revenue (Clinical),PH220020051406,Reag Rent Inst Alloc (Clinical),*999704999,RRP SAMPLE PREPPER,*999704999-RRP SAMPLE PREPPER,BDB-*999704999,"$13,480 ", -   ,Classified by ML model,pyxis
53286,BLS,BDB,Biosciences,BDB,Biosciences,2200700,Research Instruments,PH220070022050,FACSAria,PH220070032650,FACSAria Options,PH220070041041,FACSAria Options,PH220070051185,FACSAria Other Options and Upgrades,335221,BD FACSAria Flow Cytometer 3 Laser W/PMT,335221-BD FACSAria Flow Cytometer 3 Laser W/PMT,BDB-335221,"$12,603 ", -   ,Classified by ML model,pyxis
53290,BLS,BDB,Biosciences,BDB,Biosciences,2200700,Research Instruments,PH220070022050,FACSAria,PH220070032600,FACSAria Instrument,PH220070041040,FACSAria Instrument,PH220070051181,FACSAria II Instrument,643183,Aria II Flow Cytometer 3 Laser W/Near UV,643183-Aria II Flow Cytometer 3 Laser W/Near UV,BDB-643183,"$12,155 ", -   ,Matched by Material ID,pyxis
53301,BLS,BDB,Biosciences,BDB,Biosciences,2200700,Research Instruments,PH220070022200,FACSMelody,PH220070032950,FACSMelody Instrument,PH220070041047,FACSMelody Instrument,PH220070051191,FACSMelody Instrument,661634,BD FACSMelody BRV 9 Color,661634-BD FACSMelody BRV 9 Color,BDB-661634,"$11,010 ", -   ,Matched by Material ID,pyxis
53306,BLS,BDB,Biosciences,BDB,Biosciences,2200700,Research Instruments,PH220070022050,FACSAria,PH220070032600,FACSAria Instrument,PH220070041040,FACSAria Instrument,PH220070051181,FACSAria II Instrument,643184,Aria II Cytometer 3 Laser W/Near UV/ACDU,643184-Aria II Cytometer 3 Laser W/Near UV/ACDU,BDB-643184,"$10,635 ", -   ,Matched by Material ID,pyxis
53309,BLS,BDB,Biosciences,BDB,Biosciences,2200200,Clinical Instruments,PH220020021000,Clinical Instruments - PC Adjustment,PH220020031000,Clinical Instruments - PC Adjustment,PH220020041000,Clinical Instruments - PC Adjustment,PH220020051000,Clinical Instruments - PC Adjustment,PL_137_110,EMEA-Clinical Instruments Adjustment,PL_137_110-EMEA-Clinical Instruments Adjustment,BDB-PL_137_110,"$10,193 ", -   ,Classified by ML model,pyxis
53314,BLS,BDB,Biosciences,BDB,Biosciences,2200700,Research Instruments,PH220070022050,FACSAria,PH220070032600,FACSAria Instrument,PH220070041040,FACSAria Instrument,PH220070051181,FACSAria II Instrument,643177,Aria II Flow Cytometer 2 Laser Base,643177-Aria II Flow Cytometer 2 Laser Base,BDB-643177,"$9,722 ", -   ,Matched by Material ID,pyxis
53323,BLS,BDB,Biosciences,BDB,Biosciences,2200700,Research Instruments,PH220070022050,FACSAria,PH220070032600,FACSAria Instrument,PH220070041040,FACSAria Instrument,PH220070051182,FACSAria III Instrument,64828250,ARIA III 3B/2R/2V/2UV/4YG ACDU,64828250-ARIA III 3B/2R/2V/2UV/4YG ACDU,BDB-64828250,"$9,182 ", -   ,Classified by ML model,pyxis
53325,BLS,BDB,Biosciences,BDB,Biosciences,2200700,Research Instruments,PH220070022500,LSR/Fortessa,PH220070033950,LSR/Fortessa X-20,PH220070041069,LSR/Fortessa X-20,PH220070051218,LSRFortessa X20 Instrument,657421S3,LSRFortessa X20 SO 3B3R6V4YGCPU FOPT,657421S3-LSRFortessa X20 SO 3B3R6V4YGCPU FOPT,BDB-657421S3,"$8,832 ", -   ,Matched by Material ID,pyxis
53327,BLS,BDB,Biosciences,BDB,Biosciences,2200700,Research Instruments,PH220070022400,INFLUX,PH220070033450,Influx,PH220070041058,Influx,PH220070051203,INFLUX Instrument,644655,BD Influx System,644655-BD Influx System,BDB-644655,"$8,791 ", -   ,Matched by Material ID,pyxis
53328,BLS,BDB,Biosciences,BDB,Biosciences,2200700,Research Instruments,PH220070022300,FACSymphony Analyzers,PH220070033200,FACSymphony A5 Sorp Instrument,PH220070041053,FACSymphony A5 Sorp Instrument,PH220070051198,FACSymphony A5 Sorp Instrument,660937R5,FACSymphony A5 RDY 7UV9V5B5YG3R CPU HTS,660937R5-FACSymphony A5 RDY 7UV9V5B5YG3R CPU HTS,BDB-660937R5,"$8,726 ", -   ,Classified by ML model,pyxis
53338,BLS,BDB,Biosciences,BDB,Biosciences,2200700,Research Instruments,PH220070022050,FACSAria,PH220070032600,FACSAria Instrument,PH220070041040,FACSAria Instrument,PH220070051181,FACSAria II Instrument,643178,Aria II Flow Cytometer 2 Laser With ACDU,643178-Aria II Flow Cytometer 2 Laser With ACDU,BDB-643178,"$8,292 ", -   ,Matched by Material ID,pyxis
53339,BDI,PI,Peripheral Intervention,PI,Peripheral Intervention,2401137,Peripheral Vascular Disease,PH240112121006,Venous,PH240113731040,Venclose Captial,PH240113741094,Venclose Capital,PH240113751094,Venclose Capital,VCRFG1EU,VCRFGENERATOR,VCRFG1EU-VCRFGENERATOR,PI-VCRFG1EU,"$8,252 ", -   ,Matched by Material ID,pyxis
53350,BLS,BDB,Biosciences,BDB,Biosciences,2200700,Research Instruments,PH220070022250,FACSVerse,PH220070033050,FACSVerse Instrument,PH220070041049,FACSVerse Instrument,PH220070051193,FACSVerse Instrument,651153,BD FACSVerse 1L 4c System with Acc Kit,651153-BD FACSVerse 1L 4c System with Acc Kit,BDB-651153,"$7,227 ", -   ,Matched by Material ID,pyxis
53353,BLS,BDB,Biosciences,BDB,Biosciences,2200700,Research Instruments,PH220070022050,FACSAria,PH220070032600,FACSAria Instrument,PH220070041040,FACSAria Instrument,PH220070051182,FACSAria III Instrument,648282C8,ARIA III 6B/3R/3V/2UV ACDU,648282C8-ARIA III 6B/3R/3V/2UV ACDU,BDB-648282C8,"$7,166 ", -   ,Matched by Material ID,pyxis
53357,BLS,DS,Diagnostic Solutions,DS,Diagnostic Solutions,2111006,Informatics,PH211100621000,Informatics,PH211100436650,Other Informatics,PH211100441296,DMS (Japan),PH211100451534,DMS (Japan),440247,BD DATA MANAGEMENT SYSTEM,440247-BD DATA MANAGEMENT SYSTEM,DS-440247,"$6,998 ", -   ,Classified by ML model,pyxis
53358,BLS,BDB,Biosciences,BDB,Biosciences,2200700,Research Instruments,PH220070022050,FACSAria,PH220070032550,FACSAria Fusion Instrument,PH220070041039,FACSAria Fusion Instrument,PH220070051178,FACSAria Fusion Instrument,656700B3,Fusion 6B/3R/3V ACDU,656700B3-Fusion 6B/3R/3V ACDU,BDB-656700B3,"$6,902 ", -   ,Matched by Material ID,pyxis
53359,BLS,BDB,Biosciences,BDB,Biosciences,2200700,Research Instruments,PH220070022050,FACSAria,PH220070032600,FACSAria Instrument,PH220070041040,FACSAria Instrument,PH220070051182,FACSAria III Instrument,648282C4,ARIA III ACDU 6B/3R/3V/2NUV,648282C4-ARIA III ACDU 6B/3R/3V/2NUV,BDB-648282C4,"$6,878 ", -   ,Classified by ML model,pyxis
53362,BDM,MDS,Medication Delivery Solutions (MDS),ISD,Infusion Preparation & Delivery,2301200,IPD OEM,PH230120021002,IVA OEM,PH230100031038,IVA OEM Others,PH230100041091,Temp Management,PH230100051091,Temp Management,PM_8100,PM MODEL 8100,PM_8100-PM MODEL 8100,MDS-PM_8100,"$6,825 ", -   ,Matched by Material ID,pyxis
53365,BLS,BDB,Biosciences,BDB,Biosciences,2200700,Research Instruments,PH220070021950,Accuri,PH220070032350,Accuri Instrument,PH220070041035,Accuri Instrument,PH220070051166,Accuri C5 & C6 Instrument,653118,ACCURI C6 System,653118-ACCURI C6 System,BDB-653118,"$6,572 ", -   ,Matched by Material ID,pyxis
53366,BLS,BDB,Biosciences,BDB,Biosciences,2200700,Research Instruments,PH220070022050,FACSAria,PH220070032600,FACSAria Instrument,PH220070041040,FACSAria Instrument,PH220070051183,FACSAria SORP Instrument,65003310,FACSAria SO 4B1002R40 CPU STDTBL,65003310-FACSAria SO 4B1002R40 CPU STDTBL,BDB-65003310,"$6,490 ", -   ,Classified by ML model,pyxis
53369,BLS,BDB,Biosciences,BDB,Biosciences,2200700,Research Instruments,PH220070022500,LSR/Fortessa,PH220070033800,LSR/Fortessa,PH220070041066,LSR/Fortessa,PH220070051215,LSRFortessa SORP Instrument,647797L5,LSRFortessa SO B50R40UV20YG50 CPU MON,647797L5-LSRFortessa SO B50R40UV20YG50 CPU MON,BDB-647797L5,"$6,337 ", -   ,Matched by Material ID,pyxis
53372,BLS,DS,Diagnostic Solutions,DS,Diagnostic Solutions,2118000,Cancer,PH211800021000,Cytology,PH211800031900,PrepStain Instr - Plcmt,PH211800041010,PrepStain Placement,PH211800051018,PrepStain Placement,*RPS,RENT PREPSTAIN,*RPS-RENT PREPSTAIN,DS-*RPS,"$6,232 ", -   ,Matched by Material ID,pyxis
53388,BLS,BDB,Biosciences,BDB,Biosciences,2200200,Clinical Instruments,PH220020023750,Other Instrument Revenue (Clinical),PH220020037400,Other Instrument Revenue (Clinical),PH220020041169,Other Instrument Revenue (Clinical),PH220020051406,Reag Rent Inst Alloc (Clinical),*999064499,RRP FACSCANTO 10 COLOR,*999064499-RRP FACSCANTO 10 COLOR,BDB-*999064499,"$5,604 ", -   ,Classified by ML model,pyxis
53391,BLS,BDB,Biosciences,BDB,Biosciences,2200700,Research Instruments,PH220070022050,FACSAria,PH220070032600,FACSAria Instrument,PH220070041040,FACSAria Instrument,PH220070051180,FACSAria I Instrument,333999,BD FACSAria Flow Cytometer 3 Laser Base,333999-BD FACSAria Flow Cytometer 3 Laser Base,BDB-333999,"$5,462 ", -   ,Matched by Material ID,pyxis
53395,BLS,BDB,Biosciences,BDB,Biosciences,2200700,Research Instruments,PH220070022050,FACSAria,PH220070032600,FACSAria Instrument,PH220070041040,FACSAria Instrument,PH220070051182,FACSAria III Instrument,64828223,ARIA III 3B/2R/2V/4YG ACDU BASIC,64828223-ARIA III 3B/2R/2V/4YG ACDU BASIC,BDB-64828223,"$5,300 ", -   ,Matched by Material ID,pyxis
53398,BLS,BDB,Biosciences,BDB,Biosciences,2200700,Research Instruments,PH220070022050,FACSAria,PH220070032600,FACSAria Instrument,PH220070041040,FACSAria Instrument,PH220070051181,FACSAria II Instrument,643186,Aria II Cytometer 4 Laser Configuration,643186-Aria II Cytometer 4 Laser Configuration,BDB-643186,"$5,100 ", -   ,Matched by Material ID,pyxis
53404,BLS,BDB,Biosciences,BDB,Biosciences,2200700,Research Instruments,PH220070022050,FACSAria,PH220070032550,FACSAria Fusion Instrument,PH220070041039,FACSAria Fusion Instrument,PH220070051178,FACSAria Fusion Instrument,656700G6,Fusion 6B/3R ACDU w/Hood,656700G6-Fusion 6B/3R ACDU w/Hood,BDB-656700G6,"$4,729 ", -   ,Matched by Material ID,pyxis
53405,BLS,BDB,Biosciences,BDB,Biosciences,2200700,Research Instruments,PH220070022050,FACSAria,PH220070032550,FACSAria Fusion Instrument,PH220070041039,FACSAria Fusion Instrument,PH220070051178,FACSAria Fusion Instrument,65670031,Fusion 3B/2R/3V/3NUV/4YG ACDU,65670031-Fusion 3B/2R/3V/3NUV/4YG ACDU,BDB-65670031,"$4,677 ", -   ,Matched by Material ID,pyxis
53406,BLS,BDB,Biosciences,BDB,Biosciences,2200700,Research Instruments,PH220070022050,FACSAria,PH220070032600,FACSAria Instrument,PH220070041040,FACSAria Instrument,PH220070051183,FACSAria SORP Instrument,650035P6,FACSAria SO 5B2R2V2UV100 ACDU CPU LC,650035P6-FACSAria SO 5B2R2V2UV100 ACDU CPU LC,BDB-650035P6,"$4,636 ", -   ,Classified by ML model,pyxis
53408,BLS,BDB,Biosciences,BDB,Biosciences,2200700,Research Instruments,PH220070022050,FACSAria,PH220070032550,FACSAria Fusion Instrument,PH220070041039,FACSAria Fusion Instrument,PH220070051179,FACSAria Fusion SORP Instrument,658282C3,Aria Fusion SO 5B50 2R100 2UV15 CPU Mon,658282C3-Aria Fusion SO 5B50 2R100 2UV15 CPU Mon,BDB-658282C3,"$4,515 ", -   ,Classified by ML model,pyxis
53413,BLS,BDB,Biosciences,BDB,Biosciences,2200700,Research Instruments,PH220070022050,FACSAria,PH220070032600,FACSAria Instrument,PH220070041040,FACSAria Instrument,PH220070051183,FACSAria SORP Instrument,65011036,Aria SO 5B1002R402V502UV60 ACDU CPU LC,65011036-Aria SO 5B1002R402V502UV60 ACDU CPU LC,BDB-65011036,"$4,325 ", -   ,Classified by ML model,pyxis
53423,BLS,BDB,Biosciences,BDB,Biosciences,2200700,Research Instruments,PH220070022400,INFLUX,PH220070033450,Influx,PH220070041058,Influx,PH220070051203,INFLUX Instrument,646500O2,INFLUX 3B2UV6V4YG3R HK AE COM BSC,646500O2-INFLUX 3B2UV6V4YG3R HK AE COM BSC,BDB-646500O2,"$4,101 ", -   ,Classified by ML model,pyxis
53424,BLS,BDB,Biosciences,BDB,Biosciences,2200700,Research Instruments,PH220070022500,LSR/Fortessa,PH220070033800,LSR/Fortessa,PH220070041066,LSR/Fortessa,PH220070051215,LSRFortessa SORP Instrument,647177D3,LSRFortessa SO 4B1002R402V100 CPU M19X2,647177D3-LSRFortessa SO 4B1002R402V100 CPU M19X2,BDB-647177D3,"$4,090 ", -   ,Matched by Material ID,pyxis
53439,BLS,BDB,Biosciences,BDB,Biosciences,2200700,Research Instruments,PH220070022300,FACSymphony Analyzers,PH220070033150,FACSymphony A3 Sorp Instrument,PH220070041052,FACSymphony A3 Sorp Instrument,PH220070051197,FACSymphony A3 Sorp Instrument,660937N3,SymphA3 5B103R148V105YG157UV60 HPPMT MON,660937N3-SymphA3 5B103R148V105YG157UV60 HPPMT MON,BDB-660937N3,"$3,709 ", -   ,Classified by ML model,pyxis
53440,BLS,BDB,Biosciences,BDB,Biosciences,2200700,Research Instruments,PH220070022050,FACSAria,PH220070032600,FACSAria Instrument,PH220070041040,FACSAria Instrument,PH220070051183,FACSAria SORP Instrument,650033,FACSAria Special Order BR System,650033-FACSAria Special Order BR System,BDB-650033,"$3,657 ", -   ,Matched by Material ID,pyxis
53450,BLS,DS,Diagnostic Solutions,DS,Diagnostic Solutions,2111004,Microbiology,PH211100421000,Microbiology - PC Adjustment,PH211100437650,Microbiology - PC Adjustment,PH211100441379,Microbiology - PC Adjustment,PH211100451675,Microbiology - PC Adjustment,*MWMM,Sigma MMTM 1.5ml Liquid,*MWMM-Sigma MMTM 1.5ml Liquid,DS-*MWMM,"$3,502 ", -   ,Classified by ML model,pyxis
53451,BLS,BDB,Biosciences,BDB,Biosciences,2200700,Research Instruments,PH220070022200,FACSMelody,PH220070032950,FACSMelody Instrument,PH220070041047,FACSMelody Instrument,PH220070051191,FACSMelody Instrument,653881,BD FACSMelody Blue 4-Color Plate 4way,653881-BD FACSMelody Blue 4-Color Plate 4way,BDB-653881,"$3,495 ", -   ,Matched by Material ID,pyxis
53455,BLS,BDB,Biosciences,BDB,Biosciences,2200700,Research Instruments,PH220070022200,FACSMelody,PH220070032950,FACSMelody Instrument,PH220070041047,FACSMelody Instrument,PH220070051191,FACSMelody Instrument,662736,BD FACSMelody BRYG 8-Color,662736-BD FACSMelody BRYG 8-Color,BDB-662736,"$3,362 ", -   ,Matched by Material ID,pyxis
53458,BLS,BDB,Biosciences,BDB,Biosciences,2200700,Research Instruments,PH220070022200,FACSMelody,PH220070032950,FACSMelody Instrument,PH220070041047,FACSMelody Instrument,PH220070051191,FACSMelody Instrument,661759,BD FACSMelody BR Plate,661759-BD FACSMelody BR Plate,BDB-661759,"$3,296 ", -   ,Matched by Material ID,pyxis
53459,BLS,BDB,Biosciences,BDB,Biosciences,2200700,Research Instruments,PH220070022050,FACSAria,PH220070032600,FACSAria Instrument,PH220070041040,FACSAria Instrument,PH220070051182,FACSAria III Instrument,64828231,ARIA III 3B/2R/2V/2NUV/4YG ACDU BASIC,64828231-ARIA III 3B/2R/2V/2NUV/4YG ACDU BASIC,BDB-64828231,"$3,260 ", -   ,Matched by Material ID,pyxis
53463,BLS,DS,Diagnostic Solutions,DS,Diagnostic Solutions,2111004,Microbiology,PH211100421000,Microbiology - PC Adjustment,PH211100437650,Microbiology - PC Adjustment,PH211100441379,Microbiology - PC Adjustment,PH211100451675,Microbiology - PC Adjustment,*01SM0520,Windows OS upgrade,*01SM0520-Windows OS upgrade,DS-*01SM0520,"$3,199 ", -   ,Classified by ML model,pyxis
53468,BLS,BDB,Biosciences,BDB,Biosciences,2200700,Research Instruments,PH220070022050,FACSAria,PH220070032600,FACSAria Instrument,PH220070041040,FACSAria Instrument,PH220070051181,FACSAria II Instrument,643182,Aria II Cytometer 3 Laser W/Vio/ACDU/PMT,643182-Aria II Cytometer 3 Laser W/Vio/ACDU/PMT,BDB-643182,"$3,101 ", -   ,Matched by Material ID,pyxis
53473,BLS,BDB,Biosciences,BDB,Biosciences,2200700,Research Instruments,PH220070022500,LSR/Fortessa,PH220070033800,LSR/Fortessa,PH220070041066,LSR/Fortessa,PH220070051213,LSR II SORP Instrument,33300456,LSR II 3 Laser Blue/Red/Violet,33300456-LSR II 3 Laser Blue/Red/Violet,BDB-33300456,"$3,028 ", -   ,Matched by Material ID,pyxis
53475,BLS,BDB,Biosciences,BDB,Biosciences,2200700,Research Instruments,PH220070022050,FACSAria,PH220070032600,FACSAria Instrument,PH220070041040,FACSAria Instrument,PH220070051182,FACSAria III Instrument,64828210,ARIA III 6B/2R/2V ACDU BASIC,64828210-ARIA III 6B/2R/2V ACDU BASIC,BDB-64828210,"$3,017 ", -   ,Matched by Material ID,pyxis
53482,BLS,BDB,Biosciences,BDB,Biosciences,2200700,Research Instruments,PH220070022500,LSR/Fortessa,PH220070033800,LSR/Fortessa,PH220070041066,LSR/Fortessa,PH220070051212,LSR II Instrument,6.41E+10,LSRII SO 4B202R402V503UV20 CPU 2X19M STB,640735E5-LSRII SO 4B202R402V503UV20 CPU 2X19M STB,BDB-640735E5,"$2,911 ", -   ,Classified by ML model,pyxis
53483,BLS,BDB,Biosciences,BDB,Biosciences,2200700,Research Instruments,PH220070022300,FACSymphony Analyzers,PH220070033200,FACSymphony A5 Sorp Instrument,PH220070041053,FACSymphony A5 Sorp Instrument,PH220070051198,FACSymphony A5 Sorp Instrument,660964I0,Symphy A5 B10R10YG1V106UV60 HTS 10EX Opt,660964I0-Symphy A5 B10R10YG1V106UV60 HTS 10EX Opt,BDB-660964I0,"$2,872 ", -   ,Classified by ML model,pyxis
53488,BLS,BDB,Biosciences,BDB,Biosciences,2200700,Research Instruments,PH220070022300,FACSymphony Analyzers,PH220070033200,FACSymphony A5 Sorp Instrument,PH220070041053,FACSymphony A5 Sorp Instrument,PH220070051198,FACSymphony A5 Sorp Instrument,660964D5,Symph A5 2 9B156R1412V209YG1512UV60 HTS,660964D5-Symph A5 2 9B156R1412V209YG1512UV60 HTS,BDB-660964D5,"$2,779 ", -   ,Classified by ML model,pyxis
53500,BLS,BDB,Biosciences,BDB,Biosciences,2200700,Research Instruments,PH220070022050,FACSAria,PH220070032600,FACSAria Instrument,PH220070041040,FACSAria Instrument,PH220070051180,FACSAria I Instrument,334079,FACSAria Flow Cytometer 3 Laser W/ACDU,334079-FACSAria Flow Cytometer 3 Laser W/ACDU,BDB-334079,"$2,520 ", -   ,Matched by Material ID,pyxis
53506,BLS,BDB,Biosciences,BDB,Biosciences,2200700,Research Instruments,PH220070022500,LSR/Fortessa,PH220070033800,LSR/Fortessa,PH220070041066,LSR/Fortessa,PH220070051212,LSR II Instrument,33300463,LSR II 2 Laser 6 Blue/3 Red,33300463-LSR II 2 Laser 6 Blue/3 Red,BDB-33300463,"$2,425 ", -   ,Matched by Material ID,pyxis
53514,BLS,BDB,Biosciences,BDB,Biosciences,2200700,Research Instruments,PH220070022500,LSR/Fortessa,PH220070033800,LSR/Fortessa,PH220070041066,LSR/Fortessa,PH220070051214,LSRFortessa Instrument,649225B4,LSRFORTESSA 5B/3R/3V 3 LASER,649225B4-LSRFORTESSA 5B/3R/3V 3 LASER,BDB-649225B4,"$2,359 ", -   ,Matched by Material ID,pyxis
53523,BLS,BDB,Biosciences,BDB,Biosciences,2200700,Research Instruments,PH220070022500,LSR/Fortessa,PH220070033800,LSR/Fortessa,PH220070041066,LSR/Fortessa,PH220070051212,LSR II Instrument,648068,LSR II Preconfig 3 Laser 6BL/3Red/2 Vio,648068-LSR II Preconfig 3 Laser 6BL/3Red/2 Vio,BDB-648068,"$2,264 ", -   ,Matched by Material ID,pyxis
53524,BLS,DS,Diagnostic Solutions,DS,Diagnostic Solutions,2111004,Microbiology,PH211100421000,Microbiology - PC Adjustment,PH211100437650,Microbiology - PC Adjustment,PH211100441379,Microbiology - PC Adjustment,PH211100451675,Microbiology - PC Adjustment,*MST-CRYO/M,CRYOBANK,*MST-CRYO/M-CRYOBANK,DS-*MST-CRYO/M,"$2,254 ", -   ,Matched by Material ID,pyxis
53525,BLS,BDB,Biosciences,BDB,Biosciences,2200700,Research Instruments,PH220070022050,FACSAria,PH220070032600,FACSAria Instrument,PH220070041040,FACSAria Instrument,PH220070051182,FACSAria III Instrument,64828211,ARIA III 6B/2R/2NUV ACDU BASIC,64828211-ARIA III 6B/2R/2NUV ACDU BASIC,BDB-64828211,"$2,248 ", -   ,Matched by Material ID,pyxis
53526,BLS,BDB,Biosciences,BDB,Biosciences,2200700,Research Instruments,PH220070022300,FACSymphony Analyzers,PH220070033200,FACSymphony A5 Sorp Instrument,PH220070041053,FACSymphony A5 Sorp Instrument,PH220070051198,FACSymphony A5 Sorp Instrument,660964C2,Symphony A5 SO VPX 2B3R6V4YG3UV LC A5RDY,660964C2-Symphony A5 SO VPX 2B3R6V4YG3UV LC A5RDY,BDB-660964C2,"$2,216 ", -   ,Classified by ML model,pyxis
53533,BLS,BDB,Biosciences,BDB,Biosciences,2200700,Research Instruments,PH220070022200,FACSMelody,PH220070032950,FACSMelody Instrument,PH220070041047,FACSMelody Instrument,PH220070051191,FACSMelody Instrument,661588,BD FACSMelody BR,661588-BD FACSMelody BR,BDB-661588,"$2,147 ", -   ,Matched by Material ID,pyxis
53536,BLS,DS,Diagnostic Solutions,DS,Diagnostic Solutions,2111004,Microbiology,PH211100421000,Microbiology - PC Adjustment,PH211100437650,Microbiology - PC Adjustment,PH211100441379,Microbiology - PC Adjustment,PH211100451675,Microbiology - PC Adjustment,*97802,ONE STEP ROTA-ADENOVIRUS COMBO - 20 card,*97802-ONE STEP ROTA-ADENOVIRUS COMBO - 20 card,DS-*97802,"$2,070 ", -   ,Classified by ML model,pyxis
53539,BLS,BDB,Biosciences,BDB,Biosciences,2200700,Research Instruments,PH220070022500,LSR/Fortessa,PH220070033950,LSR/Fortessa X-20,PH220070041069,LSR/Fortessa X-20,PH220070051218,LSRFortessa X20 Instrument,65742712,Fort X-20 2B603R406V1005YG1002UV15 HPPMT,65742712-Fort X-20 2B603R406V1005YG1002UV15 HPPMT,BDB-65742712,"$2,008 ", -   ,Classified by ML model,pyxis
53540,BLS,BDB,Biosciences,BDB,Biosciences,2200700,Research Instruments,PH220070022500,LSR/Fortessa,PH220070033800,LSR/Fortessa,PH220070041066,LSR/Fortessa,PH220070051212,LSR II Instrument,64073546,LSR II SO 2B3R3V5YG2UV60 CPU FSCIII FOPT,64073546-LSR II SO 2B3R3V5YG2UV60 CPU FSCIII FOPT,BDB-64073546,"$1,998 ", -   ,Matched by Material ID,pyxis
53543,BLS,BDB,Biosciences,BDB,Biosciences,2200700,Research Instruments,PH220070022400,INFLUX,PH220070033450,Influx,PH220070041058,Influx,PH220070051203,INFLUX Instrument,646500H3,INFLUX 5B3R2UV HK,646500H3-INFLUX 5B3R2UV HK,BDB-646500H3,"$1,948 ", -   ,Classified by ML model,pyxis
53544,BLS,BDB,Biosciences,BDB,Biosciences,2200700,Research Instruments,PH220070022050,FACSAria,PH220070032550,FACSAria Fusion Instrument,PH220070041039,FACSAria Fusion Instrument,PH220070051178,FACSAria Fusion Instrument,656700H2,Fusion 3B/3R/3V/5YG/3NUV ACDU w/Hood,656700H2-Fusion 3B/3R/3V/5YG/3NUV ACDU w/Hood,BDB-656700H2,"$1,948 ", -   ,Matched by Material ID,pyxis
53549,BLS,DS,Diagnostic Solutions,DS,Diagnostic Solutions,2118000,Cancer,PH211800021000,Cytology,PH211800031900,PrepStain Instr - Plcmt,PH211800041046,SlidePrep Instrument Placement,PH211800051078,SlidePrep Instrument Placement,440158,PREPSTAIN LEASING,440158-PREPSTAIN LEASING,DS-440158,"$1,856 ", -   ,Matched by Material ID,pyxis
53550,BLS,BDB,Biosciences,BDB,Biosciences,2200700,Research Instruments,PH220070022600,Other Instrument Revenue (Research),PH220070034050,Other Instrument Revenue (Research),PH220070041072,Other Instrument Revenue (Research),PH220070051226,Refurbished Analyzers & Sorters (Research),343039,FACScan Refurbished System,343039-FACScan Refurbished System,BDB-343039,"$1,848 ", -   ,Matched by Material ID,pyxis
53553,BLS,BDB,Biosciences,BDB,Biosciences,2200700,Research Instruments,PH220070022050,FACSAria,PH220070032600,FACSAria Instrument,PH220070041040,FACSAria Instrument,PH220070051182,FACSAria III Instrument,64828235,ARIA III 3B/2R/2V/2NUV/4YG/2BV ACDU BSC,64828235-ARIA III 3B/2R/2V/2NUV/4YG/2BV ACDU BSC,BDB-64828235,"$1,785 ", -   ,Matched by Material ID,pyxis
53554,BLS,BDB,Biosciences,BDB,Biosciences,2200700,Research Instruments,PH220070022100,FACSCelesta,PH220070032750,FACSCelesta Instrument,PH220070041043,FACSCelesta Instrument,PH220070051187,FACSCelesta Instrument,660346,BD FACSCelesta BVUV,660346-BD FACSCelesta BVUV,BDB-660346,"$1,782 ", -   ,Matched by Material ID,pyxis
53560,BLS,BDB,Biosciences,BDB,Biosciences,2200200,Clinical Instruments,PH220020023850,Sample Prep Assistant,PH220020037500,SPA,PH220020041178,SPA,PH220020051434,SPA II Instrument,337170,BD FACS Sample Prep Assistant II,337170-BD FACS Sample Prep Assistant II,BDB-337170,"$1,741 ", -   ,Matched by Material ID,pyxis
53561,BLS,BDB,Biosciences,BDB,Biosciences,2200700,Research Instruments,PH220070022050,FACSAria,PH220070032600,FACSAria Instrument,PH220070041040,FACSAria Instrument,PH220070051182,FACSAria III Instrument,64828224,ARIA III 3B/2R/2NUV/4YG ACDU BASIC,64828224-ARIA III 3B/2R/2NUV/4YG ACDU BASIC,BDB-64828224,"$1,726 ", -   ,Classified by ML model,pyxis
53569,BLS,BDB,Biosciences,BDB,Biosciences,2200200,Clinical Instruments,PH220020023200,FACSCanto,PH220020035950,FACSCanto Options,PH220020041126,FACSCanto Options,PH220020051329,FACSCanto Other Options and Upgrades,33896008,FACScantoii Fl Cytometer Ivd 4/2 Sys Def,33896008-FACScantoii Fl Cytometer Ivd 4/2 Sys Def,BDB-33896008,"$1,650 ", -   ,Matched by Material ID,pyxis
53573,BDM,MMS,Medication Management Solutions (MMS),MMS,Infusion Systems,2306003,Alaris Plus,PH230600321002,POC Systems,PH230600331049,Alaris Plus TIVA Pump,PH230600341127,TIVA,PH230600351230,TIVA,*80043UN01,ALARIS TIVA UNIVERSAL+RS232,*80043UN01-ALARIS TIVA UNIVERSAL+RS232,MMS-*80043UN01,"$1,616 ", -   ,Matched by Material ID,pyxis
53579,BLS,BDB,Biosciences,BDB,Biosciences,2200700,Research Instruments,PH220070022050,FACSAria,PH220070032600,FACSAria Instrument,PH220070041040,FACSAria Instrument,PH220070051182,FACSAria III Instrument,648282B2,ARIA III ACDU 6B/3R/2nUV,648282B2-ARIA III ACDU 6B/3R/2nUV,BDB-648282B2,"$1,551 ", -   ,Matched by Material ID,pyxis
53581,BLS,BDB,Biosciences,BDB,Biosciences,2200700,Research Instruments,PH220070022050,FACSAria,PH220070032600,FACSAria Instrument,PH220070041040,FACSAria Instrument,PH220070051183,FACSAria SORP Instrument,650110S2,FACSAria SO 4B2R2UV2BV ACDU CPU LC BDAP,650110S2-FACSAria SO 4B2R2UV2BV ACDU CPU LC BDAP,BDB-650110S2,"$1,514 ", -   ,Classified by ML model,pyxis
53585,BLS,BDB,Biosciences,BDB,Biosciences,2200700,Research Instruments,PH220070022200,FACSMelody,PH220070032950,FACSMelody Instrument,PH220070041047,FACSMelody Instrument,PH220070051191,FACSMelody Instrument,662734,BD FACSMelody BYG 4-Color,662734-BD FACSMelody BYG 4-Color,BDB-662734,"$1,449 ", -   ,Matched by Material ID,pyxis
53587,BLS,BDB,Biosciences,BDB,Biosciences,2200700,Research Instruments,PH220070022600,Other Instrument Revenue (Research),PH220070034050,Other Instrument Revenue (Research),PH220070041072,Other Instrument Revenue (Research),PH220070051226,Refurbished Analyzers & Sorters (Research),345875,BD FACSARIA-REFURBISHED 334079,345875-BD FACSARIA-REFURBISHED 334079,BDB-345875,"$1,412 ", -   ,Classified by ML model,pyxis
53594,BLS,DS,Diagnostic Solutions,DS,Diagnostic Solutions,2111004,Microbiology,PH211100421000,Microbiology - PC Adjustment,PH211100437650,Microbiology - PC Adjustment,PH211100441379,Microbiology - PC Adjustment,PH211100451675,Microbiology - PC Adjustment,*501883,mycology,*501883-mycology,DS-*501883,"$1,354 ", -   ,Classified by ML model,pyxis
53601,BLS,BDB,Biosciences,BDB,Biosciences,2200700,Research Instruments,PH220070022050,FACSAria,PH220070032650,FACSAria Options,PH220070041041,FACSAria Options,PH220070051185,FACSAria Other Options and Upgrades,PL_997_128,FACSAria Fusion Inst Adjustment,PL_997_128-FACSAria Fusion Inst Adjustment,BDB-PL_997_128,"$1,279 ", -   ,Classified by ML model,pyxis
53608,BLS,BDB,Biosciences,BDB,Biosciences,2200700,Research Instruments,PH220070022500,LSR/Fortessa,PH220070033800,LSR/Fortessa,PH220070041066,LSR/Fortessa,PH220070051212,LSR II Instrument,33300464,LSR II 3 Laser 6 Blue/3 Red/2 Violet,33300464-LSR II 3 Laser 6 Blue/3 Red/2 Violet,BDB-33300464,"$1,231 ", -   ,Classified by ML model,pyxis
53612,BLS,BDB,Biosciences,BDB,Biosciences,2200700,Research Instruments,PH220070022500,LSR/Fortessa,PH220070033800,LSR/Fortessa,PH220070041066,LSR/Fortessa,PH220070051215,LSRFortessa SORP Instrument,658226J4,LSRFortessa SO X-20 2B3R6V5YG2UV FOPT AP,658226J4-LSRFortessa SO X-20 2B3R6V5YG2UV FOPT AP,BDB-658226J4,"$1,203 ", -   ,Classified by ML model,pyxis
53615,BLS,BDB,Biosciences,BDB,Biosciences,2200700,Research Instruments,PH220070022200,FACSMelody,PH220070032950,FACSMelody Instrument,PH220070041047,FACSMelody Instrument,PH220070051191,FACSMelody Instrument,661590,BD FACSMelody BRV 6 Color,661590-BD FACSMelody BRV 6 Color,BDB-661590,"$1,195 ", -   ,Matched by Material ID,pyxis
53617,BLS,DS,Diagnostic Solutions,DS,Diagnostic Solutions,2111004,Microbiology,PH211100421550,ID/AST,PH211100436250,Phoenix AP Instr - Sale,PH211100441283,Phoenix AP Sales,PH211100451510,Phoenix AP Sales,CKSN01-S100-PU,PUMP ASSEMBLY,CKSN01-S100-PU-PUMP ASSEMBLY,DS-CKSN01-S100-PU,"$1,185 ", -   ,Classified by ML model,pyxis
53618,BLS,BDB,Biosciences,BDB,Biosciences,2200700,Research Instruments,PH220070022500,LSR/Fortessa,PH220070033950,LSR/Fortessa X-20,PH220070041069,LSR/Fortessa X-20,PH220070051218,LSRFortessa X20 Instrument,658218D0,LSRFortessaX-20 SO 5B3R2UV CPU M2 PB HTS,658218D0-LSRFortessaX-20 SO 5B3R2UV CPU M2 PB HTS,BDB-658218D0,"$1,176 ", -   ,Matched by Material ID,pyxis
53619,BLS,BDB,Biosciences,BDB,Biosciences,2200700,Research Instruments,PH220070022500,LSR/Fortessa,PH220070033950,LSR/Fortessa X-20,PH220070041069,LSR/Fortessa X-20,PH220070051218,LSRFortessa X20 Instrument,658218D1,LSRFortessaX-20 SO 2B2R3V5YG2UVCPU D8 TM,658218D1-LSRFortessaX-20 SO 2B2R3V5YG2UVCPU D8 TM,BDB-658218D1,"$1,176 ", -   ,Classified by ML model,pyxis
53628,BLS,BDB,Biosciences,BDB,Biosciences,2200700,Research Instruments,PH220070022500,LSR/Fortessa,PH220070033950,LSR/Fortessa X-20,PH220070041069,LSR/Fortessa X-20,PH220070051218,LSRFortessa X20 Instrument,656385O2,Fort X-20 2B103R106V105YG102UV50 HPPMT,656385O2-Fort X-20 2B103R106V105YG102UV50 HPPMT,BDB-656385O2,"$1,098 ", -   ,Classified by ML model,pyxis
53632,BLS,BDB,Biosciences,BDB,Biosciences,2200700,Research Instruments,PH220070022050,FACSAria,PH220070032600,FACSAria Instrument,PH220070041040,FACSAria Instrument,PH220070051183,FACSAria SORP Instrument,643695V1,Aria II SO 7B1003Y2003UV60 ADU CPU 4LRDY,643695V1-Aria II SO 7B1003Y2003UV60 ADU CPU 4LRDY,BDB-643695V1,"$1,083 ", -   ,Matched by Material ID,pyxis
53643,BLS,BDB,Biosciences,BDB,Biosciences,2200700,Research Instruments,PH220070022050,FACSAria,PH220070032550,FACSAria Fusion Instrument,PH220070041039,FACSAria Fusion Instrument,PH220070051178,FACSAria Fusion Instrument,656700L6,Fusion 3B/3R/3UV/5YG ACDU with Hood,656700L6-Fusion 3B/3R/3UV/5YG ACDU with Hood,BDB-656700L6,$977 , -   ,Classified by ML model,pyxis
53646,BLS,BDB,Biosciences,BDB,Biosciences,2200700,Research Instruments,PH220070022050,FACSAria,PH220070032550,FACSAria Fusion Instrument,PH220070041039,FACSAria Fusion Instrument,PH220070051179,FACSAria Fusion SORP Instrument,658282I3,Fusion B100R100YG100UV15 ACDU TCO AMO SO,658282I3-Fusion B100R100YG100UV15 ACDU TCO AMO SO,BDB-658282I3,$953 , -   ,Matched by Material ID,pyxis
53652,BDM,MDS,Medication Delivery Solutions (MDS),ISD,Infusion Preparation & Delivery,2301200,IPD OEM,PH230120021002,IVA OEM,PH230100031038,IVA OEM Others,PH230100041091,Temp Management,PH230100051091,Temp Management,PM_8110,PM MODEL 8110,PM_8110-PM MODEL 8110,MDS-PM_8110,$919 , -   ,Matched by Material ID,pyxis
53658,BLS,BDB,Biosciences,BDB,Biosciences,2200700,Research Instruments,PH220070022050,FACSAria,PH220070032550,FACSAria Fusion Instrument,PH220070041039,FACSAria Fusion Instrument,PH220070051179,FACSAria Fusion SORP Instrument,658282J3,Fusion BRVYGUV ACDU CC4 COM EXTR OPTIC,658282J3-Fusion BRVYGUV ACDU CC4 COM EXTR OPTIC,BDB-658282J3,$898 , -   ,Classified by ML model,pyxis
53663,BLS,BDB,Biosciences,BDB,Biosciences,2200700,Research Instruments,PH220070022050,FACSAria,PH220070032600,FACSAria Instrument,PH220070041040,FACSAria Instrument,PH220070051183,FACSAria SORP Instrument,643695N5,AriaII SO 3B1002R405YG502UVG160 ACDU CPU,643695N5-AriaII SO 3B1002R405YG502UVG160 ACDU CPU,BDB-643695N5,$858 , -   ,Classified by ML model,pyxis
53664,BLS,BDB,Biosciences,BDB,Biosciences,2200700,Research Instruments,PH220070022100,FACSCelesta,PH220070032750,FACSCelesta Instrument,PH220070041043,FACSCelesta Instrument,PH220070051187,FACSCelesta Instrument,66093324,Celesta SORP 2B3R6V4YG 100mw,66093324-Celesta SORP 2B3R6V4YG 100mw,BDB-66093324,$854 , -   ,Classified by ML model,pyxis
53681,BLS,BDB,Biosciences,BDB,Biosciences,2200700,Research Instruments,PH220070022050,FACSAria,PH220070032600,FACSAria Instrument,PH220070041040,FACSAria Instrument,PH220070051182,FACSAria III Instrument,648282D7,ARIA III 3B/3R/3V/5YG/2UV ACDU,648282D7-ARIA III 3B/3R/3V/5YG/2UV ACDU,BDB-648282D7,$759 , -   ,Matched by Material ID,pyxis
53691,BDI,PI,Peripheral Intervention,PI,Peripheral Intervention,2401110,Oncology,PH240111021005,Vacuum Assisted,PH240111031015,Encor Capital,PH240111041057,Encor Enspire Capital,PH240111051072,Encor Enspire Capital,EDP001,ENCOR DRIVER BILLABLE PARTS,EDP001-ENCOR DRIVER BILLABLE PARTS,PI-EDP001,$684 , -   ,Classified by ML model,pyxis
53692,BLS,BDB,Biosciences,BDB,Biosciences,2200200,Clinical Instruments,PH220020023200,FACSCanto,PH220020035850,FACSCanto Instrument,PH220020041120,FACSCanto Instrument,PH220020051323,FACSCanto SORP Instrument,643554,FACSCanto II RUO Special Order System,643554-FACSCanto II RUO Special Order System,BDB-643554,$684 , -   ,Classified by ML model,pyxis
53698,BLS,SM,Specimen Management,SM,Specimen Management,2109003,Specimen Management Other,PH210900321400,Specimen Management Other,PH210900333300,Specimen Management Other,PH210900341162,All Other PAS,PH210900351175,All Other PAS,*RET051,Return Charge Preanalyti,*RET051-Return Charge Preanalyti,SM-*RET051,$622 , -   ,Classified by ML model,pyxis
53700,BLS,BDB,Biosciences,BDB,Biosciences,2200700,Research Instruments,PH220070022200,FACSMelody,PH220070032950,FACSMelody Instrument,PH220070041047,FACSMelody Instrument,PH220070051191,FACSMelody Instrument,662735,BD FACSMelody BYG 6-Color,662735-BD FACSMelody BYG 6-Color,BDB-662735,$618 , -   ,Matched by Material ID,pyxis
53701,BLS,BDB,Biosciences,BDB,Biosciences,2200700,Research Instruments,PH220070022050,FACSAria,PH220070032600,FACSAria Instrument,PH220070041040,FACSAria Instrument,PH220070051183,FACSAria SORP Instrument,65011035,Aria SO B100R40YG50V50UV100 ACDU CPU LC,65011035-Aria SO B100R40YG50V50UV100 ACDU CPU LC,BDB-65011035,$616 , -   ,Classified by ML model,pyxis
53705,BLS,DS,Diagnostic Solutions,DS,Diagnostic Solutions,2118000,Cancer,PH211800021000,Cytology,PH211800031950,PrepStain Instr - Sale,PH211800041007,PrepStain Instr Sales,PH211800051012,PrepStain Inst Sales,490407,Instrument Prepstain Tecan Us II Refurb,490407-Instrument Prepstain Tecan Us II Refurb,DS-490407,$612 , -   ,Matched by Material ID,pyxis
53724,BLS,DS,Diagnostic Solutions,DS,Diagnostic Solutions,2111460,Lab Automation,PH211146021000,Lab Automation - PC Adjustment,PH211146032150,Lab Automation - PC Adjustment,PH211146041039,Lab Automation - PC Adjustment,PH211146051068,Lab Automation - PC Adjustment,*INOINKSPM,InoqulA New SPM Ink cartridge Videojet,*INOINKSPM-InoqulA New SPM Ink cartridge Videojet,DS-*INOINKSPM,$511 , -   ,Matched by Material ID,pyxis
53731,BLS,BDB,Biosciences,BDB,Biosciences,2200700,Research Instruments,PH220070022300,FACSymphony Analyzers,PH220070033200,FACSymphony A5 Sorp Instrument,PH220070041053,FACSymphony A5 Sorp Instrument,PH220070051198,FACSymphony A5 Sorp Instrument,660964A6,SymphonyA5 SO 5B2003R1008V1005YG1007UV60,660964A6-SymphonyA5 SO 5B2003R1008V1005YG1007UV60,BDB-660964A6,$476 , -   ,Classified by ML model,pyxis
53733,BLS,BDB,Biosciences,BDB,Biosciences,2200700,Research Instruments,PH220070022300,FACSymphony Analyzers,PH220070033150,FACSymphony A3 Sorp Instrument,PH220070041052,FACSymphony A3 Sorp Instrument,PH220070051197,FACSymphony A3 Sorp Instrument,660937D5,SymphA3 5B103R108V105YG157UV60TBL FSC SO,660937D5-SymphA3 5B103R108V105YG157UV60TBL FSC SO,BDB-660937D5,$468 , -   ,Classified by ML model,pyxis
53742,BLS,BDB,Biosciences,BDB,Biosciences,2200700,Research Instruments,PH220070022500,LSR/Fortessa,PH220070033800,LSR/Fortessa,PH220070041066,LSR/Fortessa,PH220070051214,LSRFortessa Instrument,649225B0,LSRFortessa 4B 1 LASER,649225B0-LSRFortessa 4B 1 LASER,BDB-649225B0,$428 , -   ,Matched by Material ID,pyxis
53756,BLS,BDB,Biosciences,BDB,Biosciences,2200700,Research Instruments,PH220070022200,FACSMelody,PH220070032950,FACSMelody Instrument,PH220070041047,FACSMelody Instrument,PH220070051191,FACSMelody Instrument,662749,BD FACSMelody BRYG 8-Color Plate,662749-BD FACSMelody BRYG 8-Color Plate,BDB-662749,$375 , -   ,Matched by Material ID,pyxis
53765,BLS,BDB,Biosciences,BDB,Biosciences,2200700,Research Instruments,PH220070022300,FACSymphony Analyzers,PH220070033150,FACSymphony A3 Sorp Instrument,PH220070041052,FACSymphony A3 Sorp Instrument,PH220070051197,FACSymphony A3 Sorp Instrument,660937O2,SymphA3 2B103R147V104YG107UV60 HTSRDY SO,660937O2-SymphA3 2B103R147V104YG107UV60 HTSRDY SO,BDB-660937O2,$332 , -   ,Classified by ML model,pyxis
53773,BLS,BDB,Biosciences,BDB,Biosciences,2200700,Research Instruments,PH220070022050,FACSAria,PH220070032600,FACSAria Instrument,PH220070041040,FACSAria Instrument,PH220070051183,FACSAria SORP Instrument,650110R5,Aria SO 5B2R2UVACDU CPU SPNB TCO AMO,650110R5-Aria SO 5B2R2UVACDU CPU SPNB TCO AMO,BDB-650110R5,$313 , -   ,Classified by ML model,pyxis
53775,BLS,BDB,Biosciences,BDB,Biosciences,2200700,Research Instruments,PH220070022050,FACSAria,PH220070032550,FACSAria Fusion Instrument,PH220070041039,FACSAria Fusion Instrument,PH220070051179,FACSAria Fusion SORP Instrument,65828201,FusionSO B20R10YG10BV75UV100CPU COMP TCO,65828201-FusionSO B20R10YG10BV75UV100CPU COMP TCO,BDB-65828201,$308 , -   ,Classified by ML model,pyxis
53776,BLS,BDB,Biosciences,BDB,Biosciences,2200700,Research Instruments,PH220070022050,FACSAria,PH220070032550,FACSAria Fusion Instrument,PH220070041039,FACSAria Fusion Instrument,PH220070051179,FACSAria Fusion SORP Instrument,658282K3,Fusion B60R10V10YG50BV75UV15 ACDU CPU SO,658282K3-Fusion B60R10V10YG50BV75UV15 ACDU CPU SO,BDB-658282K3,$308 , -   ,Classified by ML model,pyxis
53777,BLS,BDB,Biosciences,BDB,Biosciences,2200700,Research Instruments,PH220070022500,LSR/Fortessa,PH220070033950,LSR/Fortessa X-20,PH220070041069,LSR/Fortessa X-20,PH220070051218,LSRFortessa X20 Instrument,65742705,FortessaX20 2B603R1006V1004YG1003UV15 SO,65742705-FortessaX20 2B603R1006V1004YG1003UV15 SO,BDB-65742705,$308 , -   ,Classified by ML model,pyxis
53778,BLS,BDB,Biosciences,BDB,Biosciences,2200700,Research Instruments,PH220070022050,FACSAria,PH220070032600,FACSAria Instrument,PH220070041040,FACSAria Instrument,PH220070051183,FACSAria SORP Instrument,65011040,Aria SO B60R40YG50V50UV20 ACDU CPU LC,65011040-Aria SO B60R40YG50V50UV20 ACDU CPU LC,BDB-65011040,$308 , -   ,Classified by ML model,pyxis
53779,BLS,BDB,Biosciences,BDB,Biosciences,2200700,Research Instruments,PH220070022050,FACSAria,PH220070032600,FACSAria Instrument,PH220070041040,FACSAria Instrument,PH220070051183,FACSAria SORP Instrument,650110S8,Aria SO B60R40V50YG50ACDU CPU LC AMO TCO,650110S8-Aria SO B60R40V50YG50ACDU CPU LC AMO TCO,BDB-650110S8,$308 , -   ,Matched by Material ID,pyxis
53780,BLS,BDB,Biosciences,BDB,Biosciences,2200700,Research Instruments,PH220070022500,LSR/Fortessa,PH220070033950,LSR/Fortessa X-20,PH220070041069,LSR/Fortessa X-20,PH220070051218,LSRFortessa X20 Instrument,65742743,FORT X20 2B603R146V103YG504UV FF HTSRDY,65742743-FORT X20 2B603R146V103YG504UV FF HTSRDY,BDB-65742743,$308 , -   ,Matched by Material ID,pyxis
53781,BLS,BDB,Biosciences,BDB,Biosciences,2200700,Research Instruments,PH220070022500,LSR/Fortessa,PH220070033800,LSR/Fortessa,PH220070041066,LSR/Fortessa,PH220070051215,LSRFortessa SORP Instrument,647800Z5,LSRFortessa SO 2B3R8V5G2UV CPU SWOPT,647800Z5-LSRFortessa SO 2B3R8V5G2UV CPU SWOPT,BDB-647800Z5,$307 , -   ,Matched by Material ID,pyxis
53782,BLS,BDB,Biosciences,BDB,Biosciences,2200700,Research Instruments,PH220070022050,FACSAria,PH220070032550,FACSAria Fusion Instrument,PH220070041039,FACSAria Fusion Instrument,PH220070051178,FACSAria Fusion Instrument,656700G2,Fusion 6B/3R/3V ACDU w/Hood,656700G2-Fusion 6B/3R/3V ACDU w/Hood,BDB-656700G2,$306 , -   ,Matched by Material ID,pyxis
53783,BLS,BDB,Biosciences,BDB,Biosciences,2200700,Research Instruments,PH220070022050,FACSAria,PH220070032600,FACSAria Instrument,PH220070041040,FACSAria Instrument,PH220070051183,FACSAria SORP Instrument,65011043,Aria SO B200R40BV75UV100 ACDU CPU LC,65011043-Aria SO B200R40BV75UV100 ACDU CPU LC,BDB-65011043,$306 , -   ,Classified by ML model,pyxis
53784,BLS,BDB,Biosciences,BDB,Biosciences,2200700,Research Instruments,PH220070022500,LSR/Fortessa,PH220070033800,LSR/Fortessa,PH220070041066,LSR/Fortessa,PH220070051214,LSRFortessa Instrument,649225B9,LSRFORTESSA 6B/4R/6V/2UV 4 LASER,649225B9-LSRFORTESSA 6B/4R/6V/2UV 4 LASER,BDB-649225B9,$306 , -   ,Matched by Material ID,pyxis
53785,BLS,BDB,Biosciences,BDB,Biosciences,2200700,Research Instruments,PH220070022500,LSR/Fortessa,PH220070033950,LSR/Fortessa X-20,PH220070041069,LSR/Fortessa X-20,PH220070051218,LSRFortessa X20 Instrument,65742732,Fort X20 2B603R406V505YG503UV15 HPPMT CC,65742732-Fort X20 2B603R406V505YG503UV15 HPPMT CC,BDB-65742732,$306 , -   ,Matched by Material ID,pyxis
53786,BLS,BDB,Biosciences,BDB,Biosciences,2200700,Research Instruments,PH220070022050,FACSAria,PH220070032600,FACSAria Instrument,PH220070041040,FACSAria Instrument,PH220070051182,FACSAria III Instrument,64828243,ARIA III 6B/2R/2V/2UV ACDU,64828243-ARIA III 6B/2R/2V/2UV ACDU,BDB-64828243,$305 , -   ,Classified by ML model,pyxis
53787,BLS,BDB,Biosciences,BDB,Biosciences,2200700,Research Instruments,PH220070022500,LSR/Fortessa,PH220070033800,LSR/Fortessa,PH220070041066,LSR/Fortessa,PH220070051214,LSRFortessa Instrument,649225B7,LSRFORTESSA 5B/3R/3V/2UV 4 LASER,649225B7-LSRFORTESSA 5B/3R/3V/2UV 4 LASER,BDB-649225B7,$305 , -   ,Matched by Material ID,pyxis
53788,BLS,BDB,Biosciences,BDB,Biosciences,2200700,Research Instruments,PH220070022100,FACSCelesta,PH220070032750,FACSCelesta Instrument,PH220070041043,FACSCelesta Instrument,PH220070051187,FACSCelesta Instrument,660933B1,FACSCelesta SORP 2B2R6V4YG 100mw,660933B1-FACSCelesta SORP 2B2R6V4YG 100mw,BDB-660933B1,$304 , -   ,Classified by ML model,pyxis
53789,BLS,BDB,Biosciences,BDB,Biosciences,2200700,Research Instruments,PH220070022500,LSR/Fortessa,PH220070033800,LSR/Fortessa,PH220070041066,LSR/Fortessa,PH220070051214,LSRFortessa Instrument,649225C1,LSRFORTESSA 5B/3R 2 LASER,649225C1-LSRFORTESSA 5B/3R 2 LASER,BDB-649225C1,$304 , -   ,Matched by Material ID,pyxis
53791,BLS,BDB,Biosciences,BDB,Biosciences,2200700,Research Instruments,PH220070022200,FACSMelody,PH220070032950,FACSMelody Instrument,PH220070041047,FACSMelody Instrument,PH220070051191,FACSMelody Instrument,661587,BD FACSMelody Blue 4-Color,661587-BD FACSMelody Blue 4-Color,BDB-661587,$304 , -   ,Matched by Material ID,pyxis
53792,BLS,BDB,Biosciences,BDB,Biosciences,2200700,Research Instruments,PH220070022100,FACSCelesta,PH220070032750,FACSCelesta Instrument,PH220070041043,FACSCelesta Instrument,PH220070051187,FACSCelesta Instrument,66093305,FACSCelesta SORP 17p BRVYG 100mw,66093305-FACSCelesta SORP 17p BRVYG 100mw,BDB-66093305,$304 , -   ,Matched by Material ID,pyxis
53793,BLS,BDB,Biosciences,BDB,Biosciences,2200700,Research Instruments,PH220070022200,FACSMelody,PH220070032950,FACSMelody Instrument,PH220070041047,FACSMelody Instrument,PH220070051191,FACSMelody Instrument,661758,BD FACSMelody Blue 4-Color Plate,661758-BD FACSMelody Blue 4-Color Plate,BDB-661758,$303 , -   ,Matched by Material ID,pyxis
53796,BLS,BDB,Biosciences,BDB,Biosciences,2200700,Research Instruments,PH220070022300,FACSymphony Analyzers,PH220070033150,FACSymphony A3 Sorp Instrument,PH220070041052,FACSymphony A3 Sorp Instrument,PH220070051197,FACSymphony A3 Sorp Instrument,660937D6,Symph A3 4B103R146V104YG106UV20 FFSS SO,660937D6-Symph A3 4B103R146V104YG106UV20 FFSS SO,BDB-660937D6,$294 , -   ,Matched by Material ID,pyxis
53797,BLS,BDB,Biosciences,BDB,Biosciences,2200700,Research Instruments,PH220070022050,FACSAria,PH220070032550,FACSAria Fusion Instrument,PH220070041039,FACSAria Fusion Instrument,PH220070051178,FACSAria Fusion Instrument,656700G7,FACSAria Fusion 6B/3R/3V ACDU w/Hood,656700G7-FACSAria Fusion 6B/3R/3V ACDU w/Hood,BDB-656700G7,$292 , -   ,Classified by ML model,pyxis
53813,BLS,BDB,Biosciences,BDB,Biosciences,2200700,Research Instruments,PH220070022500,LSR/Fortessa,PH220070033800,LSR/Fortessa,PH220070041066,LSR/Fortessa,PH220070051212,LSR II Instrument,648065,LSR II Preconfig 3LSR 4BLU/2Red/2UVMODE,648065-LSR II Preconfig 3LSR 4BLU/2Red/2UVMODE,BDB-648065,$250 , -   ,Classified by ML model,pyxis
53817,BLS,BDB,Biosciences,BDB,Biosciences,2200700,Research Instruments,PH220070022050,FACSAria,PH220070032600,FACSAria Instrument,PH220070041040,FACSAria Instrument,PH220070051183,FACSAria SORP Instrument,650422A2,FACSAria SO 7B1003R1003UV100ACDU CPU,650422A2-FACSAria SO 7B1003R1003UV100ACDU CPU,BDB-650422A2,$245 , -   ,Classified by ML model,pyxis
53836,BLS,DS,Diagnostic Solutions,DS,Diagnostic Solutions,2111460,Lab Automation,PH211146021100,Lab Automation,PH211146031100,All Other Lab Automation Instruments,PH211146041007,Other Instr- Sale,PH211146051014,Other Instr- Sale,447306,Vision Toolbox Package,447306-Vision Toolbox Package,DS-447306,$199 , -   ,Classified by ML model,pyxis
53840,BLS,DS,Diagnostic Solutions,DS,Diagnostic Solutions,2111006,Informatics,PH211100621000,Informatics,PH211100436650,Other Informatics,PH211100441296,DMS (Japan),PH211100451534,DMS (Japan),440183,MDMS Plan A,440183-MDMS Plan A,DS-440183,$182 , -   ,Classified by ML model,pyxis
53846,BLS,BDB,Biosciences,BDB,Biosciences,2200700,Research Instruments,PH220070022050,FACSAria,PH220070032600,FACSAria Instrument,PH220070041040,FACSAria Instrument,PH220070051182,FACSAria III Instrument,64828206,ARIA III 3B/2R/4YG BASIC,64828206-ARIA III 3B/2R/4YG BASIC,BDB-64828206,$173 , -   ,Matched by Material ID,pyxis
53848,BLS,BDB,Biosciences,BDB,Biosciences,2200100,Single Cell Multiomics,PH220080022800,SCM Reagents,PH220010031500,BD Immune Repertoire Profiling Reagents (BD VDJ),PH220010041018,TCR/BCR,PH220010051018,TCR/BCR,666623,Rhapsody TCR/BCR Assay for WTA 8 Pk,666623-Rhapsody TCR/BCR Assay for WTA 8 Pk,BDB-666623,$171 , -   ,Matched by Material ID,pyxis
53852,BLS,BDB,Biosciences,BDB,Biosciences,2200700,Research Instruments,PH220070021950,Accuri,PH220070032350,Accuri Instrument,PH220070041035,Accuri Instrument,PH220070051167,Accuri C5 & C6 Instrument with Sampler,653119,ACCURI C6 System W/Csampler,653119-ACCURI C6 System W/Csampler,BDB-653119,$159 , -   ,Classified by ML model,pyxis
53903,BLS,DS,Diagnostic Solutions,DS,Diagnostic Solutions,2111004,Microbiology,PH211100421000,Microbiology - PC Adjustment,PH211100437650,Microbiology - PC Adjustment,PH211100441379,Microbiology - PC Adjustment,PH211100451675,Microbiology - PC Adjustment,*920741,Meropenem-vaborbactam,*920741-Meropenem-vaborbactam,DS-*920741,$58 , -   ,Classified by ML model,pyxis
53956,BLS,DS,Diagnostic Solutions,DS,Diagnostic Solutions,2111004,Microbiology,PH211100421000,Microbiology - PC Adjustment,PH211100437650,Microbiology - PC Adjustment,PH211100441379,Microbiology - PC Adjustment,PH211100451675,Microbiology - PC Adjustment,*500302,URITEST 2 (CLED Agar/MacConkey Agar),*500302-URITEST 2 (CLED Agar/MacConkey Agar),DS-*500302,$12 , -   ,Classified by ML model,pyxis
53971,BLS,DS,Diagnostic Solutions,DS,Diagnostic Solutions,2111006,Informatics,PH211100621000,Informatics,PH211100436600,Epicenter,PH211100441290,Epicenter Hardware,PH211100451521,Epicenter Hardware,430086,Switch Negear de 8 puertos,430086-Switch Negear de 8 puertos,DS-430086,$6 , -   ,Classified by ML model,pyxis
53974,BLS,DS,Diagnostic Solutions,DS,Diagnostic Solutions,2111006,Informatics,PH211100621000,Informatics,PH211100436600,Epicenter,PH211100441290,Epicenter Hardware,PH211100451521,Epicenter Hardware,430089,Belkin - Supresor de picos con 12 salida,430089-Belkin - Supresor de picos con 12 salida,DS-430089,$5 , -   ,Classified by ML model,pyxis
53978,BLS,DS,Diagnostic Solutions,DS,Diagnostic Solutions,2111006,Informatics,PH211100621000,Informatics,PH211100436600,Epicenter,PH211100441290,Epicenter Hardware,PH211100451521,Epicenter Hardware,430088,Lect cod barra ecl ec-ls 9620-usb 25 mm,430088-Lect cod barra ecl ec-ls 9620-usb 25 mm,DS-430088,$4 , -   ,Classified by ML model,pyxis
53994,BLS,BDB,Biosciences,BDB,Biosciences,2200700,Research Instruments,PH220070022200,FACSMelody,PH220070033000,FACSMelody Options,PH220070041048,FACSMelody Options,PH220070051192,FACSMelody Other Options and Upgrades,66175109,FACSMelody Configurable Recondioned Rep,66175109-FACSMelody Configurable Recondioned Rep,BDB-66175109,$1 , -   ,Matched by Material ID,pyxis
53996,BLS,DS,Diagnostic Solutions,DS,Diagnostic Solutions,2111006,Informatics,PH211100621000,Informatics,PH211100436600,Epicenter,PH211100441290,Epicenter Hardware,PH211100451521,Epicenter Hardware,430087,DVD-R 16x Ver Camp 50pz 97176 verbatim,430087-DVD-R 16x Ver Camp 50pz 97176 verbatim,DS-430087,$1 , -   ,Classified by ML model,pyxis
54003,BLS,DS,Diagnostic Solutions,DS,Diagnostic Solutions,2111006,Informatics,PH211100621000,Informatics,PH211100436600,Epicenter,PH211100441290,Epicenter Hardware,PH211100451521,Epicenter Hardware,430085,Patch cord NXT Cat6 3.0m/10 Ft UTP RJ45,430085-Patch cord NXT Cat6 3.0m/10 Ft UTP RJ45,DS-430085,$0 , -   ,Classified by ML model,pyxis
54009,BLS,DS,Diagnostic Solutions,DS,Diagnostic Solutions,2111006,Informatics,PH211100621000,Informatics,PH211100436600,Epicenter,PH211100441290,Epicenter Hardware,PH211100451521,Epicenter Hardware,430090,Bolsa de 100 cinchos sujetacables cortos,430090-Bolsa de 100 cinchos sujetacables cortos,DS-430090,$0 , -   ,Classified by ML model,pyxis
54029,BDI,PI,Peripheral Intervention,PI,Peripheral Intervention,2401110,Oncology,PH240111021005,Vacuum Assisted,PH240111031015,Encor Capital,PH240111041057,Encor Enspire Capital,PH240111051072,Encor Enspire Capital,ENCOSADJ,ENCOR ENSPIRE CAPITAL,ENCOSADJ-ENCOR ENSPIRE CAPITAL,PI-ENCOSADJ, $-   , -   ,Matched by Material ID,pyxis
54030,BDI,PI,Peripheral Intervention,PI,Peripheral Intervention,2401110,Oncology,PH240111021005,Vacuum Assisted,PH240111031015,Encor Capital,PH240111041057,Encor Enspire Capital,PH240111051072,Encor Enspire Capital,ENINVADJ,ENCOR ENSPIRE CAPITAL,ENINVADJ-ENCOR ENSPIRE CAPITAL,PI-ENINVADJ, $-   , -   ,Matched by Material ID,pyxis
54031,BDI,PI,Peripheral Intervention,PI,Peripheral Intervention,2401110,Oncology,PH240111021005,Vacuum Assisted,PH240111031015,Encor Capital,PH240111041057,Encor Enspire Capital,PH240111051072,Encor Enspire Capital,EUADVADJ,ULTRA ADVANTAGE ADJ,EUADVADJ-ULTRA ADVANTAGE ADJ,PI-EUADVADJ, $-   , -   ,Matched by Material ID,pyxis
54032,BDI,PI,Peripheral Intervention,PI,Peripheral Intervention,2401110,Oncology,PH240111021005,Vacuum Assisted,PH240111031015,Encor Capital,PH240111041057,Encor Enspire Capital,PH240111051072,Encor Enspire Capital,EUINVADJ,ENCOR ENSPIRE CAPITAL,EUINVADJ-ENCOR ENSPIRE CAPITAL,PI-EUINVADJ, $-   , -   ,Matched by Material ID,pyxis
54033,BDI,PI,Peripheral Intervention,PI,Peripheral Intervention,2401110,Oncology,PH240111021005,Vacuum Assisted,PH240111031015,Encor Capital,PH240111041058,Encor Ultra Capital,PH240111051073,Encor Ultra Capital,E5115,ENCOR 100 TO 120V,E5115-ENCOR 100 TO 120V,PI-E5115, $-   , -   ,Matched by Material ID,pyxis
54038,BDI,PI,Peripheral Intervention,PI,Peripheral Intervention,2401110,Oncology,PH240111021007,Other Biopsy,PH240111031044,Other Biopsy Capital,PH240111041080,Gamma Finders Capital,PH240111051095,Gamma Finders Capital,GMINVADJ,GAMMA FINDERS CAPITAL,GMINVADJ-GAMMA FINDERS CAPITAL,PI-GMINVADJ, $-   , -   ,Classified by ML model,pyxis
54039,BDI,PI,Peripheral Intervention,PI,Peripheral Intervention,2401110,Oncology,PH240111021007,Other Biopsy,PH240111031045,CoreLite Capital,PH240111041106,CoreLite Capital,PH240111051121,CoreLite Capital,PL_380_175,CoreLite Capital Adjustment,PL_380_175-CoreLite Capital Adjustment,PI-PL_380_175, $-   , -   ,Matched by Material ID,pyxis
54117,BDM,MMS,Medication Management Solutions (MMS),MMD,Dispensing,2305001,Pyxis Med,PH230500121000,Pyxis Med,PH230500131000,Pyxis Med - Other,PH230500141000,Pyxis Med - Other,PH230500151000,Pyxis Med - Other,118908-01,ENDCAP FLEXBAR,118908-01-ENDCAP FLEXBAR,MMS-118908-01, $-   , -   ,Classified by ML model,pyxis
54118,BDM,MMS,Medication Management Solutions (MMS),MMD,Dispensing,2305001,Pyxis Med,PH230500121000,Pyxis Med,PH230500131000,Pyxis Med - Other,PH230500141000,Pyxis Med - Other,PH230500151000,Pyxis Med - Other,119822-02,TOUCH SCREEN 10.4 IN FLAT 5 W IN,119822-02-TOUCH SCREEN 10.4 IN FLAT 5 W IN,MMS-119822-02, $-   , -   ,Classified by ML model,pyxis
54119,BDM,MMS,Medication Management Solutions (MMS),MMD,Dispensing,2305001,Pyxis Med,PH230500121000,Pyxis Med,PH230500131000,Pyxis Med - Other,PH230500141000,Pyxis Med - Other,PH230500151000,Pyxis Med - Other,120502-01,HARNESS LATCH DETENT,120502-01-HARNESS LATCH DETENT,MMS-120502-01, $-   , -   ,Classified by ML model,pyxis
54120,BDM,MMS,Medication Management Solutions (MMS),MMD,Dispensing,2305001,Pyxis Med,PH230500121000,Pyxis Med,PH230500131000,Pyxis Med - Other,PH230500141000,Pyxis Med - Other,PH230500151000,Pyxis Med - Other,120510-01,CBL FLEXBAR 10 IN,120510-01-CBL FLEXBAR 10 IN,MMS-120510-01, $-   , -   ,Classified by ML model,pyxis
54121,BDM,MMS,Medication Management Solutions (MMS),MMD,Dispensing,2305001,Pyxis Med,PH230500121000,Pyxis Med,PH230500131000,Pyxis Med - Other,PH230500141000,Pyxis Med - Other,PH230500151000,Pyxis Med - Other,120559-01,ASSY HARNESS RETRACT HINGED HH,120559-01-ASSY HARNESS RETRACT HINGED HH,MMS-120559-01, $-   , -   ,Classified by ML model,pyxis
54122,BDM,MMS,Medication Management Solutions (MMS),MMD,Dispensing,2305001,Pyxis Med,PH230500121000,Pyxis Med,PH230500131000,Pyxis Med - Other,PH230500141000,Pyxis Med - Other,PH230500151000,Pyxis Med - Other,122232-01,LED GREEN ULTRA SUPER BRIGHT,122232-01-LED GREEN ULTRA SUPER BRIGHT,MMS-122232-01, $-   , -   ,Classified by ML model,pyxis
54123,BDM,MMS,Medication Management Solutions (MMS),MMD,Dispensing,2305001,Pyxis Med,PH230500121000,Pyxis Med,PH230500132000,Pyxis Med - Other NONCATALOG,PH230500141021,Pyxis Med - Other,PH230500151021,Pyxis Med - Other,100916-01,SLIDE DRAWER 24X2 150 LB.,100916-01-SLIDE DRAWER 24X2 150 LB.,MMS-100916-01, $-   , -   ,Classified by ML model,pyxis
54124,BDM,MMS,Medication Management Solutions (MMS),MMD,Dispensing,2305001,Pyxis Med,PH230500121000,Pyxis Med,PH230500132000,Pyxis Med - Other NONCATALOG,PH230500141021,Pyxis Med - Other,PH230500151021,Pyxis Med - Other,101951-01,PANEL FRONT SNAP-ON W/LED HOLE FLEX DWR.,101951-01-PANEL FRONT SNAP-ON W/LED HOLE FLEX DWR.,MMS-101951-01, $-   , -   ,Classified by ML model,pyxis
54125,BDM,MMS,Medication Management Solutions (MMS),MMD,Dispensing,2305001,Pyxis Med,PH230500121000,Pyxis Med,PH230500132000,Pyxis Med - Other NONCATALOG,PH230500141021,Pyxis Med - Other,PH230500151021,Pyxis Med - Other,120510-02,CBL FLEXBAR 26 IN.,120510-02-CBL FLEXBAR 26 IN.,MMS-120510-02, $-   , -   ,Classified by ML model,pyxis
54126,BDM,MMS,Medication Management Solutions (MMS),MMD,Dispensing,2305001,Pyxis Med,PH230500121000,Pyxis Med,PH230500132000,Pyxis Med - Other NONCATALOG,PH230500141021,Pyxis Med - Other,PH230500151021,Pyxis Med - Other,122379-01,ASSY FLEXBAR DRAWER.,122379-01-ASSY FLEXBAR DRAWER.,MMS-122379-01, $-   , -   ,Classified by ML model,pyxis
54127,BDM,MMS,Medication Management Solutions (MMS),MMD,Dispensing,2305001,Pyxis Med,PH230500121000,Pyxis Med,PH230500132000,Pyxis Med - Other NONCATALOG,PH230500141021,Pyxis Med - Other,PH230500151021,Pyxis Med - Other,390-001,BAT 12V 1.2AH LA 3.8X1.9X2 .187QD.,390-001-BAT 12V 1.2AH LA 3.8X1.9X2 .187QD.,MMS-390-001, $-   , -   ,Classified by ML model,pyxis
54128,BDM,MMS,Medication Management Solutions (MMS),MMD,Dispensing,2315001,Pyxis Supply,PH231500121050,Pyxis Supply,PH231500131850,Pyxis Supply - Other NONCATALOG,PH231500141018,Pyxis Supply - Other,PH231500141018,Pyxis Supply - Other,100789-01,CLIP SHELF SNAP-IN SS15/SS25/PS WHT.,100789-01-CLIP SHELF SNAP-IN SS15/SS25/PS WHT.,MMS-100789-01, $-   , -   ,Classified by ML model,pyxis
54129,BDM,MMS,Medication Management Solutions (MMS),MMD,Dispensing,2315001,Pyxis Supply,PH231500121050,Pyxis Supply,PH231500131850,Pyxis Supply - Other NONCATALOG,PH231500141018,Pyxis Supply - Other,PH231500141018,Pyxis Supply - Other,106426-01,HASP INJ. MOLDED SUPPLY DOOR (LATCH).,106426-01-HASP INJ. MOLDED SUPPLY DOOR (LATCH).,MMS-106426-01, $-   , -   ,Classified by ML model,pyxis
54130,BDM,MMS,Medication Management Solutions (MMS),MMD,Dispensing,2315001,Pyxis Supply,PH231500121050,Pyxis Supply,PH231500131850,Pyxis Supply - Other NONCATALOG,PH231500141018,Pyxis Supply - Other,PH231500141018,Pyxis Supply - Other,119549-01,PCBA DOOR BOARD LATCH SS15/30/EC.,119549-01-PCBA DOOR BOARD LATCH SS15/30/EC.,MMS-119549-01, $-   , -   ,Classified by ML model,pyxis
54131,BDM,MMS,Medication Management Solutions (MMS),MMD,Dispensing,2315001,Pyxis Supply,PH231500121050,Pyxis Supply,PH231500131850,Pyxis Supply - Other NONCATALOG,PH231500141018,Pyxis Supply - Other,PH231500141018,Pyxis Supply - Other,136064-01,LCD 10.4 IN COLOR LED BKLT.,136064-01-LCD 10.4 IN COLOR LED BKLT.,MMS-136064-01, $-   , -   ,Classified by ML model,pyxis
54132,BDM,MMS,Medication Management Solutions (MMS),MMD,Dispensing,2315001,Pyxis Supply,PH231500121050,Pyxis Supply,PH231500131850,Pyxis Supply - Other NONCATALOG,PH231500141018,Pyxis Supply - Other,PH231500141018,Pyxis Supply - Other,136065-01,PCBA LED DRIVER WIDE INPUT VOLT.,136065-01-PCBA LED DRIVER WIDE INPUT VOLT.,MMS-136065-01, $-   , -   ,Classified by ML model,pyxis
54142,BDM,MMS,Medication Management Solutions (MMS),MMS,Infusion Systems,2306001,Alaris System,PH230600121011,POC Systems,PH230600131096,Alaris System Auto ID - Placement,PH230600141228,Auto ID - Placement,PH230600151372,Barcode Module - Placement,PLACE - AUTO ID,Alaris Medley Auto ID - Placement,PLACE - AUTO ID-Alaris Medley Auto ID - Placement,MMS-PLACE - AUTO ID, $-   , -   ,Classified by ML model,pyxis
54422,BDM,MMS,Medication Management Solutions (MMS),MMS,Infusion Systems,2306003,Alaris Plus,PH230600321000,DI Inst,PH230600331035,Alaris Plus Other Pumps - Placement,PH230600341114,Other Pumps,PH230600351216,Other Pumps,PLACE - OTH PUMPS,Alaris Plus Other Pumps - Placement,PLACE - OTH PUMPS-Alaris Plus Other Pumps - Placement,MMS-PLACE - OTH PUMPS, $-   , -   ,Classified by ML model,pyxis
54431,BDM,MMS,Medication Management Solutions (MMS),MMS,Infusion Systems,2306004,CME,PH230600421007,POC Systems,PH230600431043,CME BODYGUARD C VISION - Placement,PH230600441137,Drug Infusion - Placement,PH230600451183,Ambulatory LVP CME - Placement,NCL999-603BDEN,Nutrition LOANER BD BodyGuard Infusion Pump,NCL999-603BDEN-Nutrition LOANER BD BodyGuard Infusion Pump,MMS-NCL999-603BDEN, $-   , -   ,Matched by Material ID,pyxis
54432,BDM,MMS,Medication Management Solutions (MMS),MMS,Infusion Systems,2306004,CME,PH230600421007,POC Systems,PH230600431053,CME DUAL CH TWIN - Placement,PH230600441139,Drug Infusion - Placement,PH230600451204,CME DUAL CH TWIN - Placement,PLACE - DUAL CH TW,CME DUAL CH TWIN - Placement,PLACE - DUAL CH TW-CME DUAL CH TWIN - Placement,MMS-PLACE - DUAL CH TW, $-   , -   ,Classified by ML model,pyxis
54438,BLS,BDB,Biosciences,BDB,Biosciences,2200100,Single Cell Multiomics,PH220010021150,SCM Instruments,PH220010031450,Rhapsody HT Xpress,PH220010041010,Rhapsody HT Xpress Standalone,PH220010051010,Rhapsody HT Xpress Standalone,PL_173_161,Rhapsody HT Xpress,PL_173_161-Rhapsody HT Xpress,BDB-PL_173_161, $-   , -   ,Classified by ML model,pyxis
54439,BLS,BDB,Biosciences,BDB,Biosciences,2200200,Clinical Instruments,PH220020023200,FACSCanto,PH220020035850,FACSCanto Instrument,PH220020041120,FACSCanto Instrument,PH220020051323,FACSCanto SORP Instrument,658310J0,Canto Plus 4B100 3R100 3V100 FP RUO SO,658310J0-Canto Plus 4B100 3R100 3V100 FP RUO SO,BDB-658310J0, $-   , -   ,Classified by ML model,pyxis
54440,BLS,BDB,Biosciences,BDB,Biosciences,2200200,Clinical Instruments,PH220020023350,FACSLyric,PH220020036350,FACSLyric Instrument,PH220020041135,FACSLyric Instrument,PH220020051345,FACSLyric Instrument - 8 Color,666948,FACSLyric 3L8C CN-IVD,666948-FACSLyric 3L8C CN-IVD,BDB-666948, $-   , -   ,Classified by ML model,pyxis
54444,BLS,BDB,Biosciences,BDB,Biosciences,2200200,Clinical Instruments,PH220020023400,FACSPresto,PH220020036700,FACSPresto Options,PH220020041209,FACSPresto Options - PC Adjustment,PH220020051283,FACSPresto Options - PC Adjustment,PL_974_110,FACSPresto Options Adjustment,PL_974_110-FACSPresto Options Adjustment,BDB-PL_974_110, $-   , -   ,Classified by ML model,pyxis
54445,BLS,BDB,Biosciences,BDB,Biosciences,2200700,Research Instruments,PH220070022050,FACSAria,PH220070032600,FACSAria Instrument,PH220070041040,FACSAria Instrument,PH220070051183,FACSAria SORP Instrument,64369590,Aria II SO 6B3R2G1502UVG60ACDU CPU XNZL,64369590-Aria II SO 6B3R2G1502UVG60ACDU CPU XNZL,BDB-64369590, $-   , -   ,Classified by ML model,pyxis
54446,BLS,BDB,Biosciences,BDB,Biosciences,2200700,Research Instruments,PH220070022050,FACSAria,PH220070032600,FACSAria Instrument,PH220070041040,FACSAria Instrument,PH220070051183,FACSAria SORP Instrument,64369596,Aria II SO 6B1003R3V2G150AMO RDY XNL LC,64369596-Aria II SO 6B1003R3V2G150AMO RDY XNL LC,BDB-64369596, $-   , -   ,Classified by ML model,pyxis
54447,BLS,BDB,Biosciences,BDB,Biosciences,2200700,Research Instruments,PH220070022050,FACSAria,PH220070032600,FACSAria Instrument,PH220070041040,FACSAria Instrument,PH220070051183,FACSAria SORP Instrument,650036J6,ARIA SO 2B3R5YG2BV2UVACDU LC SFOPT,650036J6-ARIA SO 2B3R5YG2BV2UVACDU LC SFOPT,BDB-650036J6, $-   , -   ,Classified by ML model,pyxis
54449,BLS,BDB,Biosciences,BDB,Biosciences,2200700,Research Instruments,PH220070022050,FACSAria,PH220070032650,FACSAria Options,PH220070041041,FACSAria Options,PH220070051185,FACSAria Other Options and Upgrades,656707,Assy DOC FACSAria Fusion RoHS,656707-Assy DOC FACSAria Fusion RoHS,BDB-656707, $-   , -   ,Classified by ML model,pyxis
54452,BLS,BDB,Biosciences,BDB,Biosciences,2200700,Research Instruments,PH220070022500,LSR/Fortessa,PH220070033800,LSR/Fortessa,PH220070041066,LSR/Fortessa,PH220070051215,LSRFortessa SORP Instrument,64778011,LSRFortessa SO 5B503R40 CPU LC,64778011-LSRFortessa SO 5B503R40 CPU LC,BDB-64778011, $-   , -   ,Classified by ML model,pyxis
54453,BLS,BDB,Biosciences,BDB,Biosciences,2200700,Research Instruments,PH220070022500,LSR/Fortessa,PH220070033800,LSR/Fortessa,PH220070041066,LSR/Fortessa,PH220070051215,LSRFortessa SORP Instrument,64779701,LSRFortessa SO 5B503R2YG502UV60 CPU,64779701-LSRFortessa SO 5B503R2YG502UV60 CPU,BDB-64779701, $-   , -   ,Classified by ML model,pyxis
54455,BLS,BDB,Biosciences,BDB,Biosciences,2200700,Research Instruments,PH220070022500,LSR/Fortessa,PH220070033950,LSR/Fortessa X-20,PH220070041069,LSR/Fortessa X-20,PH220070051218,LSRFortessa X20 Instrument,656385U2,LSRFortessa X-20 4L 16C_2B603R406V505YG5,656385U2-LSRFortessa X-20 4L 16C_2B603R406V505YG5,BDB-656385U2, $-   , -   ,Matched by Material ID,pyxis
54456,BLS,BDB,Biosciences,BDB,Biosciences,2200700,Research Instruments,PH220070022500,LSR/Fortessa,PH220070033950,LSR/Fortessa X-20,PH220070041069,LSR/Fortessa X-20,PH220070051218,LSRFortessa X20 Instrument,657407J2,LSRFortessa X-20 SO 3B3R CPU LC D8 BDJ,657407J2-LSRFortessa X-20 SO 3B3R CPU LC D8 BDJ,BDB-657407J2, $-   , -   ,Classified by ML model,pyxis
54457,BLS,BDB,Biosciences,BDB,Biosciences,2200700,Research Instruments,PH220070022500,LSR/Fortessa,PH220070033950,LSR/Fortessa X-20,PH220070041069,LSR/Fortessa X-20,PH220070051218,LSRFortessa X20 Instrument,65741202,LSRFortessa X20 SO 5B60 3R40 6V50 CPU LC,65741202-LSRFortessa X20 SO 5B60 3R40 6V50 CPU LC,BDB-65741202, $-   , -   ,Classified by ML model,pyxis
54458,BLS,BDB,Biosciences,BDB,Biosciences,2200700,Research Instruments,PH220070022550,FACSDiscover S8,PH220070034300,FACSDiscover S8 Instrument,PH220070041078,FACSDiscover S8 Instrument,PH220070051233,FACSDiscover S8 Instrument,664018,FACSVulcan First Edition,664018-FACSVulcan First Edition,BDB-664018, $-   , -   ,Matched by Material ID,pyxis
54473,BLS,DS,Diagnostic Solutions,DS,Diagnostic Solutions,2111001,Molecular Diagnostics,PH211100121050,Affirm,PH211100131800,Affirm Instr - Sale,PH211100141043,Affirm Instrument - Sales,PH211100151074,Affirm Instrument - Sales,HEATER-ZLM,HEATER,HEATER-ZLM-HEATER,DS-HEATER-ZLM, $-   , -   ,Classified by ML model,pyxis
54474,BLS,DS,Diagnostic Solutions,DS,Diagnostic Solutions,2111001,Molecular Diagnostics,PH211100121100,ProbeTec/Viper,PH211100132100,ProbeTec Viper Instr - Sale,PH211100141055,ProbeTecET Inst - Sales,PH211100151095,ProbeTecET Inst - Sales,440478,BD ProbeTec Instrument Us,440478-BD ProbeTec Instrument Us,DS-440478, $-   , -   ,Classified by ML model,pyxis
54475,BLS,DS,Diagnostic Solutions,DS,Diagnostic Solutions,2111001,Molecular Diagnostics,PH211100121200,BD MAX,PH211100132500,MAX Instr - Sale,PH211100141091,MAX 6Color Inst Sale,PH211100151164,MAX 6Color Inst Sale Adjustment,PL_523_125,MAX Instruments Adjustment,PL_523_125-MAX Instruments Adjustment,DS-PL_523_125, $-   , -   ,Classified by ML model,pyxis
54477,BLS,DS,Diagnostic Solutions,DS,Diagnostic Solutions,2111001,Molecular Diagnostics,PH211100121200,BD MAX,PH211100133300,MAX Instr - Plcmt,PH211100141122,MAX6 Ind Instr Plmt,PH211100151218,MAX6 Ind Instr Plmt,285026,BD MAX 6 Color Industrial Instruments,285026-BD MAX 6 Color Industrial Instruments,DS-285026, $-   , -   ,Matched by Material ID,pyxis
54553,BLS,DS,Diagnostic Solutions,DS,Diagnostic Solutions,2111004,Microbiology,PH211100421550,ID/AST,PH211100435900,BioTyper Instr - Sale,PH211100441247,BioTyper Sales,PH211100451429,LT MALDI-TOF Sales,271890,Maldi Instrument Microflex LT/SH,271890-Maldi Instrument Microflex LT/SH,DS-271890, $-   , -   ,Matched by Material ID,pyxis
54554,BLS,DS,Diagnostic Solutions,DS,Diagnostic Solutions,2111004,Microbiology,PH211100421550,ID/AST,PH211100436250,Phoenix AP Instr - Sale,PH211100441283,Phoenix AP Sales,PH211100451510,Phoenix AP Sales,CKSN01-S100-MP,MAIN PCB ASSEMBLY,CKSN01-S100-MP-MAIN PCB ASSEMBLY,DS-CKSN01-S100-MP, $-   , -   ,Classified by ML model,pyxis
54557,BLS,DS,Diagnostic Solutions,DS,Diagnostic Solutions,2111006,Informatics,PH211100621000,Informatics,PH211100436600,Epicenter,PH211100441290,Epicenter Hardware,PH211100451522,Epicenter Hardware Adjustment,PL_610_127,EPICENTER,PL_610_127-EPICENTER,DS-PL_610_127, $-   , -   ,Classified by ML model,pyxis
54560,BLS,DS,Diagnostic Solutions,DS,Diagnostic Solutions,2111460,Lab Automation,PH211146021000,Lab Automation - PC Adjustment,PH211146032150,Lab Automation - PC Adjustment,PH211146041039,Lab Automation - PC Adjustment,PH211146051068,Lab Automation - PC Adjustment,446904,Rack Door 21,446904-Rack Door 21,DS-446904, $-   , -   ,Classified by ML model,pyxis
54572,BLS,DS,Diagnostic Solutions,DS,Diagnostic Solutions,2118000,Cancer,PH211800021000,Cytology,PH211800031850,PrepMate Instr - Sale,PH211800041005,PrepMate Instr Sales,PH211800051008,PrepMate Instr Sales,490104,Instrument Prepmate Final Assy 220V,490104-Instrument Prepmate Final Assy 220V,DS-490104, $-   , -   ,Matched by Material ID,pyxis
54609,BLS,DS,Diagnostic Solutions,DS,Diagnostic Solutions,2111460,Lab Automation,PH211146021100,Lab Automation,PH211146031500,TLA Instr - Plcmt,PH211146041024,TLA Instrument - Plcmt,PH211146051047,TLA Instrument - Plcmt,446953,Fee Per Use Kiestra,446953-Fee Per Use Kiestra,DS-446953,($2), -   ,Classified by ML model,pyxis
54762,BLS,DS,Diagnostic Solutions,DS,Diagnostic Solutions,2111006,Informatics,PH211100621000,Informatics,PH211100436600,Epicenter,PH211100441290,Epicenter Hardware,PH211100451521,Epicenter Hardware,440250,BD EPICENTER CLIENT,440250-BD EPICENTER CLIENT,DS-440250,($89), -   ,Classified by ML model,pyxis
54800,BLS,DS,Diagnostic Solutions,DS,Diagnostic Solutions,2111006,Informatics,PH211100621000,Informatics,PH211100436600,Epicenter,PH211100441290,Epicenter Hardware,PH211100451521,Epicenter Hardware,*000033324,TN3330 HL-5440 TONER,*000033324-TN3330 HL-5440 TONER,DS-*000033324,($169), -   ,Matched by Material ID,pyxis
54831,BLS,DS,Diagnostic Solutions,DS,Diagnostic Solutions,2111006,Informatics,PH211100621000,Informatics,PH211100436650,Other Informatics,PH211100441296,DMS (Japan),PH211100451534,DMS (Japan),440184,MDMS Plan B,440184-MDMS Plan B,DS-440184,($239), -   ,Classified by ML model,pyxis
54906,BLS,BDB,Biosciences,BDB,Biosciences,2200200,Clinical Instruments,PH220020023750,Other Instrument Revenue (Clinical),PH220020037400,Other Instrument Revenue (Clinical),PH220020041214,Other Instrument Revenue (Clinical) - PC Adjustment,PH220020051278,Other Instrument Revenue (Clinical) - PC Adjustment,PL_979_110,Other Instr Rev Clin Adjustment,PL_979_110-Other Instr Rev Clin Adjustment,BDB-PL_979_110,($521), -   ,Classified by ML model,pyxis
54967,BLS,BDB,Biosciences,BDB,Biosciences,2200700,Research Instruments,PH220070022200,FACSMelody,PH220070033000,FACSMelody Options,PH220070041048,FACSMelody Options,PH220070051192,FACSMelody Other Options and Upgrades,662929,FACSMelody YG Laser 2-Colr UPGD OPT PLT,662929-FACSMelody YG Laser 2-Colr UPGD OPT PLT,BDB-662929,"($1,136)", -   ,Classified by ML model,pyxis
55017,BLS,DS,Diagnostic Solutions,DS,Diagnostic Solutions,2111001,Molecular Diagnostics,PH211100121050,Affirm,PH211100131800,Affirm Instr - Sale,PH211100141044,Affirm Instr - Sale Adjustment,PH211100151076,Affirm Instr - Sale Adjustment,PL_500_125,Affirm Instruments Adjustment,PL_500_125-Affirm Instruments Adjustment,DS-PL_500_125,"($2,519)", -   ,Classified by ML model,pyxis
55049,BLS,DS,Diagnostic Solutions,DS,Diagnostic Solutions,2111004,Microbiology,PH211100421000,Microbiology - PC Adjustment,PH211100437650,Microbiology - PC Adjustment,PH211100441379,Microbiology - PC Adjustment,PH211100451675,Microbiology - PC Adjustment,430172,KIESTRA InoquIA Inst CO,430172-KIESTRA InoquIA Inst CO,DS-430172,"($4,808)", -   ,Matched by Material ID,pyxis
55075,BLS,BDB,Biosciences,BDB,Biosciences,2200700,Research Instruments,PH220070022400,INFLUX,PH220070033500,Influx Options,PH220070041059,Influx Options,PH220070051205,INFLUX Other Options and Upgrades,655745,KIT SIX WAY SORTING UPGRADE,655745-KIT SIX WAY SORTING UPGRADE,BDB-655745,"($6,872)", -   ,Classified by ML model,pyxis
55098,BLS,BDB,Biosciences,BDB,Biosciences,2200200,Clinical Instruments,PH220020023400,FACSPresto,PH220020036600,FACSPresto Instrument,PH220020041140,FACSPresto Instrument,PH220020051355,FACSPresto Instrument,651000,BD FACSPRESTO INSTRUMENT,651000-BD FACSPRESTO INSTRUMENT,BDB-651000,"($8,317)", -   ,Matched by Material ID,pyxis
55114,BLS,DS,Diagnostic Solutions,DS,Diagnostic Solutions,2118000,Cancer,PH211800021000,Cytology,PH211800031850,PrepMate Instr - Sale,PH211800041005,PrepMate Instr Sales,PH211800051008,PrepMate Instr Sales,490410,Instrument Prepmate Final Assmbly 115V,490410-Instrument Prepmate Final Assmbly 115V,DS-490410,"($11,658)", -   ,Classified by ML model,pyxis
55141,BLS,BDB,Biosciences,BDB,Biosciences,2200700,Research Instruments,PH220070022500,LSR/Fortessa,PH220070033800,LSR/Fortessa,PH220070041066,LSR/Fortessa,PH220070051215,LSRFortessa SORP Instrument,647177K5,FORTSO 6B50/4R40/6V50/2UV20CPU,647177K5-FORTSO 6B50/4R40/6V50/2UV20CPU,BDB-647177K5,"($16,785)", -   ,Matched by Material ID,pyxis
55142,BLS,DS,Diagnostic Solutions,DS,Diagnostic Solutions,2118000,Cancer,PH211800021000,Cytology,PH211800031000,SlidePrep Instr - Sale,PH211800041000,SlidePrep Instrument Sale,PH211800051001,SlidePrep Instrument Sale Adjustment,PL_638_118,Totalys Slide Prep Instruments Adjustment,PL_638_118-Totalys Slide Prep Instruments Adjustment,DS-PL_638_118,"($16,881)", -   ,Matched by Material ID,pyxis
55146,BLS,BDB,Biosciences,BDB,Biosciences,2200200,Clinical Instruments,PH220020023700,Lyse Wash Assistant,PH220020037250,LWA,PH220020041212,LWA - PC Adjustment,PH220020051280,LWA - PC Adjustment,PL_100_110,LWA Adjustment,PL_100_110-LWA Adjustment,BDB-PL_100_110,"($17,764)", -   ,Classified by ML model,pyxis
55147,BLS,BDB,Biosciences,BDB,Biosciences,2200100,Single Cell Multiomics,PH220080022800,SCM Reagents,PH220080035500,BD Rhapsody Targeted Panels,PH220010041002,BD Rhapsody Targeted Panels - PC Adjustment,PH220010051005,BD Rhapsody Targeted Panels - PC Adjustment,PL_109_161,Rhapsody Tgt Panels Adjustment,PL_109_161-Rhapsody Tgt Panels Adjustment,BDB-PL_109_161,"($17,794)", -   ,Classified by ML model,pyxis
55165,BDM,MMS,Medication Management Solutions (MMS),MMD,Dispensing,2305001,Pyxis Med,PH230500121000,Pyxis Med,PH230500131000,Pyxis Med - Other,PH230500141000,Pyxis Med - Other,PH230500151000,Pyxis Med - Other,PL_593_150,Pyxis MedStation Adjustment,PL_593_150-Pyxis MedStation Adjustment,MMS-PL_593_150,"($24,130)", -   ,Classified by ML model,pyxis
55168,BDM,MMS,Medication Management Solutions (MMS),MMD,Dispensing,2305001,Pyxis Med,PH230500121000,Pyxis Med,PH230500131000,Pyxis Med - Other,PH230500141000,Pyxis Med - Other,PH230500151000,Pyxis Med - Other,PL_451_150,Dispensing Technologies Adjustment,PL_451_150-Dispensing Technologies Adjustment,MMS-PL_451_150,"($25,842)", -   ,Classified by ML model,pyxis
55223,BLS,DS,Diagnostic Solutions,DS,Diagnostic Solutions,2111001,Molecular Diagnostics,PH211100121050,Affirm,PH211100131800,Affirm Instr - Sale,PH211100141043,Affirm Instrument - Sales,PH211100151074,Affirm Instrument - Sales,441699,Affirm Buyout,441699-Affirm Buyout,DS-441699,"($54,432)", -   ,Matched by Material ID,pyxis
55229,BLS,BDB,Biosciences,BDB,Biosciences,2200200,Clinical Instruments,PH220020023350,FACSLyric,PH220020036450,FACSLyric Loader,PH220020041206,FACSLyric Loader - PC Adjustment,PH220020051286,FACSLyric Loader - PC Adjustment,PL_987_110,FACSLyric Loader Adjustment,PL_987_110-FACSLyric Loader Adjustment,BDB-PL_987_110,"($58,608)", -   ,Classified by ML model,pyxis
55235,BLS,BDB,Biosciences,BDB,Biosciences,2200700,Research Instruments,PH220070022150,FACSJazz,PH220070032850,FACSJazz Instrument,PH220070041045,FACSJazz Instrument,PH220070051189,FACSJazz Instrument,PL_108_128,FACSJazz Instrument Adjustment,PL_108_128-FACSJazz Instrument Adjustment,BDB-PL_108_128,"($66,799)", -   ,Matched by Material ID,pyxis
55236,BLS,SM,Specimen Management,SM,Specimen Management,2109003,Specimen Management Other,PH210900321400,Specimen Management Other,PH210900333300,Specimen Management Other,PH210900341162,All Other PAS,PH210900351175,All Other PAS,*01SE0001,MISCELLANEOUS CHARGES,*01SE0001-MISCELLANEOUS CHARGES,SM-*01SE0001,"($66,857)", -   ,Classified by ML model,pyxis
55240,BLS,DS,Diagnostic Solutions,DS,Diagnostic Solutions,2111004,Microbiology,PH211100421000,Microbiology - PC Adjustment,PH211100437650,Microbiology - PC Adjustment,PH211100441379,Microbiology - PC Adjustment,PH211100451675,Microbiology - PC Adjustment,44587009,BACTEC MGIT 960 REPAIRED.,44587009-BACTEC MGIT 960 REPAIRED.,DS-44587009,"($69,299)", -   ,Matched by Material ID,pyxis
55251,BDI,PI,Peripheral Intervention,PI,Peripheral Intervention,2401110,Oncology,PH240111021005,Vacuum Assisted,PH240111031015,Encor Capital,PH240111041057,Encor Enspire Capital,PH240111051072,Encor Enspire Capital,ENADVADJ,ENSPIRE ADVANTAGE ADJ,ENADVADJ-ENSPIRE ADVANTAGE ADJ,PI-ENADVADJ,"($81,838)", -   ,Matched by Material ID,pyxis
55278,BDM,MMS,Medication Management Solutions (MMS),MMD,Dispensing,2315001,Pyxis Supply,PH231500121050,Pyxis Supply,PH231500131050,Pyxis Supply - Other,PH231500141001,Pyxis Supply - Other,PH231500151001,Pyxis Supply - Other,PL_615_163,Pyxis SupplyStation Adjustment,PL_615_163-Pyxis SupplyStation Adjustment,MMS-PL_615_163,"($130,613)", -   ,Classified by ML model,pyxis
55280,BLS,BDB,Biosciences,BDB,Biosciences,2200200,Clinical Instruments,PH220020023350,FACSLyric,PH220020036350,FACSLyric Instrument,PH220020041135,FACSLyric Instrument,PH220020051342,FACSLyric Instrument - 10 Color,662382,FACSLyric 3L10C Instrument RUO,662382-FACSLyric 3L10C Instrument RUO,BDB-662382,"($133,927)", -   ,Matched by Material ID,pyxis
55311,BDI,UCC,Urology and Critical Care,UCC,Urology and Critical Care,2401511,Targeted Temperature Management,PH240151121000,Arctic Sun,PH240151131000,Arctic Sun-Hardware,PH240151141000,Arctic Sun-Hardware,PH240151151000,Arctic Sun-Hardware,PL_949_186,Arctic Sun-Hardware Adjustment,PL_949_186-Arctic Sun-Hardware Adjustment,UCC-PL_949_186,"($203,623)", -   ,Matched by Material ID,pyxis
55316,BLS,BDB,Biosciences,BDB,Biosciences,2200700,Research Instruments,PH220070022200,FACSMelody,PH220070032950,FACSMelody Instrument,PH220070041047,FACSMelody Instrument,PH220070051191,FACSMelody Instrument,662750,BD FACSMelody BVYG 8-Color Plate,662750-BD FACSMelody BVYG 8-Color Plate,BDB-662750,"($239,556)", -   ,Matched by Material ID,pyxis
55319,BLS,BDB,Biosciences,BDB,Biosciences,2200700,Research Instruments,PH220070022550,FACSDiscover S8,PH220070034300,FACSDiscover S8 Instrument,PH220070041021,Mosaic Instrument - Sorter - PC Adjustment,PH220070051163,Mosaic Instrument - Sorter - PC Adjustment,PL_134_128,FACSMosiac Instrument - Sorter Adjustment,PL_134_128-FACSMosiac Instrument - Sorter Adjustment,BDB-PL_134_128,"($249,947)", -   ,Classified by ML model,pyxis
55322,BLS,BDB,Biosciences,BDB,Biosciences,2200700,Research Instruments,PH220070022300,FACSymphony Analyzers,PH220070033150,FACSymphony A3 Sorp Instrument,PH220070041052,FACSymphony A3 Sorp Instrument,PH220070051197,FACSymphony A3 Sorp Instrument,6.61E+11,Symph A3 4B103R106V104YG106UV60 HPPMT SO,660937E6-Symph A3 4B103R106V104YG106UV60 HPPMT SO,BDB-660937E6,"($255,639)", -   ,Classified by ML model,pyxis
55325,BLS,DS,Diagnostic Solutions,DS,Diagnostic Solutions,2111460,Lab Automation,PH211146021100,Lab Automation,PH211146031600,InoqulA+ Instr - Plcmt,PH211146041026,InoqulA+ Instr - Plcmt,PH211146051037,InoqulA+ Instr- Plcmt,*SK443347,InoquIA Instrument,*SK443347-InoquIA Instrument,DS-*SK443347,"($261,375)", -   ,Classified by ML model,pyxis
55342,BDM,MMS,Medication Management Solutions (MMS),MMS,Infusion Systems,2306001,Alaris System,PH230600121014,Infusion Systems NP,PH230600131094,Infusion Systems NP,PH230600141232,Adjustment,PH230600151379,Adjustment,PL_453_151,Infusion Systems Adjustment,PL_453_151-Infusion Systems Adjustment,MMS-PL_453_151,"($405,156)", -   ,Classified by ML model,pyxis
55349,BLS,BDB,Biosciences,BDB,Biosciences,2200700,Research Instruments,PH220070022300,FACSymphony Analyzers,PH220070034650,FACSymphony A5 SE,PH220070041091,FACSymphony A5 SE,PH220070051252,FACSymphony A5 SE,PL_147_128,FACSymphony A5 SE Adjustment,PL_147_128-FACSymphony A5 SE Adjustment,BDB-PL_147_128,"($475,270)", -   ,Matched by Material ID,pyxis
55352,BLS,DS,Diagnostic Solutions,DS,Diagnostic Solutions,2211005,Diagnostic Solutions Other,PH221100521750,Diagnostic Systems Other,PH221100537200,Diagnostic Systems Other,PH221100541355,Diagnostic Systems Other Adjustment,PH221100551638,Diagnostic Systems Other Adjustment,PL_660_111,Diagnostic Systems Other Adjustment,PL_660_111-Diagnostic Systems Other Adjustment,DS-PL_660_111,"($517,731)", -   ,Classified by ML model,pyxis
55356,BDI,PI,Peripheral Intervention,PI,Peripheral Intervention,2401110,Oncology,PH240111021005,Vacuum Assisted,PH240111031015,Encor Capital,PH240111041057,Encor Enspire Capital,PH240111051072,Encor Enspire Capital,PL_917_175,Encor Capital Adjustment,PL_917_175-Encor Capital Adjustment,PI-PL_917_175,"($556,145)", -   ,Matched by Material ID,pyxis
55369,BLS,BDB,Biosciences,BDB,Biosciences,2200700,Research Instruments,PH220070022850,FACSDiscover A8,PH220070034550,FACSDiscover A8 Instrument,PH220070041124,FACSDiscover A8 Instrument,PH220070051289,FACSDiscover A8 Instrument,*MISCA8,FacsDiscover A8,*MISCA8-FacsDiscover A8,BDB-*MISCA8,"($701,757)", -   ,Classified by ML model,pyxis
55374,BDI,UCC,Urology and Critical Care,UCC,Urology and Critical Care,2401511,Targeted Temperature Management,PH240151121000,Arctic Sun,PH240151131000,Arctic Sun-Hardware,PH240151141000,Arctic Sun-Hardware,PH240151151000,Arctic Sun-Hardware,EXTWARR2,2 YEAR EXTENDED WARRANTY,EXTWARR2-2 YEAR EXTENDED WARRANTY,UCC-EXTWARR2,"($921,964)", -   ,Matched by Material ID,pyxis
55404,BLS,DS,Diagnostic Solutions,DS,Diagnostic Solutions,2111460,Lab Automation,PH211146021100,Lab Automation,PH211146031500,TLA Instr - Plcmt,PH211146041024,TLA Instrument - Plcmt,PH211146051047,TLA Instrument - Plcmt,*RENTLA,LA RENT,*RENTLA-LA RENT,DS-*RENTLA,"($2,811,625)", -   ,Classified by ML model,pyxis
55417,BLS,BDB,Biosciences,BDB,Biosciences,2200200,Clinical Instruments,PH220020023350,FACSLyric,PH220020036350,FACSLyric Instrument,PH220020041154,FACSLyric Instrument Adjustment,PH220020051273,FACSLyric Instrument Adjustment,PL_986_110,FACSLyric Instrument Adjustment,PL_986_110-FACSLyric Instrument Adjustment,BDB-PL_986_110,"$889,210 ",-1,Matched by Material ID,pyxis
55420,BLS,DS,Diagnostic Solutions,DS,Diagnostic Solutions,2118000,Cancer,PH211800021000,Cytology,PH211800031900,PrepStain Instr - Plcmt,PH211800041010,PrepStain Placement,PH211800051018,PrepStain Placement,491372,PREPSTAIN EQUIPMENT LEASE,491372-PREPSTAIN EQUIPMENT LEASE,DS-491372,"$11,548 ",-1,Classified by ML model,pyxis
55421,BDI,UCC,Urology and Critical Care,UCC,Urology and Critical Care,2401511,Targeted Temperature Management,PH240151121000,Arctic Sun,PH240151131000,Arctic Sun-Hardware,PH240151141000,Arctic Sun-Hardware,PH240151151000,Arctic Sun-Hardware,ARTIC05,SERVICIO PREVENTIVO TIPO2 ARCTICSUN,ARTIC05-SERVICIO PREVENTIVO TIPO2 ARCTICSUN,UCC-ARTIC05,"$9,055 ",-1,Matched by Material ID,pyxis
55422,BLS,DS,Diagnostic Solutions,DS,Diagnostic Solutions,2111006,Informatics,PH211100621000,Informatics,PH211100631000,Synapsys,PH211100641003,Synapsys Hardware,PH211100651003,Synapsys Hardware,445398,Generic NUC 2,445398-Generic NUC 2,DS-445398,"$6,634 ",-1,Matched by Material ID,pyxis
55423,BLS,BDB,Biosciences,BDB,Biosciences,2200700,Research Instruments,PH220070022050,FACSAria,PH220070032550,FACSAria Fusion Instrument,PH220070041039,FACSAria Fusion Instrument,PH220070051178,FACSAria Fusion Instrument,656700,BDFACSAria Fusion,656700-BDFACSAria Fusion,BDB-656700,"$5,166 ",-1,Matched by Material ID,pyxis
55453,BLS,DS,Diagnostic Solutions,DS,Diagnostic Solutions,2111006,Informatics,PH211100621000,Informatics,PH211100436600,Epicenter,PH211100441290,Epicenter Hardware,PH211100451521,Epicenter Hardware,310-7950-ZDE,WORKSTATION KEYBOARD EPICENTER,310-7950-ZDE-WORKSTATION KEYBOARD EPICENTER,DS-310-7950-ZDE,($25),-1,Matched by Material ID,pyxis
55607,BLS,DS,Diagnostic Solutions,DS,Diagnostic Solutions,2211005,Diagnostic Solutions Other,PH221100521750,Diagnostic Systems Other,PH211100436750,Infection Prevention & Mgmt NP,PH211100441314,WW Infection Prev&Mgmt Oper Exps-Ex BDMS,PH211100451563,WW Infection Prev&Mgmt Oper Exps-Ex BDMS,1093110,Sales Adj - DIAG,1093110-Sales Adj - DIAG,DS-1093110,"($9,251)",-3,Classified by ML model,pyxis
55656,BDM,MMS,Medication Management Solutions (MMS),MMS,Infusion Systems,2306004,CME,PH230600421007,POC Systems,PH230600431043,CME BODYGUARD C VISION - Placement,PH230600441137,Drug Infusion - Placement,PH230600451183,Ambulatory LVP CME - Placement,L999-603BDEN,Loaner BD BodyGuard Infusion Pump (BG 323 CV),L999-603BDEN-Loaner BD BodyGuard Infusion Pump (BG 323 CV),MMS-L999-603BDEN, $-   ,-6,Matched by Material ID,pyxis
55665,BLS,DS,Diagnostic Solutions,DS,Diagnostic Solutions,2111460,Lab Automation,PH211146021000,Lab Automation - PC Adjustment,PH211146032150,Lab Automation - PC Adjustment,PH211146041039,Lab Automation - PC Adjustment,PH211146051068,Lab Automation - PC Adjustment,DUMMYSKU054_IDS,PC Adjustment - 2111460 Lab Automation,DUMMYSKU054_IDS-PC Adjustment - 2111460 Lab Automation,DS-DUMMYSKU054_IDS,"($85,064)",-7,Classified by ML model,pyxis
