,SEG,BU,Business Unit,Sub BU,Sub Business Unit,Platform ID,Platform,Product Category ID,Product Category,Product Line ID,Product Line,Product Set ID,Product Set,Product Subset ID,Product Subset,Material ID,Material Description,Material ID Description,BU + Material, Actual Revenue ,Actual Units,CAT 11 (USE),CAT 12 (EoL), COMMENTS 
20,BDI,PI,Peripheral Intervention,PI,Peripheral Intervention,2401105,BD PI Other,PH240110521000,Peripheral Intervention Freight & Rebates,PH240110531002,Peripheral Intervention - US Rebates,PH240110541003,Rebates,PH240110551003,Rebates,DMY_DS_50090-BPV,PERIPHERAL INTERVENTION REBATES,DMY_DS_50090-BPV-PERIPHERAL INTERVENTION REBATES,PI-DMY_DS_50090-BPV," $(1,358,063)", -   ,,,
169,BDI,PI,Peripheral Intervention,PI,Peripheral Intervention,2401105,BD PI Other,PH240110521002,OEM,PH240110531020,Textiles OEM,PH240110541066,Textiles OEM,PH240110551066,Textiles OEM,G04057OEM,OEM6111SAUVFILPAT,G04057OEM-OEM6111SAUVFILPAT,PI-G04057OEM," $9,691 ", 70 ,,,
173,BDI,PI,Peripheral Intervention,PI,Peripheral Intervention,2401105,BD PI Other,PH240110521002,OEM,PH240110531020,Textiles OEM,PH240110541066,Textiles OEM,PH240110551066,Textiles OEM,G04316OEM,STYLE 6113 ALT POLY 16MM,G04316OEM-STYLE 6113 ALT POLY 16MM,PI-G04316OEM," $4,284 ", 60 ,,,
174,BDI,PI,Peripheral Intervention,PI,Peripheral Intervention,2401105,BD PI Other,PH240110521002,OEM,PH240110531020,Textiles OEM,PH240110541066,Textiles OEM,PH240110551066,Textiles OEM,G04318,STYLE 6113 ALT POLY 18MM,G04318-STYLE 6113 ALT POLY 18MM,PI-G04318," $7,301 ", 90 ,,,
175,BDI,PI,Peripheral Intervention,PI,Peripheral Intervention,2401105,BD PI Other,PH240110521002,OEM,PH240110531020,Textiles OEM,PH240110541066,Textiles OEM,PH240110551066,Textiles OEM,G04318OEM,STYLE 6113 ALT POLY 18MM,G04318OEM-STYLE 6113 ALT POLY 18MM,PI-G04318OEM," $9,865 ", 140 ,,,
176,BDI,PI,Peripheral Intervention,PI,Peripheral Intervention,2401105,BD PI Other,PH240110521002,OEM,PH240110531020,Textiles OEM,PH240110541066,Textiles OEM,PH240110551066,Textiles OEM,G04320,STYLE 6113 ALT POLY 20MM,G04320-STYLE 6113 ALT POLY 20MM,PI-G04320," $19,874 ", 245 ,,,
177,BDI,PI,Peripheral Intervention,PI,Peripheral Intervention,2401105,BD PI Other,PH240110521002,OEM,PH240110531020,Textiles OEM,PH240110541066,Textiles OEM,PH240110551066,Textiles OEM,G04320OEM,STYLE 6113 ALT POLY 20MM,G04320OEM-STYLE 6113 ALT POLY 20MM,PI-G04320OEM," $47,144 ", 655 ,,,
178,BDI,PI,Peripheral Intervention,PI,Peripheral Intervention,2401105,BD PI Other,PH240110521002,OEM,PH240110531020,Textiles OEM,PH240110541066,Textiles OEM,PH240110551066,Textiles OEM,G04322,STYLE 6113 ALT POLY 22MM,G04322-STYLE 6113 ALT POLY 22MM,PI-G04322," $11,624 ", 140 ,,,
179,BDI,PI,Peripheral Intervention,PI,Peripheral Intervention,2401105,BD PI Other,PH240110521002,OEM,PH240110531020,Textiles OEM,PH240110541066,Textiles OEM,PH240110551066,Textiles OEM,G04322OEM,STYLE 6113 ALT POLY 22MM,G04322OEM-STYLE 6113 ALT POLY 22MM,PI-G04322OEM," $48,088 ", 660 ,,,
180,BDI,PI,Peripheral Intervention,PI,Peripheral Intervention,2401105,BD PI Other,PH240110521002,OEM,PH240110531020,Textiles OEM,PH240110541066,Textiles OEM,PH240110551066,Textiles OEM,G04324,STYLE 6113 ALT POLY 24MM,G04324-STYLE 6113 ALT POLY 24MM,PI-G04324," $23,525 ", 290 ,,,
181,BDI,PI,Peripheral Intervention,PI,Peripheral Intervention,2401105,BD PI Other,PH240110521002,OEM,PH240110531020,Textiles OEM,PH240110541066,Textiles OEM,PH240110551066,Textiles OEM,G04324OEM,STYLE 6113 ALT POLY 24MM,G04324OEM-STYLE 6113 ALT POLY 24MM,PI-G04324OEM," $7,140 ", 100 ,,,
182,BDI,PI,Peripheral Intervention,PI,Peripheral Intervention,2401105,BD PI Other,PH240110521002,OEM,PH240110531020,Textiles OEM,PH240110541066,Textiles OEM,PH240110551066,Textiles OEM,G04326,STYLE 6113 ALT POLY 26MM,G04326-STYLE 6113 ALT POLY 26MM,PI-G04326," $10,140 ", 125 ,,,
183,BDI,PI,Peripheral Intervention,PI,Peripheral Intervention,2401105,BD PI Other,PH240110521002,OEM,PH240110531020,Textiles OEM,PH240110541066,Textiles OEM,PH240110551066,Textiles OEM,G04326OEM,STYLE 6113 ALT POLY 26MM,G04326OEM-STYLE 6113 ALT POLY 26MM,PI-G04326OEM," $3,459 ", 40 ,,,
184,BDI,PI,Peripheral Intervention,PI,Peripheral Intervention,2401105,BD PI Other,PH240110521002,OEM,PH240110531020,Textiles OEM,PH240110541066,Textiles OEM,PH240110551066,Textiles OEM,G04336OEM,STYLE 6113 ALT POLY 36MM,G04336OEM-STYLE 6113 ALT POLY 36MM,PI-G04336OEM," $18,593 ", 215 ,,,
200,BDI,PI,Peripheral Intervention,PI,Peripheral Intervention,2401105,BD PI Other,PH240110521002,OEM,PH240110531020,Textiles OEM,PH240110541066,Textiles OEM,PH240110551066,Textiles OEM,G44087OEM,KG1121 POLYESTER VLR 12INX12IN,G44087OEM-KG1121 POLYESTER VLR 12INX12IN,PI-G44087OEM, $210 , 1 ,,,
202,BDI,PI,Peripheral Intervention,PI,Peripheral Intervention,2401105,BD PI Other,PH240110521002,OEM,PH240110531020,Textiles OEM,PH240110541066,Textiles OEM,PH240110551066,Textiles OEM,M04141OEM,POLYESTER DRAWSTRING TUBE,M04141OEM-POLYESTER DRAWSTRING TUBE,PI-M04141OEM," $7,000 ", 280 ,,,
209,BDI,PI,Peripheral Intervention,PI,Peripheral Intervention,2401105,BD PI Other,PH240110521002,OEM,PH240110531020,Textiles OEM,PH240110541066,Textiles OEM,PH240110551066,Textiles OEM,P44026OEM,3214 TUBULAR PTFE 26MM,P44026OEM-3214 TUBULAR PTFE 26MM,PI-P44026OEM," $335,882 "," 2,151 ",,,
210,BDI,PI,Peripheral Intervention,PI,Peripheral Intervention,2401105,BD PI Other,PH240110521002,OEM,PH240110531020,Textiles OEM,PH240110541066,Textiles OEM,PH240110551066,Textiles OEM,P44028OEM,3214 TUBULAR PTFE 28MM,P44028OEM-3214 TUBULAR PTFE 28MM,PI-P44028OEM, $960 , 4 ,,,
219,BDI,PI,Peripheral Intervention,PI,Peripheral Intervention,2401105,BD PI Other,PH240110521002,OEM,PH240110531020,Textiles OEM,PH240110541066,Textiles OEM,PH240110551066,Textiles OEM,R04316OEM,STYLE 6113 ALT POLY 16MM,R04316OEM-STYLE 6113 ALT POLY 16MM,PI-R04316OEM," $9,080 ", 105 ,,,
240,BDI,PI,Peripheral Intervention,PI,Peripheral Intervention,2401105,BD PI Other,PH240110521002,OEM,PH240110531020,Textiles OEM,PH240110541066,Textiles OEM,PH240110551066,Textiles OEM,R04623,OEM 6116 23MM TUBE 20IN,R04623-OEM 6116 23MM TUBE 20IN,PI-R04623, $909 , 10 ,,,
241,BDI,PI,Peripheral Intervention,PI,Peripheral Intervention,2401105,BD PI Other,PH240110521002,OEM,PH240110531020,Textiles OEM,PH240110541066,Textiles OEM,PH240110551066,Textiles OEM,R04625,OEM 6116 25MM TUBE 20IN,R04625-OEM 6116 25MM TUBE 20IN,PI-R04625, $909 , 10 ,,,
243,BDI,PI,Peripheral Intervention,PI,Peripheral Intervention,2401105,BD PI Other,PH240110521002,OEM,PH240110531020,Textiles OEM,PH240110541066,Textiles OEM,PH240110551066,Textiles OEM,R04627,OEM 6116 27MM TUBE 20IN,R04627-OEM 6116 27MM TUBE 20IN,PI-R04627, $909 , 10 ,,,
245,BDI,PI,Peripheral Intervention,PI,Peripheral Intervention,2401105,BD PI Other,PH240110521002,OEM,PH240110531020,Textiles OEM,PH240110541066,Textiles OEM,PH240110551066,Textiles OEM,R04629,OEM 6116 29MM TUBE 20IN,R04629-OEM 6116 29MM TUBE 20IN,PI-R04629," $1,090 ", 12 ,,,
247,BDI,PI,Peripheral Intervention,PI,Peripheral Intervention,2401105,BD PI Other,PH240110521002,OEM,PH240110531020,Textiles OEM,PH240110541066,Textiles OEM,PH240110551066,Textiles OEM,R04631,OEM 6116 31MM TUBE 20IN,R04631-OEM 6116 31MM TUBE 20IN,PI-R04631, $909 , 10 ,,,
249,BDI,PI,Peripheral Intervention,PI,Peripheral Intervention,2401105,BD PI Other,PH240110521002,OEM,PH240110531020,Textiles OEM,PH240110541066,Textiles OEM,PH240110551066,Textiles OEM,R04633,OEM 6116 33MM TUBE 20IN,R04633-OEM 6116 33MM TUBE 20IN,PI-R04633, $909 , 10 ,,,
250,BDI,PI,Peripheral Intervention,PI,Peripheral Intervention,2401105,BD PI Other,PH240110521002,OEM,PH240110531020,Textiles OEM,PH240110541066,Textiles OEM,PH240110551066,Textiles OEM,R04633OEM,OEM 6116 33MM TUBE 20IN,R04633OEM-OEM 6116 33MM TUBE 20IN,PI-R04633OEM, $91 , 1 ,,,
259,BDI,PI,Peripheral Intervention,PI,Peripheral Intervention,2401105,BD PI Other,PH240110521005,Peripheral Interventional Other,PH240110531005,Angiomed Other,PH240110541007,Abcess Drainage Set,PH240110551007,Abcess Drainage Set,PC_13276,Angiomed Other,PC_13276-Angiomed Other,PI-PC_13276, $(32), -   ,,,
355,BDI,PI,Peripheral Intervention,PI,Peripheral Intervention,2401110,Oncology,PH230400021055,CHRONIC DRAINAGE,PH240111031030,PERITX,PH240111041093,PERITX BAGS,PH240111051108,PERITX BAGS,90-2005,"PeritX Starter Tote 2L, US","90-2005-PeritX Starter Tote 2L, US",PI-90-2005," $112,340 ", 298 ,,,
356,BDI,PI,Peripheral Intervention,PI,Peripheral Intervention,2401110,Oncology,PH230400021055,CHRONIC DRAINAGE,PH240111031030,PERITX,PH240111041093,PERITX BAGS,PH240111051108,PERITX BAGS,90-2010,"PeritX Drainage Kit 2L, US","90-2010-PeritX Drainage Kit 2L, US",PI-90-2010," $113,929 "," 1,680 ",,,
357,BDI,PI,Peripheral Intervention,PI,Peripheral Intervention,2401110,Oncology,PH230400021055,CHRONIC DRAINAGE,PH240111031030,PERITX,PH240111041093,PERITX BAGS,PH240111051108,PERITX BAGS,90-2020,"PeritX Starter Pack 2L, US","90-2020-PeritX Starter Pack 2L, US",PI-90-2020," $84,298 ", 72 ,,,
362,BDI,PI,Peripheral Intervention,PI,Peripheral Intervention,2401110,Oncology,PH230400021058,Other IS,PH230400031257,Distributed Non-IS,PH230400041897,Distributed Non-IS,PH230400052179,Distributed Non-IS,711-20601,"Peritoneal Catheter, Pckd, PeritX","711-20601-Peritoneal Catheter, Pckd, PeritX",PI-711-20601, $-   , -   ,,,
363,BDI,PI,Peripheral Intervention,PI,Peripheral Intervention,2401110,Oncology,PH230400021058,Other IS,PH230400031259,OEM PARTS,PH230400041901,OEM PARTS,PH230400052183,OEM PARTS,751-17501,ORANGE STYLET - SILICONE COATED,751-17501-ORANGE STYLET - SILICONE COATED,PI-751-17501, $-   , -   ,,,
365,BDI,PI,Peripheral Intervention,PI,Peripheral Intervention,2401110,Oncology,PH240111021000,BIOPSY,PH230400031249,Biopsy Products,PH230400041873,Product Set Lvl: Biopsy Products,PH230400052128,Product SubSet Lvl: Biopsy Products,PC_10215,Biopsy Products,PC_10215-Biopsy Products,PI-PC_10215, $-   , -   ,,,
1139,BDI,PI,Peripheral Intervention,PI,Peripheral Intervention,2401110,Oncology,PH240111021005,Vacuum Assisted,PH240111031015,Encor Capital,PH240111041057,Encor Enspire Capital,PH240111051072,Encor Enspire Capital,CE01114F,POWER CORD EUROPE,CE01114F-POWER CORD EUROPE,PI-CE01114F, $114 , 2 ,,,
1156,BDI,PI,Peripheral Intervention,PI,Peripheral Intervention,2401110,Oncology,PH240111021005,Vacuum Assisted,PH240111031015,Encor Capital,PH240111041057,Encor Enspire Capital,PH240111051072,Encor Enspire Capital,EDP001,ENCOR DRIVER BILLABLE PARTS,EDP001-ENCOR DRIVER BILLABLE PARTS,PI-EDP001, $684 , -   ,,,
1172,BDI,PI,Peripheral Intervention,PI,Peripheral Intervention,2401110,Oncology,PH240111021005,Vacuum Assisted,PH240111031015,Encor Capital,PH240111041057,Encor Enspire Capital,PH240111051072,Encor Enspire Capital,PC3500,POWER CORD BRAZIL,PC3500-POWER CORD BRAZIL,PI-PC3500, $46 , 1 ,,,
1176,BDI,PI,Peripheral Intervention,PI,Peripheral Intervention,2401110,Oncology,PH240111021005,Vacuum Assisted,PH240111031015,Encor Capital,PH240111041057,Encor Enspire Capital,PH240111051072,Encor Enspire Capital,RM1190484,Mangueira de Poliuretano 80,RM1190484-Mangueira de Poliuretano 80,PI-RM1190484, $-   , 1 ,,,
1178,BDI,PI,Peripheral Intervention,PI,Peripheral Intervention,2401110,Oncology,PH240111021005,Vacuum Assisted,PH240111031015,Encor Capital,PH240111041057,Encor Enspire Capital,PH240111051072,Encor Enspire Capital,RM1190558,Interruptor 10Terminal,RM1190558-Interruptor 10Terminal,PI-RM1190558, $-   , 1 ,,,
1179,BDI,PI,Peripheral Intervention,PI,Peripheral Intervention,2401110,Oncology,PH240111021005,Vacuum Assisted,PH240111031015,Encor Capital,PH240111041057,Encor Enspire Capital,PH240111051072,Encor Enspire Capital,RM1191908,"Pump, Vacuum, 50-60 Hz","RM1191908-Pump, Vacuum, 50-60 Hz",PI-RM1191908, $32 , 1 ,,,
1180,BDI,PI,Peripheral Intervention,PI,Peripheral Intervention,2401110,Oncology,PH240111021005,Vacuum Assisted,PH240111031015,Encor Capital,PH240111041057,Encor Enspire Capital,PH240111051072,Encor Enspire Capital,RM1192665,COMPENSATOR SPRING,RM1192665-COMPENSATOR SPRING,PI-RM1192665, $-   , 1 ,,,
1452,BDI,PI,Peripheral Intervention,PI,Peripheral Intervention,2401110,Oncology,PH240154121005,Brachy,PH240111031052,Brachy Accessories,PH240154141051,Brachy Accessories,PH240154151051,Brachy Accessories,TPB001,RENTAL OF EQUIPMENT BY PATIENT,TPB001-RENTAL OF EQUIPMENT BY PATIENT,PI-TPB001," $15,520 ", -   ,,,
1948,BDI,PI,Peripheral Intervention,PI,Peripheral Intervention,2401121,End Stage Kidney Disease,PH240112121000,Chronic Dialysis Catheters,PH240112131000,Chronic Dialysis,PH240112141009,VAccess LT,PH240112151009,VAccess LT,5103230,VAC ST 14.5 FR 23 CM STD KIT,5103230-VAC ST 14.5 FR 23 CM STD KIT,PI-5103230, $950 , -   ,,,
2112,BDI,PI,Peripheral Intervention,PI,Peripheral Intervention,2401121,End Stage Kidney Disease,PH240112121003,Other Surgical ESKD,PH240112131004,Other Surgical,PH240112141019,Shunts,PH240112151019,Shunts,PC_12881,Other Surgical,PC_12881-Other Surgical,PI-PC_12881," $(6,144)", -   ,,,
3147,BDI,PI,Peripheral Intervention,PI,Peripheral Intervention,2401137,Peripheral Vascular Disease,PH240112121006,Venous,PH240113731026,Venous,PH240113741105,GPO Fees - Venous,PH240113751105,GPO Fees - Venous,GPOVENOUS,GPO / FOB VENOUS,GPOVENOUS-GPO / FOB VENOUS,PI-GPOVENOUS," $(2,780,237)", -   ,,,
3155,BDI,PI,Peripheral Intervention,PI,Peripheral Intervention,2401137,Peripheral Vascular Disease,PH240112121006,Venous,PH240113731039,Venclose,PH240113741092,Venclose GSV Catheter,PH240113751092,Venclose GSV Catheter,VC-10A25-6F-60,VCRFCatheter60cm,VC-10A25-6F-60-VCRFCatheter60cm,PI-VC-10A25-6F-60," $20,402 ", 31 ,,,
3166,BDI,PI,Peripheral Intervention,PI,Peripheral Intervention,2401137,Peripheral Vascular Disease,PH240112121006,Venous,PH240113731039,Venclose,PH240113741093,Venclose Accessories,PH240113751093,Venclose Accessories,PC_14145,Venclose,PC_14145-Venclose,PI-PC_14145, $-   , -   ,,,
3170,BDI,PI,Peripheral Intervention,PI,Peripheral Intervention,2401137,Peripheral Vascular Disease,PH240112121006,Venous,PH240113731039,Venclose,PH240113741093,Venclose Accessories,PH240113751093,Venclose Accessories,VCPCE,EU POWER CORD,VCPCE-EU POWER CORD,PI-VCPCE, $-   , 4 ,,,
3184,BDI,PI,Peripheral Intervention,PI,Peripheral Intervention,2401137,Peripheral Vascular Disease,PH240112121006,Venous,PH240113731043,Venclose Capital - Placement,PH240113741098,Venclose Capital - Placement,PH240113751098,Venclose Capital - Placement,PLACE - VENCLOSE CAPITAL,VENCLOSE CAPITAL - Placement,PLACE - VENCLOSE CAPITAL-VENCLOSE CAPITAL - Placement,PI-PLACE - VENCLOSE CAPITAL, $-   , 19 ,,,
3335,BDI,PI,Peripheral Intervention,PI,Peripheral Intervention,2401137,Peripheral Vascular Disease,PH240113721001,PTA PVD,PH240113731005,Other PTA,PH240113741022,Halo One,PH240113751022,Halo One,HLO62518HK,HALO ONE 25CM X 6F X 018F,HLO62518HK-HALO ONE 25CM X 6F X 018F,PI-HLO62518HK, $140 , 2 ,,,
3348,BDI,PI,Peripheral Intervention,PI,Peripheral Intervention,2401137,Peripheral Vascular Disease,PH240113721001,PTA PVD,PH240113731005,Other PTA,PH240113741073,Other PTA,PH240113751073,Other PTA,NT302GS-5A,IV STAND,NT302GS-5A-IV STAND,PI-NT302GS-5A," $3,157 ", 9 ,,,
5459,BDI,SUR,Surgery,SUR,Surgery,2401302,Performance Irrigation and Other Surgery,PH240130221001,Performance Irrigation,PH240130231005,Laparoscopic,PH240130241008,All Other,PH240130251008,All Other,5540220,5MM/33CM REUSE QD,5540220-5MM/33CM REUSE QD,SUR-5540220," $1,035 ", 3 ,,,
5465,BDI,SUR,Surgery,SUR,Surgery,2401302,Performance Irrigation and Other Surgery,PH240130221001,Performance Irrigation,PH240130231005,Laparoscopic,PH240130241008,All Other,PH240130251008,All Other,5600380,DISP. 46CM CORBITT TIP,5600380-DISP. 46CM CORBITT TIP,SUR-5600380," $6,810 ", 50 ,,,
5486,BDI,SUR,Surgery,SUR,Surgery,2401302,Performance Irrigation and Other Surgery,PH240130221001,Performance Irrigation,PH240130231007,Pulsed Lavage,PH240130241016,Simpulse Plus,PH240130251016,Simpulse Plus,0057661,SHOWERHEAD YANKAUER TIP,0057661-SHOWERHEAD YANKAUER TIP,SUR-0057661, $541 , 20 ,,,
5628,BDI,SUR,Surgery,SUR,Surgery,2401319,Hernia,PH240131921002,Complex Abdominal Wall Reconstruction,PH240131931004,Phasix,PH240131941012,Phasix Flat LX,PH240131951012,Phasix Flat LX,1190011G,PHASIX MESH 11 CM CIRCLE,1190011G-PHASIX MESH 11 CM CIRCLE,SUR-1190011G, $930 , 3 ,,,
5676,BDI,SUR,Surgery,SUR,Surgery,2401319,Hernia,PH240131921002,Complex Abdominal Wall Reconstruction,PH240131931004,Phasix,PH240131941092,Phasix Prevent,PH240131951092,Phasix Prevent,1190830G,PHASIX MESH 3X12IN 8X30CM,1190830G-PHASIX MESH 3X12IN 8X30CM,SUR-1190830G," $10,485 ", 7 ,,,
5677,BDI,SUR,Surgery,SUR,Surgery,2401319,Hernia,PH240131921002,Complex Abdominal Wall Reconstruction,PH240131931004,Phasix,PH240131941092,Phasix Prevent,PH240131951092,Phasix Prevent,1190845G,PHASIX MESH 3X18IN 8X45CM,1190845G-PHASIX MESH 3X18IN 8X45CM,SUR-1190845G," $3,575 ", 1 ,,,
5678,BDI,SUR,Surgery,SUR,Surgery,2401319,Hernia,PH240131921002,Complex Abdominal Wall Reconstruction,PH240131931004,Phasix,PH240131941092,Phasix Prevent,PH240131951092,Phasix Prevent,1191040G,PHASIX MESH 4X16IN 10X40CM,1191040G-PHASIX MESH 4X16IN 10X40CM,SUR-1191040G," $2,685 ", 1 ,,,
5705,BDI,SUR,Surgery,SUR,Surgery,2401319,Hernia,PH240131921003,Fixation,PH240131931006,Permanent Fixation,PH240131941019,Permafix,PH240131951019,Permafix,113120,FIXADOR TELA PERMAFIX 30 GRAMPOS PERM,113120-FIXADOR TELA PERMAFIX 30 GRAMPOS PERM,SUR-113120," $(3,987)", 0 ,,,
5724,BDI,SUR,Surgery,SUR,Surgery,2401319,Hernia,PH240131921004,Ventral,PH240131931007,Umbilical Ventral,PH240131941058,Phasix ST Umbilical,PH240131951058,Phasix ST Umbilical,1230007,PHASIX ST UMBILICAL SM CIRCLE,1230007-PHASIX ST UMBILICAL SM CIRCLE,SUR-1230007," $1,165,183 "," 1,436 ",,,
5725,BDI,SUR,Surgery,SUR,Surgery,2401319,Hernia,PH240131921004,Ventral,PH240131931007,Umbilical Ventral,PH240131941058,Phasix ST Umbilical,PH240131951058,Phasix ST Umbilical,1230008,PHASIX ST UMBILICAL MED CIRCLE,1230008-PHASIX ST UMBILICAL MED CIRCLE,SUR-1230008," $1,402,516 "," 1,473 ",,,
5726,BDI,SUR,Surgery,SUR,Surgery,2401319,Hernia,PH240131921004,Ventral,PH240131931007,Umbilical Ventral,PH240131941058,Phasix ST Umbilical,PH240131951058,Phasix ST Umbilical,1230009,PHASIX ST UMBILICAL LG CIRCLE,1230009-PHASIX ST UMBILICAL LG CIRCLE,SUR-1230009," $1,359,337 "," 1,189 ",,,
5727,BDI,SUR,Surgery,SUR,Surgery,2401319,Hernia,PH240131921004,Ventral,PH240131931007,Umbilical Ventral,PH240131941058,Phasix ST Umbilical,PH240131951058,Phasix ST Umbilical,DUM1230007,DUMMY - PHASIX ST UMBILICAL SM CIRCLE,DUM1230007-DUMMY - PHASIX ST UMBILICAL SM CIRCLE,SUR-DUM1230007," $(8,301)", -   ,,,
5731,BDI,SUR,Surgery,SUR,Surgery,2401319,Hernia,PH240131921004,Ventral,PH240131931008,Other Ventral Synthetic,PH240131941023,Dulex,PH240131951023,Dulex,0115191,DULEX 15CM X 19CM 1MM,0115191-DULEX 15CM X 19CM 1MM,SUR-0115191," $1,143 ", 2 ,,,
5934,BDI,SUR,Surgery,SUR,Surgery,2401319,Hernia,PH240131921005,Groin Hernia,PH240131931020,Groin Open,PH240131941048,Mesh Flats,PH240131951048,Mesh Flats,112670,TELA BARD MESH POLIPROP 5CM X 31CM,112670-TELA BARD MESH POLIPROP 5CM X 31CM,SUR-112670, $339 , 20 ,,,
5955,BDI,SUR,Surgery,SUR,Surgery,2401319,Hernia,PH240131921005,Groin Hernia,PH240131931020,Groin Open,PH240131941055,Preshapes,PH240131951055,Preshapes,011370001,"APS PRE-SHAPED LARGE 6CM X 13,7CM","011370001-APS PRE-SHAPED LARGE 6CM X 13,7CM",SUR-011370001, $-   , 1 ,,,
5960,BDI,SUR,Surgery,SUR,Surgery,2401319,Hernia,PH240131921005,Groin Hernia,PH240131931020,Groin Open,PH240131941056,Soft Mesh,PH240131951056,Soft Mesh,011700801,APS BARD SOFT MESH 5 x 10 cm,011700801-APS BARD SOFT MESH 5 x 10 cm,SUR-011700801, $(29), (2),,,
5974,BDI,SUR,Surgery,SUR,Surgery,2401319,Hernia,PH240131921005,Groin Hernia,PH240131931020,Groin Open,PH240131941056,Soft Mesh,PH240131951056,Soft Mesh,117008,TELA SOFT MESH BARD POLIPROP 5X10CM,117008-TELA SOFT MESH BARD POLIPROP 5X10CM,SUR-117008, $350 , 9 ,,,
5978,BDI,SUR,Surgery,SUR,Surgery,2401319,Hernia,PH240131921005,Groin Hernia,PH240131931020,Groin Open,PH240131941056,Soft Mesh,PH240131951056,Soft Mesh,117014,"TELA SOFT MESH BARD POLIPROP 6X13,7CM","117014-TELA SOFT MESH BARD POLIPROP 6X13,7CM",SUR-117014, $-   , -   ,,,
5993,BDI,SUR,Surgery,SUR,Surgery,2401319,Hernia,PH240131921005,Groin Hernia,PH240131931021,Plugs,PH240131941047,Light Plug,PH240131951047,Light Plug,117170,"TELA PERFIX LIGHT GRANDE 4,1X4,8CM OLD","117170-TELA PERFIX LIGHT GRANDE 4,1X4,8CM OLD",SUR-117170, $11 , -   ,,,
5994,BDI,SUR,Surgery,SUR,Surgery,2401319,Hernia,PH240131921005,Groin Hernia,PH240131931021,Plugs,PH240131941047,Light Plug,PH240131951047,Light Plug,117180,"TELA PERFIX LIGHT EXTRAG 3,3X5CM OLD","117180-TELA PERFIX LIGHT EXTRAG 3,3X5CM OLD",SUR-117180, $22 , (11),,,
6035,BDI,SUR,Surgery,SUR,Surgery,2401320,Plastic & Reconstruction Surgery,PH240131921006,Galatea,PH240131931017,Galatea,PH240131941083,GalaFLEX,PH240131951083,GalaFLEX,PC_14122,Galatea,PC_14122-Galatea,SUR-PC_14122," $(1,061)", -   ,,,
6074,BDI,SUR,Surgery,SUR,Surgery,2401342,Biosurgery,PH240134221000,Avitene,PH240134231000,Avitene,PH240134241000,Avitene - Domestic,PH240134251000,Avitene - Domestic,DUMMY846,DUMMY846 DUMMY846,DUMMY846-DUMMY846 DUMMY846,SUR-DUMMY846," $28,666 ", -   ,,,
6167,BDI,UCC,Urology and Critical Care,UCC,Urology and Critical Care,2401511,Targeted Temperature Management,PH240151121000,Arctic Sun,PH240151131000,Arctic Sun-Hardware,PH240151141000,Arctic Sun-Hardware,PH240151151000,Arctic Sun-Hardware,50000105,ARCTIC SUN 5000 230V BRAZIL,50000105-ARCTIC SUN 5000 230V BRAZIL,UCC-50000105, $-   , 1 ,,,
6168,BDI,UCC,Urology and Critical Care,UCC,Urology and Critical Care,2401511,Targeted Temperature Management,PH240151121000,Arctic Sun,PH240151131000,Arctic Sun-Hardware,PH240151141000,Arctic Sun-Hardware,PH240151151000,Arctic Sun-Hardware,5000-01-05,ARCTIC SUN 5000 230V BRAZIL,5000-01-05-ARCTIC SUN 5000 230V BRAZIL,UCC-5000-01-05," $275,712 ", 13 ,,,
6172,BDI,UCC,Urology and Critical Care,UCC,Urology and Critical Care,2401511,Targeted Temperature Management,PH240151121000,Arctic Sun,PH240151131000,Arctic Sun-Hardware,PH240151141000,Arctic Sun-Hardware,PH240151151000,Arctic Sun-Hardware,600006,ArcticSunStat120v,600006-ArcticSunStat120v,UCC-600006," $266,792 ", 4 ,,,
6173,BDI,UCC,Urology and Critical Care,UCC,Urology and Critical Care,2401511,Targeted Temperature Management,PH240151121000,Arctic Sun,PH240151131000,Arctic Sun-Hardware,PH240151141000,Arctic Sun-Hardware,PH240151151000,Arctic Sun-Hardware,600020,ArcticSunStat100v,600020-ArcticSunStat100v,UCC-600020," $982,264 ", 53 ,,,
6178,BDI,UCC,Urology and Critical Care,UCC,Urology and Critical Care,2401511,Targeted Temperature Management,PH240151121000,Arctic Sun,PH240151131000,Arctic Sun-Hardware,PH240151141000,Arctic Sun-Hardware,PH240151151000,Arctic Sun-Hardware,BMDAA,UCC ADVANTAGE AGREEMENT,BMDAA-UCC ADVANTAGE AGREEMENT,UCC-BMDAA," $45,046 ", -   ,,,
6184,BDI,UCC,Urology and Critical Care,UCC,Urology and Critical Care,2401511,Targeted Temperature Management,PH240151121000,Arctic Sun,PH240151131000,Arctic Sun-Hardware,PH240151141000,Arctic Sun-Hardware,PH240151151000,Arctic Sun-Hardware,PLATSVC1P,ASPLATNIUMSERVICE1YEARSUBPOST,PLATSVC1P-ASPLATNIUMSERVICE1YEARSUBPOST,UCC-PLATSVC1P," $81,000 ", 6 ,,,
6186,BDI,UCC,Urology and Critical Care,UCC,Urology and Critical Care,2401511,Targeted Temperature Management,PH240151121000,Arctic Sun,PH240151131000,Arctic Sun-Hardware,PH240151141000,Arctic Sun-Hardware,PH240151151000,Arctic Sun-Hardware,PLATSVC2P,ASPLATINUMSERVICE2YEARSUBPOST,PLATSVC2P-ASPLATINUMSERVICE2YEARSUBPOST,UCC-PLATSVC2P," $70,000 ", 7 ,,,
6187,BDI,UCC,Urology and Critical Care,UCC,Urology and Critical Care,2401511,Targeted Temperature Management,PH240151121000,Arctic Sun,PH240151131000,Arctic Sun-Hardware,PH240151141000,Arctic Sun-Hardware,PH240151151000,Arctic Sun-Hardware,PLATSVC3,ASPLATINUMSERVICE3YEARSUB,PLATSVC3-ASPLATINUMSERVICE3YEARSUB,UCC-PLATSVC3," $146,500 ", 5 ,,,
6190,BDI,UCC,Urology and Critical Care,UCC,Urology and Critical Care,2401511,Targeted Temperature Management,PH240151121000,Arctic Sun,PH240151131000,Arctic Sun-Hardware,PH240151141000,Arctic Sun-Hardware,PH240151151000,Arctic Sun-Hardware,PLATSVC4P,ASPLATINUMSERVICE4YEARSUBPOST,PLATSVC4P-ASPLATINUMSERVICE4YEARSUBPOST,UCC-PLATSVC4P," $10,000 ", -   ,,,
6234,BDI,UCC,Urology and Critical Care,UCC,Urology and Critical Care,2401511,Targeted Temperature Management,PH240151121000,Arctic Sun,PH240151131000,Arctic Sun-Hardware,PH240151141026,Arctic Sun-Hrdware Repl Parts,PH240151151001,Arctic Sun-Hrdware Repl Parts,40403600,SPARE PART AS6000 MAIN HARNESS,40403600-SPARE PART AS6000 MAIN HARNESS,UCC-40403600," $1,687 ", 1 ,,,
6237,BDI,UCC,Urology and Critical Care,UCC,Urology and Critical Care,2401511,Targeted Temperature Management,PH240151121000,Arctic Sun,PH240151131000,Arctic Sun-Hardware,PH240151141026,Arctic Sun-Hrdware Repl Parts,PH240151151001,Arctic Sun-Hrdware Repl Parts,40408700,SPARE PART AS6000 AC BOARD,40408700-SPARE PART AS6000 AC BOARD,UCC-40408700," $1,857 ", 1 ,,,
6366,BDI,UCC,Urology and Critical Care,UCC,Urology and Critical Care,2401511,Targeted Temperature Management,PH240151121003,TTM - Non-Sellable,PH240151131009,TTM - Non-Sellable,PH240151141116,TTM - Non-Sellable,PH240151151011,TTM - Non-Sellable,ARTIC06,SERVICIO CORRECTIVO ARCTICSUN,ARTIC06-SERVICIO CORRECTIVO ARCTICSUN,UCC-ARTIC06," $1,767 ", 1 ,,,
7680,BDI,UCC,Urology and Critical Care,UCC,Urology and Critical Care,2401522,Endourology,PH240152221002,Endourology Other,PH240152131004,RF Technology,PH240152141261,RF Technology,PH240152151261,RF Technology,PC_12956,RF Technology,PC_12956-RF Technology,UCC-PC_12956, $(894), -   ,,,
7893,BDI,UCC,Urology and Critical Care,UCC,Urology and Critical Care,2401522,Endourology,PH240152221003,Stone Disposables,PH240152131002,Laser Technology,PH240152141011,Laser Fiber Accessories,PH240152151011,Laser Fiber Accessories,ABM000109,QUANTA LASER DUST CART/STAND,ABM000109-QUANTA LASER DUST CART/STAND,UCC-ABM000109," $4,457 ", -   ,,,
7894,BDI,UCC,Urology and Critical Care,UCC,Urology and Critical Care,2401522,Endourology,PH240152221003,Stone Disposables,PH240152131002,Laser Technology,PH240152141011,Laser Fiber Accessories,PH240152151011,Laser Fiber Accessories,EBI000291,QUANTA LASERSYS CONTACT HOLDER,EBI000291-QUANTA LASERSYS CONTACT HOLDER,UCC-EBI000291, $15 , -   ,,,
7895,BDI,UCC,Urology and Critical Care,UCC,Urology and Critical Care,2401522,Endourology,PH240152221003,Stone Disposables,PH240152131002,Laser Technology,PH240152141011,Laser Fiber Accessories,PH240152151011,Laser Fiber Accessories,EBI000297,QUANTA LASER SYSTEM FRAMEQUANT,EBI000297-QUANTA LASER SYSTEM FRAMEQUANT,UCC-EBI000297, $17 , -   ,,,
7896,BDI,UCC,Urology and Critical Care,UCC,Urology and Critical Care,2401522,Endourology,PH240152221003,Stone Disposables,PH240152131002,Laser Technology,PH240152141011,Laser Fiber Accessories,PH240152151011,Laser Fiber Accessories,EBM000373,QUANTA LASER SYSTEM FOOT PEDAL,EBM000373-QUANTA LASER SYSTEM FOOT PEDAL,UCC-EBM000373, $397 , -   ,,,
7897,BDI,UCC,Urology and Critical Care,UCC,Urology and Critical Care,2401522,Endourology,PH240152221003,Stone Disposables,PH240152131002,Laser Technology,PH240152141011,Laser Fiber Accessories,PH240152151011,Laser Fiber Accessories,EBM000473,QUANTA LASER SYSTEM FOOT PEDAL,EBM000473-QUANTA LASER SYSTEM FOOT PEDAL,UCC-EBM000473," $8,425 ", -   ,,,
7898,BDI,UCC,Urology and Critical Care,UCC,Urology and Critical Care,2401522,Endourology,PH240152221003,Stone Disposables,PH240152131002,Laser Technology,PH240152141011,Laser Fiber Accessories,PH240152151011,Laser Fiber Accessories,LAS30,QL300 QNTA LITHO 3WYAG LSR SYS,LAS30-QL300 QNTA LITHO 3WYAG LSR SYS,UCC-LAS30," $653,056 ", -   ,,,
7899,BDI,UCC,Urology and Critical Care,UCC,Urology and Critical Care,2401522,Endourology,PH240152221003,Stone Disposables,PH240152131002,Laser Technology,PH240152141011,Laser Fiber Accessories,PH240152151011,Laser Fiber Accessories,OBM003603,QUANTA HOMIUM/THULIUM GLASSES,OBM003603-QUANTA HOMIUM/THULIUM GLASSES,UCC-OBM003603," $1,302 ", -   ,,,
7900,BDI,UCC,Urology and Critical Care,UCC,Urology and Critical Care,2401522,Endourology,PH240152221003,Stone Disposables,PH240152131002,Laser Technology,PH240152141011,Laser Fiber Accessories,PH240152151011,Laser Fiber Accessories,PFMS00005,QUANTA FIBER DUST TFL LASER,PFMS00005-QUANTA FIBER DUST TFL LASER,UCC-PFMS00005," $119,916 ", -   ,,,
7901,BDI,UCC,Urology and Critical Care,UCC,Urology and Critical Care,2401522,Endourology,PH240152221003,Stone Disposables,PH240152131002,Laser Technology,PH240152141259,Laser Technology,PH240152151259,Laser Technology,PVMS00058,QUANTA LITHOEVO 35W HOLM LASER,PVMS00058-QUANTA LITHOEVO 35W HOLM LASER,UCC-PVMS00058," $58,003 ", -   ,,,
8506,BDI,UCC,Urology and Critical Care,UCC,Urology and Critical Care,2401522,Endourology,PH240152221004,Visualization,PH240152231009,Image Processors - Aptra Placement,PH240152241009,Image Processors - Aptra Placement,PH240152251009,Image Processors - Aptra Placement,DUMMYSKU041_UCC,Dummy SKU - Image Processors - Aptra Placement,DUMMYSKU041_UCC-Dummy SKU - Image Processors - Aptra Placement,UCC-DUMMYSKU041_UCC, $-   , 27 ,,,
8507,BDI,UCC,Urology and Critical Care,UCC,Urology and Critical Care,2401522,Endourology,PH240152221004,Visualization,PH240152231012,Cystoscope,PH240152241012,Cystoscope,PH240152251012,Cystoscope,BDCYRD01,Disp Cysto Scp Rev,BDCYRD01-Disp Cysto Scp Rev,UCC-BDCYRD01," $24,005 ", 68 ,,,
8508,BDI,UCC,Urology and Critical Care,UCC,Urology and Critical Care,2401522,Endourology,PH240152221004,Visualization,PH240152231012,Cystoscope,PH240152241012,Cystoscope,PH240152251012,Cystoscope,BDCYSD01,Disp Cysto Scp Std,BDCYSD01-Disp Cysto Scp Std,UCC-BDCYSD01," $156,986 ", 256 ,,,
9147,BDI,UCC,Urology and Critical Care,UCC,Urology and Critical Care,2401531,Total Home Care Sales,PH240153121002,Urology Home Care,PH240153131027,Home Care Non Bard,PH240153141054,UK DAC Sales (Non Bard),PH240153151054,UK DAC Sales (Non Bard),0911272850,OPTIFLO R OFFICAL IFU 50ML (1),0911272850-OPTIFLO R OFFICAL IFU 50ML (1),UCC-0911272850, $-   ," 10,486 ",,,
9148,BDI,UCC,Urology and Critical Care,UCC,Urology and Critical Care,2401531,Total Home Care Sales,PH240153121002,Urology Home Care,PH240153131027,Home Care Non Bard,PH240153141054,UK DAC Sales (Non Bard),PH240153151054,UK DAC Sales (Non Bard),09112729,OPTIFLO S OFFICAL IFU 100ML (1),09112729-OPTIFLO S OFFICAL IFU 100ML (1),UCC-09112729, $-   ," 3,068 ",,,
9149,BDI,UCC,Urology and Critical Care,UCC,Urology and Critical Care,2401531,Total Home Care Sales,PH240153121002,Urology Home Care,PH240153131027,Home Care Non Bard,PH240153141054,UK DAC Sales (Non Bard),PH240153151054,UK DAC Sales (Non Bard),0911272950,OPTIFLO S OFFICAL IFU 50ML (1),0911272950-OPTIFLO S OFFICAL IFU 50ML (1),UCC-0911272950, $-   ," 52,179 ",,,
9151,BDI,UCC,Urology and Critical Care,UCC,Urology and Critical Care,2401531,Total Home Care Sales,PH240153121002,Urology Home Care,PH240153131027,Home Care Non Bard,PH240153141054,UK DAC Sales (Non Bard),PH240153151054,UK DAC Sales (Non Bard),0911273050,OPTIFLO G OFFICAL IFU 50ML (1),0911273050-OPTIFLO G OFFICAL IFU 50ML (1),UCC-0911273050, $-   ," 48,085 ",,,
9153,BDI,UCC,Urology and Critical Care,UCC,Urology and Critical Care,2401531,Total Home Care Sales,PH240153121002,Urology Home Care,PH240153131027,Home Care Non Bard,PH240153141054,UK DAC Sales (Non Bard),PH240153151054,UK DAC Sales (Non Bard),BD57066,PUREWICK PATIENT EDUCATION BROCHURE (1),BD57066-PUREWICK PATIENT EDUCATION BROCHURE (1),UCC-BD57066, $-   , 5 ,,,
9182,BDI,UCC,Urology and Critical Care,UCC,Urology and Critical Care,2401531,Total Home Care Sales,PH240153121002,Urology Home Care,PH240153131027,Home Care Non Bard,PH240153141054,UK DAC Sales (Non Bard),PH240153151054,UK DAC Sales (Non Bard),UKRM005752,DISCREET LEG BAG W/LEVER TAP 750ML SHORT TUBE (10),UKRM005752-DISCREET LEG BAG W/LEVER TAP 750ML SHORT TUBE (10),UCC-UKRM005752, $69 , 20 ,,,
9188,BDI,UCC,Urology and Critical Care,UCC,Urology and Critical Care,2401531,Total Home Care Sales,PH240153121002,Urology Home Care,PH240153131027,Home Care Non Bard,PH240153141054,UK DAC Sales (Non Bard),PH240153151054,UK DAC Sales (Non Bard),UKRM039900E,FLOW COLLECTOR (15),UKRM039900E-FLOW COLLECTOR (15),UCC-UKRM039900E, $61 , 15 ,,,
9190,BDI,UCC,Urology and Critical Care,UCC,Urology and Critical Care,2401531,Total Home Care Sales,PH240153121002,Urology Home Care,PH240153131027,Home Care Non Bard,PH240153141054,UK DAC Sales (Non Bard),PH240153151054,UK DAC Sales (Non Bard),UKRM0422C,BRAVA BELT XL,UKRM0422C-BRAVA BELT XL,UCC-UKRM0422C, $10 , 1 ,,,
9194,BDI,UCC,Urology and Critical Care,UCC,Urology and Critical Care,2401531,Total Home Care Sales,PH240153121002,Urology Home Care,PH240153131027,Home Care Non Bard,PH240153141054,UK DAC Sales (Non Bard),PH240153151054,UK DAC Sales (Non Bard),UKRM07040,SEALS 40MM/70MM OD,UKRM07040-SEALS 40MM/70MM OD,UCC-UKRM07040, $186 , 60 ,,,
9196,BDI,UCC,Urology and Critical Care,UCC,Urology and Critical Care,2401531,Total Home Care Sales,PH240153121002,Urology Home Care,PH240153131027,Home Care Non Bard,PH240153141054,UK DAC Sales (Non Bard),PH240153151054,UK DAC Sales (Non Bard),UKRM07120,TRE SEALS 20MM 45MM DIAMETER,UKRM07120-TRE SEALS 20MM 45MM DIAMETER,UCC-UKRM07120, $300 , 90 ,,,
9199,BDI,UCC,Urology and Critical Care,UCC,Urology and Critical Care,2401531,Total Home Care Sales,PH240153121002,Urology Home Care,PH240153131027,Home Care Non Bard,PH240153141054,UK DAC Sales (Non Bard),PH240153151054,UK DAC Sales (Non Bard),UKRM07248,DANSATRE SEALS 072-48 CENTRED HOLE 18MM 48MM DIA. 10,UKRM07248-DANSATRE SEALS 072-48 CENTRED HOLE 18MM 48MM DIA. 10,UCC-UKRM07248, $311 , 100 ,,,
9215,BDI,UCC,Urology and Critical Care,UCC,Urology and Critical Care,2401531,Total Home Care Sales,PH240153121002,Urology Home Care,PH240153131027,Home Care Non Bard,PH240153141054,UK DAC Sales (Non Bard),PH240153151054,UK DAC Sales (Non Bard),UKRM084612051W,LINC ALL SI OPEN TIP CATH INT BALLOON WATER SYRINGE M 12CH,UKRM084612051W-LINC ALL SI OPEN TIP CATH INT BALLOON WATER SYRINGE M 12CH,UCC-UKRM084612051W, $125 , 8 ,,,
9228,BDI,UCC,Urology and Critical Care,UCC,Urology and Critical Care,2401531,Total Home Care Sales,PH240153121002,Urology Home Care,PH240153131027,Home Care Non Bard,PH240153141054,UK DAC Sales (Non Bard),PH240153151054,UK DAC Sales (Non Bard),UKRM08472010G,LINC ALL SI OPEN TIP CATH UNIBAL GLYC SYRINGE F 20CH,UKRM08472010G-LINC ALL SI OPEN TIP CATH UNIBAL GLYC SYRINGE F 20CH,UCC-UKRM08472010G, $88 , 6 ,,,
9230,BDI,UCC,Urology and Critical Care,UCC,Urology and Critical Care,2401531,Total Home Care Sales,PH240153121002,Urology Home Care,PH240153131027,Home Care Non Bard,PH240153141054,UK DAC Sales (Non Bard),PH240153151054,UK DAC Sales (Non Bard),UKRM08500803G,LINC ALL SI CATH INT BALLOON GLYC SYRINGE PAED 8CH,UKRM08500803G-LINC ALL SI CATH INT BALLOON GLYC SYRINGE PAED 8CH,UCC-UKRM08500803G, $353 , 30 ,,,
9251,BDI,UCC,Urology and Critical Care,UCC,Urology and Critical Care,2401531,Total Home Care Sales,PH240153121002,Urology Home Care,PH240153131027,Home Care Non Bard,PH240153141054,UK DAC Sales (Non Bard),PH240153151054,UK DAC Sales (Non Bard),UKRM09002,LONG OSTOMY BELT BEIGE 100CM,UKRM09002-LONG OSTOMY BELT BEIGE 100CM,UCC-UKRM09002, $35 , 3 ,,,
9252,BDI,UCC,Urology and Critical Care,UCC,Urology and Critical Care,2401531,Total Home Care Sales,PH240153121002,Urology Home Care,PH240153131027,Home Care Non Bard,PH240153141054,UK DAC Sales (Non Bard),PH240153151054,UK DAC Sales (Non Bard),UKRM09003,LONG OSTOMY BELT BEIGE 150CM,UKRM09003-LONG OSTOMY BELT BEIGE 150CM,UCC-UKRM09003, $22 , 2 ,,,
9253,BDI,UCC,Urology and Critical Care,UCC,Urology and Critical Care,2401531,Total Home Care Sales,PH240153121002,Urology Home Care,PH240153131027,Home Care Non Bard,PH240153141054,UK DAC Sales (Non Bard),PH240153151054,UK DAC Sales (Non Bard),UKRM090760000,H/OUTPUT OSTOMY PACK 1 ADJ/ BELT WITH 5 PLATES,UKRM090760000-H/OUTPUT OSTOMY PACK 1 ADJ/ BELT WITH 5 PLATES,UCC-UKRM090760000, $64 , 1 ,,,
9263,BDI,UCC,Urology and Critical Care,UCC,Urology and Critical Care,2401531,Total Home Care Sales,PH240153121002,Urology Home Care,PH240153131027,Home Care Non Bard,PH240153141054,UK DAC Sales (Non Bard),PH240153151054,UK DAC Sales (Non Bard),UKRM1007UBF16,UNIFLO-XTRA ALLSILIC FOLEYTIP CATHETER FEMALE 5ML CH16 (1),UKRM1007UBF16-UNIFLO-XTRA ALLSILIC FOLEYTIP CATHETER FEMALE 5ML CH16 (1),UCC-UKRM1007UBF16, $8 , 1 ,,,
9281,BDI,UCC,Urology and Critical Care,UCC,Urology and Critical Care,2401531,Total Home Care Sales,PH240153121002,Urology Home Care,PH240153131027,Home Care Non Bard,PH240153141054,UK DAC Sales (Non Bard),PH240153151054,UK DAC Sales (Non Bard),UKRM101403,LENTISCATH CATHETER MALE 14CH 101403 (30),UKRM101403-LENTISCATH CATHETER MALE 14CH 101403 (30),UCC-UKRM101403, $144 , 90 ,,,
9282,BDI,UCC,Urology and Critical Care,UCC,Urology and Critical Care,2401531,Total Home Care Sales,PH240153121002,Urology Home Care,PH240153131027,Home Care Non Bard,PH240153141054,UK DAC Sales (Non Bard),PH240153151054,UK DAC Sales (Non Bard),UKRM101404,LENTISCATH CATHETER MALE 16CH 101404 (30),UKRM101404-LENTISCATH CATHETER MALE 16CH 101404 (30),UCC-UKRM101404, $48 , 30 ,,,
9302,BDI,UCC,Urology and Critical Care,UCC,Urology and Critical Care,2401531,Total Home Care Sales,PH240153121002,Urology Home Care,PH240153131027,Home Care Non Bard,PH240153141054,UK DAC Sales (Non Bard),PH240153151054,UK DAC Sales (Non Bard),UKRM10582,COLOPLAST SENSURE MIO UROSTOMY BAG MAXI 10-45MM,UKRM10582-COLOPLAST SENSURE MIO UROSTOMY BAG MAXI 10-45MM,UCC-UKRM10582," $1,258 ", 150 ,,,
9304,BDI,UCC,Urology and Critical Care,UCC,Urology and Critical Care,2401531,Total Home Care Sales,PH240153121002,Urology Home Care,PH240153131027,Home Care Non Bard,PH240153141054,UK DAC Sales (Non Bard),PH240153151054,UK DAC Sales (Non Bard),UKRM106000003,UROSHIELD ACTUATOR DEVICE 10-600-0003 (PEAK MEDICAL) (1),UKRM106000003-UROSHIELD ACTUATOR DEVICE 10-600-0003 (PEAK MEDICAL) (1),UCC-UKRM106000003, $512 , 7 ,,,
9313,BDI,UCC,Urology and Critical Care,UCC,Urology and Critical Care,2401531,Total Home Care Sales,PH240153121002,Urology Home Care,PH240153131027,Home Care Non Bard,PH240153141054,UK DAC Sales (Non Bard),PH240153151054,UK DAC Sales (Non Bard),UKRM10673,COLOPLAST SENSURA MIO MIDI NEUTRAL GREY BAG PRE CUT 30MM,UKRM10673-COLOPLAST SENSURA MIO MIDI NEUTRAL GREY BAG PRE CUT 30MM,UCC-UKRM10673, $248 , 60 ,,,
9331,BDI,UCC,Urology and Critical Care,UCC,Urology and Critical Care,2401531,Total Home Care Sales,PH240153121002,Urology Home Care,PH240153131027,Home Care Non Bard,PH240153141054,UK DAC Sales (Non Bard),PH240153151054,UK DAC Sales (Non Bard),UKRM112115,SELECT AFRESH DRAIN/F/P STAND OPAQ CTF 15-65MM,UKRM112115-SELECT AFRESH DRAIN/F/P STAND OPAQ CTF 15-65MM,UCC-UKRM112115, $594 , 150 ,,,
9350,BDI,UCC,Urology and Critical Care,UCC,Urology and Critical Care,2401531,Total Home Care Sales,PH240153121002,Urology Home Care,PH240153131027,Home Care Non Bard,PH240153141054,UK DAC Sales (Non Bard),PH240153151054,UK DAC Sales (Non Bard),UKRM11812,SENSURA S/SEAL UROS/BAG MAXI S/COVER CTF 15-43MM,UKRM11812-SENSURA S/SEAL UROS/BAG MAXI S/COVER CTF 15-43MM,UCC-UKRM11812, $80 , 10 ,,,
9364,BDI,UCC,Urology and Critical Care,UCC,Urology and Critical Care,2401531,Total Home Care Sales,PH240153121002,Urology Home Care,PH240153131027,Home Care Non Bard,PH240153141054,UK DAC Sales (Non Bard),PH240153151054,UK DAC Sales (Non Bard),UKRM12036,COLOPLAST BRAVA PROTECTIVE SEAL 2.5MM 15-57MM (30),UKRM12036-COLOPLAST BRAVA PROTECTIVE SEAL 2.5MM 15-57MM (30),UCC-UKRM12036, $333 , 120 ,,,
9374,BDI,UCC,Urology and Critical Care,UCC,Urology and Critical Care,2401531,Total Home Care Sales,PH240153121002,Urology Home Care,PH240153131027,Home Care Non Bard,PH240153141054,UK DAC Sales (Non Bard),PH240153151054,UK DAC Sales (Non Bard),UKRM12092,BRAVA PROTECTIVE SEAL CONVEX 12092 30-70MM DIAMETER,UKRM12092-BRAVA PROTECTIVE SEAL CONVEX 12092 30-70MM DIAMETER,UCC-UKRM12092, $295 , 90 ,,,
9376,BDI,UCC,Urology and Critical Care,UCC,Urology and Critical Care,2401531,Total Home Care Sales,PH240153121002,Urology Home Care,PH240153131027,Home Care Non Bard,PH240153141054,UK DAC Sales (Non Bard),PH240153151054,UK DAC Sales (Non Bard),UKRM12140,ASSURA INSPIRE COLOSTOMY BAG 20-65MM,UKRM12140-ASSURA INSPIRE COLOSTOMY BAG 20-65MM,UCC-UKRM12140," $2,303 ", 600 ,,,
9377,BDI,UCC,Urology and Critical Care,UCC,Urology and Critical Care,2401531,Total Home Care Sales,PH240153121002,Urology Home Care,PH240153131027,Home Care Non Bard,PH240153141054,UK DAC Sales (Non Bard),PH240153151054,UK DAC Sales (Non Bard),UKRM121755,NOVA 2 SYM DRAIN/POUCH S/COVER OPAQUE 55MM FLANGE,UKRM121755-NOVA 2 SYM DRAIN/POUCH S/COVER OPAQUE 55MM FLANGE,UCC-UKRM121755, $156 , 40 ,,,
9387,BDI,UCC,Urology and Critical Care,UCC,Urology and Critical Care,2401531,Total Home Care Sales,PH240153121002,Urology Home Care,PH240153131027,Home Care Non Bard,PH240153141054,UK DAC Sales (Non Bard),PH240153151054,UK DAC Sales (Non Bard),UKRM130400E,PELICAN PLATINUM WITH VITAMINE ADHESIVE REMOVER SPRAY50ML (1,UKRM130400E-PELICAN PLATINUM WITH VITAMINE ADHESIVE REMOVER SPRAY50ML (1,UCC-UKRM130400E, $29 , 3 ,,,
9391,BDI,UCC,Urology and Critical Care,UCC,Urology and Critical Care,2401531,Total Home Care Sales,PH240153121002,Urology Home Care,PH240153131027,Home Care Non Bard,PH240153141054,UK DAC Sales (Non Bard),PH240153151054,UK DAC Sales (Non Bard),UKRM133006,ADJUSTABLE OSTOMY BELT,UKRM133006-ADJUSTABLE OSTOMY BELT,UCC-UKRM133006, $33 , 3 ,,,
9398,BDI,UCC,Urology and Critical Care,UCC,Urology and Critical Care,2401531,Total Home Care Sales,PH240153121002,Urology Home Care,PH240153131027,Home Care Non Bard,PH240153141054,UK DAC Sales (Non Bard),PH240153151054,UK DAC Sales (Non Bard),UKRM141855,NOVALIFE 2 PCE OSTOMY SYSTEM 55MM CLEAR 1418-55 (10),UKRM141855-NOVALIFE 2 PCE OSTOMY SYSTEM 55MM CLEAR 1418-55 (10),UCC-UKRM141855, $38 , 10 ,,,
9423,BDI,UCC,Urology and Critical Care,UCC,Urology and Critical Care,2401531,Total Home Care Sales,PH240153121002,Urology Home Care,PH240153131027,Home Care Non Bard,PH240153141054,UK DAC Sales (Non Bard),PH240153151054,UK DAC Sales (Non Bard),UKRM16474,CELLONA SHOE ADULT M SIZE 39-41 (1),UKRM16474-CELLONA SHOE ADULT M SIZE 39-41 (1),UCC-UKRM16474, $43 , 2 ,,,
9425,BDI,UCC,Urology and Critical Care,UCC,Urology and Critical Care,2401531,Total Home Care Sales,PH240153121002,Urology Home Care,PH240153131027,Home Care Non Bard,PH240153141054,UK DAC Sales (Non Bard),PH240153151054,UK DAC Sales (Non Bard),UKRM16506,SENSURA MIO 1 PIECE BAG MAXI NEUTRAL GREY S/HOLE 10-50MM,UKRM16506-SENSURA MIO 1 PIECE BAG MAXI NEUTRAL GREY S/HOLE 10-50MM,UCC-UKRM16506," $7,769 "," 1,640 ",,,
9428,BDI,UCC,Urology and Critical Care,UCC,Urology and Critical Care,2401531,Total Home Care Sales,PH240153121002,Urology Home Care,PH240153131027,Home Care Non Bard,PH240153141054,UK DAC Sales (Non Bard),PH240153151054,UK DAC Sales (Non Bard),UKRM16530,SENSURA MIO 1 PIECE CLOSED BAG PRE CUT 25MM,UKRM16530-SENSURA MIO 1 PIECE CLOSED BAG PRE CUT 25MM,UCC-UKRM16530, $941 , 200 ,,,
9429,BDI,UCC,Urology and Critical Care,UCC,Urology and Critical Care,2401531,Total Home Care Sales,PH240153121002,Urology Home Care,PH240153131027,Home Care Non Bard,PH240153141054,UK DAC Sales (Non Bard),PH240153151054,UK DAC Sales (Non Bard),UKRM16532,COLOPLAST SENSURA MIO 1PC CLSD BAG MAXI NEUT GREY SH (10),UKRM16532-COLOPLAST SENSURA MIO 1PC CLSD BAG MAXI NEUT GREY SH (10),UCC-UKRM16532, $292 , 60 ,,,
9430,BDI,UCC,Urology and Critical Care,UCC,Urology and Critical Care,2401531,Total Home Care Sales,PH240153121002,Urology Home Care,PH240153131027,Home Care Non Bard,PH240153141054,UK DAC Sales (Non Bard),PH240153151054,UK DAC Sales (Non Bard),UKRM16546,SENSURA MIO 1PC CLOSED BAG MAXI NEUT GREY SH15-33MM (10),UKRM16546-SENSURA MIO 1PC CLOSED BAG MAXI NEUT GREY SH15-33MM (10),UCC-UKRM16546," $2,537 ", 540 ,,,
9435,BDI,UCC,Urology and Critical Care,UCC,Urology and Critical Care,2401531,Total Home Care Sales,PH240153121002,Urology Home Care,PH240153131027,Home Care Non Bard,PH240153141054,UK DAC Sales (Non Bard),PH240153151054,UK DAC Sales (Non Bard),UKRM16631,SENSURA MIO 25MM (10),UKRM16631-SENSURA MIO 25MM (10),UCC-UKRM16631, $590 , 90 ,,,
9437,BDI,UCC,Urology and Critical Care,UCC,Urology and Critical Care,2401531,Total Home Care Sales,PH240153121002,Urology Home Care,PH240153131027,Home Care Non Bard,PH240153141054,UK DAC Sales (Non Bard),PH240153151054,UK DAC Sales (Non Bard),UKRM16642,SENSURA MIO 1 PIECE DRAINABLE BAG MIDI SH 15-33MM,UKRM16642-SENSURA MIO 1 PIECE DRAINABLE BAG MIDI SH 15-33MM,UCC-UKRM16642," $1,167 ", 180 ,,,
9438,BDI,UCC,Urology and Critical Care,UCC,Urology and Critical Care,2401531,Total Home Care Sales,PH240153121002,Urology Home Care,PH240153131027,Home Care Non Bard,PH240153141054,UK DAC Sales (Non Bard),PH240153151054,UK DAC Sales (Non Bard),UKRM16646,COLOPLAST ILEOSTOMY BAG SENSURA MIO MAXI 15-33MM,UKRM16646-COLOPLAST ILEOSTOMY BAG SENSURA MIO MAXI 15-33MM,UCC-UKRM16646," $1,015 ", 160 ,,,
9442,BDI,UCC,Urology and Critical Care,UCC,Urology and Critical Care,2401531,Total Home Care Sales,PH240153121002,Urology Home Care,PH240153131027,Home Care Non Bard,PH240153141054,UK DAC Sales (Non Bard),PH240153151054,UK DAC Sales (Non Bard),UKRM16827,SENSURAMIO 1-PC UROSTOMY BAG MAXI NEUTGREY SH31-43MM (10),UKRM16827-SENSURAMIO 1-PC UROSTOMY BAG MAXI NEUTGREY SH31-43MM (10),UCC-UKRM16827, $163 , 20 ,,,
9443,BDI,UCC,Urology and Critical Care,UCC,Urology and Critical Care,2401531,Total Home Care Sales,PH240153121002,Urology Home Care,PH240153131027,Home Care Non Bard,PH240153141054,UK DAC Sales (Non Bard),PH240153151054,UK DAC Sales (Non Bard),UKRM16832,COLOPLAST SENSURA MIO UROSTOMY BAG PRE CUT 25MM,UKRM16832-COLOPLAST SENSURA MIO UROSTOMY BAG PRE CUT 25MM,UCC-UKRM16832, $932 , 110 ,,,
9447,BDI,UCC,Urology and Critical Care,UCC,Urology and Critical Care,2401531,Total Home Care Sales,PH240153121002,Urology Home Care,PH240153131027,Home Care Non Bard,PH240153141054,UK DAC Sales (Non Bard),PH240153151054,UK DAC Sales (Non Bard),UKRM16856,COLOPLAST SENSURA MIO UROSTOMY BAG 15-33MM,UKRM16856-COLOPLAST SENSURA MIO UROSTOMY BAG 15-33MM,UCC-UKRM16856, $84 , 10 ,,,
9454,BDI,UCC,Urology and Critical Care,UCC,Urology and Critical Care,2401531,Total Home Care Sales,PH240153121002,Urology Home Care,PH240153131027,Home Care Non Bard,PH240153141054,UK DAC Sales (Non Bard),PH240153151054,UK DAC Sales (Non Bard),UKRM18202,SENSURAMIO CONCAVE 1-PC DRANBL BAG MAXI NEUTGREY SH10-40 (10,UKRM18202-SENSURAMIO CONCAVE 1-PC DRANBL BAG MAXI NEUTGREY SH10-40 (10,UCC-UKRM18202, $126 , 20 ,,,
9455,BDI,UCC,Urology and Critical Care,UCC,Urology and Critical Care,2401531,Total Home Care Sales,PH240153121002,Urology Home Care,PH240153131027,Home Care Non Bard,PH240153141054,UK DAC Sales (Non Bard),PH240153151054,UK DAC Sales (Non Bard),UKRM18210,COLOPLAST SENSURAMIO CONCAVE 1 PIECE DRAINABLE BAG (10),UKRM18210-COLOPLAST SENSURAMIO CONCAVE 1 PIECE DRAINABLE BAG (10),UCC-UKRM18210, $612 , 90 ,,,
9456,BDI,UCC,Urology and Critical Care,UCC,Urology and Critical Care,2401531,Total Home Care Sales,PH240153121002,Urology Home Care,PH240153131027,Home Care Non Bard,PH240153141054,UK DAC Sales (Non Bard),PH240153151054,UK DAC Sales (Non Bard),UKRM18222,COLOPLAST SENSURAMIO CNCV 1PC DRAIN BAG MAXI NEUTGREY (10),UKRM18222-COLOPLAST SENSURAMIO CNCV 1PC DRAIN BAG MAXI NEUTGREY (10),UCC-UKRM18222, $601 , 90 ,,,
9464,BDI,UCC,Urology and Critical Care,UCC,Urology and Critical Care,2401531,Total Home Care Sales,PH240153121002,Urology Home Care,PH240153131027,Home Care Non Bard,PH240153141054,UK DAC Sales (Non Bard),PH240153151054,UK DAC Sales (Non Bard),UKRM18670,SENSURA MIO SOFT HIGH OUTPUT XL 10MM - 50MM NAT GREY,UKRM18670-SENSURA MIO SOFT HIGH OUTPUT XL 10MM - 50MM NAT GREY,UCC-UKRM18670, $200 , 30 ,,,
9466,BDI,UCC,Urology and Critical Care,UCC,Urology and Critical Care,2401531,Total Home Care Sales,PH240153121002,Urology Home Care,PH240153131027,Home Care Non Bard,PH240153141054,UK DAC Sales (Non Bard),PH240153151054,UK DAC Sales (Non Bard),UKRM18963,SENSURA MIO ILEOSTOMY BAG MAXI 15-33MM BLACK 18963 (10),UKRM18963-SENSURA MIO ILEOSTOMY BAG MAXI 15-33MM BLACK 18963 (10),UCC-UKRM18963, $384 , 60 ,,,
9470,BDI,UCC,Urology and Critical Care,UCC,Urology and Critical Care,2401531,Total Home Care Sales,PH240153121002,Urology Home Care,PH240153131027,Home Care Non Bard,PH240153141054,UK DAC Sales (Non Bard),PH240153151054,UK DAC Sales (Non Bard),UKRM1C1A23S,WELLAND AURAPLUS COLOSTOMY BAG MAXI 13MM-60MM/80MM SAND (30),UKRM1C1A23S-WELLAND AURAPLUS COLOSTOMY BAG MAXI 13MM-60MM/80MM SAND (30),UCC-UKRM1C1A23S, $261 , 60 ,,,
9472,BDI,UCC,Urology and Critical Care,UCC,Urology and Critical Care,2401531,Total Home Care Sales,PH240153121002,Urology Home Care,PH240153131027,Home Care Non Bard,PH240153141054,UK DAC Sales (Non Bard),PH240153151054,UK DAC Sales (Non Bard),UKRM1D1N126213,WELLAND AURA PLUS ILEOSTOMY BA MIDI 13MM-35MM BLACK (10),UKRM1D1N126213-WELLAND AURA PLUS ILEOSTOMY BA MIDI 13MM-35MM BLACK (10),UCC-UKRM1D1N126213, $201 , 30 ,,,
9473,BDI,UCC,Urology and Critical Care,UCC,Urology and Critical Care,2401531,Total Home Care Sales,PH240153121002,Urology Home Care,PH240153131027,Home Care Non Bard,PH240153141054,UK DAC Sales (Non Bard),PH240153151054,UK DAC Sales (Non Bard),UKRM1H500STL,UGO 1H STERILE LEG BAG L/T 500ML SHORT TUBE (10),UKRM1H500STL-UGO 1H STERILE LEG BAG L/T 500ML SHORT TUBE (10),UCC-UKRM1H500STL, $35 , 10 ,,,
9475,BDI,UCC,Urology and Critical Care,UCC,Urology and Critical Care,2401531,Total Home Care Sales,PH240153121002,Urology Home Care,PH240153131027,Home Care Non Bard,PH240153141054,UK DAC Sales (Non Bard),PH240153151054,UK DAC Sales (Non Bard),UKRM20031,LUJA MALE STANDARD SIZE S/LOOP MALE CH10 20031 (30),UKRM20031-LUJA MALE STANDARD SIZE S/LOOP MALE CH10 20031 (30),UCC-UKRM20031," $1,729 ", 660 ,,,
9479,BDI,UCC,Urology and Critical Care,UCC,Urology and Critical Care,2401531,Total Home Care Sales,PH240153121002,Urology Home Care,PH240153131027,Home Care Non Bard,PH240153141054,UK DAC Sales (Non Bard),PH240153151054,UK DAC Sales (Non Bard),UKRM20051,LUJA CATHETER FEMALE 10CH 20051 (30),UKRM20051-LUJA CATHETER FEMALE 10CH 20051 (30),UCC-UKRM20051," $22,643 "," 8,310 ",,,
9480,BDI,UCC,Urology and Critical Care,UCC,Urology and Critical Care,2401531,Total Home Care Sales,PH240153121002,Urology Home Care,PH240153131027,Home Care Non Bard,PH240153141054,UK DAC Sales (Non Bard),PH240153151054,UK DAC Sales (Non Bard),UKRM20052,LUJA CATHETER FEMALE CH12 20052 (30),UKRM20052-LUJA CATHETER FEMALE CH12 20052 (30),UCC-UKRM20052," $26,974 "," 9,780 ",,,
9481,BDI,UCC,Urology and Critical Care,UCC,Urology and Critical Care,2401531,Total Home Care Sales,PH240153121002,Urology Home Care,PH240153131027,Home Care Non Bard,PH240153141054,UK DAC Sales (Non Bard),PH240153151054,UK DAC Sales (Non Bard),UKRM20054,LUJA CATHETER FEMALE 14CH 20054 (30),UKRM20054-LUJA CATHETER FEMALE 14CH 20054 (30),UCC-UKRM20054," $2,581 ", 930 ,,,
9482,BDI,UCC,Urology and Critical Care,UCC,Urology and Critical Care,2401531,Total Home Care Sales,PH240153121002,Urology Home Care,PH240153131027,Home Care Non Bard,PH240153141054,UK DAC Sales (Non Bard),PH240153151054,UK DAC Sales (Non Bard),UKRM20056,LUJA CATHETER FEMALE 16CH 20056 (30),UKRM20056-LUJA CATHETER FEMALE 16CH 20056 (30),UCC-UKRM20056, $245 , 90 ,,,
9483,BDI,UCC,Urology and Critical Care,UCC,Urology and Critical Care,2401531,Total Home Care Sales,PH240153121002,Urology Home Care,PH240153131027,Home Care Non Bard,PH240153141054,UK DAC Sales (Non Bard),PH240153151054,UK DAC Sales (Non Bard),UKRM20061,LUJA MALE POCKET SIZE D/LOOP MALE CH10 (30),UKRM20061-LUJA MALE POCKET SIZE D/LOOP MALE CH10 (30),UCC-UKRM20061, $815 , 300 ,,,
9509,BDI,UCC,Urology and Critical Care,UCC,Urology and Critical Care,2401531,Total Home Care Sales,PH240153121002,Urology Home Care,PH240153131027,Home Care Non Bard,PH240153141054,UK DAC Sales (Non Bard),PH240153151054,UK DAC Sales (Non Bard),UKRM22013,CONVEEN SECURITY EASIFIT SHEATHS MEDIUM 30MM,UKRM22013-CONVEEN SECURITY EASIFIT SHEATHS MEDIUM 30MM,UCC-UKRM22013, $834 , 330 ,,,
9522,BDI,UCC,Urology and Critical Care,UCC,Urology and Critical Care,2401531,Total Home Care Sales,PH240153121002,Urology Home Care,PH240153131027,Home Care Non Bard,PH240153141054,UK DAC Sales (Non Bard),PH240153151054,UK DAC Sales (Non Bard),UKRM22301,MAXI C/P/OVAL SOFTFLEX BARRIER BEIGE 15-65MM,UKRM22301-MAXI C/P/OVAL SOFTFLEX BARRIER BEIGE 15-65MM,UCC-UKRM22301, $116 , 30 ,,,
9524,BDI,UCC,Urology and Critical Care,UCC,Urology and Critical Care,2401531,Total Home Care Sales,PH240153121002,Urology Home Care,PH240153131027,Home Care Non Bard,PH240153141054,UK DAC Sales (Non Bard),PH240153151054,UK DAC Sales (Non Bard),UKRM22400,MAXI C/F/POUCH C/B/B/SIDES TRAN PRCUT 15-55MM,UKRM22400-MAXI C/F/POUCH C/B/B/SIDES TRAN PRCUT 15-55MM,UCC-UKRM22400, $108 , 30 ,,,
9542,BDI,UCC,Urology and Critical Care,UCC,Urology and Critical Care,2401531,Total Home Care Sales,PH240153121002,Urology Home Care,PH240153131027,Home Care Non Bard,PH240153141054,UK DAC Sales (Non Bard),PH240153151054,UK DAC Sales (Non Bard),UKRM228118E,ACTREEN LITE CATHETER MALE OLIVE TIP TIEMANN 18CH (30),UKRM228118E-ACTREEN LITE CATHETER MALE OLIVE TIP TIEMANN 18CH (30),UCC-UKRM228118E, $342 , 150 ,,,
9546,BDI,UCC,Urology and Critical Care,UCC,Urology and Critical Care,2401531,Total Home Care Sales,PH240153121002,Urology Home Care,PH240153131027,Home Care Non Bard,PH240153141054,UK DAC Sales (Non Bard),PH240153151054,UK DAC Sales (Non Bard),UKRM228310E,ACTREEN LITE CATH FEMALE 20CM 10CH (30),UKRM228310E-ACTREEN LITE CATH FEMALE 20CM 10CH (30),UCC-UKRM228310E, $71 , 30 ,,,
9549,BDI,UCC,Urology and Critical Care,UCC,Urology and Critical Care,2401531,Total Home Care Sales,PH240153121002,Urology Home Care,PH240153131027,Home Care Non Bard,PH240153141054,UK DAC Sales (Non Bard),PH240153151054,UK DAC Sales (Non Bard),UKRM230464,MEN'S LIBERTY SHEATH STARTER KIT - 23046-4 (4),UKRM230464-MEN'S LIBERTY SHEATH STARTER KIT - 23046-4 (4),UCC-UKRM230464, $51 , 4 ,,,
9558,BDI,UCC,Urology and Critical Care,UCC,Urology and Critical Care,2401531,Total Home Care Sales,PH240153121002,Urology Home Care,PH240153131027,Home Care Non Bard,PH240153141054,UK DAC Sales (Non Bard),PH240153151054,UK DAC Sales (Non Bard),UKRM238314E,ACTREEN HI-LITE CATHETER FEMALE 14CH 238314E (30),UKRM238314E-ACTREEN HI-LITE CATHETER FEMALE 14CH 238314E (30),UCC-UKRM238314E," $1,057 ", 480 ,,,
9564,BDI,UCC,Urology and Critical Care,UCC,Urology and Critical Care,2401531,Total Home Care Sales,PH240153121002,Urology Home Care,PH240153131027,Home Care Non Bard,PH240153141054,UK DAC Sales (Non Bard),PH240153151054,UK DAC Sales (Non Bard),UKRM242112E,ACTREEN HI-LITE SET INTERM CATHETER TIEMANN TIP 12CH (30),UKRM242112E-ACTREEN HI-LITE SET INTERM CATHETER TIEMANN TIP 12CH (30),UCC-UKRM242112E, $108 , 30 ,,,
9567,BDI,UCC,Urology and Critical Care,UCC,Urology and Critical Care,2401531,Total Home Care Sales,PH240153121002,Urology Home Care,PH240153131027,Home Care Non Bard,PH240153141054,UK DAC Sales (Non Bard),PH240153151054,UK DAC Sales (Non Bard),UKRM242214E,BBRAUN ACTREEN HI-LITE SET 14CH (30),UKRM242214E-BBRAUN ACTREEN HI-LITE SET 14CH (30),UCC-UKRM242214E," $1,744 ", 480 ,,,
9569,BDI,UCC,Urology and Critical Care,UCC,Urology and Critical Care,2401531,Total Home Care Sales,PH240153121002,Urology Home Care,PH240153131027,Home Care Non Bard,PH240153141054,UK DAC Sales (Non Bard),PH240153151054,UK DAC Sales (Non Bard),UKRM24420,MAXI CLOSED POUCH BEIGE COMF/BACK/B/SIDES 45MM,UKRM24420-MAXI CLOSED POUCH BEIGE COMF/BACK/B/SIDES 45MM,UCC-UKRM24420, $804 , 390 ,,,
9583,BDI,UCC,Urology and Critical Care,UCC,Urology and Critical Care,2401531,Total Home Care Sales,PH240153121002,Urology Home Care,PH240153131027,Home Care Non Bard,PH240153141054,UK DAC Sales (Non Bard),PH240153151054,UK DAC Sales (Non Bard),UKRM27622,CATHETER TIP SYRINGE 60ML (1),UKRM27622-CATHETER TIP SYRINGE 60ML (1),UCC-UKRM27622, $-   , 14 ,,,
9592,BDI,UCC,Urology and Critical Care,UCC,Urology and Critical Care,2401531,Total Home Care Sales,PH240153121002,Urology Home Care,PH240153131027,Home Care Non Bard,PH240153141054,UK DAC Sales (Non Bard),PH240153151054,UK DAC Sales (Non Bard),UKRM28408,SPEEDICATH MALE 8CH,UKRM28408-SPEEDICATH MALE 8CH,UCC-UKRM28408, $129 , 60 ,,,
9602,BDI,UCC,Urology and Critical Care,UCC,Urology and Critical Care,2401531,Total Home Care Sales,PH240153121002,Urology Home Care,PH240153131027,Home Care Non Bard,PH240153141054,UK DAC Sales (Non Bard),PH240153151054,UK DAC Sales (Non Bard),UKRM28500,MODERMA FLEX LOCK`N ROLL MIDI TRAN CTF 15-55MM,UKRM28500-MODERMA FLEX LOCK`N ROLL MIDI TRAN CTF 15-55MM,UCC-UKRM28500," $1,024 ", 240 ,,,
9631,BDI,UCC,Urology and Critical Care,UCC,Urology and Critical Care,2401531,Total Home Care Sales,PH240153121002,Urology Home Care,PH240153131027,Home Care Non Bard,PH240153141054,UK DAC Sales (Non Bard),PH240153151054,UK DAC Sales (Non Bard),UKRM2909064,MODERMA FLEX UROSTOMY BAG FLEXTEND - 15-64MM BEIGE (10),UKRM2909064-MODERMA FLEX UROSTOMY BAG FLEXTEND - 15-64MM BEIGE (10),UCC-UKRM2909064, $255 , 30 ,,,
9649,BDI,UCC,Urology and Critical Care,UCC,Urology and Critical Care,2401531,Total Home Care Sales,PH240153121002,Urology Home Care,PH240153131027,Home Care Non Bard,PH240153141054,UK DAC Sales (Non Bard),PH240153151054,UK DAC Sales (Non Bard),UKRM29631,NON WOVEN FABRIC SWAB STERILE 4 PLY 7.5CMSQ (5),UKRM29631-NON WOVEN FABRIC SWAB STERILE 4 PLY 7.5CMSQ (5),UCC-UKRM29631, $110 , 550 ,,,
9650,BDI,UCC,Urology and Critical Care,UCC,Urology and Critical Care,2401531,Total Home Care Sales,PH240153121002,Urology Home Care,PH240153131027,Home Care Non Bard,PH240153141054,UK DAC Sales (Non Bard),PH240153151054,UK DAC Sales (Non Bard),UKRM2963230,URIMED VISION SHEATH TYPE 1 STANDARD 32MM (30),UKRM2963230-URIMED VISION SHEATH TYPE 1 STANDARD 32MM (30),UCC-UKRM2963230, $196 , 90 ,,,
9658,BDI,UCC,Urology and Critical Care,UCC,Urology and Critical Care,2401531,Total Home Care Sales,PH240153121002,Urology Home Care,PH240153131027,Home Care Non Bard,PH240153141054,UK DAC Sales (Non Bard),PH240153151054,UK DAC Sales (Non Bard),UKRM300215,NOVALIFE TRE 1 COLOSTOMY BAG MIDI 15-55MM/70MM CLEAR (30),UKRM300215-NOVALIFE TRE 1 COLOSTOMY BAG MIDI 15-55MM/70MM CLEAR (30),UCC-UKRM300215," $1,268 ", 300 ,,,
9668,BDI,UCC,Urology and Critical Care,UCC,Urology and Critical Care,2401531,Total Home Care Sales,PH240153121002,Urology Home Care,PH240153131027,Home Care Non Bard,PH240153141054,UK DAC Sales (Non Bard),PH240153151054,UK DAC Sales (Non Bard),UKRM300719,CLINIFILM SPRAY 50ML,UKRM300719-CLINIFILM SPRAY 50ML,UCC-UKRM300719, $10 , 1 ,,,
9669,BDI,UCC,Urology and Critical Care,UCC,Urology and Critical Care,2401531,Total Home Care Sales,PH240153121002,Urology Home Care,PH240153131027,Home Care Non Bard,PH240153141054,UK DAC Sales (Non Bard),PH240153151054,UK DAC Sales (Non Bard),UKRM300722,CD MED CLINIFILM BARRIER CREAM 100G (1),UKRM300722-CD MED CLINIFILM BARRIER CREAM 100G (1),UCC-UKRM300722, $52 , 7 ,,,
9670,BDI,UCC,Urology and Critical Care,UCC,Urology and Critical Care,2401531,Total Home Care Sales,PH240153121002,Urology Home Care,PH240153131027,Home Care Non Bard,PH240153141054,UK DAC Sales (Non Bard),PH240153151054,UK DAC Sales (Non Bard),UKRM300724,OSTOLIFT MEDICAL ADHESIVE REMOVER SPRAY 50ML 300724 (1),UKRM300724-OSTOLIFT MEDICAL ADHESIVE REMOVER SPRAY 50ML 300724 (1),UCC-UKRM300724, $99 , 211 ,,,
9672,BDI,UCC,Urology and Critical Care,UCC,Urology and Critical Care,2401531,Total Home Care Sales,PH240153121002,Urology Home Care,PH240153131027,Home Care Non Bard,PH240153141054,UK DAC Sales (Non Bard),PH240153151054,UK DAC Sales (Non Bard),UKRM300815,NOVALIFE TRE 1 COLOSTOMY BAG MAXI 15-55MM/70MM CLEAR (30),UKRM300815-NOVALIFE TRE 1 COLOSTOMY BAG MAXI 15-55MM/70MM CLEAR (30),UCC-UKRM300815, $254 , 60 ,,,
9676,BDI,UCC,Urology and Critical Care,UCC,Urology and Critical Care,2401531,Total Home Care Sales,PH240153121002,Urology Home Care,PH240153131027,Home Care Non Bard,PH240153141054,UK DAC Sales (Non Bard),PH240153151054,UK DAC Sales (Non Bard),UKRM3012,UGO FIX BAG BELT 3012 OPTIMUM (3),UKRM3012-UGO FIX BAG BELT 3012 OPTIMUM (3),UCC-UKRM3012, $21 , 6 ,,,
9681,BDI,UCC,Urology and Critical Care,UCC,Urology and Critical Care,2401531,Total Home Care Sales,PH240153121002,Urology Home Care,PH240153131027,Home Care Non Bard,PH240153141054,UK DAC Sales (Non Bard),PH240153151054,UK DAC Sales (Non Bard),UKRM3022E,DIVEEN VAGINAL INSERT FOR STRESS INCONTINENCE SMALL (1),UKRM3022E-DIVEEN VAGINAL INSERT FOR STRESS INCONTINENCE SMALL (1),UCC-UKRM3022E, $111 , 2 ,,,
9686,BDI,UCC,Urology and Critical Care,UCC,Urology and Critical Care,2401531,Total Home Care Sales,PH240153121002,Urology Home Care,PH240153131027,Home Care Non Bard,PH240153141054,UK DAC Sales (Non Bard),PH240153151054,UK DAC Sales (Non Bard),UKRM3027OPT,UGO FIX SLEEVE LEG BAG HOLDER XXL-3027-75CM-105CM (4),UKRM3027OPT-UGO FIX SLEEVE LEG BAG HOLDER XXL-3027-75CM-105CM (4),UCC-UKRM3027OPT, $11 , 4 ,,,
9690,BDI,UCC,Urology and Critical Care,UCC,Urology and Critical Care,2401531,Total Home Care Sales,PH240153121002,Urology Home Care,PH240153131027,Home Care Non Bard,PH240153141054,UK DAC Sales (Non Bard),PH240153151054,UK DAC Sales (Non Bard),UKRM304130,NOVALIFE TRE 1 ILEOSTOMY BAG MIDI 3041-30 30-37MM (10),UKRM304130-NOVALIFE TRE 1 ILEOSTOMY BAG MIDI 3041-30 30-37MM (10),UCC-UKRM304130, $194 , 30 ,,,
9692,BDI,UCC,Urology and Critical Care,UCC,Urology and Critical Care,2401531,Total Home Care Sales,PH240153121002,Urology Home Care,PH240153131027,Home Care Non Bard,PH240153141054,UK DAC Sales (Non Bard),PH240153151054,UK DAC Sales (Non Bard),UKRM307130,DANSAC NOVALIFE TRE 1 CLOSED SOFT CONVEX BEIGE MIDI PC (10),UKRM307130-DANSAC NOVALIFE TRE 1 CLOSED SOFT CONVEX BEIGE MIDI PC (10),UCC-UKRM307130, $291 , 60 ,,,
9713,BDI,UCC,Urology and Critical Care,UCC,Urology and Critical Care,2401531,Total Home Care Sales,PH240153121002,Urology Home Care,PH240153131027,Home Care Non Bard,PH240153141054,UK DAC Sales (Non Bard),PH240153151054,UK DAC Sales (Non Bard),UKRM3110,UGO SELF ADHESIVE SHEATH POP ON 3110 36MM (OPTIMUM) 28,UKRM3110-UGO SELF ADHESIVE SHEATH POP ON 3110 36MM (OPTIMUM) 28,UCC-UKRM3110, $63 , 28 ,,,
9716,BDI,UCC,Urology and Critical Care,UCC,Urology and Critical Care,2401531,Total Home Care Sales,PH240153121002,Urology Home Care,PH240153131027,Home Care Non Bard,PH240153141054,UK DAC Sales (Non Bard),PH240153151054,UK DAC Sales (Non Bard),UKRM315515,"DANSAC NOVALIFE 2 PIECE OSTOMY 55MM RING, 15-47MM (5)","UKRM315515-DANSAC NOVALIFE 2 PIECE OSTOMY 55MM RING, 15-47MM (5)",UCC-UKRM315515, $29 , 5 ,,,
9721,BDI,UCC,Urology and Critical Care,UCC,Urology and Critical Care,2401531,Total Home Care Sales,PH240153121002,Urology Home Care,PH240153131027,Home Care Non Bard,PH240153141054,UK DAC Sales (Non Bard),PH240153151054,UK DAC Sales (Non Bard),UKRM3215,BRAVA PROTECT/SHEET NON STERILE 15X15CM,UKRM3215-BRAVA PROTECT/SHEET NON STERILE 15X15CM,UCC-UKRM3215, $41 , 5 ,,,
9738,BDI,UCC,Urology and Critical Care,UCC,Urology and Critical Care,2401531,Total Home Care Sales,PH240153121002,Urology Home Care,PH240153131027,Home Care Non Bard,PH240153141054,UK DAC Sales (Non Bard),PH240153151054,UK DAC Sales (Non Bard),UKRM3454,THE UGOBOX UGO 1C CATHETER MALE 14CH 3454 (1),UKRM3454-THE UGOBOX UGO 1C CATHETER MALE 14CH 3454 (1),UCC-UKRM3454, $173 , 8 ,,,
9740,BDI,UCC,Urology and Critical Care,UCC,Urology and Critical Care,2401531,Total Home Care Sales,PH240153121002,Urology Home Care,PH240153131027,Home Care Non Bard,PH240153141054,UK DAC Sales (Non Bard),PH240153151054,UK DAC Sales (Non Bard),UKRM3459,THE UGOBOX UGO 2C MALE 12CH 3459 (1),UKRM3459-THE UGOBOX UGO 2C MALE 12CH 3459 (1),UCC-UKRM3459, $44 , 2 ,,,
9743,BDI,UCC,Urology and Critical Care,UCC,Urology and Critical Care,2401531,Total Home Care Sales,PH240153121002,Urology Home Care,PH240153131027,Home Care Non Bard,PH240153141054,UK DAC Sales (Non Bard),PH240153151054,UK DAC Sales (Non Bard),UKRM349437,NOVALIFE TRE UROSTOMY BAG 15-37MM CLEAR 3494-37 (10),UKRM349437-NOVALIFE TRE UROSTOMY BAG 15-37MM CLEAR 3494-37 (10),UCC-UKRM349437, $88 , 10 ,,,
9744,BDI,UCC,Urology and Critical Care,UCC,Urology and Critical Care,2401531,Total Home Care Sales,PH240153121002,Urology Home Care,PH240153131027,Home Care Non Bard,PH240153141054,UK DAC Sales (Non Bard),PH240153151054,UK DAC Sales (Non Bard),UKRM349634,NOVALIFE TRE UROSTOMY BAG 15-34MM CLEAR 3496-34 (10),UKRM349634-NOVALIFE TRE UROSTOMY BAG 15-34MM CLEAR 3496-34 (10),UCC-UKRM349634, $280 , 30 ,,,
9761,BDI,UCC,Urology and Critical Care,UCC,Urology and Critical Care,2401531,Total Home Care Sales,PH240153121002,Urology Home Care,PH240153131027,Home Care Non Bard,PH240153141054,UK DAC Sales (Non Bard),PH240153151054,UK DAC Sales (Non Bard),UKRM3831,CLINISHIELD ADVANCE NO STING BARRIER FILM SPRAY 3831 (1),UKRM3831-CLINISHIELD ADVANCE NO STING BARRIER FILM SPRAY 3831 (1),UCC-UKRM3831, $23 , 2 ,,,
9791,BDI,UCC,Urology and Critical Care,UCC,Urology and Critical Care,2401531,Total Home Care Sales,PH240153121002,Urology Home Care,PH240153131027,Home Care Non Bard,PH240153141054,UK DAC Sales (Non Bard),PH240153151054,UK DAC Sales (Non Bard),UKRM407412E,PELICAN PLATINUM CLOSED POUCH CLEAR STD CTF12-40MM (10),UKRM407412E-PELICAN PLATINUM CLOSED POUCH CLEAR STD CTF12-40MM (10),UCC-UKRM407412E, $393 , 90 ,,,
9794,BDI,UCC,Urology and Critical Care,UCC,Urology and Critical Care,2401531,Total Home Care Sales,PH240153121002,Urology Home Care,PH240153131027,Home Care Non Bard,PH240153141054,UK DAC Sales (Non Bard),PH240153151054,UK DAC Sales (Non Bard),UKRM410,SELF-CATH MALE 10CH (30),UKRM410-SELF-CATH MALE 10CH (30),UCC-UKRM410, $94 , 60 ,,,
9802,BDI,UCC,Urology and Critical Care,UCC,Urology and Critical Care,2401531,Total Home Care Sales,PH240153121002,Urology Home Care,PH240153131027,Home Care Non Bard,PH240153141054,UK DAC Sales (Non Bard),PH240153151054,UK DAC Sales (Non Bard),UKRM41161410PS,2 WAY FOLEY SILICONE CATHETER MALE TIEMANN TIP 14CH (1),UKRM41161410PS-2 WAY FOLEY SILICONE CATHETER MALE TIEMANN TIP 14CH (1),UCC-UKRM41161410PS, $150 , 14 ,,,
9803,BDI,UCC,Urology and Critical Care,UCC,Urology and Critical Care,2401531,Total Home Care Sales,PH240153121002,Urology Home Care,PH240153131027,Home Care Non Bard,PH240153141054,UK DAC Sales (Non Bard),PH240153151054,UK DAC Sales (Non Bard),UKRM41161610PS,2 WAY FOLEY SILICONE CATHETER MALE TIEMANN TIP 16CH (1),UKRM41161610PS-2 WAY FOLEY SILICONE CATHETER MALE TIEMANN TIP 16CH (1),UCC-UKRM41161610PS, $32 , 3 ,,,
9824,BDI,UCC,Urology and Critical Care,UCC,Urology and Critical Care,2401531,Total Home Care Sales,PH240153121002,Urology Home Care,PH240153131027,Home Care Non Bard,PH240153141054,UK DAC Sales (Non Bard),PH240153151054,UK DAC Sales (Non Bard),UKRM416704,ESTEEMC/F/POUCH STANDARD OPAQ PRCUT 25MM,UKRM416704-ESTEEMC/F/POUCH STANDARD OPAQ PRCUT 25MM,UCC-UKRM416704," $1,434 ", 360 ,,,
9828,BDI,UCC,Urology and Critical Care,UCC,Urology and Critical Care,2401531,Total Home Care Sales,PH240153121002,Urology Home Care,PH240153131027,Home Care Non Bard,PH240153141054,UK DAC Sales (Non Bard),PH240153151054,UK DAC Sales (Non Bard),UKRM418712E,PLATINUM CONTCONV HOUTP DPOUCH CLEARMAXI CUTTOFIT 12-40 (10),UKRM418712E-PLATINUM CONTCONV HOUTP DPOUCH CLEARMAXI CUTTOFIT 12-40 (10),UCC-UKRM418712E, $247 , 40 ,,,
9830,BDI,UCC,Urology and Critical Care,UCC,Urology and Critical Care,2401531,Total Home Care Sales,PH240153121002,Urology Home Care,PH240153131027,Home Care Non Bard,PH240153141054,UK DAC Sales (Non Bard),PH240153151054,UK DAC Sales (Non Bard),UKRM42010253,LOFRIC HYDRO-KIT CATHETER MALE NON PVC 10CH (30),UKRM42010253-LOFRIC HYDRO-KIT CATHETER MALE NON PVC 10CH (30),UCC-UKRM42010253, $77 , 30 ,,,
9833,BDI,UCC,Urology and Critical Care,UCC,Urology and Critical Care,2401531,Total Home Care Sales,PH240153121002,Urology Home Care,PH240153131027,Home Care Non Bard,PH240153141054,UK DAC Sales (Non Bard),PH240153151054,UK DAC Sales (Non Bard),UKRM42016253,LOFRIC HYDRO-KIT CATHETER MALE NON PVC 16CH (30),UKRM42016253-LOFRIC HYDRO-KIT CATHETER MALE NON PVC 16CH (30),UCC-UKRM42016253," $3,209 "," 1,170 ",,,
9845,BDI,UCC,Urology and Critical Care,UCC,Urology and Critical Care,2401531,Total Home Care Sales,PH240153121002,Urology Home Care,PH240153131027,Home Care Non Bard,PH240153141054,UK DAC Sales (Non Bard),PH240153151054,UK DAC Sales (Non Bard),UKRM422078,ILEOMATE SOFT ILEOSTOMY BAG LARGE 13-35MM TRANSPARENT (10),UKRM422078-ILEOMATE SOFT ILEOSTOMY BAG LARGE 13-35MM TRANSPARENT (10),UCC-UKRM422078, $190 , 30 ,,,
9847,BDI,UCC,Urology and Critical Care,UCC,Urology and Critical Care,2401531,Total Home Care Sales,PH240153121002,Urology Home Care,PH240153131027,Home Care Non Bard,PH240153141054,UK DAC Sales (Non Bard),PH240153151054,UK DAC Sales (Non Bard),UKRM42308253,LOFRIC HYDRO-KIT CATHETER FEMALE 8CH (30),UKRM42308253-LOFRIC HYDRO-KIT CATHETER FEMALE 8CH (30),UCC-UKRM42308253, $87 , 30 ,,,
9852,BDI,UCC,Urology and Critical Care,UCC,Urology and Critical Care,2401531,Total Home Care Sales,PH240153121002,Urology Home Care,PH240153131027,Home Care Non Bard,PH240153141054,UK DAC Sales (Non Bard),PH240153151054,UK DAC Sales (Non Bard),UKRM423722,"ESTEEM BODY UROSTOMY BAG 7MM D, 40MM PLAT, 10-35MM (10)","UKRM423722-ESTEEM BODY UROSTOMY BAG 7MM D, 40MM PLAT, 10-35MM (10)",UCC-UKRM423722, $530 , 60 ,,,
9869,BDI,UCC,Urology and Critical Care,UCC,Urology and Critical Care,2401531,Total Home Care Sales,PH240153121002,Urology Home Care,PH240153131027,Home Care Non Bard,PH240153141054,UK DAC Sales (Non Bard),PH240153151054,UK DAC Sales (Non Bard),UKRM4461425,LOFRIC ORIGO SLEEVE CATHETER MALE 14CH 40CM (30),UKRM4461425-LOFRIC ORIGO SLEEVE CATHETER MALE 14CH 40CM (30),UCC-UKRM4461425," $3,655 "," 1,470 ",,,
9870,BDI,UCC,Urology and Critical Care,UCC,Urology and Critical Care,2401531,Total Home Care Sales,PH240153121002,Urology Home Care,PH240153131027,Home Care Non Bard,PH240153141054,UK DAC Sales (Non Bard),PH240153151054,UK DAC Sales (Non Bard),UKRM4461625,LOFRIC ORIGO SLEEVE CATHETER MALE 16CH - 40CM (30),UKRM4461625-LOFRIC ORIGO SLEEVE CATHETER MALE 16CH - 40CM (30),UCC-UKRM4461625, $381 , 150 ,,,
9871,BDI,UCC,Urology and Critical Care,UCC,Urology and Critical Care,2401531,Total Home Care Sales,PH240153121002,Urology Home Care,PH240153131027,Home Care Non Bard,PH240153141054,UK DAC Sales (Non Bard),PH240153151054,UK DAC Sales (Non Bard),UKRM4481225,LOFRIC ORIGO SLEEVE CATHETER MALE FLEXIBLE 12CH - 40CM (30),UKRM4481225-LOFRIC ORIGO SLEEVE CATHETER MALE FLEXIBLE 12CH - 40CM (30),UCC-UKRM4481225," $3,139 "," 1,230 ",,,
9872,BDI,UCC,Urology and Critical Care,UCC,Urology and Critical Care,2401531,Total Home Care Sales,PH240153121002,Urology Home Care,PH240153131027,Home Care Non Bard,PH240153141054,UK DAC Sales (Non Bard),PH240153151054,UK DAC Sales (Non Bard),UKRM4481425,LOFRIC ORIGO SLEEVE CATHETER MALE FLEXIBLE 14CH 40CM (30),UKRM4481425-LOFRIC ORIGO SLEEVE CATHETER MALE FLEXIBLE 14CH 40CM (30),UCC-UKRM4481425, $911 , 360 ,,,
9875,BDI,UCC,Urology and Critical Care,UCC,Urology and Critical Care,2401531,Total Home Care Sales,PH240153121002,Urology Home Care,PH240153131027,Home Care Non Bard,PH240153141054,UK DAC Sales (Non Bard),PH240153151054,UK DAC Sales (Non Bard),UKRM4632716E,SOFTIMA ACTIVE ILEOSTOMY BAG MIDI 15MM-45MM BEIGE (10),UKRM4632716E-SOFTIMA ACTIVE ILEOSTOMY BAG MIDI 15MM-45MM BEIGE (10),UCC-UKRM4632716E," $1,327 ", 210 ,,,
9877,BDI,UCC,Urology and Critical Care,UCC,Urology and Critical Care,2401531,Total Home Care Sales,PH240153121002,Urology Home Care,PH240153131027,Home Care Non Bard,PH240153141054,UK DAC Sales (Non Bard),PH240153151054,UK DAC Sales (Non Bard),UKRM4715,COMFEEL ADHESIVE REMOVER (30),UKRM4715-COMFEEL ADHESIVE REMOVER (30),UCC-UKRM4715, $13 , 30 ,,,
9888,BDI,UCC,Urology and Critical Care,UCC,Urology and Critical Care,2401531,Total Home Care Sales,PH240153121002,Urology Home Care,PH240153131027,Home Care Non Bard,PH240153141054,UK DAC Sales (Non Bard),PH240153151054,UK DAC Sales (Non Bard),UKRM5028E,STOMA CARE BELT,UKRM5028E-STOMA CARE BELT,UCC-UKRM5028E, $10 , 1 ,,,
9896,BDI,UCC,Urology and Critical Care,UCC,Urology and Critical Care,2401531,Total Home Care Sales,PH240153121002,Urology Home Care,PH240153131027,Home Care Non Bard,PH240153141054,UK DAC Sales (Non Bard),PH240153151054,UK DAC Sales (Non Bard),UKRM510601,GC AIR CATHETER FEMALE 12CH - 510601 - V2 (30),UKRM510601-GC AIR CATHETER FEMALE 12CH - 510601 - V2 (30),UCC-UKRM510601, $71 , 30 ,,,
9913,BDI,UCC,Urology and Critical Care,UCC,Urology and Critical Care,2401531,Total Home Care Sales,PH240153121002,Urology Home Care,PH240153131027,Home Care Non Bard,PH240153141054,UK DAC Sales (Non Bard),PH240153151054,UK DAC Sales (Non Bard),UKRM52100,MODERMA FLEX CERAPLUS MIDI CTF 15-55MM (30),UKRM52100-MODERMA FLEX CERAPLUS MIDI CTF 15-55MM (30),UCC-UKRM52100, $380 , 90 ,,,
9914,BDI,UCC,Urology and Critical Care,UCC,Urology and Critical Care,2401531,Total Home Care Sales,PH240153121002,Urology Home Care,PH240153131027,Home Care Non Bard,PH240153141054,UK DAC Sales (Non Bard),PH240153151054,UK DAC Sales (Non Bard),UKRM5212,CONVEEN SELF-SEALING URISHEATH EXTRA SMALL (30),UKRM5212-CONVEEN SELF-SEALING URISHEATH EXTRA SMALL (30),UCC-UKRM5212, $72 , 30 ,,,
9916,BDI,UCC,Urology and Critical Care,UCC,Urology and Critical Care,2401531,Total Home Care Sales,PH240153121002,Urology Home Care,PH240153131027,Home Care Non Bard,PH240153141054,UK DAC Sales (Non Bard),PH240153151054,UK DAC Sales (Non Bard),UKRM5235,CONVEEN SECURITY PLUS SHEATH LARGE 35MM,UKRM5235-CONVEEN SECURITY PLUS SHEATH LARGE 35MM,UCC-UKRM5235, $77 , 30 ,,,
9922,BDI,UCC,Urology and Critical Care,UCC,Urology and Critical Care,2401531,Total Home Care Sales,PH240153121002,Urology Home Care,PH240153131027,Home Care Non Bard,PH240153141054,UK DAC Sales (Non Bard),PH240153151054,UK DAC Sales (Non Bard),UKRM5330,COMFORT SHEATH RESIDUAL FREE REMOVAL ANTI-BBACK SYS M 30MM,UKRM5330-COMFORT SHEATH RESIDUAL FREE REMOVAL ANTI-BBACK SYS M 30MM,UCC-UKRM5330, $138 , 120 ,,,
9923,BDI,UCC,Urology and Critical Care,UCC,Urology and Critical Care,2401531,Total Home Care Sales,PH240153121002,Urology Home Care,PH240153131027,Home Care Non Bard,PH240153141054,UK DAC Sales (Non Bard),PH240153151054,UK DAC Sales (Non Bard),UKRM5350,CONVEEN EASICATH MALE 10CH,UKRM5350-CONVEEN EASICATH MALE 10CH,UCC-UKRM5350, $185 , 100 ,,,
9937,BDI,UCC,Urology and Critical Care,UCC,Urology and Critical Care,2401531,Total Home Care Sales,PH240153121002,Urology Home Care,PH240153131027,Home Care Non Bard,PH240153141054,UK DAC Sales (Non Bard),PH240153151054,UK DAC Sales (Non Bard),UKRM54800,MODERMA FLEX 15-38MM DRAINABLE,UKRM54800-MODERMA FLEX 15-38MM DRAINABLE,UCC-UKRM54800, $209 , 30 ,,,
9940,BDI,UCC,Urology and Critical Care,UCC,Urology and Critical Care,2401531,Total Home Care Sales,PH240153121002,Urology Home Care,PH240153131027,Home Care Non Bard,PH240153141054,UK DAC Sales (Non Bard),PH240153151054,UK DAC Sales (Non Bard),UKRM5505ADH,LIFT PLUS CITRUS MEDICALADH/REMOVER 50ML SPRAY,UKRM5505ADH-LIFT PLUS CITRUS MEDICALADH/REMOVER 50ML SPRAY,UCC-UKRM5505ADH, $24 , 2 ,,,
9964,BDI,UCC,Urology and Critical Care,UCC,Urology and Critical Care,2401531,Total Home Care Sales,PH240153121002,Urology Home Care,PH240153131027,Home Care Non Bard,PH240153141054,UK DAC Sales (Non Bard),PH240153151054,UK DAC Sales (Non Bard),UKRM596200,MODERMA FLEX UROSTOMY BAG 15-25MM 596200 (10),UKRM596200-MODERMA FLEX UROSTOMY BAG 15-25MM 596200 (10),UCC-UKRM596200, $283 , 30 ,,,
9967,BDI,UCC,Urology and Critical Care,UCC,Urology and Critical Care,2401531,Total Home Care Sales,PH240153121002,Urology Home Care,PH240153131027,Home Care Non Bard,PH240153141054,UK DAC Sales (Non Bard),PH240153151054,UK DAC Sales (Non Bard),UKRM59825,MODERMA FLEX UROSTOMY BAG CERAPLUS SKIN BARRIER 25MM(10),UKRM59825-MODERMA FLEX UROSTOMY BAG CERAPLUS SKIN BARRIER 25MM(10),UCC-UKRM59825, $888 , 100 ,,,
9972,BDI,UCC,Urology and Critical Care,UCC,Urology and Critical Care,2401531,Total Home Care Sales,PH240153121002,Urology Home Care,PH240153131027,Home Care Non Bard,PH240153141054,UK DAC Sales (Non Bard),PH240153151054,UK DAC Sales (Non Bard),UKRM60321,ADHESIVE REMOVER WIPES,UKRM60321-ADHESIVE REMOVER WIPES,UCC-UKRM60321, $23 , 60 ,,,
9993,BDI,UCC,Urology and Critical Care,UCC,Urology and Critical Care,2401531,Total Home Care Sales,PH240153121002,Urology Home Care,PH240153131027,Home Care Non Bard,PH240153141054,UK DAC Sales (Non Bard),PH240153151054,UK DAC Sales (Non Bard),UKRM630114,LIQUICK BASE CATHETER FEMALE 14CH (60),UKRM630114-LIQUICK BASE CATHETER FEMALE 14CH (60),UCC-UKRM630114, $124 , 60 ,,,
10037,BDI,UCC,Urology and Critical Care,UCC,Urology and Critical Care,2401531,Total Home Care Sales,PH240153121002,Urology Home Care,PH240153131027,Home Care Non Bard,PH240153141054,UK DAC Sales (Non Bard),PH240153151054,UK DAC Sales (Non Bard),UKRM69013,NAVINA CLASSIC CONTROL UNIT,UKRM69013-NAVINA CLASSIC CONTROL UNIT,UCC-UKRM69013, $163 , 2 ,,,
10040,BDI,UCC,Urology and Critical Care,UCC,Urology and Critical Care,2401531,Total Home Care Sales,PH240153121002,Urology Home Care,PH240153131027,Home Care Non Bard,PH240153141054,UK DAC Sales (Non Bard),PH240153151054,UK DAC Sales (Non Bard),UKRM6930700,NAVINA MINI SET 6930700 (WELLSPECT) (1),UKRM6930700-NAVINA MINI SET 6930700 (WELLSPECT) (1),UCC-UKRM6930700," $1,512 ", 6 ,,,
10045,BDI,UCC,Urology and Critical Care,UCC,Urology and Critical Care,2401531,Total Home Care Sales,PH240153121002,Urology Home Care,PH240153131027,Home Care Non Bard,PH240153141054,UK DAC Sales (Non Bard),PH240153151054,UK DAC Sales (Non Bard),UKRM6C350STL,UGO 350ML SHORT TUBE LEVER LB,UKRM6C350STL-UGO 350ML SHORT TUBE LEVER LB,UCC-UKRM6C350STL, $383 , 110 ,,,
10047,BDI,UCC,Urology and Critical Care,UCC,Urology and Critical Care,2401531,Total Home Care Sales,PH240153121002,Urology Home Care,PH240153131027,Home Care Non Bard,PH240153141054,UK DAC Sales (Non Bard),PH240153151054,UK DAC Sales (Non Bard),UKRM6S24,LATEX FREE SELF ADHESIVE SHEATH 6-S24 24MM (30),UKRM6S24-LATEX FREE SELF ADHESIVE SHEATH 6-S24 24MM (30),UCC-UKRM6S24, $591 , 240 ,,,
10048,BDI,UCC,Urology and Critical Care,UCC,Urology and Critical Care,2401531,Total Home Care Sales,PH240153121002,Urology Home Care,PH240153131027,Home Care Non Bard,PH240153141054,UK DAC Sales (Non Bard),PH240153151054,UK DAC Sales (Non Bard),UKRM6S35,LATEX FREE SELF-ADHESIVE SHEATH 6-S35 35MM (30),UKRM6S35-LATEX FREE SELF-ADHESIVE SHEATH 6-S35 35MM (30),UCC-UKRM6S35, $215 , 90 ,,,
10076,BDI,UCC,Urology and Critical Care,UCC,Urology and Critical Care,2401531,Total Home Care Sales,PH240153121002,Urology Home Care,PH240153131027,Home Care Non Bard,PH240153141054,UK DAC Sales (Non Bard),PH240153151054,UK DAC Sales (Non Bard),UKRM71084,HOLLISTER VAPROPLUS POCKET INT CATHETER MALE 40CM CH8 (30),UKRM71084-HOLLISTER VAPROPLUS POCKET INT CATHETER MALE 40CM CH8 (30),UCC-UKRM71084, $546 , 120 ,,,
10096,BDI,UCC,Urology and Critical Care,UCC,Urology and Critical Care,2401531,Total Home Care Sales,PH240153121002,Urology Home Care,PH240153131027,Home Care Non Bard,PH240153141054,UK DAC Sales (Non Bard),PH240153151054,UK DAC Sales (Non Bard),UKRM7265400,CUTIMED PROTECT FOAM APPLICATOR 1ML,UKRM7265400-CUTIMED PROTECT FOAM APPLICATOR 1ML,UCC-UKRM7265400, $13 , 10 ,,,
10107,BDI,UCC,Urology and Critical Care,UCC,Urology and Critical Care,2401531,Total Home Care Sales,PH240153121002,Urology Home Care,PH240153131027,Home Care Non Bard,PH240153141054,UK DAC Sales (Non Bard),PH240153151054,UK DAC Sales (Non Bard),UKRM7600124,HOLLISTER VAPRO F-STYLE N?LATON CATHETER CH12 (30),UKRM7600124-HOLLISTER VAPRO F-STYLE N?LATON CATHETER CH12 (30),UCC-UKRM7600124," $3,967 "," 1,590 ",,,
10110,BDI,UCC,Urology and Critical Care,UCC,Urology and Critical Care,2401531,Total Home Care Sales,PH240153121002,Urology Home Care,PH240153131027,Home Care Non Bard,PH240153141054,UK DAC Sales (Non Bard),PH240153151054,UK DAC Sales (Non Bard),UKRM7700124,NON BARD OTHER ONGOING - ROCHESTER,UKRM7700124-NON BARD OTHER ONGOING - ROCHESTER,UCC-UKRM7700124, $133 , 30 ,,,
10112,BDI,UCC,Urology and Critical Care,UCC,Urology and Critical Care,2401531,Total Home Care Sales,PH240153121002,Urology Home Care,PH240153131027,Home Care Non Bard,PH240153141054,UK DAC Sales (Non Bard),PH240153151054,UK DAC Sales (Non Bard),UKRM7724,HOLLISTER LTD IRRIGATOR DRAIN,UKRM7724-HOLLISTER LTD IRRIGATOR DRAIN,UCC-UKRM7724, $238 , 100 ,,,
10117,BDI,UCC,Urology and Critical Care,UCC,Urology and Critical Care,2401531,Total Home Care Sales,PH240153121002,Urology Home Care,PH240153131027,Home Care Non Bard,PH240153141054,UK DAC Sales (Non Bard),PH240153151054,UK DAC Sales (Non Bard),UKRM7760,UNIVERSAL REMOVER WIPES (50),UKRM7760-UNIVERSAL REMOVER WIPES (50),UCC-UKRM7760, $38 , 100 ,,,
10129,BDI,UCC,Urology and Critical Care,UCC,Urology and Critical Care,2401531,Total Home Care Sales,PH240153121002,Urology Home Care,PH240153131027,Home Care Non Bard,PH240153141054,UK DAC Sales (Non Bard),PH240153151054,UK DAC Sales (Non Bard),UKRM79300,ADAPT PASTE 60G (1),UKRM79300-ADAPT PASTE 60G (1),UCC-UKRM79300, $29 , 5 ,,,
10130,BDI,UCC,Urology and Critical Care,UCC,Urology and Critical Care,2401531,Total Home Care Sales,PH240153121002,Urology Home Care,PH240153131027,Home Care Non Bard,PH240153141054,UK DAC Sales (Non Bard),PH240153151054,UK DAC Sales (Non Bard),UKRM79301,HOLLISTER ADAPT PASTE 14GRAMS 79301,UKRM79301-HOLLISTER ADAPT PASTE 14GRAMS 79301,UCC-UKRM79301, $38 , 20 ,,,
10134,BDI,UCC,Urology and Critical Care,UCC,Urology and Critical Care,2401531,Total Home Care Sales,PH240153121002,Urology Home Care,PH240153131027,Home Care Non Bard,PH240153141054,UK DAC Sales (Non Bard),PH240153151054,UK DAC Sales (Non Bard),UKRM800,MEDIHONEY BARRIER CREAM 20 SACHETS (20),UKRM800-MEDIHONEY BARRIER CREAM 20 SACHETS (20),UCC-UKRM800, $8 , 20 ,,,
10135,BDI,UCC,Urology and Critical Care,UCC,Urology and Critical Care,2401531,Total Home Care Sales,PH240153121002,Urology Home Care,PH240153131027,Home Care Non Bard,PH240153141054,UK DAC Sales (Non Bard),PH240153151054,UK DAC Sales (Non Bard),UKRM800015,PELICAN PLATINUM 2 PIECE FLAT BASEPLATE 80MM RING 15-50MM(5),UKRM800015-PELICAN PLATINUM 2 PIECE FLAT BASEPLATE 80MM RING 15-50MM(5),UCC-UKRM800015, $112 , 20 ,,,
10136,BDI,UCC,Urology and Critical Care,UCC,Urology and Critical Care,2401531,Total Home Care Sales,PH240153121002,Urology Home Care,PH240153131027,Home Care Non Bard,PH240153141054,UK DAC Sales (Non Bard),PH240153151054,UK DAC Sales (Non Bard),UKRM80120,NOVA OPAQ STARTER HOLE 20-36MM,UKRM80120-NOVA OPAQ STARTER HOLE 20-36MM,UCC-UKRM80120, $467 , 120 ,,,
10151,BDI,UCC,Urology and Critical Care,UCC,Urology and Critical Care,2401531,Total Home Care Sales,PH240153121002,Urology Home Care,PH240153131027,Home Care Non Bard,PH240153141054,UK DAC Sales (Non Bard),PH240153151054,UK DAC Sales (Non Bard),UKRM81810,NOVA 1 DRAINABLE BAG INFANT CLEAR CTF 10-40MM,UKRM81810-NOVA 1 DRAINABLE BAG INFANT CLEAR CTF 10-40MM,UCC-UKRM81810, $99 , 30 ,,,
10158,BDI,UCC,Urology and Critical Care,UCC,Urology and Critical Care,2401531,Total Home Care Sales,PH240153121002,Urology Home Care,PH240153131027,Home Care Non Bard,PH240153141054,UK DAC Sales (Non Bard),PH240153151054,UK DAC Sales (Non Bard),UKRM839001,COHESIVE SEALS LARGE 98MM,UKRM839001-COHESIVE SEALS LARGE 98MM,UCC-UKRM839001, $38 , 10 ,,,
10161,BDI,UCC,Urology and Critical Care,UCC,Urology and Critical Care,2401531,Total Home Care Sales,PH240153121002,Urology Home Care,PH240153131027,Home Care Non Bard,PH240153141054,UK DAC Sales (Non Bard),PH240153151054,UK DAC Sales (Non Bard),UKRM839006,EAKIN COHESIVE STOMAWRAP,UKRM839006-EAKIN COHESIVE STOMAWRAP,UCC-UKRM839006, $28 , 10 ,,,
10163,BDI,UCC,Urology and Critical Care,UCC,Urology and Critical Care,2401531,Total Home Care Sales,PH240153121002,Urology Home Care,PH240153131027,Home Care Non Bard,PH240153141054,UK DAC Sales (Non Bard),PH240153151054,UK DAC Sales (Non Bard),UKRM839028,EAKIN FREESEAL VERSA 839028 - 30MM (PELICAN) (10),UKRM839028-EAKIN FREESEAL VERSA 839028 - 30MM (PELICAN) (10),UCC-UKRM839028, $127 , 40 ,,,
10168,BDI,UCC,Urology and Critical Care,UCC,Urology and Critical Care,2401531,Total Home Care Sales,PH240153121002,Urology Home Care,PH240153131027,Home Care Non Bard,PH240153141054,UK DAC Sales (Non Bard),PH240153151054,UK DAC Sales (Non Bard),UKRM850081000120,TELEFLEX BRILLIANT AQUAFLATE SILICONE STD 12CH CYTIP (1),UKRM850081000120-TELEFLEX BRILLIANT AQUAFLATE SILICONE STD 12CH CYTIP (1),UCC-UKRM850081000120, $56 , 7 ,,,
10193,BDI,UCC,Urology and Critical Care,UCC,Urology and Critical Care,2401531,Total Home Care Sales,PH240153121002,Urology Home Care,PH240153131027,Home Care Non Bard,PH240153141054,UK DAC Sales (Non Bard),PH240153151054,UK DAC Sales (Non Bard),UKRM85114110,RUSCH FLOCATH HYDRO GEL CATHETER MALE 10CH (30),UKRM85114110-RUSCH FLOCATH HYDRO GEL CATHETER MALE 10CH (30),UCC-UKRM85114110, $156 , 90 ,,,
10194,BDI,UCC,Urology and Critical Care,UCC,Urology and Critical Care,2401531,Total Home Care Sales,PH240153121002,Urology Home Care,PH240153131027,Home Care Non Bard,PH240153141054,UK DAC Sales (Non Bard),PH240153151054,UK DAC Sales (Non Bard),UKRM85114112,RUSCH FLOCATH HYDRO GEL CATHETER MALE 12CH (30),UKRM85114112-RUSCH FLOCATH HYDRO GEL CATHETER MALE 12CH (30),UCC-UKRM85114112, $52 , 30 ,,,
10211,BDI,UCC,Urology and Critical Care,UCC,Urology and Critical Care,2401531,Total Home Care Sales,PH240153121002,Urology Home Care,PH240153131027,Home Care Non Bard,PH240153141054,UK DAC Sales (Non Bard),PH240153151054,UK DAC Sales (Non Bard),UKRM851843000140,LIQUICK X-TREME CATHETER MALE TIEMANN TIP 14CH 43CM (30,UKRM851843000140-LIQUICK X-TREME CATHETER MALE TIEMANN TIP 14CH 43CM (30,UCC-UKRM851843000140," $1,072 ", 450 ,,,
10212,BDI,UCC,Urology and Critical Care,UCC,Urology and Critical Care,2401531,Total Home Care Sales,PH240153121002,Urology Home Care,PH240153131027,Home Care Non Bard,PH240153141054,UK DAC Sales (Non Bard),PH240153151054,UK DAC Sales (Non Bard),UKRM851843000160,LIQUICK X-TREME CATHETER MALE TIEMANN TIP 16CH 43CM (30),UKRM851843000160-LIQUICK X-TREME CATHETER MALE TIEMANN TIP 16CH 43CM (30),UCC-UKRM851843000160," $1,061 ", 450 ,,,
10228,BDI,UCC,Urology and Critical Care,UCC,Urology and Critical Care,2401531,Total Home Care Sales,PH240153121002,Urology Home Care,PH240153131027,Home Care Non Bard,PH240153141054,UK DAC Sales (Non Bard),PH240153151054,UK DAC Sales (Non Bard),UKRM881527,ADAPT CERARING BARRIER RING 881527 57MMX2.3MM (10),UKRM881527-ADAPT CERARING BARRIER RING 881527 57MMX2.3MM (10),UCC-UKRM881527, $123 , 40 ,,,
10249,BDI,UCC,Urology and Critical Care,UCC,Urology and Critical Care,2401531,Total Home Care Sales,PH240153121002,Urology Home Care,PH240153131027,Home Care Non Bard,PH240153141054,UK DAC Sales (Non Bard),PH240153151054,UK DAC Sales (Non Bard),UKRM92124,ADVANCE INTERMITTENT CATHETERS WITH PROTECTIVE TIP,UKRM92124-ADVANCE INTERMITTENT CATHETERS WITH PROTECTIVE TIP,UCC-UKRM92124, $50 , 25 ,,,
10251,BDI,UCC,Urology and Critical Care,UCC,Urology and Critical Care,2401531,Total Home Care Sales,PH240153121002,Urology Home Care,PH240153131027,Home Care Non Bard,PH240153141054,UK DAC Sales (Non Bard),PH240153151054,UK DAC Sales (Non Bard),UKRM92164,ADVANCE INTERMITTENT CATHETER WITH PROTECTIVE TIP MALE 16CH,UKRM92164-ADVANCE INTERMITTENT CATHETER WITH PROTECTIVE TIP MALE 16CH,UCC-UKRM92164, $514 , 250 ,,,
10260,BDI,UCC,Urology and Critical Care,UCC,Urology and Critical Care,2401531,Total Home Care Sales,PH240153121002,Urology Home Care,PH240153131027,Home Care Non Bard,PH240153141054,UK DAC Sales (Non Bard),PH240153151054,UK DAC Sales (Non Bard),UKRM94237,NOVALIFE 1 OPEN POUCH MIDI CLEAR CTF 10-37MM,UKRM94237-NOVALIFE 1 OPEN POUCH MIDI CLEAR CTF 10-37MM,UCC-UKRM94237, $629 , 100 ,,,
10261,BDI,UCC,Urology and Critical Care,UCC,Urology and Critical Care,2401531,Total Home Care Sales,PH240153121002,Urology Home Care,PH240153131027,Home Care Non Bard,PH240153141054,UK DAC Sales (Non Bard),PH240153151054,UK DAC Sales (Non Bard),UKRM94246,NOVALIFE 1 OPEN POUCH MIDI CLEAR CTF 10-46MM,UKRM94246-NOVALIFE 1 OPEN POUCH MIDI CLEAR CTF 10-46MM,UCC-UKRM94246, $386 , 60 ,,,
10270,BDI,UCC,Urology and Critical Care,UCC,Urology and Critical Care,2401531,Total Home Care Sales,PH240153121002,Urology Home Care,PH240153131027,Home Care Non Bard,PH240153141054,UK DAC Sales (Non Bard),PH240153151054,UK DAC Sales (Non Bard),UKRM9631,LEG BAG 800ML/10CM INLET (REGULAR) (10),UKRM9631-LEG BAG 800ML/10CM INLET (REGULAR) (10),UCC-UKRM9631, $42 , 10 ,,,
10283,BDI,UCC,Urology and Critical Care,UCC,Urology and Critical Care,2401531,Total Home Care Sales,PH240153121002,Urology Home Care,PH240153131027,Home Care Non Bard,PH240153141054,UK DAC Sales (Non Bard),PH240153151054,UK DAC Sales (Non Bard),UKRM97154,NOVALIFE 1 CLOSED SOFT CONVEX W/VIEWING OPTION CTF 15-54MM,UKRM97154-NOVALIFE 1 CLOSED SOFT CONVEX W/VIEWING OPTION CTF 15-54MM,UCC-UKRM97154, $96 , 20 ,,,
10304,BDI,UCC,Urology and Critical Care,UCC,Urology and Critical Care,2401531,Total Home Care Sales,PH240153121002,Urology Home Care,PH240153131027,Home Care Non Bard,PH240153141054,UK DAC Sales (Non Bard),PH240153151054,UK DAC Sales (Non Bard),UKRM9800,COLOPLAST ASSURA CONNECTOR (5),UKRM9800-COLOPLAST ASSURA CONNECTOR (5),UCC-UKRM9800, $-   , 50 ,,,
10312,BDI,UCC,Urology and Critical Care,UCC,Urology and Critical Care,2401531,Total Home Care Sales,PH240153121002,Urology Home Care,PH240153131027,Home Care Non Bard,PH240153141054,UK DAC Sales (Non Bard),PH240153151054,UK DAC Sales (Non Bard),UKRMA100L5105C,AFEX CORE SUPPORTER LARGE (1),UKRMA100L5105C-AFEX CORE SUPPORTER LARGE (1),UCC-UKRMA100L5105C, $82 , 1 ,,,
10315,BDI,UCC,Urology and Critical Care,UCC,Urology and Critical Care,2401531,Total Home Care Sales,PH240153121002,Urology Home Care,PH240153131027,Home Care Non Bard,PH240153141054,UK DAC Sales (Non Bard),PH240153151054,UK DAC Sales (Non Bard),UKRMA200CSL,CORE SUPPORTER BRIEF LARGE (1),UKRMA200CSL-CORE SUPPORTER BRIEF LARGE (1),UCC-UKRMA200CSL, $79 , 6 ,,,
10336,BDI,UCC,Urology and Critical Care,UCC,Urology and Critical Care,2401531,Total Home Care Sales,PH240153121002,Urology Home Care,PH240153131027,Home Care Non Bard,PH240153141054,UK DAC Sales (Non Bard),PH240153151054,UK DAC Sales (Non Bard),UKRMAA7516,FOLYSIL ALL SILICONE CATHETER FEMALE 16CH,UKRMAA7516-FOLYSIL ALL SILICONE CATHETER FEMALE 16CH,UCC-UKRMAA7516, $9 , 1 ,,,
10348,BDI,UCC,Urology and Critical Care,UCC,Urology and Critical Care,2401531,Total Home Care Sales,PH240153121002,Urology Home Care,PH240153131027,Home Care Non Bard,PH240153141054,UK DAC Sales (Non Bard),PH240153151054,UK DAC Sales (Non Bard),UKRMAB1825MED,ACTI-BRIEF URI DRAIN SYSTEM W/POUCHES 25MM FLANGE MEDIUM,UKRMAB1825MED-ACTI-BRIEF URI DRAIN SYSTEM W/POUCHES 25MM FLANGE MEDIUM,UCC-UKRMAB1825MED, $68 , 2 ,,,
10352,BDI,UCC,Urology and Critical Care,UCC,Urology and Critical Care,2401531,Total Home Care Sales,PH240153121002,Urology Home Care,PH240153131027,Home Care Non Bard,PH240153141054,UK DAC Sales (Non Bard),PH240153151054,UK DAC Sales (Non Bard),UKRMABPLUS1820LARGE,BULLEN ACTIBRIEFPLUS SYSTEM MALE LARGE FLANGE20CM (1),UKRMABPLUS1820LARGE-BULLEN ACTIBRIEFPLUS SYSTEM MALE LARGE FLANGE20CM (1),UCC-UKRMABPLUS1820LARGE, $51 , 1 ,,,
10353,BDI,UCC,Urology and Critical Care,UCC,Urology and Critical Care,2401531,Total Home Care Sales,PH240153121002,Urology Home Care,PH240153131027,Home Care Non Bard,PH240153141054,UK DAC Sales (Non Bard),PH240153151054,UK DAC Sales (Non Bard),UKRMABPLUS1825MED,ACTI-BRIEF PLUS MAKE URINE COLLECTION SYSTEM WITH 10P MED,UKRMABPLUS1825MED-ACTI-BRIEF PLUS MAKE URINE COLLECTION SYSTEM WITH 10P MED,UCC-UKRMABPLUS1825MED, $106 , 2 ,,,
10354,BDI,UCC,Urology and Critical Care,UCC,Urology and Critical Care,2401531,Total Home Care Sales,PH240153121002,Urology Home Care,PH240153131027,Home Care Non Bard,PH240153141054,UK DAC Sales (Non Bard),PH240153151054,UK DAC Sales (Non Bard),UKRMABPLUS18275SMALL,BULLEN ACTI-BRIEF PLUS MALE 27.5MM SMALL,UKRMABPLUS18275SMALL-BULLEN ACTI-BRIEF PLUS MALE 27.5MM SMALL,UCC-UKRMABPLUS18275SMALL, $54 , 1 ,,,
10357,BDI,UCC,Urology and Critical Care,UCC,Urology and Critical Care,2401531,Total Home Care Sales,PH240153121002,Urology Home Care,PH240153131027,Home Care Non Bard,PH240153141054,UK DAC Sales (Non Bard),PH240153151054,UK DAC Sales (Non Bard),UKRMABPLUS1830SML,ACTIBRIEF PLUS M URINE COLL SYS 10 POUCH FLANGE 30MM,UKRMABPLUS1830SML-ACTIBRIEF PLUS M URINE COLL SYS 10 POUCH FLANGE 30MM,UCC-UKRMABPLUS1830SML, $54 , 1 ,,,
10367,BDI,UCC,Urology and Critical Care,UCC,Urology and Critical Care,2401531,Total Home Care Sales,PH240153121002,Urology Home Care,PH240153131027,Home Care Non Bard,PH240153141054,UK DAC Sales (Non Bard),PH240153151054,UK DAC Sales (Non Bard),UKRMACE14100,AQUAFLUSH STOMA STOPPER ACE14/100 14 FR 100MM (1),UKRMACE14100-AQUAFLUSH STOMA STOPPER ACE14/100 14 FR 100MM (1),UCC-UKRMACE14100, $20 , 1 ,,,
10368,BDI,UCC,Urology and Critical Care,UCC,Urology and Critical Care,2401531,Total Home Care Sales,PH240153121002,Urology Home Care,PH240153131027,Home Care Non Bard,PH240153141054,UK DAC Sales (Non Bard),PH240153151054,UK DAC Sales (Non Bard),UKRMACTILITE5X5,ACTILITE GAUZE DRESSING IMPREGNATED 5X5CM (1),UKRMACTILITE5X5-ACTILITE GAUZE DRESSING IMPREGNATED 5X5CM (1),UCC-UKRMACTILITE5X5, $37 , 40 ,,,
10369,BDI,UCC,Urology and Critical Care,UCC,Urology and Critical Care,2401531,Total Home Care Sales,PH240153121002,Urology Home Care,PH240153131027,Home Care Non Bard,PH240153141054,UK DAC Sales (Non Bard),PH240153151054,UK DAC Sales (Non Bard),UKRMACTIVONTULLE5X5,ACTIVON TULLE GAUZE DRESSING 5CM X 5CM (ADVANCIS MED.) (1),UKRMACTIVONTULLE5X5-ACTIVON TULLE GAUZE DRESSING 5CM X 5CM (ADVANCIS MED.) (1),UCC-UKRMACTIVONTULLE5X5, $34 , 11 ,,,
10371,BDI,UCC,Urology and Critical Care,UCC,Urology and Critical Care,2401531,Total Home Care Sales,PH240153121002,Urology Home Care,PH240153131027,Home Care Non Bard,PH240153141054,UK DAC Sales (Non Bard),PH240153151054,UK DAC Sales (Non Bard),UKRMAF5X,AQUAFLUSH 500X STANDARD SET AF5X (1),UKRMAF5X-AQUAFLUSH 500X STANDARD SET AF5X (1),UCC-UKRMAF5X, $243 , 1 ,,,
10376,BDI,UCC,Urology and Critical Care,UCC,Urology and Critical Care,2401531,Total Home Care Sales,PH240153121002,Urology Home Care,PH240153131027,Home Care Non Bard,PH240153141054,UK DAC Sales (Non Bard),PH240153151054,UK DAC Sales (Non Bard),UKRMAFD30,AQUAFLUSH STOMA STOPPER DRESSING (30),UKRMAFD30-AQUAFLUSH STOMA STOPPER DRESSING (30),UCC-UKRMAFD30, $39 , 30 ,,,
10382,BDI,UCC,Urology and Critical Care,UCC,Urology and Critical Care,2401531,Total Home Care Sales,PH240153121002,Urology Home Care,PH240153131027,Home Care Non Bard,PH240153141054,UK DAC Sales (Non Bard),PH240153151054,UK DAC Sales (Non Bard),UKRMAFSRCA,AQUAFLUSH SELF RETAINING CATHETER SYSTEM REFIL PACK 1,UKRMAFSRCA-AQUAFLUSH SELF RETAINING CATHETER SYSTEM REFIL PACK 1,UCC-UKRMAFSRCA, $319 , 3 ,,,
10386,BDI,UCC,Urology and Critical Care,UCC,Urology and Critical Care,2401531,Total Home Care Sales,PH240153121002,Urology Home Care,PH240153131027,Home Care Non Bard,PH240153141054,UK DAC Sales (Non Bard),PH240153151054,UK DAC Sales (Non Bard),UKRMALOEMPS10,ALOE MEATAL PLUS CATHETER MAL,UKRMALOEMPS10-ALOE MEATAL PLUS CATHETER MAL,UCC-UKRMALOEMPS10, $112 , 60 ,,,
10387,BDI,UCC,Urology and Critical Care,UCC,Urology and Critical Care,2401531,Total Home Care Sales,PH240153121002,Urology Home Care,PH240153131027,Home Care Non Bard,PH240153141054,UK DAC Sales (Non Bard),PH240153151054,UK DAC Sales (Non Bard),UKRMALOEMPS12,ALOE MEATAL PLUS CATHETER MALE 12CH,UKRMALOEMPS12-ALOE MEATAL PLUS CATHETER MALE 12CH,UCC-UKRMALOEMPS12, $230 , 120 ,,,
10391,BDI,UCC,Urology and Critical Care,UCC,Urology and Critical Care,2401531,Total Home Care Sales,PH240153121002,Urology Home Care,PH240153131027,Home Care Non Bard,PH240153141054,UK DAC Sales (Non Bard),PH240153151054,UK DAC Sales (Non Bard),UKRMAP1030,ACE STOPPER (1),UKRMAP1030-ACE STOPPER (1),UCC-UKRMAP1030, $18 , 1 ,,,
10405,BDI,UCC,Urology and Critical Care,UCC,Urology and Critical Care,2401531,Total Home Care Sales,PH240153121002,Urology Home Care,PH240153131027,Home Care Non Bard,PH240153141054,UK DAC Sales (Non Bard),PH240153151054,UK DAC Sales (Non Bard),UKRMAQUAT14,SENSACATH AQUA HYDROPHILIC CATHETER MALE TIEMANN 14CH,UKRMAQUAT14-SENSACATH AQUA HYDROPHILIC CATHETER MALE TIEMANN 14CH,UCC-UKRMAQUAT14," $1,015 ", 720 ,,,
10418,BDI,UCC,Urology and Critical Care,UCC,Urology and Critical Care,2401531,Total Home Care Sales,PH240153121002,Urology Home Care,PH240153131027,Home Care Non Bard,PH240153141054,UK DAC Sales (Non Bard),PH240153151054,UK DAC Sales (Non Bard),UKRMB13W,CONFIDENCE BE COLOSTOMY POUCH STANDARD WHITE SH 13-55MM (30),UKRMB13W-CONFIDENCE BE COLOSTOMY POUCH STANDARD WHITE SH 13-55MM (30),UCC-UKRMB13W," $1,353 ", 330 ,,,
10424,BDI,UCC,Urology and Critical Care,UCC,Urology and Critical Care,2401531,Total Home Care Sales,PH240153121002,Urology Home Care,PH240153131027,Home Care Non Bard,PH240153141054,UK DAC Sales (Non Bard),PH240153151054,UK DAC Sales (Non Bard),UKRMBD118982,RTU HYDROPHILIC CATHETER MALE LITERATURE (1),UKRMBD118982-RTU HYDROPHILIC CATHETER MALE LITERATURE (1),UCC-UKRMBD118982, $-   , 213 ,,,
10425,BDI,UCC,Urology and Critical Care,UCC,Urology and Critical Care,2401531,Total Home Care Sales,PH240153121002,Urology Home Care,PH240153131027,Home Care Non Bard,PH240153141054,UK DAC Sales (Non Bard),PH240153151054,UK DAC Sales (Non Bard),UKRMBD120139,CLEAR ADVANTAGE SHEATH USER GUIDE A5 BOOKLET (1),UKRMBD120139-CLEAR ADVANTAGE SHEATH USER GUIDE A5 BOOKLET (1),UCC-UKRMBD120139, $-   , 558 ,,,
10428,BDI,UCC,Urology and Critical Care,UCC,Urology and Critical Care,2401531,Total Home Care Sales,PH240153121002,Urology Home Care,PH240153131027,Home Care Non Bard,PH240153141054,UK DAC Sales (Non Bard),PH240153151054,UK DAC Sales (Non Bard),UKRMBD25340,STATLOCK FOLEY STABILISATION DEVICE INFORMATION GUIDE (1),UKRMBD25340-STATLOCK FOLEY STABILISATION DEVICE INFORMATION GUIDE (1),UCC-UKRMBD25340, $38 , 50 ,,,
10429,BDI,UCC,Urology and Critical Care,UCC,Urology and Critical Care,2401531,Total Home Care Sales,PH240153121002,Urology Home Care,PH240153131027,Home Care Non Bard,PH240153141054,UK DAC Sales (Non Bard),PH240153151054,UK DAC Sales (Non Bard),UKRMBD34038,OPTIFLO IRRIGATION SOLUTION A5 BOOKLET (1),UKRMBD34038-OPTIFLO IRRIGATION SOLUTION A5 BOOKLET (1),UCC-UKRMBD34038, $-   , 54 ,,,
10431,BDI,UCC,Urology and Critical Care,UCC,Urology and Critical Care,2401531,Total Home Care Sales,PH240153121002,Urology Home Care,PH240153131027,Home Care Non Bard,PH240153141054,UK DAC Sales (Non Bard),PH240153151054,UK DAC Sales (Non Bard),UKRMBD91830,PATIENT LEAFLET - CARING FOR YOUR FOLEY CATHETER (1),UKRMBD91830-PATIENT LEAFLET - CARING FOR YOUR FOLEY CATHETER (1),UCC-UKRMBD91830, $-   , 92 ,,,
10439,BDI,UCC,Urology and Critical Care,UCC,Urology and Critical Care,2401531,Total Home Care Sales,PH240153121002,Urology Home Care,PH240153131027,Home Care Non Bard,PH240153141054,UK DAC Sales (Non Bard),PH240153151054,UK DAC Sales (Non Bard),UKRMBOXMLB,STOMA SUPPORT BOXER BLACK M/L,UKRMBOXMLB-STOMA SUPPORT BOXER BLACK M/L,UCC-UKRMBOXMLB, $109 , 6 ,,,
10440,BDI,UCC,Urology and Critical Care,UCC,Urology and Critical Care,2401531,Total Home Care Sales,PH240153121002,Urology Home Care,PH240153131027,Home Care Non Bard,PH240153141054,UK DAC Sales (Non Bard),PH240153151054,UK DAC Sales (Non Bard),UKRMBOXXL2XLB,STOMA SUPPORT BOXER BLACK XL/XXL,UKRMBOXXL2XLB-STOMA SUPPORT BOXER BLACK XL/XXL,UCC-UKRMBOXXL2XLB, $18 , 1 ,,,
10441,BDI,UCC,Urology and Critical Care,UCC,Urology and Critical Care,2401531,Total Home Care Sales,PH240153121002,Urology Home Care,PH240153131027,Home Care Non Bard,PH240153141054,UK DAC Sales (Non Bard),PH240153151054,UK DAC Sales (Non Bard),UKRMBU13ST,CONFIDENCE BE UROSTOMY BAG STARTER HOLE 13MM STONE (10),UKRMBU13ST-CONFIDENCE BE UROSTOMY BAG STARTER HOLE 13MM STONE (10),UCC-UKRMBU13ST, $837 , 100 ,,,
10447,BDI,UCC,Urology and Critical Care,UCC,Urology and Critical Care,2401531,Total Home Care Sales,PH240153121002,Urology Home Care,PH240153131027,Home Care Non Bard,PH240153141054,UK DAC Sales (Non Bard),PH240153151054,UK DAC Sales (Non Bard),UKRMCG43,CUIWEAR UNISEX BOXER BLACK LARGE/X LARGE,UKRMCG43-CUIWEAR UNISEX BOXER BLACK LARGE/X LARGE,UCC-UKRMCG43, $16 , 1 ,,,
10461,BDI,UCC,Urology and Critical Care,UCC,Urology and Critical Care,2401531,Total Home Care Sales,PH240153121002,Urology Home Care,PH240153131027,Home Care Non Bard,PH240153141054,UK DAC Sales (Non Bard),PH240153151054,UK DAC Sales (Non Bard),UKRMCOMFIFAST75CMX5M,COMFIFAST STOCKINETTE 7.5CM (VERNACARE LTD) 5M (1),UKRMCOMFIFAST75CMX5M-COMFIFAST STOCKINETTE 7.5CM (VERNACARE LTD) 5M (1),UCC-UKRMCOMFIFAST75CMX5M, $19 , 4 ,,,
10462,BDI,UCC,Urology and Critical Care,UCC,Urology and Critical Care,2401531,Total Home Care Sales,PH240153121002,Urology Home Care,PH240153131027,Home Care Non Bard,PH240153141054,UK DAC Sales (Non Bard),PH240153151054,UK DAC Sales (Non Bard),UKRMCOSMOPORE10X25,COSMOPOR E DRESSING 10CM X 25CM (PAUL HARTMAN) (1),UKRMCOSMOPORE10X25-COSMOPOR E DRESSING 10CM X 25CM (PAUL HARTMAN) (1),UCC-UKRMCOSMOPORE10X25, $40 , 50 ,,,
10470,BDI,UCC,Urology and Critical Care,UCC,Urology and Critical Care,2401531,Total Home Care Sales,PH240153121002,Urology Home Care,PH240153131027,Home Care Non Bard,PH240153141054,UK DAC Sales (Non Bard),PH240153151054,UK DAC Sales (Non Bard),UKRMCS28W,CLINISURE SILICONE SHEATH WIDE BAND CS28W 28MM (30),UKRMCS28W-CLINISURE SILICONE SHEATH WIDE BAND CS28W 28MM (30),UCC-UKRMCS28W, $176 , 90 ,,,
10479,BDI,UCC,Urology and Critical Care,UCC,Urology and Critical Care,2401531,Total Home Care Sales,PH240153121002,Urology Home Care,PH240153131027,Home Care Non Bard,PH240153141054,UK DAC Sales (Non Bard),PH240153151054,UK DAC Sales (Non Bard),UKRMCSRS100,CLINISURE CATHETER RETAINING STRAP LONG 100CM CSRS100 (5),UKRMCSRS100-CLINISURE CATHETER RETAINING STRAP LONG 100CM CSRS100 (5),UCC-UKRMCSRS100," $1,091 ", 290 ,,,
10481,BDI,UCC,Urology and Critical Care,UCC,Urology and Critical Care,2401531,Total Home Care Sales,PH240153121002,Urology Home Care,PH240153131027,Home Care Non Bard,PH240153141054,UK DAC Sales (Non Bard),PH240153151054,UK DAC Sales (Non Bard),UKRMCSSETJET60,COMFISHIELD SET 60MM APERTURE JET,UKRMCSSETJET60-COMFISHIELD SET 60MM APERTURE JET,UCC-UKRMCSSETJET60, $36 , 1 ,,,
10498,BDI,UCC,Urology and Critical Care,UCC,Urology and Critical Care,2401531,Total Home Care Sales,PH240153121002,Urology Home Care,PH240153131027,Home Care Non Bard,PH240153141054,UK DAC Sales (Non Bard),PH240153151054,UK DAC Sales (Non Bard),UKRMDA310124,RUSCH BRILLANT AQUAFLATE ALL SI CATHSYRINGES M 24CH,UKRMDA310124-RUSCH BRILLANT AQUAFLATE ALL SI CATHSYRINGES M 24CH,UCC-UKRMDA310124, $48 , 6 ,,,
10499,BDI,UCC,Urology and Critical Care,UCC,Urology and Critical Care,2401531,Total Home Care Sales,PH240153121002,Urology Home Care,PH240153131027,Home Care Non Bard,PH240153141054,UK DAC Sales (Non Bard),PH240153151054,UK DAC Sales (Non Bard),UKRMDBAG600,DRAINAGE BAG 600ML (ARGON MEDICAL DEVICES) (1),UKRMDBAG600-DRAINAGE BAG 600ML (ARGON MEDICAL DEVICES) (1),UCC-UKRMDBAG600, $486 , 68 ,,,
10528,BDI,UCC,Urology and Critical Care,UCC,Urology and Critical Care,2401531,Total Home Care Sales,PH240153121002,Urology Home Care,PH240153131027,Home Care Non Bard,PH240153141054,UK DAC Sales (Non Bard),PH240153151054,UK DAC Sales (Non Bard),UKRMDUODERMXTHIN9X15,DUODERM X THIN 9X15CM,UKRMDUODERMXTHIN9X15-DUODERM X THIN 9X15CM,UCC-UKRMDUODERMXTHIN9X15, $25 , 10 ,,,
10529,BDI,UCC,Urology and Critical Care,UCC,Urology and Critical Care,2401531,Total Home Care Sales,PH240153121002,Urology Home Care,PH240153131027,Home Care Non Bard,PH240153141054,UK DAC Sales (Non Bard),PH240153151054,UK DAC Sales (Non Bard),UKRMEA2,INDEPENDENCE EXTRA STICK POUCH PROTECTION/COLLECTION (10),UKRMEA2-INDEPENDENCE EXTRA STICK POUCH PROTECTION/COLLECTION (10),UCC-UKRMEA2, $256 , 20 ,,,
10537,BDI,UCC,Urology and Critical Care,UCC,Urology and Critical Care,2401531,Total Home Care Sales,PH240153121002,Urology Home Care,PH240153131027,Home Care Non Bard,PH240153141054,UK DAC Sales (Non Bard),PH240153151054,UK DAC Sales (Non Bard),UKRMF2C155,FREESTYLE CLOSED/F/POUCH MAXI PLUS BEIGE 55MM,UKRMF2C155-FREESTYLE CLOSED/F/POUCH MAXI PLUS BEIGE 55MM,UCC-UKRMF2C155, $77 , 30 ,,,
10538,BDI,UCC,Urology and Critical Care,UCC,Urology and Critical Care,2401531,Total Home Care Sales,PH240153121002,Urology Home Care,PH240153131027,Home Care Non Bard,PH240153141054,UK DAC Sales (Non Bard),PH240153151054,UK DAC Sales (Non Bard),UKRMF2F413,FREESTYLE FLANGE 45MM/CTF 13-40MM,UKRMF2F413-FREESTYLE FLANGE 45MM/CTF 13-40MM,UCC-UKRMF2F413, $56 , 10 ,,,
10578,BDI,UCC,Urology and Critical Care,UCC,Urology and Critical Care,2401531,Total Home Care Sales,PH240153121002,Urology Home Care,PH240153131027,Home Care Non Bard,PH240153141054,UK DAC Sales (Non Bard),PH240153151054,UK DAC Sales (Non Bard),UKRMHP5C30,OAKMED OPTION PRIMO COLOSTOMY BAG 30MM,UKRMHP5C30-OAKMED OPTION PRIMO COLOSTOMY BAG 30MM,UCC-UKRMHP5C30," $1,095 ", 270 ,,,
10582,BDI,UCC,Urology and Critical Care,UCC,Urology and Critical Care,2401531,Total Home Care Sales,PH240153121002,Urology Home Care,PH240153131027,Home Care Non Bard,PH240153141054,UK DAC Sales (Non Bard),PH240153151054,UK DAC Sales (Non Bard),UKRMHSPF2016,HI-SLIP PLUS HYDROPHILLIC CATHETER WATER SACHET F 16CH,UKRMHSPF2016-HI-SLIP PLUS HYDROPHILLIC CATHETER WATER SACHET F 16CH,UCC-UKRMHSPF2016, $86 , 60 ,,,
10587,BDI,UCC,Urology and Critical Care,UCC,Urology and Critical Care,2401531,Total Home Care Sales,PH240153121002,Urology Home Care,PH240153131027,Home Care Non Bard,PH240153141054,UK DAC Sales (Non Bard),PH240153151054,UK DAC Sales (Non Bard),UKRMHWA400,HYPERSEAL WASHERS SMALL 4MM THICK,UKRMHWA400-HYPERSEAL WASHERS SMALL 4MM THICK,UCC-UKRMHWA400, $43 , 20 ,,,
10589,BDI,UCC,Urology and Critical Care,UCC,Urology and Critical Care,2401531,Total Home Care Sales,PH240153121002,Urology Home Care,PH240153131027,Home Care Non Bard,PH240153141054,UK DAC Sales (Non Bard),PH240153151054,UK DAC Sales (Non Bard),UKRMHYD007,CURVIES HYDRO FLANGE EXTENDER HYD007 (OAKMED LTD) (20),UKRMHYD007-CURVIES HYDRO FLANGE EXTENDER HYD007 (OAKMED LTD) (20),UCC-UKRMHYD007, $19 , 20 ,,,
10595,BDI,UCC,Urology and Critical Care,UCC,Urology and Critical Care,2401531,Total Home Care Sales,PH240153121002,Urology Home Care,PH240153131027,Home Care Non Bard,PH240153141054,UK DAC Sales (Non Bard),PH240153151054,UK DAC Sales (Non Bard),UKRMINADINE5X5,INADINE DRESSING 5CM X 5CM SYSTAGENIX WOUND MANAGEMENT,UKRMINADINE5X5-INADINE DRESSING 5CM X 5CM SYSTAGENIX WOUND MANAGEMENT,UCC-UKRMINADINE5X5, $40 , 90 ,,,
10620,BDI,UCC,Urology and Critical Care,UCC,Urology and Critical Care,2401531,Total Home Care Sales,PH240153121002,Urology Home Care,PH240153131027,Home Care Non Bard,PH240153141054,UK DAC Sales (Non Bard),PH240153151054,UK DAC Sales (Non Bard),UKRMJEPBB,PORTABELT (1),UKRMJEPBB-PORTABELT (1),UCC-UKRMJEPBB, $14 , 1 ,,,
10621,BDI,UCC,Urology and Critical Care,UCC,Urology and Critical Care,2401531,Total Home Care Sales,PH240153121002,Urology Home Care,PH240153131027,Home Care Non Bard,PH240153141054,UK DAC Sales (Non Bard),PH240153151054,UK DAC Sales (Non Bard),UKRMJEPBL,PORTABAG LEFT HAND INLET (10),UKRMJEPBL-PORTABAG LEFT HAND INLET (10),UCC-UKRMJEPBL, $269 , 100 ,,,
10643,BDI,UCC,Urology and Critical Care,UCC,Urology and Critical Care,2401531,Total Home Care Sales,PH240153121002,Urology Home Care,PH240153131027,Home Care Non Bard,PH240153141054,UK DAC Sales (Non Bard),PH240153151054,UK DAC Sales (Non Bard),UKRMLFLBDLL,LIVFRIA LEG BAG DISCREET 1000ML LARGE LONG TUBE (10),UKRMLFLBDLL-LIVFRIA LEG BAG DISCREET 1000ML LARGE LONG TUBE (10),UCC-UKRMLFLBDLL, $44 , 10 ,,,
10644,BDI,UCC,Urology and Critical Care,UCC,Urology and Critical Care,2401531,Total Home Care Sales,PH240153121002,Urology Home Care,PH240153131027,Home Care Non Bard,PH240153141054,UK DAC Sales (Non Bard),PH240153151054,UK DAC Sales (Non Bard),UKRMLFLBDRS,LIVFRIA LEG BAG DISCREET 500ML REGULAR SHORT TUBE (10),UKRMLFLBDRS-LIVFRIA LEG BAG DISCREET 500ML REGULAR SHORT TUBE (10),UCC-UKRMLFLBDRS, $41 , 10 ,,,
10645,BDI,UCC,Urology and Critical Care,UCC,Urology and Critical Care,2401531,Total Home Care Sales,PH240153121002,Urology Home Care,PH240153131027,Home Care Non Bard,PH240153141054,UK DAC Sales (Non Bard),PH240153151054,UK DAC Sales (Non Bard),UKRMLFLSR,LIVFRIA LEG BAG STRAPS (5),UKRMLFLSR-LIVFRIA LEG BAG STRAPS (5),UCC-UKRMLFLSR, $187 , 45 ,,,
10646,BDI,UCC,Urology and Critical Care,UCC,Urology and Critical Care,2401531,Total Home Care Sales,PH240153121002,Urology Home Care,PH240153131027,Home Care Non Bard,PH240153141054,UK DAC Sales (Non Bard),PH240153151054,UK DAC Sales (Non Bard),UKRMLFNBDR,LIVFRIA 2 LITRE REGULAR DISCREET NIGHT BAG (10),UKRMLFNBDR-LIVFRIA 2 LITRE REGULAR DISCREET NIGHT BAG (10),UCC-UKRMLFNBDR, $90 , 40 ,,,
10647,BDI,UCC,Urology and Critical Care,UCC,Urology and Critical Care,2401531,Total Home Care Sales,PH240153121002,Urology Home Care,PH240153131027,Home Care Non Bard,PH240153141054,UK DAC Sales (Non Bard),PH240153151054,UK DAC Sales (Non Bard),UKRMLFSS28,LIVFRIA SELF ADHESIVE SHEATH STANDARD LFSS28 28MM (30),UKRMLFSS28-LIVFRIA SELF ADHESIVE SHEATH STANDARD LFSS28 28MM (30),UCC-UKRMLFSS28, $70 , 30 ,,,
10672,BDI,UCC,Urology and Critical Care,UCC,Urology and Critical Care,2401531,Total Home Care Sales,PH240153121002,Urology Home Care,PH240153131027,Home Care Non Bard,PH240153141054,UK DAC Sales (Non Bard),PH240153151054,UK DAC Sales (Non Bard),UKRMM520,ULTRA FLEX CLEAR SHEATH (SELF ADH) MEDIUM (30),UKRMM520-ULTRA FLEX CLEAR SHEATH (SELF ADH) MEDIUM (30),UCC-UKRMM520, $70 , 30 ,,,
10674,BDI,UCC,Urology and Critical Care,UCC,Urology and Critical Care,2401531,Total Home Care Sales,PH240153121002,Urology Home Care,PH240153131027,Home Care Non Bard,PH240153141054,UK DAC Sales (Non Bard),PH240153151054,UK DAC Sales (Non Bard),UKRMM540,ULTRA FLEX CLEAR SHEATH (SELF ADH) LARGE (30),UKRMM540-ULTRA FLEX CLEAR SHEATH (SELF ADH) LARGE (30),UCC-UKRMM540, $64 , 30 ,,,
10683,BDI,UCC,Urology and Critical Care,UCC,Urology and Critical Care,2401531,Total Home Care Sales,PH240153121002,Urology Home Care,PH240153131027,Home Care Non Bard,PH240153141054,UK DAC Sales (Non Bard),PH240153151054,UK DAC Sales (Non Bard),UKRMME350750SXXL,LINC LEG BAG SLEEVE XX/LARGE (75-105CM) (4),UKRMME350750SXXL-LINC LEG BAG SLEEVE XX/LARGE (75-105CM) (4),UCC-UKRMME350750SXXL, $11 , 4 ,,,
10687,BDI,UCC,Urology and Critical Care,UCC,Urology and Critical Care,2401531,Total Home Care Sales,PH240153121002,Urology Home Care,PH240153131027,Home Care Non Bard,PH240153141054,UK DAC Sales (Non Bard),PH240153151054,UK DAC Sales (Non Bard),UKRMMEPITEL12X15,MEPITEL DRESSING 12CM X 15CM (1),UKRMMEPITEL12X15-MEPITEL DRESSING 12CM X 15CM (1),UCC-UKRMMEPITEL12X15, $153 , 20 ,,,
10688,BDI,UCC,Urology and Critical Care,UCC,Urology and Critical Care,2401531,Total Home Care Sales,PH240153121002,Urology Home Care,PH240153131027,Home Care Non Bard,PH240153141054,UK DAC Sales (Non Bard),PH240153151054,UK DAC Sales (Non Bard),UKRMMEPITELFILM105X12,MEPITEL FILM 10.5 X 12CM (1),UKRMMEPITELFILM105X12-MEPITEL FILM 10.5 X 12CM (1),UCC-UKRMMEPITELFILM105X12, $58 , 30 ,,,
10690,BDI,UCC,Urology and Critical Care,UCC,Urology and Critical Care,2401531,Total Home Care Sales,PH240153121002,Urology Home Care,PH240153131027,Home Care Non Bard,PH240153141054,UK DAC Sales (Non Bard),PH240153151054,UK DAC Sales (Non Bard),UKRMMEPOREULTRA7X8,MEPORE ULTRA DRESSING ADH ABSORBENT DRESSING 7X8CM,UKRMMEPOREULTRA7X8-MEPORE ULTRA DRESSING ADH ABSORBENT DRESSING 7X8CM,UCC-UKRMMEPOREULTRA7X8, $30 , 60 ,,,
10695,BDI,UCC,Urology and Critical Care,UCC,Urology and Critical Care,2401531,Total Home Care Sales,PH240153121002,Urology Home Care,PH240153131027,Home Care Non Bard,PH240153141054,UK DAC Sales (Non Bard),PH240153151054,UK DAC Sales (Non Bard),UKRMMHFL519,WELLAND AURA FLUSHABLE CLOSED POUCH MAXI CTF 19MM,UKRMMHFL519-WELLAND AURA FLUSHABLE CLOSED POUCH MAXI CTF 19MM,UCC-UKRMMHFL519," $1,329 ", 270 ,,,
10699,BDI,UCC,Urology and Critical Care,UCC,Urology and Critical Care,2401531,Total Home Care Sales,PH240153121002,Urology Home Care,PH240153131027,Home Care Non Bard,PH240153141054,UK DAC Sales (Non Bard),PH240153151054,UK DAC Sales (Non Bard),UKRMMHWA400,HYPERSEAL WASHER MANUKA HONEY MHWA 400 4MM THICK 19MM (20),UKRMMHWA400-HYPERSEAL WASHER MANUKA HONEY MHWA 400 4MM THICK 19MM (20),UCC-UKRMMHWA400, $566 , 240 ,,,
10701,BDI,UCC,Urology and Critical Care,UCC,Urology and Critical Care,2401531,Total Home Care Sales,PH240153121002,Urology Home Care,PH240153131027,Home Care Non Bard,PH240153141054,UK DAC Sales (Non Bard),PH240153151054,UK DAC Sales (Non Bard),UKRMMHWAFM33,HYDROFRAME MINI FLANGE EXTENDERS WITH MANUKA HONEY (3,UKRMMHWAFM33-HYDROFRAME MINI FLANGE EXTENDERS WITH MANUKA HONEY (3,UCC-UKRMMHWAFM33, $44 , 90 ,,,
10704,BDI,UCC,Urology and Critical Care,UCC,Urology and Critical Care,2401531,Total Home Care Sales,PH240153121002,Urology Home Care,PH240153131027,Home Care Non Bard,PH240153141054,UK DAC Sales (Non Bard),PH240153151054,UK DAC Sales (Non Bard),UKRMMRB9979,HAND HYGIENE FAST DRYING SANITISER GEL 500ML NHS PPE 1,UKRMMRB9979-HAND HYGIENE FAST DRYING SANITISER GEL 500ML NHS PPE 1,UCC-UKRMMRB9979, $-   , 4 ,,,
10719,BDI,UCC,Urology and Critical Care,UCC,Urology and Critical Care,2401531,Total Home Care Sales,PH240153121002,Urology Home Care,PH240153131027,Home Care Non Bard,PH240153141054,UK DAC Sales (Non Bard),PH240153151054,UK DAC Sales (Non Bard),UKRMNDALT1390,CONF NAT ADVANCE TRANSP POUCH DRAIN LRGE START HOLE 13-90MM,UKRMNDALT1390-CONF NAT ADVANCE TRANSP POUCH DRAIN LRGE START HOLE 13-90MM,UCC-UKRMNDALT1390, $931 , 210 ,,,
10739,BDI,UCC,Urology and Critical Care,UCC,Urology and Critical Care,2401531,Total Home Care Sales,PH240153121002,Urology Home Care,PH240153131027,Home Care Non Bard,PH240153141054,UK DAC Sales (Non Bard),PH240153151054,UK DAC Sales (Non Bard),UKRMOM60,OFFMORE ADHESIVE REMOVER SPRAY OM 60 50ML SPRAY (1),UKRMOM60-OFFMORE ADHESIVE REMOVER SPRAY OM 60 50ML SPRAY (1),UCC-UKRMOM60, $369 , 52 ,,,
10752,BDI,UCC,Urology and Critical Care,UCC,Urology and Critical Care,2401531,Total Home Care Sales,PH240153121002,Urology Home Care,PH240153131027,Home Care Non Bard,PH240153141054,UK DAC Sales (Non Bard),PH240153151054,UK DAC Sales (Non Bard),UKRMOSM5014,OPTISMOOTH MITRO WITH 4 STAGGERD DRAIN EYES 50CM 14CH,UKRMOSM5014-OPTISMOOTH MITRO WITH 4 STAGGERD DRAIN EYES 50CM 14CH,UCC-UKRMOSM5014, $105 , 60 ,,,
10755,BDI,UCC,Urology and Critical Care,UCC,Urology and Critical Care,2401531,Total Home Care Sales,PH240153121002,Urology Home Care,PH240153131027,Home Care Non Bard,PH240153141054,UK DAC Sales (Non Bard),PH240153151054,UK DAC Sales (Non Bard),UKRMOSMDIL18,VESICA OPTISMOOTH HYDROPHILIC CATHETER MALE 18CH (30),UKRMOSMDIL18-VESICA OPTISMOOTH HYDROPHILIC CATHETER MALE 18CH (30),UCC-UKRMOSMDIL18, $145 , 90 ,,,
10782,BDI,UCC,Urology and Critical Care,UCC,Urology and Critical Care,2401531,Total Home Care Sales,PH240153121002,Urology Home Care,PH240153131027,Home Care Non Bard,PH240153141054,UK DAC Sales (Non Bard),PH240153151054,UK DAC Sales (Non Bard),UKRMPCL65B,PELICAN MODAVI COLOSTOMY BAG LARGE 12-65MM BLACK (30),UKRMPCL65B-PELICAN MODAVI COLOSTOMY BAG LARGE 12-65MM BLACK (30),UCC-UKRMPCL65B, $261 , 60 ,,,
10790,BDI,UCC,Urology and Critical Care,UCC,Urology and Critical Care,2401531,Total Home Care Sales,PH240153121002,Urology Home Care,PH240153131027,Home Care Non Bard,PH240153141054,UK DAC Sales (Non Bard),PH240153151054,UK DAC Sales (Non Bard),UKRMPDSM40B,PELICAN MODAVI ILEOSTOMY BAG MEDIUM 12-40MM BLACK (10),UKRMPDSM40B-PELICAN MODAVI ILEOSTOMY BAG MEDIUM 12-40MM BLACK (10),UCC-UKRMPDSM40B, $136 , 20 ,,,
10797,BDI,UCC,Urology and Critical Care,UCC,Urology and Critical Care,2401531,Total Home Care Sales,PH240153121002,Urology Home Care,PH240153131027,Home Care Non Bard,PH240153141054,UK DAC Sales (Non Bard),PH240153151054,UK DAC Sales (Non Bard),UKRMPLD713,FREESTYLE VIE LARGE D/F/POUCH CLEAR CTF 13-60MM,UKRMPLD713-FREESTYLE VIE LARGE D/F/POUCH CLEAR CTF 13-60MM,UCC-UKRMPLD713, $439 , 90 ,,,
10803,BDI,UCC,Urology and Critical Care,UCC,Urology and Critical Care,2401531,Total Home Care Sales,PH240153121002,Urology Home Care,PH240153131027,Home Care Non Bard,PH240153141054,UK DAC Sales (Non Bard),PH240153151054,UK DAC Sales (Non Bard),UKRMPPS2,PERI-PREP SENSITIVE NO-STING FOAM APPLICATOR 1ML,UKRMPPS2-PERI-PREP SENSITIVE NO-STING FOAM APPLICATOR 1ML,UCC-UKRMPPS2, $32 , 30 ,,,
10807,BDI,UCC,Urology and Critical Care,UCC,Urology and Critical Care,2401531,Total Home Care Sales,PH240153121002,Urology Home Care,PH240153131027,Home Care Non Bard,PH240153141054,UK DAC Sales (Non Bard),PH240153151054,UK DAC Sales (Non Bard),UKRMPSAHM14,ALOE HYDRO PLUS CATHETER MALE 14CH,UKRMPSAHM14-ALOE HYDRO PLUS CATHETER MALE 14CH,UCC-UKRMPSAHM14, $734 , 300 ,,,
10816,BDI,UCC,Urology and Critical Care,UCC,Urology and Critical Care,2401531,Total Home Care Sales,PH240153121002,Urology Home Care,PH240153131027,Home Care Non Bard,PH240153141054,UK DAC Sales (Non Bard),PH240153151054,UK DAC Sales (Non Bard),UKRMPSCT14,SENSACATH HYDROPHILIC MALE TIEMANN TIP 14CH,UKRMPSCT14-SENSACATH HYDROPHILIC MALE TIEMANN TIP 14CH,UCC-UKRMPSCT14," $1,078 ", 600 ,,,
10828,BDI,UCC,Urology and Critical Care,UCC,Urology and Critical Care,2401531,Total Home Care Sales,PH240153121002,Urology Home Care,PH240153131027,Home Care Non Bard,PH240153141054,UK DAC Sales (Non Bard),PH240153151054,UK DAC Sales (Non Bard),UKRMPSS40POPONB,CLINISUPPLIES PROSYS FLOFIT SHEATH POP ON 40MM (30),UKRMPSS40POPONB-CLINISUPPLIES PROSYS FLOFIT SHEATH POP ON 40MM (30),UCC-UKRMPSS40POPONB, $64 , 30 ,,,
10841,BDI,UCC,Urology and Critical Care,UCC,Urology and Critical Care,2401531,Total Home Care Sales,PH240153121002,Urology Home Care,PH240153131027,Home Care Non Bard,PH240153141054,UK DAC Sales (Non Bard),PH240153151054,UK DAC Sales (Non Bard),UKRMQVCREAM100,QV CREAM 100G (1),UKRMQVCREAM100-QV CREAM 100G (1),UCC-UKRMQVCREAM100, $159 , 51 ,,,
10842,BDI,UCC,Urology and Critical Care,UCC,Urology and Critical Care,2401531,Total Home Care Sales,PH240153121002,Urology Home Care,PH240153131027,Home Care Non Bard,PH240153141054,UK DAC Sales (Non Bard),PH240153151054,UK DAC Sales (Non Bard),UKRMQVSKIN500,QV SKIN LOTION 500ML (1),UKRMQVSKIN500-QV SKIN LOTION 500ML (1),UCC-UKRMQVSKIN500, $14 , 2 ,,,
10844,BDI,UCC,Urology and Critical Care,UCC,Urology and Critical Care,2401531,Total Home Care Sales,PH240153121002,Urology Home Care,PH240153131027,Home Care Non Bard,PH240153141054,UK DAC Sales (Non Bard),PH240153151054,UK DAC Sales (Non Bard),UKRMR350,REFRESH 3 IN 1 ADHESIVE REMOVER SPRAY 50ML (1),UKRMR350-REFRESH 3 IN 1 ADHESIVE REMOVER SPRAY 50ML (1),UCC-UKRMR350, $63 , 6 ,,,
10848,BDI,UCC,Urology and Critical Care,UCC,Urology and Critical Care,2401531,Total Home Care Sales,PH240153121002,Urology Home Care,PH240153131027,Home Care Non Bard,PH240153141054,UK DAC Sales (Non Bard),PH240153151054,UK DAC Sales (Non Bard),UKRMRADARKEYECO,RADAR KEY ECO PACK OF 2 LARGE & SMALL KEY (2),UKRMRADARKEYECO-RADAR KEY ECO PACK OF 2 LARGE & SMALL KEY (2),UCC-UKRMRADARKEYECO, $-   , 54 ,,,
10851,BDI,UCC,Urology and Critical Care,UCC,Urology and Critical Care,2401531,Total Home Care Sales,PH240153121002,Urology Home Care,PH240153131027,Home Care Non Bard,PH240153141054,UK DAC Sales (Non Bard),PH240153151054,UK DAC Sales (Non Bard),UKRMRMC5,OSTOGUARD NO STING BARRIER FILM SPRAY BOTTLE 50ML,UKRMRMC5-OSTOGUARD NO STING BARRIER FILM SPRAY BOTTLE 50ML,UCC-UKRMRMC5, $15 , 1 ,,,
10861,BDI,UCC,Urology and Critical Care,UCC,Urology and Critical Care,2401531,Total Home Care Sales,PH240153121002,Urology Home Care,PH240153131027,Home Care Non Bard,PH240153141054,UK DAC Sales (Non Bard),PH240153151054,UK DAC Sales (Non Bard),UKRMS7230,DRAINABLE POUCH STANDARD CLEAR 45MM,UKRMS7230-DRAINABLE POUCH STANDARD CLEAR 45MM,UCC-UKRMS7230, $361 , 180 ,,,
10872,BDI,UCC,Urology and Critical Care,UCC,Urology and Critical Care,2401531,Total Home Care Sales,PH240153121002,Urology Home Care,PH240153131027,Home Care Non Bard,PH240153141054,UK DAC Sales (Non Bard),PH240153151054,UK DAC Sales (Non Bard),UKRMS837,ILEODRESS POUCH STANDARD OPAQ PRCUT 50MM,UKRMS837-ILEODRESS POUCH STANDARD OPAQ PRCUT 50MM,UCC-UKRMS837, $185 , 50 ,,,
10873,BDI,UCC,Urology and Critical Care,UCC,Urology and Critical Care,2401531,Total Home Care Sales,PH240153121002,Urology Home Care,PH240153131027,Home Care Non Bard,PH240153141054,UK DAC Sales (Non Bard),PH240153151054,UK DAC Sales (Non Bard),UKRMS841,ILEODRESS POUCH STANDARD CLEAR SH 19MM,UKRMS841-ILEODRESS POUCH STANDARD CLEAR SH 19MM,UCC-UKRMS841, $322 , 90 ,,,
10874,BDI,UCC,Urology and Critical Care,UCC,Urology and Critical Care,2401531,Total Home Care Sales,PH240153121002,Urology Home Care,PH240153131027,Home Care Non Bard,PH240153141054,UK DAC Sales (Non Bard),PH240153151054,UK DAC Sales (Non Bard),UKRMS900,URODRESS 45MM,UKRMS900-URODRESS 45MM,UCC-UKRMS900, $75 , 10 ,,,
10893,BDI,UCC,Urology and Critical Care,UCC,Urology and Critical Care,2401531,Total Home Care Sales,PH240153121002,Urology Home Care,PH240153131027,Home Care Non Bard,PH240153141054,UK DAC Sales (Non Bard),PH240153151054,UK DAC Sales (Non Bard),UKRMSD03,ACELOK ACE STOPPER DRESSING SD04 (MEDICINA) (10),UKRMSD03-ACELOK ACE STOPPER DRESSING SD04 (MEDICINA) (10),UCC-UKRMSD03, $11 , 10 ,,,
10894,BDI,UCC,Urology and Critical Care,UCC,Urology and Critical Care,2401531,Total Home Care Sales,PH240153121002,Urology Home Care,PH240153131027,Home Care Non Bard,PH240153141054,UK DAC Sales (Non Bard),PH240153151054,UK DAC Sales (Non Bard),UKRMSE2482,TUBIFAST 2 WAY STRETCH STOCKINETTE 7.5CM LARGE LIMB (,UKRMSE2482-TUBIFAST 2 WAY STRETCH STOCKINETTE 7.5CM LARGE LIMB (,UCC-UKRMSE2482, $100 , 20 ,,,
10898,BDI,UCC,Urology and Critical Care,UCC,Urology and Critical Care,2401531,Total Home Care Sales,PH240153121002,Urology Home Care,PH240153131027,Home Care Non Bard,PH240153141054,UK DAC Sales (Non Bard),PH240153151054,UK DAC Sales (Non Bard),UKRMSHCC022,SPIRITCARE NIGHT BAG T-VALVE 2L SH-CC022 (10),UKRMSHCC022-SPIRITCARE NIGHT BAG T-VALVE 2L SH-CC022 (10),UCC-UKRMSHCC022," $2,008 "," 5,610 ",,,
10903,BDI,UCC,Urology and Critical Care,UCC,Urology and Critical Care,2401531,Total Home Care Sales,PH240153121002,Urology Home Care,PH240153131027,Home Care Non Bard,PH240153141054,UK DAC Sales (Non Bard),PH240153151054,UK DAC Sales (Non Bard),UKRMSHCC037,SPIRITCARE SILICONE CATHETER MALE 18CH 10ML BALLOON (1),UKRMSHCC037-SPIRITCARE SILICONE CATHETER MALE 18CH 10ML BALLOON (1),UCC-UKRMSHCC037, $245 , 41 ,,,
10917,BDI,UCC,Urology and Critical Care,UCC,Urology and Critical Care,2401531,Total Home Care Sales,PH240153121002,Urology Home Care,PH240153131027,Home Care Non Bard,PH240153141054,UK DAC Sales (Non Bard),PH240153151054,UK DAC Sales (Non Bard),UKRMSORBACTSWAB4X6,CUTIMED SORBACT SWAB 4CM X 6CM (BSN) (1),UKRMSORBACTSWAB4X6-CUTIMED SORBACT SWAB 4CM X 6CM (BSN) (1),UCC-UKRMSORBACTSWAB4X6, $94 , 39 ,,,
10923,BDI,UCC,Urology and Critical Care,UCC,Urology and Critical Care,2401531,Total Home Care Sales,PH240153121002,Urology Home Care,PH240153131027,Home Care Non Bard,PH240153141054,UK DAC Sales (Non Bard),PH240153151054,UK DAC Sales (Non Bard),UKRMSPX110,AMI SUPORTX HERNIA SUPPORT GIRDLE MALE HIGH WAIST LARGE,UKRMSPX110-AMI SUPORTX HERNIA SUPPORT GIRDLE MALE HIGH WAIST LARGE,UCC-UKRMSPX110, $101 , 1 ,,,
10924,BDI,UCC,Urology and Critical Care,UCC,Urology and Critical Care,2401531,Total Home Care Sales,PH240153121002,Urology Home Care,PH240153131027,Home Care Non Bard,PH240153141054,UK DAC Sales (Non Bard),PH240153151054,UK DAC Sales (Non Bard),UKRMSPX716B,SUPORTX OSTOMY SUPPORT BELT 20CM BLACK SPX716B AMI (1),UKRMSPX716B-SUPORTX OSTOMY SUPPORT BELT 20CM BLACK SPX716B AMI (1),UCC-UKRMSPX716B, $80 , 1 ,,,
10930,BDI,UCC,Urology and Critical Care,UCC,Urology and Critical Care,2401531,Total Home Care Sales,PH240153121002,Urology Home Care,PH240153131027,Home Care Non Bard,PH240153141054,UK DAC Sales (Non Bard),PH240153151054,UK DAC Sales (Non Bard),UKRMSTC300,STOCARE REMOVE XL MED ADHESIVE REMOVER (1),UKRMSTC300-STOCARE REMOVE XL MED ADHESIVE REMOVER (1),UCC-UKRMSTC300, $406 , 30 ,,,
10931,BDI,UCC,Urology and Critical Care,UCC,Urology and Critical Care,2401531,Total Home Care Sales,PH240153121002,Urology Home Care,PH240153131027,Home Care Non Bard,PH240153141054,UK DAC Sales (Non Bard),PH240153151054,UK DAC Sales (Non Bard),UKRMSTOCKINETTE75X5,EESIBAN STOCKINETTE 7.5CM X 5M (E SALLIS LTD) (1),UKRMSTOCKINETTE75X5-EESIBAN STOCKINETTE 7.5CM X 5M (E SALLIS LTD) (1),UCC-UKRMSTOCKINETTE75X5, $82 , 17 ,,,
10933,BDI,UCC,Urology and Critical Care,UCC,Urology and Critical Care,2401531,Total Home Care Sales,PH240153121002,Urology Home Care,PH240153131027,Home Care Non Bard,PH240153141054,UK DAC Sales (Non Bard),PH240153151054,UK DAC Sales (Non Bard),UKRMSUPRASORBP15X15,SUPRASORB P SENSITIVE BORDER DRESSING 15CM X 15CM (1),UKRMSUPRASORBP15X15-SUPRASORB P SENSITIVE BORDER DRESSING 15CM X 15CM (1),UCC-UKRMSUPRASORBP15X15, $157 , 42 ,,,
10934,BDI,UCC,Urology and Critical Care,UCC,Urology and Critical Care,2401531,Total Home Care Sales,PH240153121002,Urology Home Care,PH240153131027,Home Care Non Bard,PH240153141054,UK DAC Sales (Non Bard),PH240153151054,UK DAC Sales (Non Bard),UKRMSUPRASORBP23X23,SUPRASORB P SENSITIVE SACRUM DRESSING 23X23CM (1),UKRMSUPRASORBP23X23-SUPRASORB P SENSITIVE SACRUM DRESSING 23X23CM (1),UCC-UKRMSUPRASORBP23X23, $255 , 36 ,,,
10936,BDI,UCC,Urology and Critical Care,UCC,Urology and Critical Care,2401531,Total Home Care Sales,PH240153121002,Urology Home Care,PH240153131027,Home Care Non Bard,PH240153141054,UK DAC Sales (Non Bard),PH240153151054,UK DAC Sales (Non Bard),UKRMSUR913,UROSTOMY POUCH WITH SOFT BACKING BEIGE 13MM (10),UKRMSUR913-UROSTOMY POUCH WITH SOFT BACKING BEIGE 13MM (10),UCC-UKRMSUR913, $69 , 10 ,,,
10940,BDI,UCC,Urology and Critical Care,UCC,Urology and Critical Care,2401531,Total Home Care Sales,PH240153121002,Urology Home Care,PH240153131027,Home Care Non Bard,PH240153141054,UK DAC Sales (Non Bard),PH240153151054,UK DAC Sales (Non Bard),UKRMTEGADERM15X20,TEGADERM FILM DRESSING 15CM X 20CM (1),UKRMTEGADERM15X20-TEGADERM FILM DRESSING 15CM X 20CM (1),UCC-UKRMTEGADERM15X20, $79 , 240 ,,,
10953,BDI,UCC,Urology and Critical Care,UCC,Urology and Critical Care,2401531,Total Home Care Sales,PH240153121002,Urology Home Care,PH240153131027,Home Care Non Bard,PH240153141054,UK DAC Sales (Non Bard),PH240153151054,UK DAC Sales (Non Bard),UKRMUDA,OAKMED UROSTOMY DRAINAGE TUBE ADAPTOR (5),UKRMUDA-OAKMED UROSTOMY DRAINAGE TUBE ADAPTOR (5),UCC-UKRMUDA, $17 , 5 ,,,
10982,BDI,UCC,Urology and Critical Care,UCC,Urology and Critical Care,2401531,Total Home Care Sales,PH240153121002,Urology Home Care,PH240153131027,Home Care Non Bard,PH240153141054,UK DAC Sales (Non Bard),PH240153151054,UK DAC Sales (Non Bard),UKRMUSP1812,ULTRASMOOTH PLUS HYDROPHILIC CATHETER FEMALE 12CH (25),UKRMUSP1812-ULTRASMOOTH PLUS HYDROPHILIC CATHETER FEMALE 12CH (25),UCC-UKRMUSP1812, $721 , 550 ,,,
10987,BDI,UCC,Urology and Critical Care,UCC,Urology and Critical Care,2401531,Total Home Care Sales,PH240153121002,Urology Home Care,PH240153131027,Home Care Non Bard,PH240153141054,UK DAC Sales (Non Bard),PH240153151054,UK DAC Sales (Non Bard),UKRMV010003P30,CONTRELLE ACTIVGARD BLADDER SUPPORT SIZE 3 V010003P30 (1),UKRMV010003P30-CONTRELLE ACTIVGARD BLADDER SUPPORT SIZE 3 V010003P30 (1),UCC-UKRMV010003P30, $928 , 13 ,,,
10992,BDI,UCC,Urology and Critical Care,UCC,Urology and Critical Care,2401531,Total Home Care Sales,PH240153121002,Urology Home Care,PH240153131027,Home Care Non Bard,PH240153141054,UK DAC Sales (Non Bard),PH240153151054,UK DAC Sales (Non Bard),UKRMVBXL2XLM,LIGHT SUPPORT VEST STYLE BLACK MALE XL/XXL,UKRMVBXL2XLM-LIGHT SUPPORT VEST STYLE BLACK MALE XL/XXL,UCC-UKRMVBXL2XLM, $37 , 1 ,,,
10998,BDI,UCC,Urology and Critical Care,UCC,Urology and Critical Care,2401531,Total Home Care Sales,PH240153121002,Urology Home Care,PH240153131027,Home Care Non Bard,PH240153141054,UK DAC Sales (Non Bard),PH240153151054,UK DAC Sales (Non Bard),UKRMW2M16,WYCATH H20 HYDROPHILIC CATHETER MALE 16CH 40CM (30),UKRMW2M16-WYCATH H20 HYDROPHILIC CATHETER MALE 16CH 40CM (30),UCC-UKRMW2M16, $333 , 180 ,,,
11014,BDI,UCC,Urology and Critical Care,UCC,Urology and Critical Care,2401531,Total Home Care Sales,PH240153121002,Urology Home Care,PH240153131027,Home Care Non Bard,PH240153141054,UK DAC Sales (Non Bard),PH240153151054,UK DAC Sales (Non Bard),UKRMW2TM14,WYCATH H20 MALE CATHETER 14CH TIEMANN TIP 40CM (30),UKRMW2TM14-WYCATH H20 MALE CATHETER 14CH TIEMANN TIP 40CM (30),UCC-UKRMW2TM14, $239 , 120 ,,,
11020,BDI,UCC,Urology and Critical Care,UCC,Urology and Critical Care,2401531,Total Home Care Sales,PH240153121002,Urology Home Care,PH240153131027,Home Care Non Bard,PH240153141054,UK DAC Sales (Non Bard),PH240153151054,UK DAC Sales (Non Bard),UKRMWA1,WIPEAWAY ADHESIVE REMOVER (30),UKRMWA1-WIPEAWAY ADHESIVE REMOVER (30),UCC-UKRMWA1, $65 , 150 ,,,
11033,BDI,UCC,Urology and Critical Care,UCC,Urology and Critical Care,2401531,Total Home Care Sales,PH240153121002,Urology Home Care,PH240153131027,Home Care Non Bard,PH240153141054,UK DAC Sales (Non Bard),PH240153151054,UK DAC Sales (Non Bard),UKRMWHU12,CURAN ADVANTAGE CATHETER UNISEX 12CH WHU12 CLINIMED (30,UKRMWHU12-CURAN ADVANTAGE CATHETER UNISEX 12CH WHU12 CLINIMED (30,UCC-UKRMWHU12, $49 , 30 ,,,
11035,BDI,UCC,Urology and Critical Care,UCC,Urology and Critical Care,2401531,Total Home Care Sales,PH240153121002,Urology Home Care,PH240153131027,Home Care Non Bard,PH240153141054,UK DAC Sales (Non Bard),PH240153151054,UK DAC Sales (Non Bard),UKRMWMT10,WYCATH HYDROPHILIC MEATAL DILATOR TAPERED TIP 10CH (30),UKRMWMT10-WYCATH HYDROPHILIC MEATAL DILATOR TAPERED TIP 10CH (30),UCC-UKRMWMT10, $52 , 30 ,,,
11047,BDI,UCC,Urology and Critical Care,UCC,Urology and Critical Care,2401531,Total Home Care Sales,PH240153121002,Urology Home Care,PH240153131027,Home Care Non Bard,PH240153141054,UK DAC Sales (Non Bard),PH240153151054,UK DAC Sales (Non Bard),UKRMWSP100,STOMA PASTE 100G (1),UKRMWSP100-STOMA PASTE 100G (1),UCC-UKRMWSP100, $12 , 1 ,,,
11048,BDI,UCC,Urology and Critical Care,UCC,Urology and Critical Care,2401531,Total Home Care Sales,PH240153121002,Urology Home Care,PH240153131027,Home Care Non Bard,PH240153141054,UK DAC Sales (Non Bard),PH240153151054,UK DAC Sales (Non Bard),UKRMXB1325B,SALTS CONFIDENCE BE COLOSTOMY BAG BLACK 13-25MM (10),UKRMXB1325B-SALTS CONFIDENCE BE COLOSTOMY BAG BLACK 13-25MM (10),UCC-UKRMXB1325B, $224 , 50 ,,,
11054,BDI,UCC,Urology and Critical Care,UCC,Urology and Critical Care,2401531,Total Home Care Sales,PH240153121002,Urology Home Care,PH240153131027,Home Care Non Bard,PH240153141054,UK DAC Sales (Non Bard),PH240153151054,UK DAC Sales (Non Bard),UKRMXBDL1338B,CONFIDENCE BE ILEOSTOMY BAG LARGE BLACK 13-38MM (10),UKRMXBDL1338B-CONFIDENCE BE ILEOSTOMY BAG LARGE BLACK 13-38MM (10),UCC-UKRMXBDL1338B, $687 , 110 ,,,
11059,BDI,UCC,Urology and Critical Care,UCC,Urology and Critical Care,2401531,Total Home Care Sales,PH240153121002,Urology Home Care,PH240153131027,Home Care Non Bard,PH240153141054,UK DAC Sales (Non Bard),PH240153151054,UK DAC Sales (Non Bard),UKRMXN25,SALTS CONFIDENCE NATURAL CONVEX POUCH COLOSTOMY 25MM,UKRMXN25-SALTS CONFIDENCE NATURAL CONVEX POUCH COLOSTOMY 25MM,UCC-UKRMXN25, $966 , 220 ,,,
11061,BDI,UCC,Urology and Critical Care,UCC,Urology and Critical Care,2401531,Total Home Care Sales,PH240153121002,Urology Home Care,PH240153131027,Home Care Non Bard,PH240153141054,UK DAC Sales (Non Bard),PH240153151054,UK DAC Sales (Non Bard),UKRMXND1352,CONFIDENCE NATURAL S/C 13-52MM XND1352 (10),UKRMXND1352-CONFIDENCE NATURAL S/C 13-52MM XND1352 (10),UCC-UKRMXND1352, $190 , 30 ,,,
11107,BDI,UCC,Urology and Critical Care,UCC,Urology and Critical Care,2401531,Total Home Care Sales,PH240153121002,Urology Home Care,PH240153131051,BD Uncoated,PH240153141083,DUMMY - BD Uncoated,PH240153151083,DUMMY - BD Uncoated,PWF_VA,PUREWICK FEMALE VA,PWF_VA-PUREWICK FEMALE VA,UCC-PWF_VA," $116,399 "," 8,954 ",,,
11108,BDI,UCC,Urology and Critical Care,UCC,Urology and Critical Care,2401531,Total Home Care Sales,PH240153121002,Urology Home Care,PH240153131051,BD Uncoated,PH240153141083,DUMMY - BD Uncoated,PH240153151083,DUMMY - BD Uncoated,PWF030KX_VA,PUREWICK FEMALE FLEX VA,PWF030KX_VA-PUREWICK FEMALE FLEX VA,UCC-PWF030KX_VA," $3,120 ", 170 ,,,
11109,BDI,UCC,Urology and Critical Care,UCC,Urology and Critical Care,2401531,Total Home Care Sales,PH240153121002,Urology Home Care,PH240153131051,BD Uncoated,PH240153141083,DUMMY - BD Uncoated,PH240153151083,DUMMY - BD Uncoated,PWHARDWARE_VA,PUREWICK HARDWARE_VA,PWHARDWARE_VA-PUREWICK HARDWARE_VA,UCC-PWHARDWARE_VA," $938,483 "," 3,097 ",,,
11110,BDI,UCC,Urology and Critical Care,UCC,Urology and Critical Care,2401531,Total Home Care Sales,PH240153121003,PureWick Home Care,PH240153131004,Female External Catheters Liberator,PH240153141004,Purewick Liberator,PH240153151004,Purewick Liberator,DMYLPWKDIS,PUREWICK DISPOSIBLES LIBERATOR,DMYLPWKDIS-PUREWICK DISPOSIBLES LIBERATOR,UCC-DMYLPWKDIS," $589,952 ", 710 ,,,
11111,BDI,UCC,Urology and Critical Care,UCC,Urology and Critical Care,2401531,Total Home Care Sales,PH240153121003,PureWick Home Care,PH240153131028,PureWick Disposables Home Care,PH240153141055,PureWick Female External,PH240153151055,PureWick Female External,PC_13390,PureWick Disposables Home Care,PC_13390-PureWick Disposables Home Care,UCC-PC_13390, $-   , -   ,,,
11118,BDI,UCC,Urology and Critical Care,UCC,Urology and Critical Care,2401531,Total Home Care Sales,PH240153121003,PureWick Home Care,PH240153131028,PureWick Disposables Home Care,PH240153141055,PureWick Female External,PH240153151055,PureWick Female External,PWF LTACH,PWF LTACH,PWF LTACH-PWF LTACH,UCC-PWF LTACH," $3,196,907 "," 456,701 ",,,
11119,BDI,UCC,Urology and Critical Care,UCC,Urology and Critical Care,2401531,Total Home Care Sales,PH240153121003,PureWick Home Care,PH240153131028,PureWick Disposables Home Care,PH240153141055,PureWick Female External,PH240153151055,PureWick Female External,PWFK LTACH,PWFK LTACH,PWFK LTACH-PWFK LTACH,UCC-PWFK LTACH," $1,204,733 "," 160,631 ",,,
11120,BDI,UCC,Urology and Critical Care,UCC,Urology and Critical Care,2401531,Total Home Care Sales,PH240153121003,PureWick Home Care,PH240153131028,PureWick Disposables Home Care,PH240153141055,PureWick Female External,PH240153151055,PureWick Female External,PWFKX LTACH,PWFKX LTACH,PWFKX LTACH-PWFKX LTACH,UCC-PWFKX LTACH," $206,321 "," 21,718 ",,,
11133,BDI,UCC,Urology and Critical Care,UCC,Urology and Critical Care,2401531,Total Home Care Sales,PH240153121003,PureWick Home Care,PH240153131048,PureWick Male HC DTC VA,PH240153141080,PureWick Male HC DTC VA,PH240153151080,PureWick Male HC DTC VA,PWMDTCVA,PureWick Male HC DTC VA,PWMDTCVA-PureWick Male HC DTC VA,UCC-PWMDTCVA," $1,700,860 "," 117,353 ",,,
11143,BDI,UCC,Urology and Critical Care,UCC,Urology and Critical Care,2401541,Total BD UCC Other,PH240154121001,Non-Bard,PH240154131002,Non-Bard,PH240154141002,Non-Bard,PH240154151002,Non-Bard,ADJA95,ADJUSTMENTS NON BARD,ADJA95-ADJUSTMENTS NON BARD,UCC-ADJA95," $(4,495)", (4),,,
11145,BDI,UCC,Urology and Critical Care,UCC,Urology and Critical Care,2401541,Total BD UCC Other,PH240154121001,Non-Bard,PH240154131002,Non-Bard,PH240154141002,Non-Bard,PH240154151002,Non-Bard,DUMMYA95,DUMMYA95 DUMMYA95,DUMMYA95-DUMMYA95 DUMMYA95,UCC-DUMMYA95," $(6,065)", (3),,,
11146,BDI,UCC,Urology and Critical Care,UCC,Urology and Critical Care,2401541,Total BD UCC Other,PH240154121001,Non-Bard,PH240154131002,Non-Bard,PH240154141002,Non-Bard,PH240154151002,Non-Bard,MAINTENANCE_UCC,MAINTENANCE_UCC,MAINTENANCE_UCC-MAINTENANCE_UCC,UCC-MAINTENANCE_UCC," $4,303 ", -   ,,,
11149,BDI,UCC,Urology and Critical Care,UCC,Urology and Critical Care,2401541,Total BD UCC Other,PH240154121001,Non-Bard,PH240154131002,Non-Bard,PH240154141002,Non-Bard,PH240154151002,Non-Bard,REPAIR_UCC,REPAIR_UCC,REPAIR_UCC-REPAIR_UCC,UCC-REPAIR_UCC," $10,814 ", -   ,,,
11322,BDM,CCA,Advanced Patient Monitoring,CCA,Advanced Patient Monitoring,2405000,Core APM,PH240500021000,Core APM - PC Adjustment,PH240500031000,Core APM - PC Adjustment,PH240500041000,Core APM - PC Adjustment,PH240500051000,Core APM - PC Adjustment,DUMMYSKU001_APM,PC Adjustment - 2405000 Core APM,DUMMYSKU001_APM-PC Adjustment - 2405000 Core APM,CCA-DUMMYSKU001_APM," $470,227,479 ", -   ,,,
11323,BDM,CCA,Advanced Patient Monitoring,CCA,Advanced Patient Monitoring,2405000,Core APM,PH240500021000,Core APM - PC Adjustment,PH240500031000,Core APM - PC Adjustment,PH240500041000,Core APM - PC Adjustment,PH240500051000,Core APM - PC Adjustment,PC_14163,Core APM,PC_14163-Core APM,CCA-PC_14163," $107,999 ", -   ,,,
11324,BDM,CCA,Advanced Patient Monitoring,CCA,Advanced Patient Monitoring,2405001,Vascular APM,PH240500121000,Vascular APM - PC Adjustment,PH240500131000,Vascular APM - PC Adjustment,PH240500141000,Vascular APM - PC Adjustment,PH240500151000,Vascular APM - PC Adjustment,DUMMYSKU002_APM,PC Adjustment - 2405001 Vascular APM,DUMMYSKU002_APM-PC Adjustment - 2405001 Vascular APM,CCA-DUMMYSKU002_APM," $50,441,295 ", -   ,,,
11325,BDM,CCA,Advanced Patient Monitoring,CCA,Advanced Patient Monitoring,2405001,Vascular APM,PH240500121000,Vascular APM - PC Adjustment,PH240500131000,Vascular APM - PC Adjustment,PH240500141000,Vascular APM - PC Adjustment,PH240500151000,Vascular APM - PC Adjustment,PC_14164,Vascular APM,PC_14164-Vascular APM,CCA-PC_14164," $60,782 ", -   ,,,
11326,BDM,CCA,Advanced Patient Monitoring,CCA,Advanced Patient Monitoring,2405002,Capital APM,PH240500221000,Capital APM - PC Adjustment,PH240500231000,Capital APM - PC Adjustment,PH240500241000,Capital APM - PC Adjustment,PH240500251000,Capital APM - PC Adjustment,DUMMYSKU003_APM,PC Adjustment - 2405002 Capital APM,DUMMYSKU003_APM-PC Adjustment - 2405002 Capital APM,CCA-DUMMYSKU003_APM," $149,076,796 ", -   ,,,
11327,BDM,CCA,Advanced Patient Monitoring,CCA,Advanced Patient Monitoring,2405002,Capital APM,PH240500221000,Capital APM - PC Adjustment,PH240500231000,Capital APM - PC Adjustment,PH240500241000,Capital APM - PC Adjustment,PH240500251000,Capital APM - PC Adjustment,PC_14165,Capital APM,PC_14165-Capital APM,CCA-PC_14165," $1,071,602 ", -   ,,,
11328,BDM,CCA,Advanced Patient Monitoring,CCA,Advanced Patient Monitoring,2405003,Enhanced Surgical Recovery,PH240500321000,Enhanced Surgical Recovery - PC Adjustment,PH240500331000,Enhanced Surgical Recovery - PC Adjustment,PH240500341000,Enhanced Surgical Recovery - PC Adjustment,PH240500351000,Enhanced Surgical Recovery - PC Adjustment,DUMMYSKU004_APM,PC Adjustment - 2405003 Enhanced Surgical Recovery,DUMMYSKU004_APM-PC Adjustment - 2405003 Enhanced Surgical Recovery,CCA-DUMMYSKU004_APM," $250,390,372 ", -   ,,,
11329,BDM,CCA,Advanced Patient Monitoring,CCA,Advanced Patient Monitoring,2405003,Enhanced Surgical Recovery,PH240500321000,Enhanced Surgical Recovery - PC Adjustment,PH240500331000,Enhanced Surgical Recovery - PC Adjustment,PH240500341000,Enhanced Surgical Recovery - PC Adjustment,PH240500351000,Enhanced Surgical Recovery - PC Adjustment,PC_14166,Enhanced Surgical Recovery,PC_14166-Enhanced Surgical Recovery,CCA-PC_14166," $1,726,052 ", -   ,,,
11330,BDM,CCA,Advanced Patient Monitoring,CCA,Advanced Patient Monitoring,2405004,Tissue Oximetry,PH240500421000,Tissue Oximetry - PC Adjustment,PH240500431000,Tissue Oximetry - PC Adjustment,PH240500441000,Tissue Oximetry - PC Adjustment,PH240500451000,Tissue Oximetry - PC Adjustment,DUMMYSKU005_APM,PC Adjustment - 2405004 Tissue Oximetry,DUMMYSKU005_APM-PC Adjustment - 2405004 Tissue Oximetry,CCA-DUMMYSKU005_APM," $47,913,985 ", -   ,,,
11331,BDM,CCA,Advanced Patient Monitoring,CCA,Advanced Patient Monitoring,2405004,Tissue Oximetry,PH240500421000,Tissue Oximetry - PC Adjustment,PH240500431000,Tissue Oximetry - PC Adjustment,PH240500441000,Tissue Oximetry - PC Adjustment,PH240500451000,Tissue Oximetry - PC Adjustment,PC_14167,Tissue Oximetry,PC_14167-Tissue Oximetry,CCA-PC_14167," $123,649 ", -   ,,,
11332,BDM,CCA,Advanced Patient Monitoring,CCA,Advanced Patient Monitoring,2405005,Advanced Patient Monitoring BU,PH240500521000,Advanced Patient Monitoring BU - PC Adjustment,PH240500531000,Advanced Patient Monitoring BU - PC Adjustment,PH240500541000,Advanced Patient Monitoring BU - PC Adjustment,PH240500551000,Advanced Patient Monitoring BU - PC Adjustment,DUMMYSKU006_APM,PC Adjustment - 2405005 Advanced Patient Monitoring BU,DUMMYSKU006_APM-PC Adjustment - 2405005 Advanced Patient Monitoring BU,CCA-DUMMYSKU006_APM," $6,304,994 ", -   ,,,
11466,BDM,MDS,Medication Delivery Solutions (MDS),INJ,Medication Delivery & Vascular Care,2102100,Flush & Caps,PH210210021018,Disinfecting Technologies,PH210210031119,Male Disinfecting Caps,PH210210041450,Purehub Male Caps,PH210210051683,Bulk Disinfectant Caps,PL_129_139,Disinfecting Caps - Male Adjustment,PL_129_139-Disinfecting Caps - Male Adjustment,MDS-PL_129_139, $898 , -   ,,,
11475,BDM,MDS,Medication Delivery Solutions (MDS),INJ,Medication Delivery & Vascular Care,2102100,Flush & Caps,PH210210021019,Prefilled Flush Devices -Conventional,PH210210031110,Prefilled Flush Devices Non Product,PH210210041424,Prefilled Flush Devices Non Product,PH210210051650,Prefilled Flush Devices Non Product,*01FL0001,Misc Sales Flush,*01FL0001-Misc Sales Flush,MDS-*01FL0001," $(47,050)", -   ,,,
11478,BDM,MDS,Medication Delivery Solutions (MDS),INJ,Medication Delivery & Vascular Care,2102100,Flush & Caps,PH210210021019,Prefilled Flush Devices -Conventional,PH210210031110,Prefilled Flush Devices Non Product,PH210210041424,Prefilled Flush Devices Non Product,PH210210051650,Prefilled Flush Devices Non Product,PC_10225,Other Flush Products,PC_10225-Other Flush Products,MDS-PC_10225," $(6,933)", -   ,,,
11480,BDM,MDS,Medication Delivery Solutions (MDS),INJ,Medication Delivery & Vascular Care,2102100,Flush & Caps,PH210210021019,Prefilled Flush Devices -Conventional,PH210210031110,Prefilled Flush Devices Non Product,PH210210041424,Prefilled Flush Devices Non Product,PH210210051650,Prefilled Flush Devices Non Product,PL_147_139,Flush Innovation Adjustment,PL_147_139-Flush Innovation Adjustment,MDS-PL_147_139, $937 , -   ,,,
11483,BDM,MDS,Medication Delivery Solutions (MDS),INJ,Medication Delivery & Vascular Care,2102100,Flush & Caps,PH210210021019,Prefilled Flush Devices -Conventional,PH210210031111,Saline Flush Devices SP,PH210210041407,PosiFlush â Yixing,PH210210051626,10ml,303537,SYRINGE 10ML SALINE FILL CHINA SP,303537-SYRINGE 10ML SALINE FILL CHINA SP,MDS-303537," $2,724,628 "," 10,833,600 ",,,
11484,BDM,MDS,Medication Delivery Solutions (MDS),INJ,Medication Delivery & Vascular Care,2102100,Flush & Caps,PH210210021019,Prefilled Flush Devices -Conventional,PH210210031111,Saline Flush Devices SP,PH210210041407,PosiFlush â Yixing,PH210210051627,5ml,303536,SYRINGE 5ML SALINE FILL CHINA SP,303536-SYRINGE 5ML SALINE FILL CHINA SP,MDS-303536," $4,331,758 "," 16,909,440 ",,,
11485,BDM,MDS,Medication Delivery Solutions (MDS),INJ,Medication Delivery & Vascular Care,2102100,Flush & Caps,PH210210021019,Prefilled Flush Devices -Conventional,PH210210031111,Saline Flush Devices SP,PH210210041407,PosiFlush â Yixing,PH210210051628,3ml,303535,SYRINGE 3ML SALINE FILL CHINA SP,303535-SYRINGE 3ML SALINE FILL CHINA SP,MDS-303535," $256,076 "," 1,027,200 ",,,
11968,BDM,MDS,Medication Delivery Solutions (MDS),INJ,Medication Delivery & Vascular Care,2102300,Hypodermic Products,PH210230021000,Conventional Hypodermic Products,PH210230031016,Hypodermic Non Product,PH210230041094,Conv Hypo Adj/Exp,PH210230051172,Sales Adjustments,400005095,LEGALISATION DOCUMENT MPS EU,400005095-LEGALISATION DOCUMENT MPS EU,MDS-400005095," $13,362 ", 8 ,,,
12001,BDM,MDS,Medication Delivery Solutions (MDS),INJ,Medication Delivery & Vascular Care,2102300,Hypodermic Products,PH210230021000,Conventional Hypodermic Products,PH210230031018,Reusable Products,PH210230041109,Reusable Products,PH210230051207,Reusable Products,PC_10164,Reusable Products,PC_10164-Reusable Products,MDS-PC_10164," $6,396 ", -   ,,,
12061,BDM,MDS,Medication Delivery Solutions (MDS),INJ,Medication Delivery & Vascular Care,2102300,Hypodermic Products,PH210230021001,HCW Safety & Reuse Prevention Hypo Prod,PH210230031019,SoloMed with SND,PH210230041114,SoloMed with SND,PH210230051221,SoloMed with SND,PC_12734,EMEA-HCW Safety & Reuse Preven Hypo Prod,PC_12734-EMEA-HCW Safety & Reuse Preven Hypo Prod,MDS-PC_12734, $-   , -   ,,,
12438,BDM,MDS,Medication Delivery Solutions (MDS),INJ,Medication Delivery & Vascular Care,2107000,Anesthesia Systems,PH210700021010,Anesthesia Systems - Conventional,PH210700031068,Radiology Products,PH210700041292,Sterile Disposable Needles,PH210700051438,Arterial&White Pedia,408273,NEEDLE ARTERIAL S/SU 18GA 2-7/8IN,408273-NEEDLE ARTERIAL S/SU 18GA 2-7/8IN,MDS-408273," $2,281 ", 300 ,,,
12439,BDM,MDS,Medication Delivery Solutions (MDS),INJ,Medication Delivery & Vascular Care,2107000,Anesthesia Systems,PH210700021010,Anesthesia Systems - Conventional,PH210700031068,Radiology Products,PH210700041293,Sterile Multi-purpose Needles,PH210700051440,Multi-Purpose w/o wi,408300,NEEDLE M/P PROCEDURE S/SU 18GA 2-3/4IN,408300-NEEDLE M/P PROCEDURE S/SU 18GA 2-3/4IN,MDS-408300, $697 , 150 ,,,
12672,BDM,MDS,Medication Delivery Solutions (MDS),INJ,Medication Delivery & Vascular Care,2107000,Anesthesia Systems,PH210700021011,Anesthesia Systems - HCW Safety,PH210700031072,Needles w/ Safety Anesthesia Connectors,PH210700041319,Needles w/ Safety Anesthesia Connectors,PH210700051480,Needles w/ Safety Anesthesia Connectors,PC_12744,Anesthesia Sys HCW Safety NP,PC_12744-Anesthesia Sys HCW Safety NP,MDS-PC_12744, $-   , -   ,,,
12819,BDM,MDS,Medication Delivery Solutions (MDS),INJ,Medication Delivery & Vascular Care,2302052,Skin Prep & Securement,PH230205221023,Skin Prep,PH230205231125,Persist,PH230205241462,Persist,PH230205251697,Persist,386401,PERSIST SINGLES,386401-PERSIST SINGLES,MDS-386401, $16 , -   ,,,
13000,BDM,MDS,Medication Delivery Solutions (MDS),INJ,Medication Delivery & Vascular Care,2302052,Skin Prep & Securement,PH230205221027,Care and Maintenance Kits,PH230205231114,PICC Maintenance Tray,PH230205241439,2L PICC,PH230205251673,2L PICC,BMPM2,PICC & MIDLINE Maintenance Tray 2L,BMPM2-PICC & MIDLINE Maintenance Tray 2L,MDS-BMPM2," $4,848 ", 192 ,,,
13234,BDM,MDS,Medication Delivery Solutions (MDS),ISD,Infusion Preparation & Delivery,2126000,Hazardous Drug Solutions,PH212600021017,Hazardous Drug Solutions - PC Adjustment,PH212600031106,Hazardous Drug Solutions - PC Adjustment,PH212600041383,Hazardous Drug Solutions - PC Adjustment,PH212600051557,Hazardous Drug Solutions - PC Adjustment,*13692568,Shelf life extension,*13692568-Shelf life extension,MDS-*13692568," $99,163 ", -   ,,,
13239,BDM,MDS,Medication Delivery Solutions (MDS),ISD,Infusion Preparation & Delivery,2301000,IV Access,PH230100021006,IVA Sales Adjustment,PH230100031030,IVA Sales Adjustment,PH230100041082,IVA Sales Adjustment,PH230100051082,IVA Sales Adjustment,*F24MED999,LOCAL TRANSPORTATION MEDICAL,*F24MED999-LOCAL TRANSPORTATION MEDICAL,MDS-*F24MED999," $(26,653)", -   ,,,
13246,BDM,MDS,Medication Delivery Solutions (MDS),ISD,Infusion Preparation & Delivery,2301000,IV Access,PH230100021006,IVA Sales Adjustment,PH230100031030,IVA Sales Adjustment,PH230100041082,IVA Sales Adjustment,PH230100051082,IVA Sales Adjustment,PC_11483,Extension Sets,PC_11483-Extension Sets,MDS-PC_11483," $(73,570)", -   ,,,
14123,BDM,MDS,Medication Delivery Solutions (MDS),ISD,Infusion Preparation & Delivery,2301100,Gravity and Syringe Delivery,PH230110021001,Gravity and Syringe Delivery,PH230110031001,GSD Sales Adjustment,PH230110041001,GSD Sales Adjustment,PH230110051001,GSD Sales Adjustment,*01GSD001,Misc Sales Primary Basic,*01GSD001-Misc Sales Primary Basic,MDS-*01GSD001," $(26,646)", -   ,,,
14238,BDM,MDS,Medication Delivery Solutions (MDS),ISD,Infusion Preparation & Delivery,2301200,IPD OEM,PH230120021002,IVA OEM,PH230100031038,IVA OEM Others,PH230100041091,Temp Management,PH230100051091,Temp Management,PM_PCA,PM MODEL PCA,PM_PCA-PM MODEL PCA,MDS-PM_PCA, $394 , -   ,,,
14308,BDM,MDS,Medication Delivery Solutions (MDS),MMD,Corporate Initiatives MDS,2400003,Corporate Initiatives MDS,PH240000321000,Corp InitiativesMDS - PC Adjustment,PH240000331000,Corp InitiativesMDS - PC Adjustment NONCATALOG,PH240000341000,Corp InitiativesMDS - PC Adjustment,PH240000351000,Corp InitiativesMDS - PC Adjustment,DUMMYSKU090_MDS,PC Adjustment - 2400003 Corp Initiatives MDS,DUMMYSKU090_MDS-PC Adjustment - 2400003 Corp Initiatives MDS,MDS-DUMMYSKU090_MDS," $(32,193)", -   ,,,
14309,BDM,MDS,Medication Delivery Solutions (MDS),NVT,Smart Connected Care,2144000,Intelliport,PH214400021020,Intelliport,PH214400031114,Intelliport NP,PH214400041442,Intelliport NP,PH214400051675,Intelliport NP,PL_412_144,Intelliport NP Adjustment,PL_412_144-Intelliport NP Adjustment,MDS-PL_412_144," $(5,805)", -   ,,,
14888,BDM,MDS,Medication Delivery Solutions (MDS),VAD,Vascular Access Devices,2104000,Peripherally Inserted Intravenous Catheters,PH210400021007,PIVC - Non-Product,PH210400031062,PIVC Non Product,PH210400041252,Catheter Soln Non Product,PH210400051393,Sales Adjustments,*HAPC MDS,Misc Sales HAPC MDS,*HAPC MDS-Misc Sales HAPC MDS,MDS-*HAPC MDS," $(165,972)", -   ,,,
14906,BDM,MDS,Medication Delivery Solutions (MDS),VAD,Vascular Access Devices,2104000,Peripherally Inserted Intravenous Catheters,PH210400021008,Peripherally Inserted Venous Catheters - PC Adjustment,PH210400031066,Peripherally Inserted Venous Catheters - PC Adjustment,PH210400041259,Peripherally Inserted Venous Catheters - PC Adjustment,PH210400051400,Peripherally Inserted Venous Catheters - PC Adjustment,PL_203_104,EMEA - Peripherally Inserted Intravenous Catheters,PL_203_104-EMEA - Peripherally Inserted Intravenous Catheters,MDS-PL_203_104," $(802,695)", -   ,,,
14913,BDM,MDS,Medication Delivery Solutions (MDS),VAD,Vascular Access Devices,2104000,Peripherally Inserted Intravenous Catheters,PH210400021009,PIVC - Specialty Access,PH210400031073,PIVO,PH210400041273,PIVO - 24G,PH210400051414,PIVO - 24G,393651,PIVO PRO 24G YELLOW,393651-PIVO PRO 24G YELLOW,MDS-393651," $8,030 ", 600 ,,,
15039,BDM,MDS,Medication Delivery Solutions (MDS),VAD,Vascular Access Devices,2410200,Advanced Access Devices,PH241020021009,PICC,PH241020031068,Groshong PICC,PH241020041378,Basic,PH241020051633,SL_5FR_TLS_RN,9655405,GRO 4FR SL BASIC TRAY,9655405-GRO 4FR SL BASIC TRAY,MDS-9655405," $1,461 ", 10 ,,,
15067,BDM,MDS,Medication Delivery Solutions (MDS),VAD,Vascular Access Devices,2410200,Advanced Access Devices,PH241020021009,PICC,PH241020031068,Groshong PICC,PH241020041417,TBD,PH241020051658,TBD,7827508,DOT GRO NXT 5F,7827508-DOT GRO NXT 5F,MDS-7827508, $-   , -   ,,,
15107,BDM,MDS,Medication Delivery Solutions (MDS),VAD,Vascular Access Devices,2410200,Advanced Access Devices,PH241020021009,PICC,PH241020031073,PowerPICC,PH241020041375,Basic,PH241020051697,SL_4FR_3CG_RN,C1174118,4F SL PPICC 3CG BASIC CHN,C1174118-4F SL PPICC 3CG BASIC CHN,MDS-C1174118," $680,239 "," 5,770 ",,,
15108,BDM,MDS,Medication Delivery Solutions (MDS),VAD,Vascular Access Devices,2410200,Advanced Access Devices,PH241020021009,PICC,PH241020031073,PowerPICC,PH241020041375,Basic,PH241020051697,SL_4FR_3CG_RN,C1275118,5F DL PPICC 3CG BASIC CHN,C1275118-5F DL PPICC 3CG BASIC CHN,MDS-C1275118," $288,504 "," 1,955 ",,,
15172,BDM,MDS,Medication Delivery Solutions (MDS),VAD,Vascular Access Devices,2410200,Advanced Access Devices,PH241020021009,PICC,PH241020031073,PowerPICC,PH241020041381,CK,PH241020051711,DL_5FR_NoTech_TBD,CK001076,DOT PPICC 5F DL IR,CK001076-DOT PPICC 5F DL IR,MDS-CK001076," $9,302 ", 66 ,,,
15210,BDM,MDS,Medication Delivery Solutions (MDS),VAD,Vascular Access Devices,2410200,Advanced Access Devices,PH241020021009,PICC,PH241020031073,PowerPICC,PH241020041381,CK,PH241020051716,SL_4FR_3CG_TBD,CK000668B,DOT PPICC 4F SL 3CG,CK000668B-DOT PPICC 4F SL 3CG,MDS-CK000668B," $151,752 ", 639 ,,,
15353,BDM,MDS,Medication Delivery Solutions (MDS),VAD,Vascular Access Devices,2410200,Advanced Access Devices,PH241020021009,PICC,PH241020031073,PowerPICC,PH241020041415,TBD,PH241020051790,TL_6FR_NoTech_RN,3386135,TL POWERPICC IR W/,3386135-TL POWERPICC IR W/,MDS-3386135, $729 , 5 ,,,
15359,BDM,MDS,Medication Delivery Solutions (MDS),VAD,Vascular Access Devices,2410200,Advanced Access Devices,PH241020021009,PICC,PH241020031073,PowerPICC,PH241020041415,TBD,PH241020051791,TL_6FR_TLS_RN,9386105,6FR POWERPICC TL PICC,9386105-6FR POWERPICC TL PICC,MDS-9386105," $1,418 ", 5 ,,,
15378,BDM,MDS,Medication Delivery Solutions (MDS),VAD,Vascular Access Devices,2410200,Advanced Access Devices,PH241020021009,PICC,PH241020031074,PowerPICC Solo,PH241020041377,Basic,PH241020051795,SL_4FR_3CG_RN,C1194118,4F SL PPICC SOLO 3CG BASIC CHN,C1194118-4F SL PPICC SOLO 3CG BASIC CHN,MDS-C1194118," $817,884 "," 4,925 ",,,
15379,BDM,MDS,Medication Delivery Solutions (MDS),VAD,Vascular Access Devices,2410200,Advanced Access Devices,PH241020021009,PICC,PH241020031074,PowerPICC Solo,PH241020041377,Basic,PH241020051795,SL_4FR_3CG_RN,C1295118,5FDL PPICC SOLO 3CG BASIC CHN,C1295118-5FDL PPICC SOLO 3CG BASIC CHN,MDS-C1295118," $289,093 "," 1,595 ",,,
15429,BDM,MDS,Medication Delivery Solutions (MDS),VAD,Vascular Access Devices,2410200,Advanced Access Devices,PH241020021009,PICC,PH241020031074,PowerPICC Solo,PH241020041385,CK,PH241020051809,SL_4FR_3CG_RN,CK000867A,DOT PPICC SOLO 4F SL 3CG,CK000867A-DOT PPICC SOLO 4F SL 3CG,MDS-CK000867A," $17,737 ", 72 ,,,
15434,BDM,MDS,Medication Delivery Solutions (MDS),VAD,Vascular Access Devices,2410200,Advanced Access Devices,PH241020021009,PICC,PH241020031074,PowerPICC Solo,PH241020041385,CK,PH241020051809,SL_4FR_3CG_RN,CK000914A,DOT PPICC SOLO 4F SL 3CG,CK000914A-DOT PPICC SOLO 4F SL 3CG,MDS-CK000914A," $26,165 ", 141 ,,,
15439,BDM,MDS,Medication Delivery Solutions (MDS),VAD,Vascular Access Devices,2410200,Advanced Access Devices,PH241020021009,PICC,PH241020031074,PowerPICC Solo,PH241020041385,CK,PH241020051809,SL_4FR_3CG_RN,CK001084,DOT PPICC SOLO 4F SL 3CG,CK001084-DOT PPICC SOLO 4F SL 3CG,MDS-CK001084," $3,489 ", 30 ,,,
15459,BDM,MDS,Medication Delivery Solutions (MDS),VAD,Vascular Access Devices,2410200,Advanced Access Devices,PH241020021009,PICC,PH241020031074,PowerPICC Solo,PH241020041392,Full,PH241020051822,DL_5FR_TLS_RN,9295108F,DOT PPICC SOLO FT 5FR,9295108F-DOT PPICC SOLO FT 5FR,MDS-9295108F, $995 , 5 ,,,
15577,BDM,MDS,Medication Delivery Solutions (MDS),VAD,Vascular Access Devices,2410200,Advanced Access Devices,PH241020021009,PICC,PH241020031080,Provena Solo 5FR TL,PH241020041388,CK,PH241020051873,TL_5FR_3CG_RN,CK000869A,DOT PPICC SOLO PROVENA 5F TL 3CG,CK000869A-DOT PPICC SOLO PROVENA 5F TL 3CG,MDS-CK000869A," $25,778 ", 90 ,,,
15581,BDM,MDS,Medication Delivery Solutions (MDS),VAD,Vascular Access Devices,2410200,Advanced Access Devices,PH241020021009,PICC,PH241020031080,Provena Solo 5FR TL,PH241020041388,CK,PH241020051873,TL_5FR_3CG_RN,CK000916A,DOT PPICC SOLO PROVENA 5F TL 3CG,CK000916A-DOT PPICC SOLO PROVENA 5F TL 3CG,MDS-CK000916A," $11,913 ", 51 ,,,
15584,BDM,MDS,Medication Delivery Solutions (MDS),VAD,Vascular Access Devices,2410200,Advanced Access Devices,PH241020021009,PICC,PH241020031080,Provena Solo 5FR TL,PH241020041388,CK,PH241020051873,TL_5FR_3CG_RN,CK001079,DOT PPICC SOLO PROVENA 5F TL 3CG,CK001079-DOT PPICC SOLO PROVENA 5F TL 3CG,MDS-CK001079," $3,602 ", 15 ,,,
15585,BDM,MDS,Medication Delivery Solutions (MDS),VAD,Vascular Access Devices,2410200,Advanced Access Devices,PH241020021009,PICC,PH241020031080,Provena Solo 5FR TL,PH241020041388,CK,PH241020051874,TL_5FR_3CG_TBD,CK000608B,DOT PPICC SOLO PROVENA 5F TL 3CG,CK000608B-DOT PPICC SOLO PROVENA 5F TL 3CG,MDS-CK000608B," $84,306 ", 306 ,,,
15589,BDM,MDS,Medication Delivery Solutions (MDS),VAD,Vascular Access Devices,2410200,Advanced Access Devices,PH241020021009,PICC,PH241020031080,Provena Solo 5FR TL,PH241020041395,Full,PH241020051879,TL_5FR_TLS_RN,S9385108,DOT PPICC PROV 5F TL,S9385108-DOT PPICC PROV 5F TL,MDS-S9385108," $1,086 ", 5 ,,,
15602,BDM,MDS,Medication Delivery Solutions (MDS),VAD,Vascular Access Devices,2410200,Advanced Access Devices,PH241020021009,PICC,PH241020031080,Provena Solo 5FR TL,PH241020041420,TBD,PH241020051885,TBD,S9395118,PPICC PROV SOLO 5F TL,S9395118-PPICC PROV SOLO 5F TL,MDS-S9395118," $1,033 ", 5 ,,,
15609,BDM,MDS,Medication Delivery Solutions (MDS),VAD,Vascular Access Devices,2410200,Advanced Access Devices,PH241020021009,PICC,PH241020031081,Provena 4FR DL / 3FR SL,PH241020041376,Basic,PH241020051888,DL_4FR_TLS_RN,S9274118,PROV 4F DL BASIC TLS,S9274118-PROV 4F DL BASIC TLS,MDS-S9274118, $878 , 5 ,,,
15621,BDM,MDS,Medication Delivery Solutions (MDS),VAD,Vascular Access Devices,2410200,Advanced Access Devices,PH241020021009,PICC,PH241020031081,Provena 4FR DL / 3FR SL,PH241020041382,CK,PH241020051890,DL_4FR_3CG_RN,CK000915A,DOT PPICC SOLO Provena 4F DL 3CG,CK000915A-DOT PPICC SOLO Provena 4F DL 3CG,MDS-CK000915A," $13,059 ", 63 ,,,
15635,BDM,MDS,Medication Delivery Solutions (MDS),VAD,Vascular Access Devices,2410200,Advanced Access Devices,PH241020021009,PICC,PH241020031081,Provena 4FR DL / 3FR SL,PH241020041382,CK,PH241020051891,DL_4FR_3CG_TBD,CK000669B,DOT PPICC Provena 4F DL 3CG,CK000669B-DOT PPICC Provena 4F DL 3CG,MDS-CK000669B," $61,758 ", 219 ,,,
15684,BDM,MDS,Medication Delivery Solutions (MDS),VAD,Vascular Access Devices,2410200,Advanced Access Devices,PH241020021009,PICC,PH241020031081,Provena 4FR DL / 3FR SL,PH241020041419,TBD,PH241020051915,TBD,S9173118,PROV 3F SL BASIC TLS,S9173118-PROV 3F SL BASIC TLS,MDS-S9173118," $5,099 ", 15 ,,,
15690,BDM,MDS,Medication Delivery Solutions (MDS),VAD,Vascular Access Devices,2410200,Advanced Access Devices,PH241020021009,PICC,PH241020031082,Provena Solo 4FR DL / 3FR SL,PH241020041383,CK,PH241020051916,DL_4FR_3CG_RN,CK000868B,DOT PPICC SOLO Provena 4F DL 3CG,CK000868B-DOT PPICC SOLO Provena 4F DL 3CG,MDS-CK000868B," $33,333 ", 123 ,,,
15692,BDM,MDS,Medication Delivery Solutions (MDS),VAD,Vascular Access Devices,2410200,Advanced Access Devices,PH241020021009,PICC,PH241020031082,Provena Solo 4FR DL / 3FR SL,PH241020041383,CK,PH241020051916,DL_4FR_3CG_RN,CK001078,DOT PPICC SOLO Provena 4F DL 3CG,CK001078-DOT PPICC SOLO Provena 4F DL 3CG,MDS-CK001078," $87,751 ", 375 ,,,
15695,BDM,MDS,Medication Delivery Solutions (MDS),VAD,Vascular Access Devices,2410200,Advanced Access Devices,PH241020021009,PICC,PH241020031082,Provena Solo 4FR DL / 3FR SL,PH241020041383,CK,PH241020051919,SL_3FR_NoTech_IR,CK001077,DOT PPICC SOLO PROVENA 3F SL 3CG,CK001077-DOT PPICC SOLO PROVENA 3F SL 3CG,MDS-CK001077," $111,446 ", 492 ,,,
15704,BDM,MDS,Medication Delivery Solutions (MDS),VAD,Vascular Access Devices,2410200,Advanced Access Devices,PH241020021009,PICC,PH241020031082,Provena Solo 4FR DL / 3FR SL,PH241020041397,IR,PH241020051927,SL_3FR_NoTech_IR,S3193335P,PROV SOLO SP 3F SL IRW/NIT135,S3193335P-PROV SOLO SP 3F SL IRW/NIT135,MDS-S3193335P," $1,659 ", 10 ,,,
15727,BDM,MDS,Medication Delivery Solutions (MDS),VAD,Vascular Access Devices,2410200,Advanced Access Devices,PH241020021010,Dialysis Access,PH241020031001,Acute Dialysis,PH241020041315,Trialysis,PH241020051936,Alpha Pre-Curved Shaft_Basic Kit_12.5_13 F,S3294335P,PROV SOLO SP 4F DL IR W/NIT135,S3294335P-PROV SOLO SP 4F DL IR W/NIT135,MDS-S3294335P, $868 , 5 ,,,
15805,BDM,MDS,Medication Delivery Solutions (MDS),VAD,Vascular Access Devices,2410200,Advanced Access Devices,PH241020021010,Dialysis Access,PH241020031001,Acute Dialysis,PH241020041319,Niagara Slim Cath,PH241020052007,Straight_Catheter_20_12 F,5551200,NIAGARA SLIM-CATH 20 CM,5551200-NIAGARA SLIM-CATH 20 CM,MDS-5551200, $332 , 5 ,,,
15813,BDM,MDS,Medication Delivery Solutions (MDS),VAD,Vascular Access Devices,2410200,Advanced Access Devices,PH241020021010,Dialysis Access,PH241020031001,Acute Dialysis,PH241020041320,Niagara,PH241020052019,Pre-Curved Shaft_Catheter_12_13.5 F,5592120,NIAGRA PC D/L 12.5CM,5592120-NIAGRA PC D/L 12.5CM,MDS-5592120, $402 , 5 ,,,
15849,BDM,MDS,Medication Delivery Solutions (MDS),VAD,Vascular Access Devices,2410200,Advanced Access Devices,PH241020021014,Advanced Access Devices - PC Adjustment,PH241020031078,Advanced Access Devices - PC Adjustment,PH241020041332,Advanced Access Devices - PC Adjustment,PH241020051473,Advanced Access Devices - PC Adjustment,PC_12827,SHPI Kits,PC_12827-SHPI Kits,MDS-PC_12827, $-   , -   ,,,
15850,BDM,MDS,Medication Delivery Solutions (MDS),VAD,Vascular Access Devices,2410200,Advanced Access Devices,PH241020021014,Advanced Access Devices - PC Adjustment,PH241020031078,Advanced Access Devices - PC Adjustment,PH241020041332,Advanced Access Devices - PC Adjustment,PH241020051473,Advanced Access Devices - PC Adjustment,PL_204_179,EMEA - Advanced Access Devices,PL_204_179-EMEA - Advanced Access Devices,MDS-PL_204_179," $(701,537)", -   ,,,
15851,BDM,MDS,Medication Delivery Solutions (MDS),VAD,Vascular Access Devices,2410200,Advanced Access Devices,PH241020021014,Advanced Access Devices - PC Adjustment,PH241020031092,Advanced Access Devices - PC Adjustment  NONCATALOG,PH241020041364,Advanced Access Devices - PC Adjustment  NONCATALOG,PH241020051505,Advanced Access Devices - PC Adjustment  NONCATALOG,DUMMYSKU_UNMATCH17,PC Adjustment  NONCATALOG - 2410200 Advanced Access Devices,DUMMYSKU_UNMATCH17-PC Adjustment  NONCATALOG - 2410200 Advanced Access Devices,MDS-DUMMYSKU_UNMATCH17, $-   , -   ,,,
15881,BDM,MDS,Medication Delivery Solutions (MDS),VAD,Vascular Access Devices,2410200,Advanced Access Devices,PH241040021000,Midlines,PH231040031005,PowerMidline,PH231040041005,Fin Adj.,PH231040051005,NA_NA,PL_820_179,Midline Catheters Adjustment,PL_820_179-Midline Catheters Adjustment,MDS-PL_820_179," $(1,198)", -   ,,,
15989,BDM,MDS,Medication Delivery Solutions (MDS),VAD,Vascular Access Devices,2410200,Advanced Access Devices,PH241040021000,Midlines,PH241020031101,PowerGlide Pro Cue,PH241020041038,Basic,PH241020051300,22_8 cm,F122080TX,PG PRO 22G 8CM RT,F122080TX-PG PRO 22G 8CM RT,MDS-F122080TX," $2,543 ", 30 ,,,
16339,BDM,MDS,Medication Delivery Solutions (MDS),VAD,Vascular Access Devices,2410200,Advanced Access Devices,PH241040021002,Port Access,PH231040031009,Port Access Needles,PH231040041036,PowerLoc_PAK,PH241020051582,22_1.5 in,2672215,DOT PRT ACC W/PWRLOC SIS,2672215-DOT PRT ACC W/PWRLOC SIS,MDS-2672215, $333 , 15 ,,,
16513,BDM,MDS,Medication Delivery Solutions (MDS),VAD,Vascular Access Devices,2410300,Vascular Access Technologies,PH241030021000,Site-Rite,PH241030031010,Site-Rite Consoles - ISALES,PH241030041002,Site Rite 8 Consoles,PH241030051022,Site Rite 8 Consoles,400037022,BAT1 SR8 ULTRASOUND ROW,400037022-BAT1 SR8 ULTRASOUND ROW,MDS-400037022, $-   , -   ,,,
16564,BDM,MDS,Medication Delivery Solutions (MDS),VAD,Vascular Access Devices,2410300,Vascular Access Technologies,PH241030021000,Site-Rite,PH241030031018,Site-Rite Accessories,PH241030041023,Site Rite 8 Accessories,PH241030051019,Site Rite 8 Accessories,9770816,SiteRite 9 Probe Holder,9770816-SiteRite 9 Probe Holder,MDS-9770816, $173 , 1 ,,,
16567,BDM,MDS,Medication Delivery Solutions (MDS),VAD,Vascular Access Devices,2410300,Vascular Access Technologies,PH241030021000,Site-Rite,PH241030031018,Site-Rite Accessories,PH241030041023,Site Rite 8 Accessories,PH241030051019,Site Rite 8 Accessories,BD500ACWW,WIRELESS BRIDGE FOR NON-US REGIONS,BD500ACWW-WIRELESS BRIDGE FOR NON-US REGIONS,MDS-BD500ACWW, $-   , 1 ,,,
16595,BDM,MDS,Medication Delivery Solutions (MDS),VAD,Vascular Access Devices,2410300,Vascular Access Technologies,PH241030021006,Prevue,PH241030031003,Prevue Accessories,PH241030041011,Prevue II Accessories,PH241030051005,Prevue II Accessories,9770712,BD PREVUE CORD WRAP,9770712-BD PREVUE CORD WRAP,MDS-9770712, $170 , 1 ,,,
16688,BDM,MMS,Medication Management Solutions (MMS),MMD,Dispensing,2305001,Pyxis Med,PH230500121000,Pyxis Med,PH230500131000,Pyxis Med - Other,PH230500141000,Pyxis Med - Other,PH230500151000,Pyxis Med - Other,118908-01,ENDCAP FLEXBAR,118908-01-ENDCAP FLEXBAR,MMS-118908-01, $-   , -   ,,,
16689,BDM,MMS,Medication Management Solutions (MMS),MMD,Dispensing,2305001,Pyxis Med,PH230500121000,Pyxis Med,PH230500131000,Pyxis Med - Other,PH230500141000,Pyxis Med - Other,PH230500151000,Pyxis Med - Other,119822-02,TOUCH SCREEN 10.4 IN FLAT 5 W IN,119822-02-TOUCH SCREEN 10.4 IN FLAT 5 W IN,MMS-119822-02, $-   , -   ,,,
16690,BDM,MMS,Medication Management Solutions (MMS),MMD,Dispensing,2305001,Pyxis Med,PH230500121000,Pyxis Med,PH230500131000,Pyxis Med - Other,PH230500141000,Pyxis Med - Other,PH230500151000,Pyxis Med - Other,120502-01,HARNESS LATCH DETENT,120502-01-HARNESS LATCH DETENT,MMS-120502-01, $-   , -   ,,,
16691,BDM,MMS,Medication Management Solutions (MMS),MMD,Dispensing,2305001,Pyxis Med,PH230500121000,Pyxis Med,PH230500131000,Pyxis Med - Other,PH230500141000,Pyxis Med - Other,PH230500151000,Pyxis Med - Other,120510-01,CBL FLEXBAR 10 IN,120510-01-CBL FLEXBAR 10 IN,MMS-120510-01, $-   , -   ,,,
16692,BDM,MMS,Medication Management Solutions (MMS),MMD,Dispensing,2305001,Pyxis Med,PH230500121000,Pyxis Med,PH230500131000,Pyxis Med - Other,PH230500141000,Pyxis Med - Other,PH230500151000,Pyxis Med - Other,120559-01,ASSY HARNESS RETRACT HINGED HH,120559-01-ASSY HARNESS RETRACT HINGED HH,MMS-120559-01, $-   , -   ,,,
16693,BDM,MMS,Medication Management Solutions (MMS),MMD,Dispensing,2305001,Pyxis Med,PH230500121000,Pyxis Med,PH230500131000,Pyxis Med - Other,PH230500141000,Pyxis Med - Other,PH230500151000,Pyxis Med - Other,122232-01,LED GREEN ULTRA SUPER BRIGHT,122232-01-LED GREEN ULTRA SUPER BRIGHT,MMS-122232-01, $-   , -   ,,,
16700,BDM,MMS,Medication Management Solutions (MMS),MMD,Dispensing,2305001,Pyxis Med,PH230500121000,Pyxis Med,PH230500132000,Pyxis Med - Other NONCATALOG,PH230500141021,Pyxis Med - Other,PH230500151021,Pyxis Med - Other,100916-01,SLIDE DRAWER 24X2 150 LB.,100916-01-SLIDE DRAWER 24X2 150 LB.,MMS-100916-01, $-   , -   ,,,
16701,BDM,MMS,Medication Management Solutions (MMS),MMD,Dispensing,2305001,Pyxis Med,PH230500121000,Pyxis Med,PH230500132000,Pyxis Med - Other NONCATALOG,PH230500141021,Pyxis Med - Other,PH230500151021,Pyxis Med - Other,101951-01,PANEL FRONT SNAP-ON W/LED HOLE FLEX DWR.,101951-01-PANEL FRONT SNAP-ON W/LED HOLE FLEX DWR.,MMS-101951-01, $-   , -   ,,,
16702,BDM,MMS,Medication Management Solutions (MMS),MMD,Dispensing,2305001,Pyxis Med,PH230500121000,Pyxis Med,PH230500132000,Pyxis Med - Other NONCATALOG,PH230500141021,Pyxis Med - Other,PH230500151021,Pyxis Med - Other,120510-02,CBL FLEXBAR 26 IN.,120510-02-CBL FLEXBAR 26 IN.,MMS-120510-02, $-   , -   ,,,
16703,BDM,MMS,Medication Management Solutions (MMS),MMD,Dispensing,2305001,Pyxis Med,PH230500121000,Pyxis Med,PH230500132000,Pyxis Med - Other NONCATALOG,PH230500141021,Pyxis Med - Other,PH230500151021,Pyxis Med - Other,122379-01,ASSY FLEXBAR DRAWER.,122379-01-ASSY FLEXBAR DRAWER.,MMS-122379-01, $-   , -   ,,,
16704,BDM,MMS,Medication Management Solutions (MMS),MMD,Dispensing,2305001,Pyxis Med,PH230500121000,Pyxis Med,PH230500132000,Pyxis Med - Other NONCATALOG,PH230500141021,Pyxis Med - Other,PH230500151021,Pyxis Med - Other,390-001,BAT 12V 1.2AH LA 3.8X1.9X2 .187QD.,390-001-BAT 12V 1.2AH LA 3.8X1.9X2 .187QD.,MMS-390-001, $-   , -   ,,,
16739,BDM,MMS,Medication Management Solutions (MMS),MMD,Dispensing,2315001,Pyxis Supply,PH231500121050,Pyxis Supply,PH231500131850,Pyxis Supply - Other NONCATALOG,PH231500141018,Pyxis Supply - Other,PH231500141018,Pyxis Supply - Other,100789-01,CLIP SHELF SNAP-IN SS15/SS25/PS WHT.,100789-01-CLIP SHELF SNAP-IN SS15/SS25/PS WHT.,MMS-100789-01, $-   , -   ,,,
16740,BDM,MMS,Medication Management Solutions (MMS),MMD,Dispensing,2315001,Pyxis Supply,PH231500121050,Pyxis Supply,PH231500131850,Pyxis Supply - Other NONCATALOG,PH231500141018,Pyxis Supply - Other,PH231500141018,Pyxis Supply - Other,106426-01,HASP INJ. MOLDED SUPPLY DOOR (LATCH).,106426-01-HASP INJ. MOLDED SUPPLY DOOR (LATCH).,MMS-106426-01, $-   , -   ,,,
16741,BDM,MMS,Medication Management Solutions (MMS),MMD,Dispensing,2315001,Pyxis Supply,PH231500121050,Pyxis Supply,PH231500131850,Pyxis Supply - Other NONCATALOG,PH231500141018,Pyxis Supply - Other,PH231500141018,Pyxis Supply - Other,119549-01,PCBA DOOR BOARD LATCH SS15/30/EC.,119549-01-PCBA DOOR BOARD LATCH SS15/30/EC.,MMS-119549-01, $-   , -   ,,,
16742,BDM,MMS,Medication Management Solutions (MMS),MMD,Dispensing,2315001,Pyxis Supply,PH231500121050,Pyxis Supply,PH231500131850,Pyxis Supply - Other NONCATALOG,PH231500141018,Pyxis Supply - Other,PH231500141018,Pyxis Supply - Other,136064-01,LCD 10.4 IN COLOR LED BKLT.,136064-01-LCD 10.4 IN COLOR LED BKLT.,MMS-136064-01, $-   , -   ,,,
16743,BDM,MMS,Medication Management Solutions (MMS),MMD,Dispensing,2315001,Pyxis Supply,PH231500121050,Pyxis Supply,PH231500131850,Pyxis Supply - Other NONCATALOG,PH231500141018,Pyxis Supply - Other,PH231500141018,Pyxis Supply - Other,136065-01,PCBA LED DRIVER WIDE INPUT VOLT.,136065-01-PCBA LED DRIVER WIDE INPUT VOLT.,MMS-136065-01, $-   , -   ,,,
16772,BDM,MMS,Medication Management Solutions (MMS),MMP,Pharmacy Automation,2305005,ROWA Retail,PH230500521300,ROWA Retail,PH230500531300,ROWA Retail - Other,PH230500541006,ROWA Retail - Other,PH230500551006,ROWA Retail - Other,773208,Technical Assistance MMS ROWA Retail,773208-Technical Assistance MMS ROWA Retail,MMS-773208," $170,292 ", 1 ,,,
16800,BDM,MMS,Medication Management Solutions (MMS),MMS,Infusion Systems,2306001,Alaris System,PH230600121009,DI Inst,PH230600131069,Operating Lease,PH230600141178,Operating Lease,PH230600151281,Professional Services,BILLING-PRSVC,BILLING - PROF SVC FEE,BILLING-PRSVC-BILLING - PROF SVC FEE,MMS-BILLING-PRSVC," $1,903 ", 4 ,,,
16801,BDM,MMS,Medication Management Solutions (MMS),MMS,Infusion Systems,2306001,Alaris System,PH230600121009,DI Inst,PH230600131106,Alaris System Accessories - DI Inst,PH230600141245,Guardrails TechSmart Consultancy ISALES,PH230600151392,Guardrails TechSmart Consultancy ISALES,DATASET_DEVELOPMNT,DATASET DEVELOPMENT.,DATASET_DEVELOPMNT-DATASET DEVELOPMENT.,MMS-DATASET_DEVELOPMNT, $320 , 1 ,,,
16879,BDM,MMS,Medication Management Solutions (MMS),MMS,Infusion Systems,2306001,Alaris System,PH230600121010,IV Pump Delivery,PH230600131048,DO NOT USE - Alaris System PCA,PH230600141222,DO NOT USE - Alaris Medley PCA,PH230600151164,DO NOT USE - Alaris Medley PCA,DUMMYSKU016_MMS,Dummy SKU - Alaris Medley PCA,DUMMYSKU016_MMS-Dummy SKU - Alaris Medley PCA,MMS-DUMMYSKU016_MMS, $-   , -   ,,,
16909,BDM,MMS,Medication Management Solutions (MMS),MMS,Infusion Systems,2306001,Alaris System,PH230600121011,POC Systems,PH230600131055,Alaris System Accessories - POC,PH230600141155,Accessories,PH230600151247,Stands,138,PRYOR UNIV BALL CLAMP STAND.,138-PRYOR UNIV BALL CLAMP STAND.,MMS-138, $157 , 6 ,,,
16912,BDM,MMS,Medication Management Solutions (MMS),MMS,Infusion Systems,2306001,Alaris System,PH230600121011,POC Systems,PH230600131055,Alaris System Accessories - POC,PH230600141155,Accessories,PH230600151247,Stands,905-0126,POLE/BASE 6WHL STANDARD.,905-0126-POLE/BASE 6WHL STANDARD.,MMS-905-0126," $4,479 ", 17 ,,,
16915,BDM,MMS,Medication Management Solutions (MMS),MMS,Infusion Systems,2306001,Alaris System,PH230600121011,POC Systems,PH230600131055,Alaris System Accessories - POC,PH230600141155,Accessories,PH230600151247,Stands,914-0170,POLE/BASE 4WHL W/RAKE TOP,914-0170-POLE/BASE 4WHL W/RAKE TOP,MMS-914-0170," $2,089 ", 12 ,,,
17012,BDM,MMS,Medication Management Solutions (MMS),MMS,Infusion Systems,2306001,Alaris System,PH230600121011,POC Systems,PH230600131098,Alaris System LVP Pump - Placement,PH230600141230,Drug Infusion - Placement,PH230600151374,8100 Alaris Infusion System LVP - Placement,PLACE - LVP PUMP,Alaris Medley LVP Pump - Placement,PLACE - LVP PUMP-Alaris Medley LVP Pump - Placement,MMS-PLACE - LVP PUMP, $-   , 500 ,,,
17013,BDM,MMS,Medication Management Solutions (MMS),MMS,Infusion Systems,2306001,Alaris System,PH230600121011,POC Systems,PH230600131099,Alaris System Syringe Pump - Placement,PH230600141242,Drug Infusion - Placement,PH230600151378,Syringe - Placement,PLACE - MEDLEY SYRINGE PUMP,Alaris Medley Syringe Pump - Placement,PLACE - MEDLEY SYRINGE PUMP-Alaris Medley Syringe Pump - Placement,MMS-PLACE - MEDLEY SYRINGE PUMP, $-   , 200 ,,,
17014,BDM,MMS,Medication Management Solutions (MMS),MMS,Infusion Systems,2306001,Alaris System,PH230600121011,POC Systems,PH230600131100,Alaris System PC Unit - Placement,PH230600141231,PCU - Placement,PH230600151376,PCU 8015 - Placement,PLACE - PC UNIT,Alaris Medley PC Unit - Placement,PLACE - PC UNIT-Alaris Medley PC Unit - Placement,MMS-PLACE - PC UNIT, $-   , 499 ,,,
17024,BDM,MMS,Medication Management Solutions (MMS),MMS,Infusion Systems,2306001,Alaris System,PH230600121011,POC Systems,PH230600131114,Alaris System Systems Manager,PH230600141269,Server Applications NONCATALOG,PH230600151424,Site License NONCATALOG,ADDNLFACCONFIG,Adtnl faci Config - for extng w/less Hos.,ADDNLFACCONFIG-Adtnl faci Config - for extng w/less Hos.,MMS-ADDNLFACCONFIG," $13,917 ", 5 ,,,
17025,BDM,MMS,Medication Management Solutions (MMS),MMS,Infusion Systems,2306001,Alaris System,PH230600121011,POC Systems,PH230600131116,Alaris System PC Unit,PH230600141270,PC 8015,PH230600151425,PCU M2 8015,8015BDDDXEN1250,8015 BD PCU V12.5.0,8015BDDDXEN1250-8015 BD PCU V12.5.0,MMS-8015BDDDXEN1250," $622,437 ", 365 ,,,
17036,BDM,MMS,Medication Management Solutions (MMS),MMS,Infusion Systems,2306001,Alaris System,PH230600121012,Service,PH230600131071,Alaris System Prof. Services,PH230600141181,Clinical Services,PH230600151295,Clinical Services,TECHSUPDSUPLOAD,Technical support dataset upload.,TECHSUPDSUPLOAD-Technical support dataset upload.,MMS-TECHSUPDSUPLOAD, $508 , 2 ,,,
17091,BDM,MMS,Medication Management Solutions (MMS),MMS,Infusion Systems,2306001,Alaris System,PH230600121012,Service,PH230600131072,Alaris System Service Parts,PH230600141191,Depot,PH230600151306,Depot,NINETYDAYSRV_LABOR,90 DAY SERVICE WARRANTY LABOR,NINETYDAYSRV_LABOR-90 DAY SERVICE WARRANTY LABOR,MMS-NINETYDAYSRV_LABOR, $-   , -   ,,,
17095,BDM,MMS,Medication Management Solutions (MMS),MMS,Infusion Systems,2306001,Alaris System,PH230600121012,Service,PH230600131072,Alaris System Service Parts,PH230600141191,Depot,PH230600151306,Depot,REMFG_LABOR,RECONDITION LABOR,REMFG_LABOR-RECONDITION LABOR,MMS-REMFG_LABOR, $-   , -   ,,,
17105,BDM,MMS,Medication Management Solutions (MMS),MMS,Infusion Systems,2306001,Alaris System,PH230600121012,Service,PH230600131072,Alaris System Service Parts,PH230600141192,Directions for Use (DFU),PH230600151307,Medley,49000906,KIT BD ALARIS UM HARD COPY 12.4,49000906-KIT BD ALARIS UM HARD COPY 12.4,MMS-49000906, $-   , 102 ,,,
17107,BDM,MMS,Medication Management Solutions (MMS),MMS,Infusion Systems,2306001,Alaris System,PH230600121012,Service,PH230600131072,Alaris System Service Parts,PH230600141192,Directions for Use (DFU),PH230600151307,Medley,49000990,KIT BD ALARIS UM HARD COPY 12.5.0,49000990-KIT BD ALARIS UM HARD COPY 12.5.0,MMS-49000990, $-   , 43 ,,,
17109,BDM,MMS,Medication Management Solutions (MMS),MMS,Infusion Systems,2306001,Alaris System,PH230600121012,Service,PH230600131072,Alaris System Service Parts,PH230600141193,Field Svc Contract Parts,PH230600151308,Infusion Products,147467-000,GASKET PL BLOCK-OFF I/O 8000,147467-000-GASKET PL BLOCK-OFF I/O 8000,MMS-147467-000, $11 , 6 ,,,
17121,BDM,MMS,Medication Management Solutions (MMS),MMS,Infusion Systems,2306001,Alaris System,PH230600121012,Service,PH230600131072,Alaris System Service Parts,PH230600141193,Field Svc Contract Parts,PH230600151308,Infusion Products,49000830,KIT PCBA DISPLAY LVP US,49000830-KIT PCBA DISPLAY LVP US,MMS-49000830, $-   , -   ,,,
17125,BDM,MMS,Medication Management Solutions (MMS),MMS,Infusion Systems,2306001,Alaris System,PH230600121012,Service,PH230600131072,Alaris System Service Parts,PH230600141193,Field Svc Contract Parts,PH230600151308,Infusion Products,49000847,KIT ASSY BD SYR REAR CASE VALOX CAN S2,49000847-KIT ASSY BD SYR REAR CASE VALOX CAN S2,MMS-49000847, $-   , -   ,,,
17134,BDM,MMS,Medication Management Solutions (MMS),MMS,Infusion Systems,2306001,Alaris System,PH230600121012,Service,PH230600131072,Alaris System Service Parts,PH230600141193,Field Svc Contract Parts,PH230600151308,Infusion Products,49000979,ASSY BATT PACK CHGD NIMH 8000/8015,49000979-ASSY BATT PACK CHGD NIMH 8000/8015,MMS-49000979, $-   , -   ,,,
17137,BDM,MMS,Medication Management Solutions (MMS),MMS,Infusion Systems,2306001,Alaris System,PH230600121012,Service,PH230600131072,Alaris System Service Parts,PH230600141193,Field Svc Contract Parts,PH230600151308,Infusion Products,49001019,"KIT, ETCO2 NANO LEAK DOWN TEST JIG","49001019-KIT, ETCO2 NANO LEAK DOWN TEST JIG",MMS-49001019, $-   , 449 ,,,
17146,BDM,MMS,Medication Management Solutions (MMS),MMS,Infusion Systems,2306001,Alaris System,PH230600121012,Service,PH230600131072,Alaris System Service Parts,PH230600141198,Medley,PH230600151314,Medley,10099174,CONN HDR LKG 10A 1X2 TIN,10099174-CONN HDR LKG 10A 1X2 TIN,MMS-10099174, $-   , -   ,,,
17147,BDM,MMS,Medication Management Solutions (MMS),MMS,Infusion Systems,2306001,Alaris System,PH230600121012,Service,PH230600131072,Alaris System Service Parts,PH230600141198,Medley,PH230600151314,Medley,10154298,BATT LI 3V MINI 48MAH 2PIN,10154298-BATT LI 3V MINI 48MAH 2PIN,MMS-10154298, $-   , -   ,,,
17148,BDM,MMS,Medication Management Solutions (MMS),MMS,Infusion Systems,2306001,Alaris System,PH230600121012,Service,PH230600131072,Alaris System Service Parts,PH230600141198,Medley,PH230600151314,Medley,10160433,"KIT, ASSY ROHS CAMERA FRAME, AUTO ID","10160433-KIT, ASSY ROHS CAMERA FRAME, AUTO ID",MMS-10160433, $-   , -   ,,,
17149,BDM,MMS,Medication Management Solutions (MMS),MMS,Infusion Systems,2306001,Alaris System,PH230600121012,Service,PH230600131072,Alaris System Service Parts,PH230600141198,Medley,PH230600151314,Medley,10160435,"KIT, FRONT CASE, AUTO ID","10160435-KIT, FRONT CASE, AUTO ID",MMS-10160435," $2,857 ", 10 ,,,
17165,BDM,MMS,Medication Management Solutions (MMS),MMS,Infusion Systems,2306001,Alaris System,PH230600121012,Service,PH230600131072,Alaris System Service Parts,PH230600141198,Medley,PH230600151314,Medley,147734-000,PLATE BEARING COVER 8110/8120,147734-000-PLATE BEARING COVER 8110/8120,MMS-147734-000, $-   , -   ,,,
17185,BDM,MMS,Medication Management Solutions (MMS),MMS,Infusion Systems,2306001,Alaris System,PH230600121012,Service,PH230600131072,Alaris System Service Parts,PH230600141198,Medley,PH230600151314,Medley,320892,IND FER BEAD 30 3A 0.05DC OHM 0805,320892-IND FER BEAD 30 3A 0.05DC OHM 0805,MMS-320892, $-   , -   ,,,
17190,BDM,MMS,Medication Management Solutions (MMS),MMS,Infusion Systems,2306001,Alaris System,PH230600121012,Service,PH230600131072,Alaris System Service Parts,PH230600141198,Medley,PH230600151314,Medley,321261,KEY OVERMOLDED W/ ALARIS LOGO,321261-KEY OVERMOLDED W/ ALARIS LOGO,MMS-321261, $-   , -   ,,,
17196,BDM,MMS,Medication Management Solutions (MMS),MMS,Infusion Systems,2306001,Alaris System,PH230600121012,Service,PH230600131072,Alaris System Service Parts,PH230600141198,Medley,PH230600151314,Medley,49000860,KIT 60 SOM WIRELESS ASSEMBLY 802.11 AC,49000860-KIT 60 SOM WIRELESS ASSEMBLY 802.11 AC,MMS-49000860," $10,644 ", 31 ,,,
17199,BDM,MMS,Medication Management Solutions (MMS),MMS,Infusion Systems,2306001,Alaris System,PH230600121012,Service,PH230600131072,Alaris System Service Parts,PH230600141198,Medley,PH230600151314,Medley,49000935,PCBA IUI SYR/PCA,49000935-PCBA IUI SYR/PCA,MMS-49000935," $2,108 ", 14 ,,,
17200,BDM,MMS,Medication Management Solutions (MMS),MMS,Infusion Systems,2306001,Alaris System,PH230600121012,Service,PH230600131072,Alaris System Service Parts,PH230600141198,Medley,PH230600151314,Medley,49000938,BD ASSY ORIDION ETCO2 V1 ROHS,49000938-BD ASSY ORIDION ETCO2 V1 ROHS,MMS-49000938," $11,944 ", 9 ,,,
17201,BDM,MMS,Medication Management Solutions (MMS),MMS,Infusion Systems,2306001,Alaris System,PH230600121012,Service,PH230600131072,Alaris System Service Parts,PH230600141198,Medley,PH230600151314,Medley,49000944,ASSY PWR SPLY ETCO2,49000944-ASSY PWR SPLY ETCO2,MMS-49000944," $1,619 ", 9 ,,,
17202,BDM,MMS,Medication Management Solutions (MMS),MMS,Infusion Systems,2306001,Alaris System,PH230600121012,Service,PH230600131072,Alaris System Service Parts,PH230600141198,Medley,PH230600151314,Medley,49000950,PCBA SYRINGE LOGIC S1,49000950-PCBA SYRINGE LOGIC S1,MMS-49000950," $30,912 ", 48 ,,,
17203,BDM,MMS,Medication Management Solutions (MMS),MMS,Infusion Systems,2306001,Alaris System,PH230600121012,Service,PH230600131072,Alaris System Service Parts,PH230600141198,Medley,PH230600151314,Medley,49000954,PCBA IUI LEFT PCU,49000954-PCBA IUI LEFT PCU,MMS-49000954," $2,677 ", 32 ,,,
17204,BDM,MMS,Medication Management Solutions (MMS),MMS,Infusion Systems,2306001,Alaris System,PH230600121012,Service,PH230600131072,Alaris System Service Parts,PH230600141198,Medley,PH230600151314,Medley,49000958,PCBA MTR CNTR LVP,49000958-PCBA MTR CNTR LVP,MMS-49000958," $15,551 ", 84 ,,,
17205,BDM,MMS,Medication Management Solutions (MMS),MMS,Infusion Systems,2306001,Alaris System,PH230600121012,Service,PH230600131072,Alaris System Service Parts,PH230600141198,Medley,PH230600151314,Medley,49000959,PCBA LOGIC LVP (M2),49000959-PCBA LOGIC LVP (M2),MMS-49000959," $16,334 ", 50 ,,,
17206,BDM,MMS,Medication Management Solutions (MMS),MMS,Infusion Systems,2306001,Alaris System,PH230600121012,Service,PH230600131072,Alaris System Service Parts,PH230600141198,Medley,PH230600151314,Medley,49000960,PCBA PRES SENSOR BD 8110,49000960-PCBA PRES SENSOR BD 8110,MMS-49000960," $6,478 ", 22 ,,,
17207,BDM,MMS,Medication Management Solutions (MMS),MMS,Infusion Systems,2306001,Alaris System,PH230600121012,Service,PH230600131072,Alaris System Service Parts,PH230600141198,Medley,PH230600151314,Medley,49000961,BD ALARIS FRONT CASE / KEYPAD ASSEMBLY,49000961-BD ALARIS FRONT CASE / KEYPAD ASSEMBLY,MMS-49000961," $811,115 "," 3,137 ",,,
17208,BDM,MMS,Medication Management Solutions (MMS),MMS,Infusion Systems,2306001,Alaris System,PH230600121012,Service,PH230600131072,Alaris System Service Parts,PH230600141198,Medley,PH230600151314,Medley,49000964,PCBA DISPLAY LVP,49000964-PCBA DISPLAY LVP,MMS-49000964," $24,229 ", 59 ,,,
17209,BDM,MMS,Medication Management Solutions (MMS),MMS,Infusion Systems,2306001,Alaris System,PH230600121012,Service,PH230600131072,Alaris System Service Parts,PH230600141198,Medley,PH230600151314,Medley,49000965,PCBA DSPL SYR/PCA,49000965-PCBA DSPL SYR/PCA,MMS-49000965," $2,306 ", 9 ,,,
17210,BDM,MMS,Medication Management Solutions (MMS),MMS,Infusion Systems,2306001,Alaris System,PH230600121012,Service,PH230600131072,Alaris System Service Parts,PH230600141198,Medley,PH230600151314,Medley,49000968,PCBA LVP DISPLAY,49000968-PCBA LVP DISPLAY,MMS-49000968," $419,120 "," 1,339 ",,,
17211,BDM,MMS,Medication Management Solutions (MMS),MMS,Infusion Systems,2306001,Alaris System,PH230600121012,Service,PH230600131072,Alaris System Service Parts,PH230600141198,Medley,PH230600151314,Medley,49000970,HSG LWR SYRINGE/PCA S2,49000970-HSG LWR SYRINGE/PCA S2,MMS-49000970, $131 , 6 ,,,
17212,BDM,MMS,Medication Management Solutions (MMS),MMS,Infusion Systems,2306001,Alaris System,PH230600121012,Service,PH230600131072,Alaris System Service Parts,PH230600141198,Medley,PH230600151314,Medley,49000981,KIT BATTERY PACK 8015,49000981-KIT BATTERY PACK 8015,MMS-49000981," $2,233,954 "," 26,945 ",,,
17219,BDM,MMS,Medication Management Solutions (MMS),MMS,Infusion Systems,2306001,Alaris System,PH230600121012,Service,PH230600131072,Alaris System Service Parts,PH230600141198,Medley,PH230600151314,Medley,818201-102,CAP NPO 1000PF 50V 5% 0805,818201-102-CAP NPO 1000PF 50V 5% 0805,MMS-818201-102, $-   , -   ,,,
17229,BDM,MMS,Medication Management Solutions (MMS),MMS,Infusion Systems,2306001,Alaris System,PH230600121012,Service,PH230600131072,Alaris System Service Parts,PH230600141198,Medley,PH230600151314,Medley,P00000350,LBL ETCO2 NAMEPLATE 8300 NORTH AMERICA,P00000350-LBL ETCO2 NAMEPLATE 8300 NORTH AMERICA,MMS-P00000350, $-   , -   ,,,
17230,BDM,MMS,Medication Management Solutions (MMS),MMS,Infusion Systems,2306001,Alaris System,PH230600121012,Service,PH230600131072,Alaris System Service Parts,PH230600141198,Medley,PH230600151314,Medley,P00000379,LBL PCU NAMEPLATE 8015 M1,P00000379-LBL PCU NAMEPLATE 8015 M1,MMS-P00000379, $-   , -   ,,,
17251,BDM,MMS,Medication Management Solutions (MMS),MMS,Infusion Systems,2306001,Alaris System,PH230600121012,Service,PH230600131072,Alaris System Service Parts,PH230600141198,Medley,PH230600151314,Medley,TC10004992,CASE FRONT 8300,TC10004992-CASE FRONT 8300,MMS-TC10004992, $-   , -   ,,,
17276,BDM,MMS,Medication Management Solutions (MMS),MMS,Infusion Systems,2306001,Alaris System,PH230600121012,Service,PH230600131072,Alaris System Service Parts,PH230600141198,Medley,PH230600151314,Medley,TC10010014,KEYPAD 8300,TC10010014-KEYPAD 8300,MMS-TC10010014, $109 , -   ,,,
17310,BDM,MMS,Medication Management Solutions (MMS),MMS,Infusion Systems,2306001,Alaris System,PH230600121012,Service,PH230600131072,Alaris System Service Parts,PH230600141198,Medley,PH230600151314,Medley,TC10013830,CONN IUI L 8XXX,TC10013830-CONN IUI L 8XXX,MMS-TC10013830, $-   , -   ,,,
17311,BDM,MMS,Medication Management Solutions (MMS),MMS,Infusion Systems,2306001,Alaris System,PH230600121012,Service,PH230600131072,Alaris System Service Parts,PH230600141198,Medley,PH230600151314,Medley,TC10013831,CONN IUI R 8XXX,TC10013831-CONN IUI R 8XXX,MMS-TC10013831, $-   , -   ,,,
17318,BDM,MMS,Medication Management Solutions (MMS),MMS,Infusion Systems,2306001,Alaris System,PH230600121012,Service,PH230600131072,Alaris System Service Parts,PH230600141198,Medley,PH230600151314,Medley,TC10019805,PCBA PCU LOGIC 8015LS 2.0,TC10019805-PCBA PCU LOGIC 8015LS 2.0,MMS-TC10019805," $1,469 ", 1 ,,,
17325,BDM,MMS,Medication Management Solutions (MMS),MMS,Infusion Systems,2306001,Alaris System,PH230600121012,Service,PH230600131072,Alaris System Service Parts,PH230600141203,Partnership,PH230600151319,Partnership,PPR_LABOR,PARTS PARTNERSHIP REPAIR LABOR,PPR_LABOR-PARTS PARTNERSHIP REPAIR LABOR,MMS-PPR_LABOR, $-   , -   ,,,
17353,BDM,MMS,Medication Management Solutions (MMS),MMS,Infusion Systems,2306001,Alaris System,PH230600121012,Service,PH230600131108,Alaris System Service Parts,PH230600141248,Infusion Products NONCATALOG,PH230600151401,Hang Tags NONCATALOG,P00000062,QRG 8000 8015 8100 PCU V9.,P00000062-QRG 8000 8015 8100 PCU V9.,MMS-P00000062, $315 , 20 ,,,
17359,BDM,MMS,Medication Management Solutions (MMS),MMS,Infusion Systems,2306001,Alaris System,PH230600121012,Service,PH230600131108,Alaris System Service Parts,PH230600141252,Field Svc Contract Parts NONCATALOG,PH230600151398,FSC Infusion Products NONCATALOG,10013524,ASSY PCA LOCK KIT.,10013524-ASSY PCA LOCK KIT.,MMS-10013524, $-   , -   ,,,
17378,BDM,MMS,Medication Management Solutions (MMS),MMS,Infusion Systems,2306001,Alaris System,PH230600121012,Service,PH230600131108,Alaris System Service Parts,PH230600141252,Field Svc Contract Parts NONCATALOG,PH230600151398,FSC Infusion Products NONCATALOG,147077-100,KIT IUI CONN (RIGHT) 8XXX.,147077-100-KIT IUI CONN (RIGHT) 8XXX.,MMS-147077-100, $9 , 1 ,,,
17439,BDM,MMS,Medication Management Solutions (MMS),MMS,Infusion Systems,2306001,Alaris System,PH230600121012,Service,PH230600131108,Alaris System Service Parts,PH230600141252,Field Svc Contract Parts NONCATALOG,PH230600151398,FSC Infusion Products NONCATALOG,49000704,"KIT, CE REAR CASE ASSY 8110 INTL.","49000704-KIT, CE REAR CASE ASSY 8110 INTL.",MMS-49000704," $1,400 ", 25 ,,,
17448,BDM,MMS,Medication Management Solutions (MMS),MMS,Infusion Systems,2306001,Alaris System,PH230600121012,Service,PH230600131108,Alaris System Service Parts,PH230600141252,Field Svc Contract Parts NONCATALOG,PH230600151398,FSC Infusion Products NONCATALOG,49000846,KIT HANDLE RIGHT PCA OUS.,49000846-KIT HANDLE RIGHT PCA OUS.,MMS-49000846, $228 , 10 ,,,
17449,BDM,MMS,Medication Management Solutions (MMS),MMS,Infusion Systems,2306001,Alaris System,PH230600121012,Service,PH230600131108,Alaris System Service Parts,PH230600141252,Field Svc Contract Parts NONCATALOG,PH230600151398,FSC Infusion Products NONCATALOG,49000915,PCU SWITCHING POWER SUPPLY KIT,49000915-PCU SWITCHING POWER SUPPLY KIT,MMS-49000915," $11,956 ", 51 ,,,
17450,BDM,MMS,Medication Management Solutions (MMS),MMS,Infusion Systems,2306001,Alaris System,PH230600121012,Service,PH230600131108,Alaris System Service Parts,PH230600141252,Field Svc Contract Parts NONCATALOG,PH230600151398,FSC Infusion Products NONCATALOG,49000923,KIT DOOR LATCH ASSY 8100BD,49000923-KIT DOOR LATCH ASSY 8100BD,MMS-49000923," $107,078 "," 5,083 ",,,
17451,BDM,MMS,Medication Management Solutions (MMS),MMS,Infusion Systems,2306001,Alaris System,PH230600121012,Service,PH230600131108,Alaris System Service Parts,PH230600141252,Field Svc Contract Parts NONCATALOG,PH230600151398,FSC Infusion Products NONCATALOG,49000924,KIT LVP LATCH ASSY 8100 A,49000924-KIT LVP LATCH ASSY 8100 A,MMS-49000924," $211,227 "," 5,753 ",,,
17452,BDM,MMS,Medication Management Solutions (MMS),MMS,Infusion Systems,2306001,Alaris System,PH230600121012,Service,PH230600131108,Alaris System Service Parts,PH230600141252,Field Svc Contract Parts NONCATALOG,PH230600151398,FSC Infusion Products NONCATALOG,49000925,CONN IUI L 8XXX,49000925-CONN IUI L 8XXX,MMS-49000925," $249,838 "," 1,061 ",,,
17453,BDM,MMS,Medication Management Solutions (MMS),MMS,Infusion Systems,2306001,Alaris System,PH230600121012,Service,PH230600131108,Alaris System Service Parts,PH230600141252,Field Svc Contract Parts NONCATALOG,PH230600151398,FSC Infusion Products NONCATALOG,49000930,"KIT, 8100 LOGIC BD","49000930-KIT, 8100 LOGIC BD",MMS-49000930," $159,399 ", 292 ,,,
17454,BDM,MMS,Medication Management Solutions (MMS),MMS,Infusion Systems,2306001,Alaris System,PH230600121012,Service,PH230600131108,Alaris System Service Parts,PH230600141252,Field Svc Contract Parts NONCATALOG,PH230600151398,FSC Infusion Products NONCATALOG,49000936,KIT MTR CONTR BRD 8100,49000936-KIT MTR CONTR BRD 8100,MMS-49000936," $42,805 ", 101 ,,,
17455,BDM,MMS,Medication Management Solutions (MMS),MMS,Infusion Systems,2306001,Alaris System,PH230600121012,Service,PH230600131108,Alaris System Service Parts,PH230600141252,Field Svc Contract Parts NONCATALOG,PH230600151398,FSC Infusion Products NONCATALOG,49000940,COMM EXT BD PCU 1.5,49000940-COMM EXT BD PCU 1.5,MMS-49000940, $626 , 10 ,,,
17496,BDM,MMS,Medication Management Solutions (MMS),MMS,Infusion Systems,2306001,Alaris System,PH230600121012,Service,PH230600131108,Alaris System Service Parts,PH230600141255,Medley NONCATALOG,PH230600151403,Medley NONCATALOG,10013671,ASSY SYRINGE REAR CASE KIT.,10013671-ASSY SYRINGE REAR CASE KIT.,MMS-10013671," $22,853 ", 28 ,,,
17501,BDM,MMS,Medication Management Solutions (MMS),MMS,Infusion Systems,2306001,Alaris System,PH230600121012,Service,PH230600131108,Alaris System Service Parts,PH230600141255,Medley NONCATALOG,PH230600151403,Medley NONCATALOG,10160434,"KIT,AUTO ID REAR CASE ASSY.","10160434-KIT,AUTO ID REAR CASE ASSY.",MMS-10160434, $790 , 10 ,,,
17503,BDM,MMS,Medication Management Solutions (MMS),MMS,Infusion Systems,2306001,Alaris System,PH230600121012,Service,PH230600131108,Alaris System Service Parts,PH230600141255,Medley NONCATALOG,PH230600151403,Medley NONCATALOG,10941046,CARD 802.11ABG CF WIRELESS LAN INTERFACE.,10941046-CARD 802.11ABG CF WIRELESS LAN INTERFACE.,MMS-10941046, $-   , -   ,,,
17504,BDM,MMS,Medication Management Solutions (MMS),MMS,Infusion Systems,2306001,Alaris System,PH230600121012,Service,PH230600131108,Alaris System Service Parts,PH230600141255,Medley NONCATALOG,PH230600151403,Medley NONCATALOG,11089891,Power Cord UK 13 Amp.,11089891-Power Cord UK 13 Amp.,MMS-11089891, $(5), 8 ,,,
17514,BDM,MMS,Medication Management Solutions (MMS),MMS,Infusion Systems,2306001,Alaris System,PH230600121012,Service,PH230600131108,Alaris System Service Parts,PH230600141255,Medley NONCATALOG,PH230600151403,Medley NONCATALOG,146980-000,GASKET STAT IND 8220.,146980-000-GASKET STAT IND 8220.,MMS-146980-000, $477 , 40 ,,,
17525,BDM,MMS,Medication Management Solutions (MMS),MMS,Infusion Systems,2306001,Alaris System,PH230600121012,Service,PH230600131108,Alaris System Service Parts,PH230600141255,Medley NONCATALOG,PH230600151403,Medley NONCATALOG,147784-100,PKG MTL SINGLE LVP/SPO2 8X00.,147784-100-PKG MTL SINGLE LVP/SPO2 8X00.,MMS-147784-100, $56 , 7 ,,,
17544,BDM,MMS,Medication Management Solutions (MMS),MMS,Infusion Systems,2306001,Alaris System,PH230600121012,Service,PH230600131108,Alaris System Service Parts,PH230600141255,Medley NONCATALOG,PH230600151403,Medley NONCATALOG,148245-001,ROD LATCH MODULE 8120.,148245-001-ROD LATCH MODULE 8120.,MMS-148245-001, $-   , -   ,,,
17554,BDM,MMS,Medication Management Solutions (MMS),MMS,Infusion Systems,2306001,Alaris System,PH230600121012,Service,PH230600131108,Alaris System Service Parts,PH230600141255,Medley NONCATALOG,PH230600151403,Medley NONCATALOG,320129A,CABLE ASSY DUAL 50P 2 INCH.,320129A-CABLE ASSY DUAL 50P 2 INCH.,MMS-320129A, $65 , 4 ,,,
17585,BDM,MMS,Medication Management Solutions (MMS),MMS,Infusion Systems,2306001,Alaris System,PH230600121012,Service,PH230600131108,Alaris System Service Parts,PH230600141255,Medley NONCATALOG,PH230600151403,Medley NONCATALOG,49000819,ASSY PCA FRONT CASE KYPD ROHS,49000819-ASSY PCA FRONT CASE KYPD ROHS,MMS-49000819, $-   , -   ,,,
17586,BDM,MMS,Medication Management Solutions (MMS),MMS,Infusion Systems,2306001,Alaris System,PH230600121012,Service,PH230600131108,Alaris System Service Parts,PH230600141255,Medley NONCATALOG,PH230600151403,Medley NONCATALOG,49000849,KIT DRIVE HOUSING ASSY PCA/BD SYR ROHS,49000849-KIT DRIVE HOUSING ASSY PCA/BD SYR ROHS,MMS-49000849," $3,060 ", -   ,,,
17587,BDM,MMS,Medication Management Solutions (MMS),MMS,Infusion Systems,2306001,Alaris System,PH230600121012,Service,PH230600131108,Alaris System Service Parts,PH230600141255,Medley NONCATALOG,PH230600151403,Medley NONCATALOG,49000850,KIT DRIVE TRAIN ASSY PCA/BD SYR ROHS,49000850-KIT DRIVE TRAIN ASSY PCA/BD SYR ROHS,MMS-49000850," $16,847 ", 11 ,,,
17588,BDM,MMS,Medication Management Solutions (MMS),MMS,Infusion Systems,2306001,Alaris System,PH230600121012,Service,PH230600131108,Alaris System Service Parts,PH230600141255,Medley NONCATALOG,PH230600151403,Medley NONCATALOG,49000921,KIT PIVOT LATCH 8100,49000921-KIT PIVOT LATCH 8100,MMS-49000921," $31,641 "," 5,263 ",,,
17589,BDM,MMS,Medication Management Solutions (MMS),MMS,Infusion Systems,2306001,Alaris System,PH230600121012,Service,PH230600131108,Alaris System Service Parts,PH230600141255,Medley NONCATALOG,PH230600151403,Medley NONCATALOG,49000926,FORCE SENSOR ASSY KIT,49000926-FORCE SENSOR ASSY KIT,MMS-49000926," $11,141 ", 19 ,,,
17590,BDM,MMS,Medication Management Solutions (MMS),MMS,Infusion Systems,2306001,Alaris System,PH230600121012,Service,PH230600131108,Alaris System Service Parts,PH230600141255,Medley NONCATALOG,PH230600151403,Medley NONCATALOG,49000933,ASSY HARNESS DISPLAY 8110/8120,49000933-ASSY HARNESS DISPLAY 8110/8120,MMS-49000933, $194 , 5 ,,,
17591,BDM,MMS,Medication Management Solutions (MMS),MMS,Infusion Systems,2306001,Alaris System,PH230600121012,Service,PH230600131108,Alaris System Service Parts,PH230600141255,Medley NONCATALOG,PH230600151403,Medley NONCATALOG,49000937,ASSY WRAP DOSE REQUEST CORD 8120,49000937-ASSY WRAP DOSE REQUEST CORD 8120,MMS-49000937," $4,082 ", 341 ,,,
17592,BDM,MMS,Medication Management Solutions (MMS),MMS,Infusion Systems,2306001,Alaris System,PH230600121012,Service,PH230600131108,Alaris System Service Parts,PH230600141255,Medley NONCATALOG,PH230600151403,Medley NONCATALOG,49000942,RTNR UPR DSPL PCU 8015LS,49000942-RTNR UPR DSPL PCU 8015LS,MMS-49000942," $1,153 ", 62 ,,,
17593,BDM,MMS,Medication Management Solutions (MMS),MMS,Infusion Systems,2306001,Alaris System,PH230600121012,Service,PH230600131108,Alaris System Service Parts,PH230600141255,Medley NONCATALOG,PH230600151403,Medley NONCATALOG,49000943,PCBA PCU LOGIC 8015LS 2.0,49000943-PCBA PCU LOGIC 8015LS 2.0,MMS-49000943," $5,471 ", 9 ,,,
17594,BDM,MMS,Medication Management Solutions (MMS),MMS,Infusion Systems,2306001,Alaris System,PH230600121012,Service,PH230600131108,Alaris System Service Parts,PH230600141255,Medley NONCATALOG,PH230600151403,Medley NONCATALOG,49000947,KIT WIRELESS ASSEMBLY 802.11,49000947-KIT WIRELESS ASSEMBLY 802.11,MMS-49000947," $53,868 ", 209 ,,,
17595,BDM,MMS,Medication Management Solutions (MMS),MMS,Infusion Systems,2306001,Alaris System,PH230600121012,Service,PH230600131108,Alaris System Service Parts,PH230600141255,Medley NONCATALOG,PH230600151403,Medley NONCATALOG,49000949,LINEAR SENSOR 8110/8120,49000949-LINEAR SENSOR 8110/8120,MMS-49000949," $50,469 ", 214 ,,,
17596,BDM,MMS,Medication Management Solutions (MMS),MMS,Infusion Systems,2306001,Alaris System,PH230600121012,Service,PH230600131108,Alaris System Service Parts,PH230600141255,Medley NONCATALOG,PH230600151403,Medley NONCATALOG,49000951,PCBA LOGIC ETCO2,49000951-PCBA LOGIC ETCO2,MMS-49000951," $18,106 ", 33 ,,,
17597,BDM,MMS,Medication Management Solutions (MMS),MMS,Infusion Systems,2306001,Alaris System,PH230600121012,Service,PH230600131108,Alaris System Service Parts,PH230600141255,Medley NONCATALOG,PH230600151403,Medley NONCATALOG,49000955,PCBA IUI RIGHT PCU,49000955-PCBA IUI RIGHT PCU,MMS-49000955," $3,408 ", 40 ,,,
17598,BDM,MMS,Medication Management Solutions (MMS),MMS,Infusion Systems,2306001,Alaris System,PH230600121012,Service,PH230600131108,Alaris System Service Parts,PH230600141255,Medley NONCATALOG,PH230600151403,Medley NONCATALOG,49000956,PCBA PWR SUPPLY PCU,49000956-PCBA PWR SUPPLY PCU,MMS-49000956," $18,945 ", 52 ,,,
17599,BDM,MMS,Medication Management Solutions (MMS),MMS,Infusion Systems,2306001,Alaris System,PH230600121012,Service,PH230600131108,Alaris System Service Parts,PH230600141255,Medley NONCATALOG,PH230600151403,Medley NONCATALOG,49000957,PCBA SIO PCU,49000957-PCBA SIO PCU,MMS-49000957," $39,234 ", 371 ,,,
17600,BDM,MMS,Medication Management Solutions (MMS),MMS,Infusion Systems,2306001,Alaris System,PH230600121012,Service,PH230600131108,Alaris System Service Parts,PH230600141255,Medley NONCATALOG,PH230600151403,Medley NONCATALOG,49000962,"ASSY, FLG DET SNSR, SYR/PCA","49000962-ASSY, FLG DET SNSR, SYR/PCA",MMS-49000962," $1,462 ", 32 ,,,
17601,BDM,MMS,Medication Management Solutions (MMS),MMS,Infusion Systems,2306001,Alaris System,PH230600121012,Service,PH230600131108,Alaris System Service Parts,PH230600141255,Medley NONCATALOG,PH230600151403,Medley NONCATALOG,49000963,PCBA SYRINGE LOGIC S2,49000963-PCBA SYRINGE LOGIC S2,MMS-49000963, $787 , 11 ,,,
17602,BDM,MMS,Medication Management Solutions (MMS),MMS,Infusion Systems,2306001,Alaris System,PH230600121012,Service,PH230600131108,Alaris System Service Parts,PH230600141255,Medley NONCATALOG,PH230600151403,Medley NONCATALOG,49000966,ASSY LOGIC BOARD 8015LS JTAG,49000966-ASSY LOGIC BOARD 8015LS JTAG,MMS-49000966," $16,296 ", 12 ,,,
17603,BDM,MMS,Medication Management Solutions (MMS),MMS,Infusion Systems,2306001,Alaris System,PH230600121012,Service,PH230600131108,Alaris System Service Parts,PH230600141255,Medley NONCATALOG,PH230600151403,Medley NONCATALOG,49000973,KIT ASM V12.6 8975,49000973-KIT ASM V12.6 8975,MMS-49000973, $136 , 50 ,,,
17675,BDM,MMS,Medication Management Solutions (MMS),MMS,Infusion Systems,2306001,Alaris System,PH230600121012,Service,PH230600131108,Alaris System Service Parts,PH230600141258,Other NONCATALOG,PH230600151406,Other NONCATALOG,49000438,"KIT, DOOR ASSY 8100BD.","49000438-KIT, DOOR ASSY 8100BD.",MMS-49000438, $-   , -   ,,,
17684,BDM,MMS,Medication Management Solutions (MMS),MMS,Infusion Systems,2306001,Alaris System,PH230600121012,Service,PH230600131108,Alaris System Service Parts,PH230600141260,Service manuals NONCATALOG,PH230600151410,Service Manuals Medley NONCATALOG,12232252,ASSY SERVICE MANUAL SYR/PCA (8110/8120).,12232252-ASSY SERVICE MANUAL SYR/PCA (8110/8120).,MMS-12232252, $-   , 1 ,,,
17692,BDM,MMS,Medication Management Solutions (MMS),MMS,Infusion Systems,2306001,Alaris System,PH230600121012,Service,PH230600131108,Alaris System Service Parts,PH230600141262,Support Materials NONCATALOG,PH230600151413,Support Materials Medley NONCATALOG,10010621,LBL DOOR 8300.,10010621-LBL DOOR 8300.,MMS-10010621, $-   , -   ,,,
17693,BDM,MMS,Medication Management Solutions (MMS),MMS,Infusion Systems,2306001,Alaris System,PH230600121012,Service,PH230600131108,Alaris System Service Parts,PH230600141262,Support Materials NONCATALOG,PH230600151413,Support Materials Medley NONCATALOG,10011844,KIT PACKAGING MATERIAL 8110.,10011844-KIT PACKAGING MATERIAL 8110.,MMS-10011844, $85 , 2 ,,,
17697,BDM,MMS,Medication Management Solutions (MMS),MMS,Infusion Systems,2306001,Alaris System,PH230600121013,Software,PH230600131075,Alaris System SMS,PH230600141214,Maintenance,PH230600151335,Alaris System,*SWMCCE,Software Maintenance for CCE,*SWMCCE-Software Maintenance for CCE,MMS-*SWMCCE, $-   , 800 ,,,
17738,BDM,MMS,Medication Management Solutions (MMS),MMS,Infusion Systems,2306001,Alaris System,PH230600121013,Software,PH230600131111,Alaris System SMS,PH230600141264,Maintenance NONCATALOG,PH230600151415,Alaris System Maintenance NONCATALOG,SMA,Software Maintenance Agreement.,SMA-Software Maintenance Agreement.,MMS-SMA," $26,884 ", 2 ,,,
17746,BDM,MMS,Medication Management Solutions (MMS),MMS,Infusion Systems,2306001,Alaris System,PH230600121015,Alaris System - PC Adjustment,PH230600131103,Alaris System - PC Adjustment,PH230600141233,Alaris System - PC Adjustment,PH230600151380,Alaris System - PC Adjustment,49001013,KIT BD ALARIS UM HARD COPY ETCO2 12.6,49001013-KIT BD ALARIS UM HARD COPY ETCO2 12.6,MMS-49001013, $-   , 120 ,,,
17747,BDM,MMS,Medication Management Solutions (MMS),MMS,Infusion Systems,2306001,Alaris System,PH230600121015,Alaris System - PC Adjustment,PH230600131103,Alaris System - PC Adjustment,PH230600141233,Alaris System - PC Adjustment,PH230600151380,Alaris System - PC Adjustment,49001015,KIT 8990 POC PCU V12.5.0,49001015-KIT 8990 POC PCU V12.5.0,MMS-49001015, $-   , 5 ,,,
17748,BDM,MMS,Medication Management Solutions (MMS),MMS,Infusion Systems,2306001,Alaris System,PH230600121015,Alaris System - PC Adjustment,PH230600131103,Alaris System - PC Adjustment,PH230600141233,Alaris System - PC Adjustment,PH230600151380,Alaris System - PC Adjustment,49001018,KIT BD ALARIS ETCO2 v12.6 C&D,49001018-KIT BD ALARIS ETCO2 v12.6 C&D,MMS-49001018, $-   , 16 ,,,
17749,BDM,MMS,Medication Management Solutions (MMS),MMS,Infusion Systems,2306001,Alaris System,PH230600121015,Alaris System - PC Adjustment,PH230600131103,Alaris System - PC Adjustment,PH230600141233,Alaris System - PC Adjustment,PH230600151380,Alaris System - PC Adjustment,HEALTHSIGHT_SUB,Healthsight Subscription,HEALTHSIGHT_SUB-Healthsight Subscription,MMS-HEALTHSIGHT_SUB, $-   , -   ,,,
17791,BDM,MMS,Medication Management Solutions (MMS),MMS,Infusion Systems,2306003,Alaris Plus,PH230600321000,DI Inst,PH230600331092,Alaris Plus Accessories - DI Inst,PH230600341204,Stands,PH230600351368,Stands,144XA,CUSTOM IV STAND.,144XA-CUSTOM IV STAND.,MMS-144XA," $1,085 ", 3 ,,,
17792,BDM,MMS,Medication Management Solutions (MMS),MMS,Infusion Systems,2306003,Alaris Plus,PH230600321000,DI Inst,PH230600331092,Alaris Plus Accessories - DI Inst,PH230600341204,Stands,PH230600351368,Stands,178G,PRYOR IV SAFETY SERIES POLE 6 LEG.,178G-PRYOR IV SAFETY SERIES POLE 6 LEG.,MMS-178G, $-   , 3 ,,,
17793,BDM,MMS,Medication Management Solutions (MMS),MMS,Infusion Systems,2306003,Alaris Plus,PH230600321000,DI Inst,PH230600331092,Alaris Plus Accessories - DI Inst,PH230600341204,Stands,PH230600351368,Stands,300A,Click & Go Mounting Bar1.,300A-Click & Go Mounting Bar1.,MMS-300A, $-   , 3 ,,,
17794,BDM,MMS,Medication Management Solutions (MMS),MMS,Infusion Systems,2306003,Alaris Plus,PH230600321000,DI Inst,PH230600331092,Alaris Plus Accessories - DI Inst,PH230600341204,Stands,PH230600351368,Stands,305A,Click & Go Mounting Bar 2.,305A-Click & Go Mounting Bar 2.,MMS-305A, $-   , 15 ,,,
17795,BDM,MMS,Medication Management Solutions (MMS),MMS,Infusion Systems,2306003,Alaris Plus,PH230600321000,DI Inst,PH230600331092,Alaris Plus Accessories - DI Inst,PH230600341204,Stands,PH230600351368,Stands,416,TABLE TOP IV STAND.,416-TABLE TOP IV STAND.,MMS-416, $172 , 9 ,,,
17860,BDM,MMS,Medication Management Solutions (MMS),MMS,Infusion Systems,2306003,Alaris Plus,PH230600321001,IV Pump Delivery,PH230600331011,Alaris Plus SE LVP Sets,PH230600341044,Burette,PH230600351077,Standard Injection,72103-0006,SE BURETTE REGULAR,72103-0006-SE BURETTE REGULAR,MMS-72103-0006," $3,346 ", -   ,,,
17874,BDM,MMS,Medication Management Solutions (MMS),MMS,Infusion Systems,2306003,Alaris Plus,PH230600321001,IV Pump Delivery,PH230600331012,Alaris Plus Syringe,PH230600341053,Enteral,PH230600351097,Enteral,002022190,SYRINGE 1ML ENTERAL WD,002022190-SYRINGE 1ML ENTERAL WD,MMS-002022190," $1,617 "," 10,000 ",,,
17876,BDM,MMS,Medication Management Solutions (MMS),MMS,Infusion Systems,2306003,Alaris Plus,PH230600321001,IV Pump Delivery,PH230600331012,Alaris Plus Syringe,PH230600341053,Enteral,PH230600351097,Enteral,002022390,SYRINGE 2.5 ML ENTERAL WD,002022390-SYRINGE 2.5 ML ENTERAL WD,MMS-002022390," $2,424 "," 15,000 ",,,
17879,BDM,MMS,Medication Management Solutions (MMS),MMS,Infusion Systems,2306003,Alaris Plus,PH230600321001,IV Pump Delivery,PH230600331012,Alaris Plus Syringe,PH230600341053,Enteral,PH230600351097,Enteral,002022590,SYRINGES 5ML ENTERAL WD,002022590-SYRINGES 5ML ENTERAL WD,MMS-002022590, $106 , 300 ,,,
17988,BDM,MMS,Medication Management Solutions (MMS),MMS,Infusion Systems,2306003,Alaris Plus,PH230600321002,POC Systems,PH230600331039,Alaris Plus CC Pump - Placement,PH230600341118,CC - Placement,PH230600351220,CC Plus - Placement,PLACE - CC PUMP,Alaris Plus CC Pump - Placement,PLACE - CC PUMP-Alaris Plus CC Pump - Placement,MMS-PLACE - CC PUMP, $-   , 160 ,,,
17989,BDM,MMS,Medication Management Solutions (MMS),MMS,Infusion Systems,2306003,Alaris Plus,PH230600321002,POC Systems,PH230600331040,Alaris Plus Docking Station - Placement,PH230600341119,AGW AUX-01 - Placement,PH230600351221,Gateway Workstation 1 - Placement,PLACE - DOCKING STA,Alaris Plus Docking Station - Placement,PLACE - DOCKING STA-Alaris Plus Docking Station - Placement,MMS-PLACE - DOCKING STA, $-   , 384 ,,,
17991,BDM,MMS,Medication Management Solutions (MMS),MMS,Infusion Systems,2306003,Alaris Plus,PH230600321002,POC Systems,PH230600331043,Alaris Plus GW Pump - Placement,PH230600341122,GW 800 - Placement,PH230600351224,GW 800 - Placement,PLACE - GW PUMP,Alaris Plus GW Pump - Placement,PLACE - GW PUMP-Alaris Plus GW Pump - Placement,MMS-PLACE - GW PUMP, $-   , 116 ,,,
17992,BDM,MMS,Medication Management Solutions (MMS),MMS,Infusion Systems,2306003,Alaris Plus,PH230600321002,POC Systems,PH230600331044,Alaris Plus VP Pump - Placement,PH230600341123,VP - Placement,PH230600351225,VP Plus - Placement,PLACE - VP PUMP,Alaris Plus VP Pump - Placement,PLACE - VP PUMP-Alaris Plus VP Pump - Placement,MMS-PLACE - VP PUMP, $-   , 245 ,,,
18002,BDM,MMS,Medication Management Solutions (MMS),MMS,Infusion Systems,2306003,Alaris Plus,PH230600321002,POC Systems,PH230600331067,Alaris Plus CC Nexus Pump - Placement,PH230600341151,CC Nexus - Placement,PH230600351300,CC Nexus - Placement,DUMMYSKU036_MMS,Dummy SKU - Alaris Plus CC Nexus Pump - Placement,DUMMYSKU036_MMS-Dummy SKU - Alaris Plus CC Nexus Pump - Placement,MMS-DUMMYSKU036_MMS, $-   ," 1,131 ",,,
18004,BDM,MMS,Medication Management Solutions (MMS),MMS,Infusion Systems,2306003,Alaris Plus,PH230600321002,POC Systems,PH230600331069,Alaris Plus GP Nexus Pump - Placement,PH230600341153,GP Nexus - Placement,PH230600351302,GP Nexus - Placement,DUMMYSKU038_MMS,Dummy SKU - Alaris Plus GP Nexus Pump - Placement,DUMMYSKU038_MMS-Dummy SKU - Alaris Plus GP Nexus Pump - Placement,MMS-DUMMYSKU038_MMS, $-   ," 2,146 ",,,
18006,BDM,MMS,Medication Management Solutions (MMS),MMS,Infusion Systems,2306003,Alaris Plus,PH230600321002,POC Systems,PH230600331071,Alaris Plus PK Nexus Pump - Placement,PH230600341155,PK Nexus - Placement,PH230600351304,PK Nexus - Placement,DUMMYSKU040_MMS,Dummy SKU - Alaris Plus PK Nexus Pump - Placement,DUMMYSKU040_MMS-Dummy SKU - Alaris Plus PK Nexus Pump - Placement,MMS-DUMMYSKU040_MMS, $-   , 346 ,,,
18018,BDM,MMS,Medication Management Solutions (MMS),MMS,Infusion Systems,2306003,Alaris Plus,PH230600321002,POC Systems,PH230600331075,Alaris Plus Docking Station,PH230600341170,AGW BASE-02,PH230600351335,Gateway Workstation 1 wired,80300UNS02-70,ALARIS GATEWAY WORKSTATION.,80300UNS02-70-ALARIS GATEWAY WORKSTATION.,MMS-80300UNS02-70," $4,874 ", 2 ,,,
18019,BDM,MMS,Medication Management Solutions (MMS),MMS,Infusion Systems,2306003,Alaris Plus,PH230600321002,POC Systems,PH230600331075,Alaris Plus Docking Station,PH230600341171,AGW WIFI-03,PH230600351336,Gateway Workstation 1 wired + wi,CFN##13D052,(80203UNS03-32 ) ALARIS GATEWAY WORKSTATION,CFN##13D052-(80203UNS03-32 ) ALARIS GATEWAY WORKSTATION,MMS-CFN##13D052, $-   , 1 ,,,
18022,BDM,MMS,Medication Management Solutions (MMS),MMS,Infusion Systems,2306003,Alaris Plus,PH230600321002,POC Systems,PH230600331078,Alaris Plus CC Pump,PH230600341174,CC,PH230600351324,CC Plus,8003MED01,ALARIS CC PLUS.,8003MED01-ALARIS CC PLUS.,MMS-8003MED01, $304 , 5 ,,,
18023,BDM,MMS,Medication Management Solutions (MMS),MMS,Infusion Systems,2306003,Alaris Plus,PH230600321002,POC Systems,PH230600331078,Alaris Plus CC Pump,PH230600341174,CC,PH230600351325,CC Plus Guardrails,8003TIG01-G,ALARIS CC PLUS GUARDRAILS SYRINGE PUMP.,8003TIG01-G-ALARIS CC PLUS GUARDRAILS SYRINGE PUMP.,MMS-8003TIG01-G," $2,132 ", 4 ,,,
18027,BDM,MMS,Medication Management Solutions (MMS),MMS,Infusion Systems,2306003,Alaris Plus,PH230600321002,POC Systems,PH230600331084,Alaris Plus Syringe Pump,PH230600341210,Enteral,PH230600351396,Enteral,8002ENT01-U,ALARIS ENTERAL - USED.,8002ENT01-U-ALARIS ENTERAL - USED.,MMS-8002ENT01-U, $-   , (1),,,
18031,BDM,MMS,Medication Management Solutions (MMS),MMS,Infusion Systems,2306003,Alaris Plus,PH230600321002,POC Systems,PH230600331086,Alaris Plus GH Pump,PH230600341183,GH,PH230600351339,GH Plus,8002TIG01-G,Alaris GH Plus Guardrails Syringe Pump.,8002TIG01-G-Alaris GH Plus Guardrails Syringe Pump.,MMS-8002TIG01-G, $350 , 1 ,,,
18032,BDM,MMS,Medication Management Solutions (MMS),MMS,Infusion Systems,2306003,Alaris Plus,PH230600321002,POC Systems,PH230600331086,Alaris Plus GH Pump,PH230600341183,GH,PH230600351339,GH Plus,8002TIG01-G-U,Alaris GH Plus G/Rls Syringe Pump - USED.,8002TIG01-G-U-Alaris GH Plus G/Rls Syringe Pump - USED.,MMS-8002TIG01-G-U, $-   , (1),,,
18037,BDM,MMS,Medication Management Solutions (MMS),MMS,Infusion Systems,2306003,Alaris Plus,PH230600321002,POC Systems,PH230600331088,Alaris Plus GP Pump,PH230600341185,GP,PH230600351381,GP Plus,9002TIG01,ALARIS GP Plus Pump.,9002TIG01-ALARIS GP Plus Pump.,MMS-9002TIG01," $21,513 ", 97 ,,,
18038,BDM,MMS,Medication Management Solutions (MMS),MMS,Infusion Systems,2306003,Alaris Plus,PH230600321002,POC Systems,PH230600331088,Alaris Plus GP Pump,PH230600341185,GP,PH230600351381,GP Plus,9002TIG01-G,ALARIS GP PLUS GUARDRAILS PUMP.,9002TIG01-G-ALARIS GP PLUS GUARDRAILS PUMP.,MMS-9002TIG01-G," $8,871 ", 40 ,,,
18054,BDM,MMS,Medication Management Solutions (MMS),MMS,Infusion Systems,2306003,Alaris Plus,PH230600321002,POC Systems,PH230600331106,Alaris Plus VP Pump - Rental,PH230600341217,VP - Rental,PH230600351402,VP Plus - Rental,700044301,MMS RENTAL VP ALARIS PLUS,700044301-MMS RENTAL VP ALARIS PLUS,MMS-700044301," $6,273 ", 8 ,,,
18055,BDM,MMS,Medication Management Solutions (MMS),MMS,Infusion Systems,2306003,Alaris Plus,PH230600321002,POC Systems,PH230600331107,Alaris Plus Docking Station - Rental,PH230600341218,AGW BASE-02,PH230600351403,Gateway Workstation 1 wired - rental,*CFN13D160,Rental AGW 80300UNS02-54,*CFN13D160-Rental AGW 80300UNS02-54,MMS-*CFN13D160," $31,714 ", -   ,,,
18056,BDM,MMS,Medication Management Solutions (MMS),MMS,Infusion Systems,2306003,Alaris Plus,PH230600321002,POC Systems,PH230600331107,Alaris Plus Docking Station - Rental,PH230600341219,Alaris Plus Docking Station - Rental,PH230600351404,Alaris Plus Docking Station - Rental,*ALADOCKST,rental Docking Station,*ALADOCKST-rental Docking Station,MMS-*ALADOCKST," $4,460 ", -   ,,,
18057,BDM,MMS,Medication Management Solutions (MMS),MMS,Infusion Systems,2306003,Alaris Plus,PH230600321002,POC Systems,PH230600331107,Alaris Plus Docking Station - Rental,PH230600341219,Alaris Plus Docking Station - Rental,PH230600351404,Alaris Plus Docking Station - Rental,*ALADOCKST1,rental Alaris Docking,*ALADOCKST1-rental Alaris Docking,MMS-*ALADOCKST1, $840 , -   ,,,
18209,BDM,MMS,Medication Management Solutions (MMS),MMS,Infusion Systems,2306003,Alaris Plus,PH230600321003,Service,PH230600331080,Alaris Plus Prof. Services,PH230600341176,Contract,PH230600351327,Contract,*CP1-DEPOT,Care plan 1 depot,*CP1-DEPOT-Care plan 1 depot,MMS-*CP1-DEPOT, $566 , -   ,,,
18210,BDM,MMS,Medication Management Solutions (MMS),MMS,Infusion Systems,2306003,Alaris Plus,PH230600321003,Service,PH230600331080,Alaris Plus Prof. Services,PH230600341176,Contract,PH230600351327,Contract,170015,ALARIS GH (P8002) -T2.,170015-ALARIS GH (P8002) -T2.,MMS-170015, $843 , 1 ,,,
18214,BDM,MMS,Medication Management Solutions (MMS),MMS,Infusion Systems,2306003,Alaris Plus,PH230600321003,Service,PH230600331080,Alaris Plus Prof. Services,PH230600341176,Contract,PH230600351375,AGW,170010,ASENA GATEWAY - T1.,170010-ASENA GATEWAY - T1.,MMS-170010, $424 , 1 ,,,
18221,BDM,MMS,Medication Management Solutions (MMS),MMS,Infusion Systems,2306003,Alaris Plus,PH230600321003,Service,PH230600331080,Alaris Plus Prof. Services,PH230600341200,Serv Lab/Fixed Price,PH230600351365,Serv Lab/Fixed Price,*GCSOTHALA,Miscelaneous A+.,*GCSOTHALA-Miscelaneous A+.,MMS-*GCSOTHALA," $2,993 ", -   ,,,
18227,BDM,MMS,Medication Management Solutions (MMS),MMS,Infusion Systems,2306003,Alaris Plus,PH230600321003,Service,PH230600331080,Alaris Plus Prof. Services,PH230600341200,Serv Lab/Fixed Price,PH230600351365,Serv Lab/Fixed Price,GRDATASETDVLP,Guardrails dataset development.,GRDATASETDVLP-Guardrails dataset development.,MMS-GRDATASETDVLP, $652 , 2 ,,,
18228,BDM,MMS,Medication Management Solutions (MMS),MMS,Infusion Systems,2306003,Alaris Plus,PH230600321003,Service,PH230600331080,Alaris Plus Prof. Services,PH230600341200,Serv Lab/Fixed Price,PH230600351365,Serv Lab/Fixed Price,PR.MAINTENANCE,Preventative Maintance.,PR.MAINTENANCE-Preventative Maintance.,MMS-PR.MAINTENANCE," $9,052 ", 156 ,,,
18230,BDM,MMS,Medication Management Solutions (MMS),MMS,Infusion Systems,2306003,Alaris Plus,PH230600321003,Service,PH230600331080,Alaris Plus Prof. Services,PH230600341208,Training services,PH230600351371,Training Services,*BNLCTC1,Competence Training 1h,*BNLCTC1-Competence Training 1h,MMS-*BNLCTC1, $(81), -   ,,,
18232,BDM,MMS,Medication Management Solutions (MMS),MMS,Infusion Systems,2306003,Alaris Plus,PH230600321003,Service,PH230600331080,Alaris Plus Prof. Services,PH230600341208,Training services,PH230600351371,Training Services,GRCONSULT,Guardrails Consultancy.,GRCONSULT-Guardrails Consultancy.,MMS-GRCONSULT," $7,830 ", 18 ,,,
18236,BDM,MMS,Medication Management Solutions (MMS),MMS,Infusion Systems,2306003,Alaris Plus,PH230600321003,Service,PH230600331081,Alaris Plus Service Parts,PH230600341201,Service Parts,PH230600351322,AGW,1000EL00682,GATEWAY CABLE ASSY SERVICES LVPS.,1000EL00682-GATEWAY CABLE ASSY SERVICES LVPS.,MMS-1000EL00682, $151 , 7 ,,,
18246,BDM,MMS,Medication Management Solutions (MMS),MMS,Infusion Systems,2306003,Alaris Plus,PH230600321003,Service,PH230600331081,Alaris Plus Service Parts,PH230600341201,Service Parts,PH230600351322,AGW,1000LB01661,AGW1.2 Keypad 03 Wireless.,1000LB01661-AGW1.2 Keypad 03 Wireless.,MMS-1000LB01661, $164 , 4 ,,,
18250,BDM,MMS,Medication Management Solutions (MMS),MMS,Infusion Systems,2306003,Alaris Plus,PH230600321003,Service,PH230600331081,Alaris Plus Service Parts,PH230600341201,Service Parts,PH230600351322,AGW,1000ME00417,END CAP POLE DS/IDS.,1000ME00417-END CAP POLE DS/IDS.,MMS-1000ME00417, $54 , 10 ,,,
18254,BDM,MMS,Medication Management Solutions (MMS),MMS,Infusion Systems,2306003,Alaris Plus,PH230600321003,Service,PH230600331081,Alaris Plus Service Parts,PH230600341201,Service Parts,PH230600351322,AGW,1000ME00547,BEACON DIFFUSOR.,1000ME00547-BEACON DIFFUSOR.,MMS-1000ME00547, $98 , 12 ,,,
18256,BDM,MMS,Medication Management Solutions (MMS),MMS,Infusion Systems,2306003,Alaris Plus,PH230600321003,Service,PH230600331081,Alaris Plus Service Parts,PH230600341201,Service Parts,PH230600351322,AGW,1000SP00436,ASSEMBLY BAG HANGER 2 WAY L/H.,1000SP00436-ASSEMBLY BAG HANGER 2 WAY L/H.,MMS-1000SP00436," $1,949 ", 7 ,,,
18257,BDM,MMS,Medication Management Solutions (MMS),MMS,Infusion Systems,2306003,Alaris Plus,PH230600321003,Service,PH230600331081,Alaris Plus Service Parts,PH230600341201,Service Parts,PH230600351322,AGW,1000SP00438,ASSEMBLY BAG HANGER 3 WAY L/H.,1000SP00438-ASSEMBLY BAG HANGER 3 WAY L/H.,MMS-1000SP00438," $1,450 ", 5 ,,,
18258,BDM,MMS,Medication Management Solutions (MMS),MMS,Infusion Systems,2306003,Alaris Plus,PH230600321003,Service,PH230600331081,Alaris Plus Service Parts,PH230600341201,Service Parts,PH230600351322,AGW,1000SP00652,ASSEMBLY SPEAKER ALARM AGW.,1000SP00652-ASSEMBLY SPEAKER ALARM AGW.,MMS-1000SP00652, $75 , 5 ,,,
18260,BDM,MMS,Medication Management Solutions (MMS),MMS,Infusion Systems,2306003,Alaris Plus,PH230600321003,Service,PH230600331081,Alaris Plus Service Parts,PH230600341201,Service Parts,PH230600351322,AGW,1000SP01213,AGW SADDLE KIT.,1000SP01213-AGW SADDLE KIT.,MMS-1000SP01213, $221 , 3 ,,,
18261,BDM,MMS,Medication Management Solutions (MMS),MMS,Infusion Systems,2306003,Alaris Plus,PH230600321003,Service,PH230600331081,Alaris Plus Service Parts,PH230600341201,Service Parts,PH230600351322,AGW,1000SP01214,AGW POD KIT.,1000SP01214-AGW POD KIT.,MMS-1000SP01214," $1,098 ", 5 ,,,
18298,BDM,MMS,Medication Management Solutions (MMS),MMS,Infusion Systems,2306003,Alaris Plus,PH230600321003,Service,PH230600331081,Alaris Plus Service Parts,PH230600341201,Service Parts,PH230600351343,GP Plus,1000ME00636,ASENA LVP MAINS INLET BRACKET.,1000ME00636-ASENA LVP MAINS INLET BRACKET.,MMS-1000ME00636, $5 , 2 ,,,
18349,BDM,MMS,Medication Management Solutions (MMS),MMS,Infusion Systems,2306003,Alaris Plus,PH230600321003,Service,PH230600331081,Alaris Plus Service Parts,PH230600341201,Service Parts,PH230600351343,GP Plus,1000SP01848,Alaris GP Prog'd Ctrl PCB Kit PLUS.,1000SP01848-Alaris GP Prog'd Ctrl PCB Kit PLUS.,MMS-1000SP01848, $482 , 1 ,,,
18360,BDM,MMS,Medication Management Solutions (MMS),MMS,Infusion Systems,2306003,Alaris Plus,PH230600321003,Service,PH230600331081,Alaris Plus Service Parts,PH230600341201,Service Parts,PH230600351343,GP Plus,1000SP02186,BD Alaris neXus GP WiFi LAIRD Module Kit.,1000SP02186-BD Alaris neXus GP WiFi LAIRD Module Kit.,MMS-1000SP02186, $808 , 4 ,,,
18368,BDM,MMS,Medication Management Solutions (MMS),MMS,Infusion Systems,2306003,Alaris Plus,PH230600321003,Service,PH230600331081,Alaris Plus Service Parts,PH230600341201,Service Parts,PH230600351343,GP Plus,1000SP02284,GPGR Consol?ÇÖtd PCBA v2.3.4 Kit.,1000SP02284-GPGR Consol?ÇÖtd PCBA v2.3.4 Kit.,MMS-1000SP02284, $(350), -   ,,,
18376,BDM,MMS,Medication Management Solutions (MMS),MMS,Infusion Systems,2306003,Alaris Plus,PH230600321003,Service,PH230600331081,Alaris Plus Service Parts,PH230600341201,Service Parts,PH230600351345,GW,1000LB00397,ASENA GW LBL ALARM ITALIAN.,1000LB00397-ASENA GW LBL ALARM ITALIAN.,MMS-1000LB00397, $6 , 1 ,,,
18385,BDM,MMS,Medication Management Solutions (MMS),MMS,Infusion Systems,2306003,Alaris Plus,PH230600321003,Service,PH230600331081,Alaris Plus Service Parts,PH230600341201,Service Parts,PH230600351345,GW,1000SP00323,ASENA GW KIT REAR CASE 230V ITALIAN.,1000SP00323-ASENA GW KIT REAR CASE 230V ITALIAN.,MMS-1000SP00323, $25 , 1 ,,,
18396,BDM,MMS,Medication Management Solutions (MMS),MMS,Infusion Systems,2306003,Alaris Plus,PH230600321003,Service,PH230600331081,Alaris Plus Service Parts,PH230600341201,Service Parts,PH230600351345,GW,1000SP01569,GW PUMPING FINGER KIT.,1000SP01569-GW PUMPING FINGER KIT.,MMS-1000SP01569, $375 , 20 ,,,
18408,BDM,MMS,Medication Management Solutions (MMS),MMS,Infusion Systems,2306003,Alaris Plus,PH230600321003,Service,PH230600331081,Alaris Plus Service Parts,PH230600341201,Service Parts,PH230600351347,GW 800,BDLB00120,BD ALARIS GW800 ALARM LABEL -ET,BDLB00120-BD ALARIS GW800 ALARM LABEL -ET,MMS-BDLB00120, $13 , 2 ,,,
18409,BDM,MMS,Medication Management Solutions (MMS),MMS,Infusion Systems,2306003,Alaris Plus,PH230600321003,Service,PH230600331081,Alaris Plus Service Parts,PH230600341201,Service Parts,PH230600351347,GW 800,BDLB00128,BD ALARIS GW800 ALARM LABEL -NL,BDLB00128-BD ALARIS GW800 ALARM LABEL -NL,MMS-BDLB00128, $191 , 30 ,,,
18429,BDM,MMS,Medication Management Solutions (MMS),MMS,Infusion Systems,2306003,Alaris Plus,PH230600321003,Service,PH230600331081,Alaris Plus Service Parts,PH230600341201,Service Parts,PH230600351358,SE,140297,LBL FLOW SNSR B 72XX.,140297-LBL FLOW SNSR B 72XX.,MMS-140297, $12 , 3 ,,,
18430,BDM,MMS,Medication Management Solutions (MMS),MMS,Infusion Systems,2306003,Alaris Plus,PH230600321003,Service,PH230600331081,Alaris Plus Service Parts,PH230600341201,Service Parts,PH230600351358,SE,140676,LBL START-UP NO SYM ENG 71XX/72XX.,140676-LBL START-UP NO SYM ENG 71XX/72XX.,MMS-140676, $42 , 3 ,,,
18432,BDM,MMS,Medication Management Solutions (MMS),MMS,Infusion Systems,2306003,Alaris Plus,PH230600321003,Service,PH230600331081,Alaris Plus Service Parts,PH230600341201,Service Parts,PH230600351358,SE,141144,CBL PRES XDCR 7XXX.,141144-CBL PRES XDCR 7XXX.,MMS-141144, $(2), 20 ,,,
18439,BDM,MMS,Medication Management Solutions (MMS),MMS,Infusion Systems,2306003,Alaris Plus,PH230600321003,Service,PH230600331081,Alaris Plus Service Parts,PH230600341201,Service Parts,PH230600351358,SE,142961,LBL RS232 WARNING ENG 7X0X 7X30/1.,142961-LBL RS232 WARNING ENG 7X0X 7X30/1.,MMS-142961, $80 , 3 ,,,
18442,BDM,MMS,Medication Management Solutions (MMS),MMS,Infusion Systems,2306003,Alaris Plus,PH230600321003,Service,PH230600331081,Alaris Plus Service Parts,PH230600341201,Service Parts,PH230600351358,SE,146136,LBL WARNING 7XXX.,146136-LBL WARNING 7XXX.,MMS-146136, $30 , 3 ,,,
18446,BDM,MMS,Medication Management Solutions (MMS),MMS,Infusion Systems,2306003,Alaris Plus,PH230600321003,Service,PH230600331081,Alaris Plus Service Parts,PH230600341201,Service Parts,PH230600351358,SE,TC10005900,SE KYPD MAIN ENG (7231).,TC10005900-SE KYPD MAIN ENG (7231).,MMS-TC10005900, $309 , 2 ,,,
18447,BDM,MMS,Medication Management Solutions (MMS),MMS,Infusion Systems,2306003,Alaris Plus,PH230600321003,Service,PH230600331081,Alaris Plus Service Parts,PH230600341201,Service Parts,PH230600351366,Service Parts,0000ME00447,3.0x10 Pan T Drive (T10)Steel.,0000ME00447-3.0x10 Pan T Drive (T10)Steel.,MMS-0000ME00447, $92 , 50 ,,,
18448,BDM,MMS,Medication Management Solutions (MMS),MMS,Infusion Systems,2306003,Alaris Plus,PH230600321003,Service,PH230600331081,Alaris Plus Service Parts,PH230600341201,Service Parts,PH230600351366,Service Parts,1000ME02154,Alaris LVP Wi-Fi PCBA Support Bracket.,1000ME02154-Alaris LVP Wi-Fi PCBA Support Bracket.,MMS-1000ME02154, $8 , 1 ,,,
18450,BDM,MMS,Medication Management Solutions (MMS),MMS,Infusion Systems,2306003,Alaris Plus,PH230600321003,Service,PH230600331081,Alaris Plus Service Parts,PH230600341201,Service Parts,PH230600351366,Service Parts,1000SP00327,"ASENA GW, KIT, FRONT CASE 110V ENGLISH.","1000SP00327-ASENA GW, KIT, FRONT CASE 110V ENGLISH.",MMS-1000SP00327, $263 , 3 ,,,
18461,BDM,MMS,Medication Management Solutions (MMS),MMS,Infusion Systems,2306003,Alaris Plus,PH230600321003,Service,PH230600331081,Alaris Plus Service Parts,PH230600341201,Service Parts,PH230600351366,Service Parts,1000SP02086,ALARIS PK PLUS MK4 3E FRONT CASE KIT.,1000SP02086-ALARIS PK PLUS MK4 3E FRONT CASE KIT.,MMS-1000SP02086, $120 , 1 ,,,
18463,BDM,MMS,Medication Management Solutions (MMS),MMS,Infusion Systems,2306003,Alaris Plus,PH230600321003,Service,PH230600331081,Alaris Plus Service Parts,PH230600341201,Service Parts,PH230600351366,Service Parts,1000SP02156,BD ALARIS NEXUS ACE 2.0 CD KIT.,1000SP02156-BD ALARIS NEXUS ACE 2.0 CD KIT.,MMS-1000SP02156, $125 , 2 ,,,
18484,BDM,MMS,Medication Management Solutions (MMS),MMS,Infusion Systems,2306003,Alaris Plus,PH230600321003,Service,PH230600331081,Alaris Plus Service Parts,PH230600341201,Service Parts,PH230600351366,Service Parts,1000SP02316,Alaris GH+GR Rear Case kit TIG03 CE2797,1000SP02316-Alaris GH+GR Rear Case kit TIG03 CE2797,MMS-1000SP02316, $368 , 4 ,,,
18500,BDM,MMS,Medication Management Solutions (MMS),MMS,Infusion Systems,2306003,Alaris Plus,PH230600321003,Service,PH230600331081,Alaris Plus Service Parts,PH230600341201,Service Parts,PH230600351367,SP,0000ME00380,NAK V SEAL V10A - ONLY NAK.,0000ME00380-NAK V SEAL V10A - ONLY NAK.,MMS-0000ME00380, $9 , 4 ,,,
18522,BDM,MMS,Medication Management Solutions (MMS),MMS,Infusion Systems,2306003,Alaris Plus,PH230600321003,Service,PH230600331081,Alaris Plus Service Parts,PH230600341201,Service Parts,PH230600351367,SP,1000ME01205,RAIL CAM INTERNAL.,1000ME01205-RAIL CAM INTERNAL.,MMS-1000ME01205, $21 , 10 ,,,
18527,BDM,MMS,Medication Management Solutions (MMS),MMS,Infusion Systems,2306003,Alaris Plus,PH230600321003,Service,PH230600331081,Alaris Plus Service Parts,PH230600341201,Service Parts,PH230600351367,SP,1000ME01299,GASKET MAINS INLET.,1000ME01299-GASKET MAINS INLET.,MMS-1000ME01299, $7 , 5 ,,,
18529,BDM,MMS,Medication Management Solutions (MMS),MMS,Infusion Systems,2306003,Alaris Plus,PH230600321003,Service,PH230600331081,Alaris Plus Service Parts,PH230600341201,Service Parts,PH230600351367,SP,1000ME01306,"Alaris SP, PSU Insulator.","1000ME01306-Alaris SP, PSU Insulator.",MMS-1000ME01306, $44 , 6 ,,,
18532,BDM,MMS,Medication Management Solutions (MMS),MMS,Infusion Systems,2306003,Alaris Plus,PH230600321003,Service,PH230600331081,Alaris Plus Service Parts,PH230600341201,Service Parts,PH230600351367,SP,1000ME01443,ASENA GW ASSY MAINS INLET RETAINER.,1000ME01443-ASENA GW ASSY MAINS INLET RETAINER.,MMS-1000ME01443, $62 , 10 ,,,
18538,BDM,MMS,Medication Management Solutions (MMS),MMS,Infusion Systems,2306003,Alaris Plus,PH230600321003,Service,PH230600331081,Alaris Plus Service Parts,PH230600341201,Service Parts,PH230600351367,SP,1000SP00170,"Alaris SP, Syringe Sizing Cam Only Kit.","1000SP00170-Alaris SP, Syringe Sizing Cam Only Kit.",MMS-1000SP00170, $248 , 14 ,,,
18540,BDM,MMS,Medication Management Solutions (MMS),MMS,Infusion Systems,2306003,Alaris Plus,PH230600321003,Service,PH230600331081,Alaris Plus Service Parts,PH230600341201,Service Parts,PH230600351367,SP,1000SP00336,"ALARIS GW, ASSY, RS232 CABLE.","1000SP00336-ALARIS GW, ASSY, RS232 CABLE.",MMS-1000SP00336, $46 , 2 ,,,
18558,BDM,MMS,Medication Management Solutions (MMS),MMS,Infusion Systems,2306003,Alaris Plus,PH230600321003,Service,PH230600331081,Alaris Plus Service Parts,PH230600341201,Service Parts,PH230600351367,SP,1000SP01153,"Alaris CC, Front Case Kit.","1000SP01153-Alaris CC, Front Case Kit.",MMS-1000SP01153, $(197), -   ,,,
18594,BDM,MMS,Medication Management Solutions (MMS),MMS,Infusion Systems,2306003,Alaris Plus,PH230600321003,Service,PH230600331081,Alaris Plus Service Parts,PH230600341201,Service Parts,PH230600351367,SP,1000SP01656,ALARIS SP MK4 CHASSIS PCB KIT.,1000SP01656-ALARIS SP MK4 CHASSIS PCB KIT.,MMS-1000SP01656, $92 , -   ,,,
18596,BDM,MMS,Medication Management Solutions (MMS),MMS,Infusion Systems,2306003,Alaris Plus,PH230600321003,Service,PH230600331081,Alaris Plus Service Parts,PH230600341201,Service Parts,PH230600351367,SP,1000SP01659,Alaris SP MKIV Chassis Insulator Kit.,1000SP01659-Alaris SP MKIV Chassis Insulator Kit.,MMS-1000SP01659, $23 , 1 ,,,
18601,BDM,MMS,Medication Management Solutions (MMS),MMS,Infusion Systems,2306003,Alaris Plus,PH230600321003,Service,PH230600331081,Alaris Plus Service Parts,PH230600341201,Service Parts,PH230600351367,SP,1000SP01665,Alaris SP MK4 Front Case Kit CC.,1000SP01665-Alaris SP MK4 Front Case Kit CC.,MMS-1000SP01665, $249 , 2 ,,,
18610,BDM,MMS,Medication Management Solutions (MMS),MMS,Infusion Systems,2306003,Alaris Plus,PH230600321003,Service,PH230600331081,Alaris Plus Service Parts,PH230600341201,Service Parts,PH230600351367,SP,1000SP01807,Alaris SP RS232 PCB & Fixings Kit.,1000SP01807-Alaris SP RS232 PCB & Fixings Kit.,MMS-1000SP01807, $192 , 2 ,,,
18631,BDM,MMS,Medication Management Solutions (MMS),MMS,Infusion Systems,2306003,Alaris Plus,PH230600321003,Service,PH230600331081,Alaris Plus Service Parts,PH230600341201,Service Parts,PH230600351367,SP,1000SP02226,BD ALARIS NEXUS CC HOUSING PLASTIC KIT.,1000SP02226-BD ALARIS NEXUS CC HOUSING PLASTIC KIT.,MMS-1000SP02226, $98 , 3 ,,,
18635,BDM,MMS,Medication Management Solutions (MMS),MMS,Infusion Systems,2306003,Alaris Plus,PH230600321003,Service,PH230600331081,Alaris Plus Service Parts,PH230600341201,Service Parts,PH230600351367,SP,1000SP02232,BD ALARIS NEXUS SP ANTENNAE KIT.,1000SP02232-BD ALARIS NEXUS SP ANTENNAE KIT.,MMS-1000SP02232, $35 , 1 ,,,
18636,BDM,MMS,Medication Management Solutions (MMS),MMS,Infusion Systems,2306003,Alaris Plus,PH230600321003,Service,PH230600331081,Alaris Plus Service Parts,PH230600341201,Service Parts,PH230600351367,SP,1000SP02236,BD ALARIS NEXUS SP NYLON CLAMP KIT.,1000SP02236-BD ALARIS NEXUS SP NYLON CLAMP KIT.,MMS-1000SP02236, $93 , 2 ,,,
18652,BDM,MMS,Medication Management Solutions (MMS),MMS,Infusion Systems,2306003,Alaris Plus,PH230600321004,Software,PH230600331034,Alaris Plus AIC Licences,PH230600341238,Digistat,PH230600351440,Digistat,*DIGCP,Dig Care PlnSW000825/1.5,*DIGCP-Dig Care PlnSW000825/1.5,MMS-*DIGCP," $3,509 ", -   ,,,
18654,BDM,MMS,Medication Management Solutions (MMS),MMS,Infusion Systems,2306003,Alaris Plus,PH230600321004,Software,PH230600331077,Alaris Plus AIC Licences,PH230600341173,Alaris Infusion Central,PH230600351323,Alaris Infusion Central,*DIGHL7E,Digistat Enterprise HL7 License,*DIGHL7E-Digistat Enterprise HL7 License,MMS-*DIGHL7E," $103,974 ", -   ,,,
18759,BDM,MMS,Medication Management Solutions (MMS),MMS,Infusion Systems,2306004,CME,PH230600421007,POC Systems,PH230600431046,DO NOT USE - CME T34 Series -Placement,PH230600441135,Drug Infusion - Placement,PH230600451186,CME T34 series - Placement,DUMMYSKU013_MMS,Dummy SKU - CME T34 Series -Placement,DUMMYSKU013_MMS-Dummy SKU - CME T34 Series -Placement,MMS-DUMMYSKU013_MMS, $-   , 3 ,,,
18769,BDM,MMS,Medication Management Solutions (MMS),MMS,Infusion Systems,2306004,CME,PH230600421007,POC Systems,PH230600431064,CME Accessories,PH230600441153,Infusion Accessories CME,PH230600451214,CME ACCESSORIES,100-072XA,"13A PLUG LEAD 1.8M, STRAIGHT, COO:CHINA.","100-072XA-13A PLUG LEAD 1.8M, STRAIGHT, COO:CHINA.",MMS-100-072XA, $-   , 10 ,,,
18775,BDM,MMS,Medication Management Solutions (MMS),MMS,Infusion Systems,2306004,CME,PH230600421007,POC Systems,PH230600431064,CME Accessories,PH230600441153,Infusion Accessories CME,PH230600451214,CME ACCESSORIES,100-405PX,KIT BURNING STATION CABLES INCLUDED.,100-405PX-KIT BURNING STATION CABLES INCLUDED.,MMS-100-405PX," $2,958 ", 2 ,,,
18788,BDM,MMS,Medication Management Solutions (MMS),MMS,Infusion Systems,2306004,CME,PH230600421007,POC Systems,PH230600431064,CME Accessories,PH230600441153,Infusion Accessories CME,PH230600451214,CME ACCESSORIES,170-010X,Key lock box for 170-250X.,170-010X-Key lock box for 170-250X.,MMS-170-010X, $48 , 7 ,,,
18793,BDM,MMS,Medication Management Solutions (MMS),MMS,Infusion Systems,2306004,CME,PH230600421007,POC Systems,PH230600431064,CME Accessories,PH230600441153,Infusion Accessories CME,PH230600451214,CME ACCESSORIES,196-000X,CABLE DC BG.,196-000X-CABLE DC BG.,MMS-196-000X, $418 , 7 ,,,
18896,BDM,MMS,Medication Management Solutions (MMS),MMS,Infusion Systems,2306004,CME,PH230600421008,Service,PH230600431073,CME Service,PH230600441155,Service Parts,PH230600451220,Service parts CME,100-151X,LABEL PICTURE CHARGER BG.,100-151X-LABEL PICTURE CHARGER BG.,MMS-100-151X, $14 , 1 ,,,
18899,BDM,MMS,Medication Management Solutions (MMS),MMS,Infusion Systems,2306004,CME,PH230600421008,Service,PH230600431073,CME Service,PH230600441155,Service Parts,PH230600451220,Service parts CME,100-157XVM,LABEL REAR CHARGER BG 8.2V VISION.,100-157XVM-LABEL REAR CHARGER BG 8.2V VISION.,MMS-100-157XVM, $61 , 6 ,,,
18910,BDM,MMS,Medication Management Solutions (MMS),MMS,Infusion Systems,2306004,CME,PH230600421008,Service,PH230600431073,CME Service,PH230600441155,Service Parts,PH230600451220,Service parts CME,100-982,"LABEL,VETERINARY USE ONL.","100-982-LABEL,VETERINARY USE ONL.",MMS-100-982, $30 , 100 ,,,
18918,BDM,MMS,Medication Management Solutions (MMS),MMS,Infusion Systems,2306004,CME,PH230600421008,Service,PH230600431073,CME Service,PH230600441155,Service Parts,PH230600451220,Service parts CME,140-020X,"TAPPING screw,ISO7049.","140-020X-TAPPING screw,ISO7049.",MMS-140-020X, $0 , 15 ,,,
18923,BDM,MMS,Medication Management Solutions (MMS),MMS,Infusion Systems,2306004,CME,PH230600421008,Service,PH230600431073,CME Service,PH230600441155,Service Parts,PH230600451220,Service parts CME,151-200X,"ASSY,TYPE,PCB,CHARGER,.","151-200X-ASSY,TYPE,PCB,CHARGER,.",MMS-151-200X," $1,707 ", 36 ,,,
18925,BDM,MMS,Medication Management Solutions (MMS),MMS,Infusion Systems,2306004,CME,PH230600421008,Service,PH230600431073,CME Service,PH230600441155,Service Parts,PH230600451220,Service parts CME,151-203XV,ASSY TYPE PCB CHARGER BG DISPLAY COMM NO.,151-203XV-ASSY TYPE PCB CHARGER BG DISPLAY COMM NO.,MMS-151-203XV, $527 , 3 ,,,
18944,BDM,MMS,Medication Management Solutions (MMS),MMS,Infusion Systems,2306004,CME,PH230600421008,Service,PH230600431073,CME Service,PH230600441155,Service Parts,PH230600451220,Service parts CME,200-101SX,Screw M3x5 Din 913 Zinc - T34.,200-101SX-Screw M3x5 Din 913 Zinc - T34.,MMS-200-101SX, $52 , 11 ,,,
18945,BDM,MMS,Medication Management Solutions (MMS),MMS,Infusion Systems,2306004,CME,PH230600421008,Service,PH230600431073,CME Service,PH230600441155,Service Parts,PH230600451220,Service parts CME,200-102S,"SCREW,M2X5,DIN912,.","200-102S-SCREW,M2X5,DIN912,.",MMS-200-102S, $4 , 1 ,,,
18962,BDM,MMS,Medication Management Solutions (MMS),MMS,Infusion Systems,2306004,CME,PH230600421008,Service,PH230600431073,CME Service,PH230600441155,Service Parts,PH230600451220,Service parts CME,250-008,"SCREW,M2x8,CONE,PHILIPS.","250-008-SCREW,M2x8,CONE,PHILIPS.",MMS-250-008, $10 , 20 ,,,
18969,BDM,MMS,Medication Management Solutions (MMS),MMS,Infusion Systems,2306004,CME,PH230600421008,Service,PH230600431073,CME Service,PH230600441155,Service Parts,PH230600451220,Service parts CME,250-014TR,"LABEL,DOOR,TWINS,RED.","250-014TR-LABEL,DOOR,TWINS,RED.",MMS-250-014TR, $12 , 20 ,,,
18983,BDM,MMS,Medication Management Solutions (MMS),MMS,Infusion Systems,2306004,CME,PH230600421008,Service,PH230600431073,CME Service,PH230600441155,Service Parts,PH230600451220,Service parts CME,251-000TR,"ASSY,DOOR,RIGHT,TWINS,.","251-000TR-ASSY,DOOR,RIGHT,TWINS,.",MMS-251-000TR, $882 , 7 ,,,
18985,BDM,MMS,Medication Management Solutions (MMS),MMS,Infusion Systems,2306004,CME,PH230600421008,Service,PH230600431073,CME Service,PH230600441155,Service Parts,PH230600451220,Service parts CME,300-002TR,"BENDING,HOOK,RIGHT,TWINS.","300-002TR-BENDING,HOOK,RIGHT,TWINS.",MMS-300-002TR, $30 , 185 ,,,
18987,BDM,MMS,Medication Management Solutions (MMS),MMS,Infusion Systems,2306004,CME,PH230600421008,Service,PH230600431073,CME Service,PH230600441155,Service Parts,PH230600451220,Service parts CME,300-006,"INJECTION,FINGER,PUMPING.","300-006-INJECTION,FINGER,PUMPING.",MMS-300-006, $5 , 10 ,,,
18998,BDM,MMS,Medication Management Solutions (MMS),MMS,Infusion Systems,2306004,CME,PH230600421008,Service,PH230600431073,CME Service,PH230600441155,Service Parts,PH230600451220,Service parts CME,300-013X-57A,LABEL DIRECTION BG 575 COLOR VISION.,300-013X-57A-LABEL DIRECTION BG 575 COLOR VISION.,MMS-300-013X-57A, $6 , 21 ,,,
19065,BDM,MMS,Medication Management Solutions (MMS),MMS,Infusion Systems,2306004,CME,PH230600421008,Service,PH230600431073,CME Service,PH230600441155,Service Parts,PH230600451220,Service parts CME,400-998,SCREW M3x30 CYLINDER PHILIPS SS DIN7985.,400-998-SCREW M3x30 CYLINDER PHILIPS SS DIN7985.,MMS-400-998, $41 , 40 ,,,
19083,BDM,MMS,Medication Management Solutions (MMS),MMS,Infusion Systems,2306004,CME,PH230600421008,Service,PH230600431073,CME Service,PH230600441155,Service Parts,PH230600451220,Service parts CME,600-003X,SCREW M3x40 CILINDER SS A2 DIN 7985.,600-003X-SCREW M3x40 CILINDER SS A2 DIN 7985.,MMS-600-003X, $26 , 11 ,,,
19084,BDM,MMS,Medication Management Solutions (MMS),MMS,Infusion Systems,2306004,CME,PH230600421008,Service,PH230600431073,CME Service,PH230600441155,Service Parts,PH230600451220,Service parts CME,600-006X,SCREW M3x10 CYLINDER PHILIPS D7985 A2.,600-006X-SCREW M3x10 CYLINDER PHILIPS D7985 A2.,MMS-600-006X, $25 , 10 ,,,
19085,BDM,MMS,Medication Management Solutions (MMS),MMS,Infusion Systems,2306004,CME,PH230600421008,Service,PH230600431073,CME Service,PH230600441155,Service Parts,PH230600451220,Service parts CME,600-007X,SCREW M3x20 CYLINDER PHILIPS D7985 A2.,600-007X-SCREW M3x20 CYLINDER PHILIPS D7985 A2.,MMS-600-007X, $25 , 10 ,,,
19091,BDM,MMS,Medication Management Solutions (MMS),MMS,Infusion Systems,2306004,CME,PH230600421008,Service,PH230600431073,CME Service,PH230600441155,Service Parts,PH230600451220,Service parts CME,BGCSP00004,"SP, AIR SENSORS BG KIT","BGCSP00004-SP, AIR SENSORS BG KIT",MMS-BGCSP00004," $6,058 ", 57 ,,,
19092,BDM,MMS,Medication Management Solutions (MMS),MMS,Infusion Systems,2306004,CME,PH230600421008,Service,PH230600431073,CME Service,PH230600441155,Service Parts,PH230600451220,Service parts CME,BGCSP00026,"SP, CONTROL PCB CME 323 BG KIT","BGCSP00026-SP, CONTROL PCB CME 323 BG KIT",MMS-BGCSP00026, $690 , 2 ,,,
19096,BDM,MMS,Medication Management Solutions (MMS),MMS,Infusion Systems,2306004,CME,PH230600421008,Service,PH230600431073,CME Service,PH230600441155,Service Parts,PH230600451220,Service parts CME,CBA00050,"ASSY,PCB,VDISPLAY6V1 SMT,COMP ED A..","CBA00050-ASSY,PCB,VDISPLAY6V1 SMT,COMP ED A..",MMS-CBA00050, $255 , 5 ,,,
19114,BDM,MMS,Medication Management Solutions (MMS),MMS,Infusion Systems,2306004,CME,PH230600421008,Service,PH230600431073,CME Service,PH230600441155,Service Parts,PH230600451220,Service parts CME,FW-BGCV_CFN_12S,"FIRMWARE, BGCV_CFN_12S.","FW-BGCV_CFN_12S-FIRMWARE, BGCV_CFN_12S.",MMS-FW-BGCV_CFN_12S," $1,375 ", 20 ,,,
19117,BDM,MMS,Medication Management Solutions (MMS),MMS,Infusion Systems,2306004,CME,PH230600421008,Service,PH230600431073,CME Service,PH230600441155,Service Parts,PH230600451220,Service parts CME,FW-BGCV_USA_11N,"FIRMWARE, BGCV_USA_11N.","FW-BGCV_USA_11N-FIRMWARE, BGCV_USA_11N.",MMS-FW-BGCV_USA_11N," $1,045 ", 10 ,,,
19118,BDM,MMS,Medication Management Solutions (MMS),MMS,Infusion Systems,2306004,CME,PH230600421008,Service,PH230600431073,CME Service,PH230600441155,Service Parts,PH230600451220,Service parts CME,FW-BGCV545_060A2,"FIRMWARE, CBA00066 (PCBA.","FW-BGCV545_060A2-FIRMWARE, CBA00066 (PCBA.",MMS-FW-BGCV545_060A2, $-   , 1 ,,,
19119,BDM,MMS,Medication Management Solutions (MMS),MMS,Infusion Systems,2306004,CME,PH230600421008,Service,PH230600431073,CME Service,PH230600441155,Service Parts,PH230600451220,Service parts CME,FW-BGCV545_061A2,"FIRMWARE, CBA00066 (PCBA.","FW-BGCV545_061A2-FIRMWARE, CBA00066 (PCBA.",MMS-FW-BGCV545_061A2, $455 , 2 ,,,
19121,BDM,MMS,Medication Management Solutions (MMS),MMS,Infusion Systems,2306004,CME,PH230600421008,Service,PH230600431073,CME Service,PH230600441155,Service Parts,PH230600451220,Service parts CME,FW-BGCV595_05A,"FIRMWARE, BGCV595_05A.","FW-BGCV595_05A-FIRMWARE, BGCV595_05A.",MMS-FW-BGCV595_05A, $409 , 2 ,,,
19123,BDM,MMS,Medication Management Solutions (MMS),MMS,Infusion Systems,2306004,CME,PH230600421008,Service,PH230600431073,CME Service,PH230600441155,Service Parts,PH230600451220,Service parts CME,FW-BGCV595_061A2,"FIRMWARE, CBA00066 (PCBA.","FW-BGCV595_061A2-FIRMWARE, CBA00066 (PCBA.",MMS-FW-BGCV595_061A2," $1,180 ", 7 ,,,
19124,BDM,MMS,Medication Management Solutions (MMS),MMS,Infusion Systems,2306004,CME,PH230600421008,Service,PH230600431073,CME Service,PH230600441155,Service Parts,PH230600451220,Service parts CME,FW-CVPCA30F_3,"FIRMWARE, 500-789CVWF (P.","FW-CVPCA30F_3-FIRMWARE, 500-789CVWF (P.",MMS-FW-CVPCA30F_3, $-   , 2 ,,,
19157,BDM,MMS,Medication Management Solutions (MMS),MMS,Infusion Systems,2306004,CME,PH230600421008,Service,PH230600431073,CME Service,PH230600441155,Service Parts,PH230600451220,Service parts CME,SP150-205T,"SERVICE PART,ASSY,TYPE,PCB,CHARGER, TWIN.","SP150-205T-SERVICE PART,ASSY,TYPE,PCB,CHARGER, TWIN.",MMS-SP150-205T," $1,460 ", 2 ,,,
19173,BDM,MMS,Medication Management Solutions (MMS),MMS,Infusion Systems,2306005,Neo,PH230600521000,Neo - PC Adjustment,PH230600531000,Neo - PC Adjustment,PH230600541000,Neo - PC Adjustment,PH230600551000,Neo - PC Adjustment,PC_12756,Infusion Neo NP,PC_12756-Infusion Neo NP,MMS-PC_12756, $(170), -   ,,,
19180,BDM,MMS,Medication Management Solutions (MMS),MMS,Infusion Systems,2306006,BD Nexus,PH230600621000,POC Systems,PH230600631013,BD Nexus V700 Pumps - Placement,PH230600641016,BD Nexus V700 Pumps - Placement,PH230600651016,BD Nexus V700 Pumps - Placement,PLACE - NEXUS V700 PUMPS,BD Nexus V700 Pumps - Placement,PLACE - NEXUS V700 PUMPS-BD Nexus V700 Pumps - Placement,MMS-PLACE - NEXUS V700 PUMPS, $-   ," 3,153 ",,,
19181,BDM,MMS,Medication Management Solutions (MMS),MMS,Infusion Systems,2306006,BD Nexus,PH230600621000,POC Systems,PH230600631016,BD Nexus DS 700 - Placement,PH230600641019,BD Nexus DS 700 - Placement,PH230600651019,BD Nexus DS 700 - Placement,PLACE - NEXUS DS700 DS,BD Nexus DS 700 - Placement,PLACE - NEXUS DS700 DS-BD Nexus DS 700 - Placement,MMS-PLACE - NEXUS DS700 DS, $-   ," 1,097 ",,,
19199,BDM,MMS,Medication Management Solutions (MMS),MMS,Infusion Systems,2306006,BD Nexus,PH230600621002,Service,PH230600631027,BD Nexus Service Parts,PH230600641027,Directions for Use (DFU),PH230600651029,V700,14800059901,V700 PUMP DFU - GERMAN,14800059901-V700 PUMP DFU - GERMAN,MMS-14800059901, $-   , 2 ,,,
19200,BDM,MMS,Medication Management Solutions (MMS),MMS,Infusion Systems,2306006,BD Nexus,PH230600621002,Service,PH230600631027,BD Nexus Service Parts,PH230600641027,Directions for Use (DFU),PH230600651029,V700,14800060001,V700 PUMP DFU - FRENCH,14800060001-V700 PUMP DFU - FRENCH,MMS-14800060001, $-   , 2 ,,,
19201,BDM,MMS,Medication Management Solutions (MMS),MMS,Infusion Systems,2306006,BD Nexus,PH230600621002,Service,PH230600631027,BD Nexus Service Parts,PH230600641027,Directions for Use (DFU),PH230600651029,V700,14800060101,V700 PUMP DFU - ITALIAN,14800060101-V700 PUMP DFU - ITALIAN,MMS-14800060101, $-   , 7 ,,,
19202,BDM,MMS,Medication Management Solutions (MMS),MMS,Infusion Systems,2306006,BD Nexus,PH230600621002,Service,PH230600631027,BD Nexus Service Parts,PH230600641028,Spares Docking Station,PH230600651030,DS,14040063401,WORKSTATION HANDLE,14040063401-WORKSTATION HANDLE,MMS-14040063401, $24 , 1 ,,,
19203,BDM,MMS,Medication Management Solutions (MMS),MMS,Infusion Systems,2306006,BD Nexus,PH230600621002,Service,PH230600631027,BD Nexus Service Parts,PH230600641029,Spares Parts,PH230600651031,Spares Parts,11990009201,INTERNAL BATTERY PACK,11990009201-INTERNAL BATTERY PACK,MMS-11990009201, $454 , 10 ,,,
19204,BDM,MMS,Medication Management Solutions (MMS),MMS,Infusion Systems,2306006,BD Nexus,PH230600621002,Service,PH230600631027,BD Nexus Service Parts,PH230600641029,Spares Parts,PH230600651031,Spares Parts,12020000301,PUMP POLE CLAMP,12020000301-PUMP POLE CLAMP,MMS-12020000301, $203 , 5 ,,,
19205,BDM,MMS,Medication Management Solutions (MMS),MMS,Infusion Systems,2306006,BD Nexus,PH230600621002,Service,PH230600631027,BD Nexus Service Parts,PH230600641029,Spares Parts,PH230600651031,Spares Parts,12020060701,SIZE SENSOR WITH CABLE,12020060701-SIZE SENSOR WITH CABLE,MMS-12020060701, $79 , 5 ,,,
19206,BDM,MMS,Medication Management Solutions (MMS),MMS,Infusion Systems,2306006,BD Nexus,PH230600621002,Service,PH230600631027,BD Nexus Service Parts,PH230600641029,Spares Parts,PH230600651031,Spares Parts,12020061101,CLAW MOTOR ASSEMBLY,12020061101-CLAW MOTOR ASSEMBLY,MMS-12020061101, $93 , 2 ,,,
19207,BDM,MMS,Medication Management Solutions (MMS),MMS,Infusion Systems,2306006,BD Nexus,PH230600621002,Service,PH230600631027,BD Nexus Service Parts,PH230600641029,Spares Parts,PH230600651031,Spares Parts,12020066801,BOTTOM COVER ASSEMBLY,12020066801-BOTTOM COVER ASSEMBLY,MMS-12020066801, $20 , 1 ,,,
19208,BDM,MMS,Medication Management Solutions (MMS),MMS,Infusion Systems,2306006,BD Nexus,PH230600621002,Service,PH230600631027,BD Nexus Service Parts,PH230600641029,Spares Parts,PH230600651031,Spares Parts,12020093501,J-LINK BOOTLOADER TOOL JFLASH,12020093501-J-LINK BOOTLOADER TOOL JFLASH,MMS-12020093501, $65 , 1 ,,,
19209,BDM,MMS,Medication Management Solutions (MMS),MMS,Infusion Systems,2306006,BD Nexus,PH230600621002,Service,PH230600631027,BD Nexus Service Parts,PH230600641029,Spares Parts,PH230600651031,Spares Parts,12040004001,DISPLACEMENT DETECTION BOARD,12040004001-DISPLACEMENT DETECTION BOARD,MMS-12040004001, $224 , 5 ,,,
19210,BDM,MMS,Medication Management Solutions (MMS),MMS,Infusion Systems,2306006,BD Nexus,PH230600621002,Service,PH230600631027,BD Nexus Service Parts,PH230600641029,Spares Parts,PH230600651031,Spares Parts,12040004102,CLUTCH BOARD,12040004102-CLUTCH BOARD,MMS-12040004102, $223 , 5 ,,,
19211,BDM,MMS,Medication Management Solutions (MMS),MMS,Infusion Systems,2306006,BD Nexus,PH230600621002,Service,PH230600631027,BD Nexus Service Parts,PH230600641029,Spares Parts,PH230600651031,Spares Parts,12040004701,ALARM INDICATOR BOARD,12040004701-ALARM INDICATOR BOARD,MMS-12040004701, $56 , 2 ,,,
19212,BDM,MMS,Medication Management Solutions (MMS),MMS,Infusion Systems,2306006,BD Nexus,PH230600621002,Service,PH230600631027,BD Nexus Service Parts,PH230600641029,Spares Parts,PH230600651031,Spares Parts,14030004701,UPPER CLAW,14030004701-UPPER CLAW,MMS-14030004701, $11 , 1 ,,,
19213,BDM,MMS,Medication Management Solutions (MMS),MMS,Infusion Systems,2306006,BD Nexus,PH230600621002,Service,PH230600631027,BD Nexus Service Parts,PH230600641029,Spares Parts,PH230600651031,Spares Parts,14030004801,LOWER CLAW,14030004801-LOWER CLAW,MMS-14030004801, $11 , 1 ,,,
19214,BDM,MMS,Medication Management Solutions (MMS),MMS,Infusion Systems,2306006,BD Nexus,PH230600621002,Service,PH230600631027,BD Nexus Service Parts,PH230600641029,Spares Parts,PH230600651031,Spares Parts,14040000701,USB PRESSING PLATE OF BOX,14040000701-USB PRESSING PLATE OF BOX,MMS-14040000701, $5 , 1 ,,,
19215,BDM,MMS,Medication Management Solutions (MMS),MMS,Infusion Systems,2306006,BD Nexus,PH230600621002,Service,PH230600631027,BD Nexus Service Parts,PH230600641029,Spares Parts,PH230600651031,Spares Parts,14040007303,TOP COVER,14040007303-TOP COVER,MMS-14040007303, $20 , 1 ,,,
19216,BDM,MMS,Medication Management Solutions (MMS),MMS,Infusion Systems,2306006,BD Nexus,PH230600621002,Service,PH230600631027,BD Nexus Service Parts,PH230600641029,Spares Parts,PH230600651031,Spares Parts,14040007901,FIXED PLATE FOR CLIP,14040007901-FIXED PLATE FOR CLIP,MMS-14040007901, $11 , 1 ,,,
19217,BDM,MMS,Medication Management Solutions (MMS),MMS,Infusion Systems,2306006,BD Nexus,PH230600621002,Service,PH230600631027,BD Nexus Service Parts,PH230600641029,Spares Parts,PH230600651031,Spares Parts,14040010701,CONTROLLER BOTTOM COVER,14040010701-CONTROLLER BOTTOM COVER,MMS-14040010701, $43 , 1 ,,,
19218,BDM,MMS,Medication Management Solutions (MMS),MMS,Infusion Systems,2306006,BD Nexus,PH230600621002,Service,PH230600631027,BD Nexus Service Parts,PH230600641029,Spares Parts,PH230600651031,Spares Parts,14040010801,CONTROLLER BACK SHELL,14040010801-CONTROLLER BACK SHELL,MMS-14040010801, $17 , 1 ,,,
19219,BDM,MMS,Medication Management Solutions (MMS),MMS,Infusion Systems,2306006,BD Nexus,PH230600621002,Service,PH230600631027,BD Nexus Service Parts,PH230600641029,Spares Parts,PH230600651031,Spares Parts,14040012401,CLAMP HOLDER,14040012401-CLAMP HOLDER,MMS-14040012401, $29 , 2 ,,,
19220,BDM,MMS,Medication Management Solutions (MMS),MMS,Infusion Systems,2306006,BD Nexus,PH230600621002,Service,PH230600631027,BD Nexus Service Parts,PH230600641029,Spares Parts,PH230600651031,Spares Parts,14040063201,TOP SHELL OF CABINET COVER,14040063201-TOP SHELL OF CABINET COVER,MMS-14040063201, $18 , 1 ,,,
19221,BDM,MMS,Medication Management Solutions (MMS),MMS,Infusion Systems,2306006,BD Nexus,PH230600621002,Service,PH230600631027,BD Nexus Service Parts,PH230600641029,Spares Parts,PH230600651031,Spares Parts,14040064401,TUBE CLAMP,14040064401-TUBE CLAMP,MMS-14040064401, $65 , 5 ,,,
19222,BDM,MMS,Medication Management Solutions (MMS),MMS,Infusion Systems,2306006,BD Nexus,PH230600621002,Service,PH230600631027,BD Nexus Service Parts,PH230600641029,Spares Parts,PH230600651031,Spares Parts,14050001601,SEAL COVER FOR CAB. COVER INTERFACE PORT,14050001601-SEAL COVER FOR CAB. COVER INTERFACE PORT,MMS-14050001601, $9 , 1 ,,,
19223,BDM,MMS,Medication Management Solutions (MMS),MMS,Infusion Systems,2306006,BD Nexus,PH230600621002,Service,PH230600631027,BD Nexus Service Parts,PH230600641029,Spares Parts,PH230600651031,Spares Parts,14050011201,ROUND PLUG FOR DOOR COVER,14050011201-ROUND PLUG FOR DOOR COVER,MMS-14050011201, $14 , 50 ,,,
19224,BDM,MMS,Medication Management Solutions (MMS),MMS,Infusion Systems,2306006,BD Nexus,PH230600621002,Service,PH230600631027,BD Nexus Service Parts,PH230600641029,Spares Parts,PH230600651031,Spares Parts,14190008601,TOUCH PEN,14190008601-TOUCH PEN,MMS-14190008601, $7 , 4 ,,,
19225,BDM,MMS,Medication Management Solutions (MMS),MMS,Infusion Systems,2306006,BD Nexus,PH230600621002,Service,PH230600631027,BD Nexus Service Parts,PH230600641029,Spares Parts,PH230600651031,Spares Parts,14550000301,PUMP SPEAKER,14550000301-PUMP SPEAKER,MMS-14550000301, $64 , 5 ,,,
19226,BDM,MMS,Medication Management Solutions (MMS),MMS,Infusion Systems,2306006,BD Nexus,PH230600621002,Service,PH230600631027,BD Nexus Service Parts,PH230600641029,Spares Parts,PH230600651031,Spares Parts,14610002001,ELECTRICAL SAFETY TEST USB CONNECTOR,14610002001-ELECTRICAL SAFETY TEST USB CONNECTOR,MMS-14610002001, $147 , 2 ,,,
19227,BDM,MMS,Medication Management Solutions (MMS),MMS,Infusion Systems,2306006,BD Nexus,PH230600621002,Service,PH230600631027,BD Nexus Service Parts,PH230600641029,Spares Parts,PH230600651031,Spares Parts,14620000901,PUMP DC POWER CABLE,14620000901-PUMP DC POWER CABLE,MMS-14620000901, $3 , 1 ,,,
19228,BDM,MMS,Medication Management Solutions (MMS),MMS,Infusion Systems,2306006,BD Nexus,PH230600621002,Service,PH230600631027,BD Nexus Service Parts,PH230600641029,Spares Parts,PH230600651031,Spares Parts,14620009201,FFC FROM UI CONTROL BOARD TO MAINBOARD,14620009201-FFC FROM UI CONTROL BOARD TO MAINBOARD,MMS-14620009201, $79 , 5 ,,,
19229,BDM,MMS,Medication Management Solutions (MMS),MMS,Infusion Systems,2306006,BD Nexus,PH230600621002,Service,PH230600631027,BD Nexus Service Parts,PH230600641029,Spares Parts,PH230600651031,Spares Parts,14620009301,DISPLACEMENT DETECTION BOARD FFC,14620009301-DISPLACEMENT DETECTION BOARD FFC,MMS-14620009301, $70 , 5 ,,,
19230,BDM,MMS,Medication Management Solutions (MMS),MMS,Infusion Systems,2306006,BD Nexus,PH230600621002,Service,PH230600631027,BD Nexus Service Parts,PH230600641029,Spares Parts,PH230600651031,Spares Parts,14620009401,CLUTCH BOARD FFC,14620009401-CLUTCH BOARD FFC,MMS-14620009401, $70 , 5 ,,,
19231,BDM,MMS,Medication Management Solutions (MMS),MMS,Infusion Systems,2306006,BD Nexus,PH230600621002,Service,PH230600631027,BD Nexus Service Parts,PH230600641029,Spares Parts,PH230600651031,Spares Parts,14620009601,MOTOR SPEED DETECTION FFC,14620009601-MOTOR SPEED DETECTION FFC,MMS-14620009601, $68 , 5 ,,,
19232,BDM,MMS,Medication Management Solutions (MMS),MMS,Infusion Systems,2306006,BD Nexus,PH230600621002,Service,PH230600631027,BD Nexus Service Parts,PH230600641029,Spares Parts,PH230600651031,Spares Parts,14620015002,END PART OF J-LINK (5PIN),14620015002-END PART OF J-LINK (5PIN),MMS-14620015002, $7 , 1 ,,,
19233,BDM,MMS,Medication Management Solutions (MMS),MMS,Infusion Systems,2306006,BD Nexus,PH230600621002,Service,PH230600631027,BD Nexus Service Parts,PH230600641029,Spares Parts,PH230600651031,Spares Parts,63010004801,SMALL CALIBRATION TOOL FOR DISTANCE SENS,63010004801-SMALL CALIBRATION TOOL FOR DISTANCE SENS,MMS-63010004801, $200 , 2 ,,,
19234,BDM,MMS,Medication Management Solutions (MMS),MMS,Infusion Systems,2306006,BD Nexus,PH230600621002,Service,PH230600631027,BD Nexus Service Parts,PH230600641029,Spares Parts,PH230600651031,Spares Parts,63010008001,BIG CALIBRATION TOOL FOR DISTANCE SENSOR,63010008001-BIG CALIBRATION TOOL FOR DISTANCE SENSOR,MMS-63010008001, $553 , 2 ,,,
19235,BDM,MMS,Medication Management Solutions (MMS),MMS,Infusion Systems,2306006,BD Nexus,PH230600621002,Service,PH230600631027,BD Nexus Service Parts,PH230600641030,Spares SYP,PH230600651032,S700,12020059301,SYRINGE PUMP SCREEN WITH BUTTON BOARD,12020059301-SYRINGE PUMP SCREEN WITH BUTTON BOARD,MMS-12020059301, $139 , 3 ,,,
19236,BDM,MMS,Medication Management Solutions (MMS),MMS,Infusion Systems,2306006,BD Nexus,PH230600621002,Service,PH230600631027,BD Nexus Service Parts,PH230600641030,Spares SYP,PH230600651032,S700,12040000402,SYRINGE PUMP MOTOR SPEED DETECTION BOARD,12040000402-SYRINGE PUMP MOTOR SPEED DETECTION BOARD,MMS-12040000402, $165 , 5 ,,,
19237,BDM,MMS,Medication Management Solutions (MMS),MMS,Infusion Systems,2306006,BD Nexus,PH230600621002,Service,PH230600631027,BD Nexus Service Parts,PH230600641030,Spares SYP,PH230600651032,S700,14040064201,CLIP FOR SYRINGE,14040064201-CLIP FOR SYRINGE,MMS-14040064201, $8 , 2 ,,,
19238,BDM,MMS,Medication Management Solutions (MMS),MMS,Infusion Systems,2306006,BD Nexus,PH230600621002,Service,PH230600631027,BD Nexus Service Parts,PH230600641030,Spares SYP,PH230600651032,S700,14040064301,ORANGE ROUND PLUG FOR DRIVE HEAD,14040064301-ORANGE ROUND PLUG FOR DRIVE HEAD,MMS-14040064301, $30 , 50 ,,,
19239,BDM,MMS,Medication Management Solutions (MMS),MMS,Infusion Systems,2306006,BD Nexus,PH230600621002,Service,PH230600631027,BD Nexus Service Parts,PH230600641039,Directions for Use (DFU),PH230600651042,S700,14800059801,S700 PUMP DFU - GERMAN,14800059801-S700 PUMP DFU - GERMAN,MMS-14800059801, $-   , 4 ,,,
19240,BDM,MMS,Medication Management Solutions (MMS),MMS,Infusion Systems,2306006,BD Nexus,PH230600621002,Service,PH230600631027,BD Nexus Service Parts,PH230600641039,Directions for Use (DFU),PH230600651043,DS700,14800060301,DS700 PUMP DFU - ENGLISH,14800060301-DS700 PUMP DFU - ENGLISH,MMS-14800060301, $-   , 43 ,,,
19241,BDM,MMS,Medication Management Solutions (MMS),MMS,Infusion Systems,2306006,BD Nexus,PH230600621002,Service,PH230600631027,BD Nexus Service Parts,PH230600641039,Directions for Use (DFU),PH230600651043,DS700,14800060501,DS700 PUMP DFU - ITALIAN,14800060501-DS700 PUMP DFU - ITALIAN,MMS-14800060501, $-   , 2 ,,,
19242,BDM,MMS,Medication Management Solutions (MMS),MMS,Infusion Systems,2306006,BD Nexus,PH230600621002,Service,PH230600631027,BD Nexus Service Parts,PH230600641039,Directions for Use (DFU),PH230600651043,DS700,14800060701,DS700 PUMP DFU - GERMAN,14800060701-DS700 PUMP DFU - GERMAN,MMS-14800060701, $-   , 1 ,,,
19262,BDM,PS,Pharmaceutical Systems,PS,Pharmaceutical Systems,2103100,Prefillable Systems,PH210310021000,Others,PH210310031050,Other Pharma,PH210310041004,Syringe,PH210310051015,1ml,328328,SYRINGE 1.0ML 30GA 8MM 10BAG 500 L AMR,328328-SYRINGE 1.0ML 30GA 8MM 10BAG 500 L AMR,PS-328328, $-   ," 5,020 ",,,
19272,BDM,PS,Pharmaceutical Systems,PS,Pharmaceutical Systems,2103100,Prefillable Systems,PH210310021000,Others,PH210310033250,Operating expenses PFS,PH210310041123,Operating expenses PFS,PH210310051310,Other,400022248,PFS - Other products - Stoppers,400022248-PFS - Other products - Stoppers,PS-400022248," $(31,716)"," (1,000)",,,
19273,BDM,PS,Pharmaceutical Systems,PS,Pharmaceutical Systems,2103100,Prefillable Systems,PH210310021000,Others,PH210310033250,Operating expenses PFS,PH210310041123,Operating expenses PFS,PH210310051310,Other,400022249,PFS - Other -Trading goods,400022249-PFS - Other -Trading goods,PS-400022249," $40,785 "," 942,500 ",,,
19508,BDM,PS,Pharmaceutical Systems,PS,Pharmaceutical Systems,2103100,Prefillable Systems,PH210310021200,Glass Container,PH210310032400,Hypak for Vaccine,PH210310041072,SCF Needle,PH210310051160,2.25ml,47308019,HYPAK SCF2.25ML 22GA1-1/4IN W7974 4IN UV,47308019-HYPAK SCF2.25ML 22GA1-1/4IN W7974 4IN UV,PS-47308019," $21,783 ", -   ,,,
19726,BDM,PS,Pharmaceutical Systems,PS,Pharmaceutical Systems,2103100,Prefillable Systems,PH210310021250,Stopper,PH210310032900,Stopper Low Tier,PH210310041105,Bulk Stopper,PH210310051239,20ml,47099003,HYPAK PS20ML PH701/55CBLACK 2117 DPB,47099003-HYPAK PS20ML PH701/55CBLACK 2117 DPB,PS-47099003," $18,726 "," 196,338 ",,,
19744,BDM,PS,Pharmaceutical Systems,PS,Pharmaceutical Systems,2103100,Prefillable Systems,PH210310021250,Stopper,PH210310032900,Stopper Low Tier,PH210310041107,BSCF/BCF/BCA,PH210310051253,20ml,47557419,HYPAK BSCF20ML FM457GREY Si1000,47557419-HYPAK BSCF20ML FM457GREY Si1000,PS-47557419," $119,308 "," 102,400 ",,,
19827,BDM,PS,Pharmaceutical Systems,PS,Pharmaceutical Systems,2103100,Prefillable Systems,PH210310021250,Stopper,PH210310032950,Stopper Mid Tier,PH210310041152,TSCF/TCF Visio,PH210310051378,1-3ml,47601119,STOPPER TSCF FM257/2 1-3ML EV VISIO,47601119-STOPPER TSCF FM257/2 1-3ML EV VISIO,PS-47601119," $22,338 "," 360,000 ",,,
19849,BDM,PS,Pharmaceutical Systems,PS,Pharmaceutical Systems,2103100,Prefillable Systems,PH210310021250,Stopper,PH210310033000,Stopper High Tier,PH210310041125,BSCF/BCF/BCA PremiumCoat visio,PH210310051313,1-3ml,47619010,STOPPER BSCF PREMIUMCOAT 1-3ML EV VISIO,47619010-STOPPER BSCF PREMIUMCOAT 1-3ML EV VISIO,PS-47619010," $5,060 "," 4,600 ",,,
19850,BDM,PS,Pharmaceutical Systems,PS,Pharmaceutical Systems,2103100,Prefillable Systems,PH210310021250,Stopper,PH210310033000,Stopper High Tier,PH210310041126,TSCF/TCF PremiumCoat,PH210310051221,1-3ml,47618910,STOPPER TSCF PREMIUMCOAT 1-3ML EV,47618910-STOPPER TSCF PREMIUMCOAT 1-3ML EV,PS-47618910," $443,516 "," 495,000 ",,,
19854,BDM,PS,Pharmaceutical Systems,PS,Pharmaceutical Systems,2103100,Prefillable Systems,PH210310021250,Stopper,PH210310033000,Stopper High Tier,PH210310041151,TSCF/TCF Visio,PH210310051376,1-3ml,47619510,STOPPER TSCF1-3ML 4023 FLURSI1000RPVISIO,47619510-STOPPER TSCF1-3ML 4023 FLURSI1000RPVISIO,PS-47619510," $467,385 "," 540,000 ",,,
19855,BDM,PS,Pharmaceutical Systems,PS,Pharmaceutical Systems,2103100,Prefillable Systems,PH210310021250,Stopper,PH210310033000,Stopper High Tier,PH210310041151,TSCF/TCF Visio,PH210310051376,1-3ml,47627110,STOPPER TSCF1-3ML 4023 FLUR VISIO,47627110-STOPPER TSCF1-3ML 4023 FLUR VISIO,PS-47627110," $126,244 "," 405,000 ",,,
19909,BDM,PS,Pharmaceutical Systems,PS,Pharmaceutical Systems,2103200,SAIS,PH210320021500,Device,PH210320033700,Autoinjector Physioject,PH210320041148,Autoinjector Physioject - Adjustment,PH210320051333,Autoinjector Physioject - Adjustment,400043533,DEVICE AUTO PHYSIOJECT,400043533-DEVICE AUTO PHYSIOJECT,PS-400043533," $55,000 ", 1 ,,,
19936,BDM,PS,Pharmaceutical Systems,PS,Pharmaceutical Systems,2103200,SAIS,PH210320021500,Device,PH210320033750,Pen Vystra,PH210320041137,Body Subassembly,PH210320051357,Semaglutide 0.25mg/0.5mg,47639530,VYSTRA BSA 284C BODY 427C BTN 74U 1.7MG,47639530-VYSTRA BSA 284C BODY 427C BTN 74U 1.7MG,PS-47639530," $1,042,324 "," 147,672 ",,,
19937,BDM,PS,Pharmaceutical Systems,PS,Pharmaceutical Systems,2103200,SAIS,PH210320021500,Device,PH210320033750,Pen Vystra,PH210320041137,Body Subassembly,PH210320051357,Semaglutide 0.25mg/0.5mg,47639630,VYSTRA BSA 284C BODY 427C BTN 74U 2.4MG,47639630-VYSTRA BSA 284C BODY 427C BTN 74U 2.4MG,PS-47639630," $1,189,517 "," 168,624 ",,,
19954,BDM,PS,Pharmaceutical Systems,PS,Pharmaceutical Systems,2103200,SAIS,PH210320021500,Device,PH210320033800,Wearable Libertas,PH210320041141,5ml mechanical,PH210320051325,Device Subassembly,400042942,Libertas device 5ml Nlag,400042942-Libertas device 5ml Nlag,PS-400042942," $169,154 ", 3 ,,,
19963,BDM,PS,Pharmaceutical Systems,PS,Pharmaceutical Systems,2103300,PS Safety,PH210330021650,Component,PH210330034250,Ultrasafe,PH210330041154,Passive Plunger Rod,PH210330051349,1mlL,47546402,ULTRASAFE X100L PR WOOD 722C CCL LR RCHE,47546402-ULTRASAFE X100L PR WOOD 722C CCL LR RCHE,PS-47546402," $24,539 "," 105,800 ",,,
19964,BDM,PS,Pharmaceutical Systems,PS,Pharmaceutical Systems,2103300,PS Safety,PH210330021650,Component,PH210330034250,Ultrasafe,PH210330041154,Passive Plunger Rod,PH210330051349,1mlL,47547902,ULTRASAFE X100L PR LIME GREEN CCL LR GNE,47547902-ULTRASAFE X100L PR LIME GREEN CCL LR GNE,PS-47547902," $350,811 "," 2,517,300 ",,,
20127,BDM,PS,Pharmaceutical Systems,PS,Pharmaceutical Systems,2103400,PS Adjustments,PH210340021050,PS - PC Adjustment,PH210340031100,PS - PC Adjustment,PH210340041002,PS - PC Adjustment,PH210340051002,PS - PC Adjustment,DUMMYSKU006_PS,PC Adjustment - 2103400 PS Adj,DUMMYSKU006_PS-PC Adjustment - 2103400 PS Adj,PS-DUMMYSKU006_PS," $402,017 ", -   ,,,
20128,BDM,PS,Pharmaceutical Systems,PS,Pharmaceutical Systems,2103400,PS Adjustments,PH210340021100,DO NOT USE - PS Placeholder for data entry error,PH210340031050,DO NOT USE - PS Placeholder for data entry error,PH210340041001,DO NOT USE - PS Placeholder for data entry error,PH210340051001,DO NOT USE - PS Placeholder for data entry error,329605,*DO NOT USE* data entry error,329605-*DO NOT USE* data entry error,PS-329605, $-   ," 1,300 ",,,
20144,BDM,PS,Pharmaceutical Systems,PS,Pharmaceutical Systems,2400006,Corporate Initiatives PS,PH240000621000,Corp InitiativesPS - PC Adjustment,PH240000631000,Corp InitiativesPS - PC Adjustment NONCATALOG,PH240000641000,Corp InitiativesPS - PC Adjustment,PH240000651000,Corp InitiativesPS - PC Adjustment,DUMMYSKU011_PS,PC Adjustment - 2400006 Corp Initiatives PS,DUMMYSKU011_PS-PC Adjustment - 2400006 Corp Initiatives PS,PS-DUMMYSKU011_PS," $(160,232)", -   ,,,
20145,BDM,RSS,Total Respiratory Solutions,RSS,Total Respiratory Solutions,2309000,Respiratory Disposables,PH230900021000,Respiratory Disposables - PC Adjustment,PH230900031000,Respiratory Disposables - PC Adjustment,PH230900041000,Respiratory Disposables - PC Adjustment,PH230900051000,Respiratory Disposables - PC Adjustment,4425CAO,"BELTS, DISP, LOOP, WHITE, EXTEND","4425CAO-BELTS, DISP, LOOP, WHITE, EXTEND",RSS-4425CAO, $-   , 150 ,,,
20148,BLS,BDB,Biosciences,BDB,Biosciences,2111007,Advanced Bioprocessing,PH211100721150,Cell Culture Media,PH211100731250,Cell Culture Animal Origin,PH211100741010,AO Cell Culture Powder,PH211100751014,AO CC Powder Custom,215390,PPLO Broth CRMO 10 Kg,215390-PPLO Broth CRMO 10 Kg,BDB-215390," $12,028 ", 31 ,,,
20149,BLS,BDB,Biosciences,BDB,Biosciences,2111007,Advanced Bioprocessing,PH211100721200,HFM Tie Out (AB),PH211100731300,HFM Tie Out (AB),PH211100741011,HFM Tie Out (AB),PH211100751016,HFM Tie Out (AB),BDBHFMTIEOUT0006,Description - BDBHFMTIEOUT0006,BDBHFMTIEOUT0006-Description - BDBHFMTIEOUT0006,BDB-BDBHFMTIEOUT0006, $880 , -   ,,,
20244,BLS,BDB,Biosciences,BDB,Biosciences,2200100,Single Cell Multiomics,PH220010021200,scM - PC Adjustment,PH220010031000,HFM Tie Out (Genomics),PH220010041000,HFM Tie Out (Genomics) - Adjustment,PH220010051000,HFM Tie Out (Genomics) - Adjustment,BDBHFMTIEOUT0007,Description - BDBHFMTIEOUT0007,BDBHFMTIEOUT0007-Description - BDBHFMTIEOUT0007,BDB-BDBHFMTIEOUT0007," $38,000 ", -   ,,,
20272,BLS,BDB,Biosciences,BDB,Biosciences,2200100,Single Cell Multiomics,PH220080022800,SCM Reagents,PH220010031500,BD Immune Repertoire Profiling Reagents (BD VDJ),PH220010041018,TCR/BCR,PH220010051018,TCR/BCR,667398,Rhapsody Mouse TCRBCR Next Assay WTA 4Pk,667398-Rhapsody Mouse TCRBCR Next Assay WTA 4Pk,BDB-667398," $23,292 ", 4 ,,,
20292,BLS,BDB,Biosciences,BDB,Biosciences,2200100,Single Cell Multiomics,PH220080022800,SCM Reagents,PH220080035450,BD Rhapsody Reagent Kits,PH220080041102,BD Rhapsody Reagent Kits,PH220010051038,Dual Index Kits,571899,Dual Index Kit,571899-Dual Index Kit,BDB-571899," $29,295 ", 66 ,,,
20293,BLS,BDB,Biosciences,BDB,Biosciences,2200100,Single Cell Multiomics,PH220080022800,SCM Reagents,PH220080035450,BD Rhapsody Reagent Kits,PH220080041102,BD Rhapsody Reagent Kits,PH220010051038,Dual Index Kits,571973,OMICS-ONE XT Dual Index Kit A,571973-OMICS-ONE XT Dual Index Kit A,BDB-571973," $3,101 ", 2 ,,,
20294,BLS,BDB,Biosciences,BDB,Biosciences,2200100,Single Cell Multiomics,PH220080022800,SCM Reagents,PH220080035450,BD Rhapsody Reagent Kits,PH220080041102,BD Rhapsody Reagent Kits,PH220010051038,Dual Index Kits,572304,OMICS-ONE XT Dual Index Kit B,572304-OMICS-ONE XT Dual Index Kit B,BDB-572304," $1,109 ", 1 ,,,
20664,BLS,BDB,Biosciences,BDB,Biosciences,2200100,Single Cell Multiomics,PH220080022800,SCM Reagents,PH220080035550,BD AbSeq,PH220010041005,AbSeq - MTS vials,PH220080051342,AbSeq - Intracellular,940523,Hu TIGIT Oligo AHS0411 TGMAB-2 25Tst,940523-Hu TIGIT Oligo AHS0411 TGMAB-2 25Tst,BDB-940523," $2,207 ", 7 ,,,
20665,BLS,BDB,Biosciences,BDB,Biosciences,2200100,Single Cell Multiomics,PH220080022800,SCM Reagents,PH220080035550,BD AbSeq,PH220010041005,AbSeq - MTS vials,PH220080051342,AbSeq - Intracellular,940524,Ms IgG1 Kpa Oligo AHS0493 X40 25Tst,940524-Ms IgG1 Kpa Oligo AHS0493 X40 25Tst,BDB-940524, $931 , 3 ,,,
20666,BLS,BDB,Biosciences,BDB,Biosciences,2200100,Single Cell Multiomics,PH220080022800,SCM Reagents,PH220080035550,BD AbSeq,PH220010041005,AbSeq - MTS vials,PH220080051342,AbSeq - Intracellular,940526,APC Oligo AHS0295 E30-221 25Tst,940526-APC Oligo AHS0295 E30-221 25Tst,BDB-940526, $515 , 1 ,,,
20667,BLS,BDB,Biosciences,BDB,Biosciences,2200100,Single Cell Multiomics,PH220080022800,SCM Reagents,PH220080035550,BD AbSeq,PH220010041005,AbSeq - MTS vials,PH220080051342,AbSeq - Intracellular,940528,Biotin Oligo AHS0533 BK-1/39 25Tst,940528-Biotin Oligo AHS0533 BK-1/39 25Tst,BDB-940528," $1,063 ", 3 ,,,
20736,BLS,BDB,Biosciences,BDB,Biosciences,2200100,Single Cell Multiomics,PH220080022800,SCM Reagents,PH220080035550,BD AbSeq,PH220080041131,AbSeq-panels,PH220080051346,AbSeq-panels,571970,Immune Profiler Protein Panel,571970-Immune Profiler Protein Panel,BDB-571970," $18,518 ", 36 ,,,
20737,BLS,BDB,Biosciences,BDB,Biosciences,2200100,Single Cell Multiomics,PH220080022800,SCM Reagents,PH220080035550,BD AbSeq,PH220080041131,AbSeq-panels,PH220080051346,AbSeq-panels,572178,T-cell Protein Panel,572178-T-cell Protein Panel,BDB-572178," $15,452 ", 32 ,,,
20738,BLS,BDB,Biosciences,BDB,Biosciences,2200100,Single Cell Multiomics,PH220080022800,SCM Reagents,PH220080035550,BD AbSeq,PH220080041131,AbSeq-panels,PH220080051346,AbSeq-panels,572179,B-cell Protein Panel,572179-B-cell Protein Panel,BDB-572179," $3,678 ", 8 ,,,
20739,BLS,BDB,Biosciences,BDB,Biosciences,2200100,Single Cell Multiomics,PH220080022800,SCM Reagents,PH220080035550,BD AbSeq,PH220080041131,AbSeq-panels,PH220080051346,AbSeq-panels,572241,Adaptive Protein Panel,572241-Adaptive Protein Panel,BDB-572241," $9,527 ", 9 ,,,
20740,BLS,BDB,Biosciences,BDB,Biosciences,2200100,Single Cell Multiomics,PH220080022800,SCM Reagents,PH220080035550,BD AbSeq,PH220080041131,AbSeq-panels,PH220080051346,AbSeq-panels,572310,Tumor Protein Panel,572310-Tumor Protein Panel,BDB-572310," $2,614 ", 5 ,,,
20741,BLS,BDB,Biosciences,BDB,Biosciences,2200100,Single Cell Multiomics,PH220080022800,SCM Reagents,PH220080035550,BD AbSeq,PH220080041131,AbSeq-panels,PH220080051346,AbSeq-panels,572316,Immuno-Oncology Protein Panel,572316-Immuno-Oncology Protein Panel,BDB-572316," $3,146 ", 3 ,,,
20757,BLS,BDB,Biosciences,BDB,Biosciences,2200200,Clinical Instruments,PH220020023150,FACSCalibur,PH220020035800,FACSCalibur Options,PH220020041194,Computers & Software (Clinical),PH220020051464,Computers (Clinical),4489246,COMP FACSCALIBUR MACPRO QUADCORE2.8 ATIV,4489246-COMP FACSCALIBUR MACPRO QUADCORE2.8 ATIV,BDB-4489246, $-   , 1 ,,,
20766,BLS,BDB,Biosciences,BDB,Biosciences,2200200,Clinical Instruments,PH220020023200,FACSCanto,PH220020035850,FACSCanto Instrument,PH220020041120,FACSCanto Instrument,PH220020051323,FACSCanto SORP Instrument,643554,FACSCanto II RUO Special Order System,643554-FACSCanto II RUO Special Order System,BDB-643554, $684 , -   ,,,
20767,BLS,BDB,Biosciences,BDB,Biosciences,2200200,Clinical Instruments,PH220020023200,FACSCanto,PH220020035850,FACSCanto Instrument,PH220020041120,FACSCanto Instrument,PH220020051323,FACSCanto SORP Instrument,658310J0,Canto Plus 4B100 3R100 3V100 FP RUO SO,658310J0-Canto Plus 4B100 3R100 3V100 FP RUO SO,BDB-658310J0, $-   , -   ,,,
20883,BLS,BDB,Biosciences,BDB,Biosciences,2200200,Clinical Instruments,PH220020023400,FACSPresto,PH220020036700,FACSPresto Options,PH220020041209,FACSPresto Options - PC Adjustment,PH220020051283,FACSPresto Options - PC Adjustment,PL_974_110,FACSPresto Options Adjustment,PL_974_110-FACSPresto Options Adjustment,BDB-PL_974_110, $-   , -   ,,,
20916,BLS,BDB,Biosciences,BDB,Biosciences,2200200,Clinical Instruments,PH220020023750,Other Instrument Revenue (Clinical),PH220020037400,Other Instrument Revenue (Clinical),PH220020041168,Computers & Software (Clinical),PH220020051404,Software (Clinical),339459,Multiset OS X V2.2 Kit,339459-Multiset OS X V2.2 Kit,BDB-339459, $-   , 1 ,,,
20918,BLS,BDB,Biosciences,BDB,Biosciences,2200200,Clinical Instruments,PH220020023750,Other Instrument Revenue (Clinical),PH220020037400,Other Instrument Revenue (Clinical),PH220020041168,Computers & Software (Clinical),PH220020051404,Software (Clinical),640775,Module Application BD HLA-B27 USA,640775-Module Application BD HLA-B27 USA,BDB-640775, $-   , 2 ,,,
20925,BLS,BDB,Biosciences,BDB,Biosciences,2200200,Clinical Instruments,PH220020023750,Other Instrument Revenue (Clinical),PH220020037400,Other Instrument Revenue (Clinical),PH220020041168,Computers & Software (Clinical),PH220020051404,Software (Clinical),661319,Software Bundle FACSCanto II v3.1 EU,661319-Software Bundle FACSCanto II v3.1 EU,BDB-661319, $-   , 1 ,,,
20932,BLS,BDB,Biosciences,BDB,Biosciences,2200200,Clinical Instruments,PH220020023750,Other Instrument Revenue (Clinical),PH220020037400,Other Instrument Revenue (Clinical),PH220020041168,Computers & Software (Clinical),PH220020051404,Software (Clinical),663064,FACSLink Specimen Mgmt + 1 Yr Maint,663064-FACSLink Specimen Mgmt + 1 Yr Maint,BDB-663064, $-   , 1 ,,,
20946,BLS,BDB,Biosciences,BDB,Biosciences,2200200,Clinical Instruments,PH220020023750,Other Instrument Revenue (Clinical),PH220020037400,Other Instrument Revenue (Clinical),PH220020041168,Computers & Software (Clinical),PH220020051404,Software (Clinical),664118,Software Upgrd Bundle FACSDiva no Dongle,664118-Software Upgrd Bundle FACSDiva no Dongle,BDB-664118," $1,232 ", 1 ,,,
20950,BLS,BDB,Biosciences,BDB,Biosciences,2200200,Clinical Instruments,PH220020023750,Other Instrument Revenue (Clinical),PH220020037400,Other Instrument Revenue (Clinical),PH220020041168,Computers & Software (Clinical),PH220020051404,Software (Clinical),664405,Bundle SW FACSuite v1.4 CE IVD Clinical,664405-Bundle SW FACSuite v1.4 CE IVD Clinical,BDB-664405, $402 , 1 ,,,
20956,BLS,BDB,Biosciences,BDB,Biosciences,2200200,Clinical Instruments,PH220020023750,Other Instrument Revenue (Clinical),PH220020037400,Other Instrument Revenue (Clinical),PH220020041169,Other Instrument Revenue (Clinical),PH220020051405,Other Options and Upgrades (Clinical),*3RDPARTYCR,*3RDPARTYCR,*3RDPARTYCR-*3RDPARTYCR,BDB-*3RDPARTYCR," $2,400 ", -   ,,,
20960,BLS,BDB,Biosciences,BDB,Biosciences,2200200,Clinical Instruments,PH220020023750,Other Instrument Revenue (Clinical),PH220020037400,Other Instrument Revenue (Clinical),PH220020041169,Other Instrument Revenue (Clinical),PH220020051405,Other Options and Upgrades (Clinical),65116609,IVD Universal Auto Loader Opt Repaired,65116609-IVD Universal Auto Loader Opt Repaired,BDB-65116609," $11,903 ", 1 ,,,
21014,BLS,BDB,Biosciences,BDB,Biosciences,2200200,Clinical Instruments,PH220020023850,Sample Prep Assistant,PH220020037550,SPA Options,PH220020041180,SPA Options,PH220020051437,SPA Other Options and Upgrades,340617,500UM Sterile Syringe Filcon 100Pkg,340617-500UM Sterile Syringe Filcon 100Pkg,BDB-340617, $282 , 100 ,,,
21035,BLS,BDB,Biosciences,BDB,Biosciences,2200200,Clinical Instruments,PH220020023850,Sample Prep Assistant,PH220020037550,SPA Options,PH220020041180,SPA Options,PH220020051437,SPA Other Options and Upgrades,340642,200UM Sterile Cup Filcon 300Pkg,340642-200UM Sterile Cup Filcon 300Pkg,BDB-340642," $1,427 ", 300 ,,,
21038,BLS,BDB,Biosciences,BDB,Biosciences,2200200,Clinical Instruments,PH220020023850,Sample Prep Assistant,PH220020037550,SPA Options,PH220020041180,SPA Options,PH220020051437,SPA Other Options and Upgrades,340647,500UM Non Sterile Cup Filcon 100Pkg,340647-500UM Non Sterile Cup Filcon 100Pkg,BDB-340647, $807 , 500 ,,,
21040,BLS,BDB,Biosciences,BDB,Biosciences,2200200,Clinical Instruments,PH220020023850,Sample Prep Assistant,PH220020037550,SPA Options,PH220020041180,SPA Options,PH220020051437,SPA Other Options and Upgrades,340734,10UM Non-Sterile Cup Filcon 100Pkg,340734-10UM Non-Sterile Cup Filcon 100Pkg,BDB-340734, $274 , 100 ,,,
21436,BLS,BDB,Biosciences,BDB,Biosciences,2200300,Service,PH220030021550,Technical Support Service,PH220030031900,Service Contract,PH220030041025,Service Contract,PH220030051116,Service Contract Non-product specific,65353609,COH LSR OBIS 445-75 REP,65353609-COH LSR OBIS 445-75 REP,BDB-65353609," $6,159 ", 1 ,,,
21514,BLS,BDB,Biosciences,BDB,Biosciences,2200300,Service,PH220030021550,Technical Support Service,PH220030031900,Service Contract,PH220030041025,Service Contract,PH220030051116,Service Contract Non-product specific,663543,Instrument Warranty Contract - BDB,663543-Instrument Warranty Contract - BDB,BDB-663543," $8,806 ", 12 ,,,
21527,BLS,BDB,Biosciences,BDB,Biosciences,2200300,Service,PH220030021550,Technical Support Service,PH220030031900,Service Contract,PH220030041025,Service Contract,PH220030051173,Service Contract FACSymphony A8,668001,Svc Contr FACSDiscover A8 BRVYGUV,668001-Svc Contr FACSDiscover A8 BRVYGUV,BDB-668001, $422 , -   ,,,
21529,BLS,BDB,Biosciences,BDB,Biosciences,2200300,Service,PH220030021550,Technical Support Service,PH220030031950,Time and Materials,PH220030041012,Time and Materials - PC Adjustment,PH220030051018,Time and Materials - PC Adjustment,PL_960_195,Time and Materials Adjustment,PL_960_195-Time and Materials Adjustment,BDB-PL_960_195, $-   , -   ,,,
21530,BLS,BDB,Biosciences,BDB,Biosciences,2200300,Service,PH220030021550,Technical Support Service,PH220030031950,Time and Materials,PH220030041027,Time and Materials,PH220030051014,Time and Materials FACSDiscover S8,664890,PCB Assembly Riptide Board,664890-PCB Assembly Riptide Board,BDB-664890, $-   , -   ,,,
21539,BLS,BDB,Biosciences,BDB,Biosciences,2200300,Service,PH220030021550,Technical Support Service,PH220030031950,Time and Materials,PH220030041027,Time and Materials,PH220030051014,Time and Materials FACSDiscover S8,666055,Sensor Level 3 Float Asc 11.9IN ST SVC,666055-Sensor Level 3 Float Asc 11.9IN ST SVC,BDB-666055," $3,041 ", 5 ,,,
21540,BLS,BDB,Biosciences,BDB,Biosciences,2200300,Service,PH220030021550,Technical Support Service,PH220030031950,Time and Materials,PH220030041027,Time and Materials,PH220030051014,Time and Materials FACSDiscover S8,666057,Ftg Quick-Con Valved 1/4Mnpt Ss S8 SVC,666057-Ftg Quick-Con Valved 1/4Mnpt Ss S8 SVC,BDB-666057," $1,001 ", 2 ,,,
21542,BLS,BDB,Biosciences,BDB,Biosciences,2200300,Service,PH220030021550,Technical Support Service,PH220030031950,Time and Materials,PH220030041027,Time and Materials,PH220030051014,Time and Materials FACSDiscover S8,666115,ASSY Cerebral SVC,666115-ASSY Cerebral SVC,BDB-666115," $28,993 ", 1 ,,,
21543,BLS,BDB,Biosciences,BDB,Biosciences,2200300,Service,PH220030021550,Technical Support Service,PH220030031950,Time and Materials,PH220030041027,Time and Materials,PH220030051014,Time and Materials FACSDiscover S8,666188,ASSY S8 YG LASER W HEATSINK Srv,666188-ASSY S8 YG LASER W HEATSINK Srv,BDB-666188," $9,233 ", 1 ,,,
21544,BLS,BDB,Biosciences,BDB,Biosciences,2200300,Service,PH220030021550,Technical Support Service,PH220030031950,Time and Materials,PH220030041027,Time and Materials,PH220030051014,Time and Materials FACSDiscover S8,666196,Kit Blue Imaging Laser Engine SVC,666196-Kit Blue Imaging Laser Engine SVC,BDB-666196, $-   , 1 ,,,
21545,BLS,BDB,Biosciences,BDB,Biosciences,2200300,Service,PH220030021550,Technical Support Service,PH220030031950,Time and Materials,PH220030041027,Time and Materials,PH220030051014,Time and Materials FACSDiscover S8,666210,ASSY Flow-cell Mosaic SVC,666210-ASSY Flow-cell Mosaic SVC,BDB-666210," $42,820 ", 1 ,,,
21546,BLS,BDB,Biosciences,BDB,Biosciences,2200300,Service,PH220030021550,Technical Support Service,PH220030031950,Time and Materials,PH220030041027,Time and Materials,PH220030051014,Time and Materials FACSDiscover S8,666399,PCB Assembly Riptide Board SVC,666399-PCB Assembly Riptide Board SVC,BDB-666399, $-   , -   ,,,
21548,BLS,BDB,Biosciences,BDB,Biosciences,2200300,Service,PH220030021550,Technical Support Service,PH220030031950,Time and Materials,PH220030041027,Time and Materials,PH220030051014,Time and Materials FACSDiscover S8,667595,Assy Transducer FACSDiscover S8 SVC,667595-Assy Transducer FACSDiscover S8 SVC,BDB-667595, $-   , 1 ,,,
21551,BLS,BDB,Biosciences,BDB,Biosciences,2200300,Service,PH220030021550,Technical Support Service,PH220030031950,Time and Materials,PH220030041027,Time and Materials,PH220030051121,Time and Materials,*INSTALLBDB,Installation fee BDB,*INSTALLBDB-Installation fee BDB,BDB-*INSTALLBDB," $5,754 ", -   ,,,
21552,BLS,BDB,Biosciences,BDB,Biosciences,2200300,Service,PH220030021550,Technical Support Service,PH220030031950,Time and Materials,PH220030041027,Time and Materials,PH220030051121,Time and Materials,02-61732-00S,Valve Electronic Assembly -Service,02-61732-00S-Valve Electronic Assembly -Service,BDB-02-61732-00S, $-   , -   ,,,
21553,BLS,BDB,Biosciences,BDB,Biosciences,2200300,Service,PH220030021550,Technical Support Service,PH220030031950,Time and Materials,PH220030041027,Time and Materials,PH220030051121,Time and Materials,03-20120-08S,PCB Assembly ADC Service Spare,03-20120-08S-PCB Assembly ADC Service Spare,BDB-03-20120-08S, $-   , -   ,,,
21554,BLS,BDB,Biosciences,BDB,Biosciences,2200300,Service,PH220030021550,Technical Support Service,PH220030031950,Time and Materials,PH220030041027,Time and Materials,PH220030051121,Time and Materials,19-62774-00,Filter Df530/30 Bandpass,19-62774-00-Filter Df530/30 Bandpass,BDB-19-62774-00, $616 , 2 ,,,
21558,BLS,BDB,Biosciences,BDB,Biosciences,2200300,Service,PH220030021550,Technical Support Service,PH220030031950,Time and Materials,PH220030041027,Time and Materials,PH220030051121,Time and Materials,33435017,R1 6U-3U Card Cage Service v1,33435017-R1 6U-3U Card Cage Service v1,BDB-33435017, $-   , 1 ,,,
21570,BLS,BDB,Biosciences,BDB,Biosciences,2200300,Service,PH220030021550,Technical Support Service,PH220030031950,Time and Materials,PH220030041027,Time and Materials,PH220030051121,Time and Materials,33588527,PCB Gms V267 VME Sbcprgmd Vx-Wks 5.5 SVC,33588527-PCB Gms V267 VME Sbcprgmd Vx-Wks 5.5 SVC,BDB-33588527," $4,892 ", 1 ,,,
21571,BLS,BDB,Biosciences,BDB,Biosciences,2200300,Service,PH220030021550,Technical Support Service,PH220030031950,Time and Materials,PH220030041027,Time and Materials,PH220030051121,Time and Materials,335943,Coupling Insert R/AShutoff 1/8inBarb PPL,335943-Coupling Insert R/AShutoff 1/8inBarb PPL,BDB-335943, $163 , 2 ,,,
21572,BLS,BDB,Biosciences,BDB,Biosciences,2200300,Service,PH220030021550,Technical Support Service,PH220030031950,Time and Materials,PH220030041027,Time and Materials,PH220030051121,Time and Materials,336218,Filter Element 92mm,336218-Filter Element 92mm,BDB-336218, $30 , 10 ,,,
21582,BLS,BDB,Biosciences,BDB,Biosciences,2200300,Service,PH220030021550,Technical Support Service,PH220030031950,Time and Materials,PH220030041027,Time and Materials,PH220030051121,Time and Materials,343617,O-Ring 0.426in IDX0.070in Wide,343617-O-Ring 0.426in IDX0.070in Wide,BDB-343617, $14 , 6 ,,,
21590,BLS,BDB,Biosciences,BDB,Biosciences,2200300,Service,PH220030021550,Technical Support Service,PH220030031950,Time and Materials,PH220030041027,Time and Materials,PH220030051121,Time and Materials,344926,Fitting 10-32THDx1/8-Tube-Barb Blk PPL,344926-Fitting 10-32THDx1/8-Tube-Barb Blk PPL,BDB-344926, $536 , 13 ,,,
21592,BLS,BDB,Biosciences,BDB,Biosciences,2200300,Service,PH220030021550,Technical Support Service,PH220030031950,Time and Materials,PH220030041027,Time and Materials,PH220030051121,Time and Materials,346410,One Touch Fitting 1/8Npt To 1/4OD Tubing,346410-One Touch Fitting 1/8Npt To 1/4OD Tubing,BDB-346410, $-   , 20 ,,,
21605,BLS,BDB,Biosciences,BDB,Biosciences,2200300,Service,PH220030021550,Technical Support Service,PH220030031950,Time and Materials,PH220030041027,Time and Materials,PH220030051121,Time and Materials,59-10027-00S,Fitting T 1/16 ID Service,59-10027-00S-Fitting T 1/16 ID Service,BDB-59-10027-00S, $37 , 10 ,,,
21610,BLS,BDB,Biosciences,BDB,Biosciences,2200300,Service,PH220030021550,Technical Support Service,PH220030031950,Time and Materials,PH220030041027,Time and Materials,PH220030051121,Time and Materials,640404,HTS Cover Assembly W/Box,640404-HTS Cover Assembly W/Box,BDB-640404, $213 , 2 ,,,
21616,BLS,BDB,Biosciences,BDB,Biosciences,2200300,Service,PH220030021550,Technical Support Service,PH220030031950,Time and Materials,PH220030041027,Time and Materials,PH220030051121,Time and Materials,646474,Pwr Supply Ac-Dc 90W +24V/3.75A Desktop,646474-Pwr Supply Ac-Dc 90W +24V/3.75A Desktop,BDB-646474, $793 , -   ,,,
21617,BLS,BDB,Biosciences,BDB,Biosciences,2200300,Service,PH220030021550,Technical Support Service,PH220030031950,Time and Materials,PH220030041027,Time and Materials,PH220030051121,Time and Materials,648072,Beads 8.1 - 12 Micron Ultra Rainbow,648072-Beads 8.1 - 12 Micron Ultra Rainbow,BDB-648072, $-   , 1 ,,,
21618,BLS,BDB,Biosciences,BDB,Biosciences,2200300,Service,PH220030021550,Technical Support Service,PH220030031950,Time and Materials,PH220030041027,Time and Materials,PH220030051121,Time and Materials,648073,Beads 3 - 3.4 Micron Ultra Rainbow,648073-Beads 3 - 3.4 Micron Ultra Rainbow,BDB-648073, $-   , 1 ,,,
21631,BLS,BDB,Biosciences,BDB,Biosciences,2200300,Service,PH220030021550,Technical Support Service,PH220030031950,Time and Materials,PH220030041027,Time and Materials,PH220030051121,Time and Materials,660000,Kit Optical Filter BV510 Aria/Fortessa,660000-Kit Optical Filter BV510 Aria/Fortessa,BDB-660000," $2,500 ", 2 ,,,
21632,BLS,BDB,Biosciences,BDB,Biosciences,2200300,Service,PH220030021550,Technical Support Service,PH220030031950,Time and Materials,PH220030041027,Time and Materials,PH220030051121,Time and Materials,660001,Kit Optical Filter BV605 Aria/Fortessa,660001-Kit Optical Filter BV605 Aria/Fortessa,BDB-660001," $2,918 ", 1 ,,,
21633,BLS,BDB,Biosciences,BDB,Biosciences,2200300,Service,PH220030021550,Technical Support Service,PH220030031950,Time and Materials,PH220030041027,Time and Materials,PH220030051121,Time and Materials,660003,Kit Optical Filter BV711 Aria/Fortessa,660003-Kit Optical Filter BV711 Aria/Fortessa,BDB-660003," $2,335 ", 1 ,,,
21636,BLS,BDB,Biosciences,BDB,Biosciences,2200300,Service,PH220030021550,Technical Support Service,PH220030031950,Time and Materials,PH220030041027,Time and Materials,PH220030051121,Time and Materials,660012,Kit Optical Filter BUV661 X-20,660012-Kit Optical Filter BUV661 X-20,BDB-660012, $-   , 5 ,,,
21640,BLS,BDB,Biosciences,BDB,Biosciences,2200300,Service,PH220030021550,Technical Support Service,PH220030031950,Time and Materials,PH220030041027,Time and Materials,PH220030051121,Time and Materials,660016,Kit Optical Filter BV510 X-20,660016-Kit Optical Filter BV510 X-20,BDB-660016, $-   , 6 ,,,
21645,BLS,BDB,Biosciences,BDB,Biosciences,2200300,Service,PH220030021550,Technical Support Service,PH220030031950,Time and Materials,PH220030041027,Time and Materials,PH220030051121,Time and Materials,660512,Adapter HDMI DisplayPort HP BP937AA,660512-Adapter HDMI DisplayPort HP BP937AA,BDB-660512, $-   , 6 ,,,
21647,BLS,BDB,Biosciences,BDB,Biosciences,2200300,Service,PH220030021550,Technical Support Service,PH220030031950,Time and Materials,PH220030041027,Time and Materials,PH220030051121,Time and Materials,66107207,Assy Filter 610/20 595LP SVC,66107207-Assy Filter 610/20 595LP SVC,BDB-66107207, $-   , 1 ,,,
21648,BLS,BDB,Biosciences,BDB,Biosciences,2200300,Service,PH220030021550,Technical Support Service,PH220030031950,Time and Materials,PH220030041027,Time and Materials,PH220030051121,Time and Materials,66107307,Assy Filter 670/30 655LP SVC,66107307-Assy Filter 670/30 655LP SVC,BDB-66107307," $1,359 ", 1 ,,,
21649,BLS,BDB,Biosciences,BDB,Biosciences,2200300,Service,PH220030021550,Technical Support Service,PH220030031950,Time and Materials,PH220030041027,Time and Materials,PH220030051121,Time and Materials,66107507,Assy Filter 710/50 690LP SVC,66107507-Assy Filter 710/50 690LP SVC,BDB-66107507," $1,359 ", 1 ,,,
21662,BLS,BDB,Biosciences,BDB,Biosciences,2200300,Service,PH220030021550,Technical Support Service,PH220030031950,Time and Materials,PH220030041027,Time and Materials,PH220030051121,Time and Materials,663059,PMT H14121-40 SORP,663059-PMT H14121-40 SORP,BDB-663059, $-   , 1 ,,,
21663,BLS,BDB,Biosciences,BDB,Biosciences,2200300,Service,PH220030021550,Technical Support Service,PH220030031950,Time and Materials,PH220030041027,Time and Materials,PH220030051121,Time and Materials,663197,PMT H11900-20,663197-PMT H11900-20,BDB-663197," $2,375 ", -   ,,,
21665,BLS,BDB,Biosciences,BDB,Biosciences,2200300,Service,PH220030021550,Technical Support Service,PH220030031950,Time and Materials,PH220030041027,Time and Materials,PH220030051121,Time and Materials,663212,COP EUS2CAN Pcba,663212-COP EUS2CAN Pcba,BDB-663212," $2,712 ", 2 ,,,
21666,BLS,BDB,Biosciences,BDB,Biosciences,2200300,Service,PH220030021550,Technical Support Service,PH220030031950,Time and Materials,PH220030041027,Time and Materials,PH220030051121,Time and Materials,663215,User Access CU PCB,663215-User Access CU PCB,BDB-663215," $1,121 ", 1 ,,,
21669,BLS,BDB,Biosciences,BDB,Biosciences,2200300,Service,PH220030021550,Technical Support Service,PH220030031950,Time and Materials,PH220030041027,Time and Materials,PH220030051121,Time and Materials,663252,Level Sensor Orange Waste,663252-Level Sensor Orange Waste,BDB-663252, $927 , 1 ,,,
21672,BLS,BDB,Biosciences,BDB,Biosciences,2200300,Service,PH220030021550,Technical Support Service,PH220030031950,Time and Materials,PH220030041027,Time and Materials,PH220030051121,Time and Materials,663256,Speciment Cylinder Teach Tool,663256-Speciment Cylinder Teach Tool,BDB-663256, $844 , 2 ,,,
21676,BLS,BDB,Biosciences,BDB,Biosciences,2200300,Service,PH220030021550,Technical Support Service,PH220030031950,Time and Materials,PH220030041027,Time and Materials,PH220030051121,Time and Materials,80-10085-00,Tubing Polyurethane 33/8 X 1/4,80-10085-00-Tubing Polyurethane 33/8 X 1/4,BDB-80-10085-00, $133 ," 5,080 ",,,
21679,BLS,BDB,Biosciences,BDB,Biosciences,2200300,Service,PH220030021550,Technical Support Service,PH220030031950,Time and Materials,PH220030041027,Time and Materials,PH220030051121,Time and Materials,80-30081-00,Tubing 1/8 Green,80-30081-00-Tubing 1/8 Green,BDB-80-30081-00," $23,205 "," 55,881 ",,,
21680,BLS,BDB,Biosciences,BDB,Biosciences,2200300,Service,PH220030021550,Technical Support Service,PH220030031950,Time and Materials,PH220030041027,Time and Materials,PH220030051121,Time and Materials,80-30083-00,Tubing 1/4 OD X 1/8 ID,80-30083-00-Tubing 1/4 OD X 1/8 ID,BDB-80-30083-00, $-   ," 15,240 ",,,
21682,BLS,BDB,Biosciences,BDB,Biosciences,2200300,Service,PH220030021550,Technical Support Service,PH220030031950,Time and Materials,PH220030041027,Time and Materials,PH220030051121,Time and Materials,88-20149-00,O-Ring 3.475 X .275,88-20149-00-O-Ring 3.475 X .275,BDB-88-20149-00, $-   , 1 ,,,
21684,BLS,BDB,Biosciences,BDB,Biosciences,2200300,Service,PH220030021550,Technical Support Service,PH220030031950,Time and Materials,PH220030041027,Time and Materials,PH220030051121,Time and Materials,ECC##BDB113,Adapter 1/8X1/16 Service,ECC##BDB113-Adapter 1/8X1/16 Service,BDB-ECC##BDB113, $223 , 25 ,,,
21685,BLS,BDB,Biosciences,BDB,Biosciences,2200300,Service,PH220030021550,Technical Support Service,PH220030031950,Time and Materials,PH220030041027,Time and Materials,PH220030051121,Time and Materials,ECC##BDB116,Cpln Bdy Pnl Mt 1/16 ID-Blu Service,ECC##BDB116-Cpln Bdy Pnl Mt 1/16 ID-Blu Service,BDB-ECC##BDB116, $203 , 5 ,,,
21686,BLS,BDB,Biosciences,BDB,Biosciences,2200300,Service,PH220030021550,Technical Support Service,PH220030031950,Time and Materials,PH220030041027,Time and Materials,PH220030051121,Time and Materials,ECC##BDB123,CPLNG Blu 1/16 PMCD22-01-316 Service,ECC##BDB123-CPLNG Blu 1/16 PMCD22-01-316 Service,BDB-ECC##BDB123, $205 , 5 ,,,
21710,BLS,BDB,Biosciences,BDB,Biosciences,2200300,Service,PH220030021550,Technical Support Service,PH220030031950,Time and Materials,PH220030041027,Time and Materials,PH220030051123,Time and Materials Accuri,653255,Screw Mount CSam set of 3,653255-Screw Mount CSam set of 3,BDB-653255, $-   , 2 ,,,
21713,BLS,BDB,Biosciences,BDB,Biosciences,2200300,Service,PH220030021550,Technical Support Service,PH220030031950,Time and Materials,PH220030041027,Time and Materials,PH220030051123,Time and Materials Accuri,653271,TUBING BULK TYPE A 2.5 FEET RED,653271-TUBING BULK TYPE A 2.5 FEET RED,BDB-653271, $0 , (1),,,
21714,BLS,BDB,Biosciences,BDB,Biosciences,2200300,Service,PH220030021550,Technical Support Service,PH220030031950,Time and Materials,PH220030041027,Time and Materials,PH220030051123,Time and Materials Accuri,653272,TUBING BULK TYPE B 2.5 FEET BLUE,653272-TUBING BULK TYPE B 2.5 FEET BLUE,BDB-653272, $0 , (1),,,
21715,BLS,BDB,Biosciences,BDB,Biosciences,2200300,Service,PH220030021550,Technical Support Service,PH220030031950,Time and Materials,PH220030041027,Time and Materials,PH220030051123,Time and Materials Accuri,653273,TUBING BULK TYPE C 2.5 FEET GREEN,653273-TUBING BULK TYPE C 2.5 FEET GREEN,BDB-653273, $0 , (1),,,
21716,BLS,BDB,Biosciences,BDB,Biosciences,2200300,Service,PH220030021550,Technical Support Service,PH220030031950,Time and Materials,PH220030041027,Time and Materials,PH220030051123,Time and Materials Accuri,653274,TUBING BULK TYPE D 2.5 FEET YELLOW,653274-TUBING BULK TYPE D 2.5 FEET YELLOW,BDB-653274, $0 , (1),,,
21717,BLS,BDB,Biosciences,BDB,Biosciences,2200300,Service,PH220030021550,Technical Support Service,PH220030031950,Time and Materials,PH220030041027,Time and Materials,PH220030051123,Time and Materials Accuri,653275,TUBING BULK TYPE E 2.5 FEET CLEAR,653275-TUBING BULK TYPE E 2.5 FEET CLEAR,BDB-653275, $0 , (1),,,
21722,BLS,BDB,Biosciences,BDB,Biosciences,2200300,Service,PH220030021550,Technical Support Service,PH220030031950,Time and Materials,PH220030041027,Time and Materials,PH220030051123,Time and Materials Accuri,658482,Assy Fsc Pin Diode Pcba,658482-Assy Fsc Pin Diode Pcba,BDB-658482, $483 , 5 ,,,
21741,BLS,BDB,Biosciences,BDB,Biosciences,2200300,Service,PH220030021550,Technical Support Service,PH220030031950,Time and Materials,PH220030041027,Time and Materials,PH220030051123,Time and Materials Accuri,667446,Assy SSD Block FL1 SVC,667446-Assy SSD Block FL1 SVC,BDB-667446," $3,600 ", 1 ,,,
21742,BLS,BDB,Biosciences,BDB,Biosciences,2200300,Service,PH220030021550,Technical Support Service,PH220030031950,Time and Materials,PH220030041027,Time and Materials,PH220030051123,Time and Materials Accuri,667447,Assy SSD Block FL2 SVC,667447-Assy SSD Block FL2 SVC,BDB-667447," $3,590 ", 1 ,,,
21743,BLS,BDB,Biosciences,BDB,Biosciences,2200300,Service,PH220030021550,Technical Support Service,PH220030031950,Time and Materials,PH220030041027,Time and Materials,PH220030051123,Time and Materials Accuri,667448,Assy SSD Block FL3 SVC,667448-Assy SSD Block FL3 SVC,BDB-667448," $3,590 ", 1 ,,,
21744,BLS,BDB,Biosciences,BDB,Biosciences,2200300,Service,PH220030021550,Technical Support Service,PH220030031950,Time and Materials,PH220030041027,Time and Materials,PH220030051123,Time and Materials Accuri,667449,Assy SSD Block FL4 SVC,667449-Assy SSD Block FL4 SVC,BDB-667449," $3,590 ", 1 ,,,
21745,BLS,BDB,Biosciences,BDB,Biosciences,2200300,Service,PH220030021550,Technical Support Service,PH220030031950,Time and Materials,PH220030041027,Time and Materials,PH220030051124,Time and Materials Accuri C6,*01SF0827,OQ Accuri C6,*01SF0827-OQ Accuri C6,BDB-*01SF0827," $7,557 ", -   ,,,
21746,BLS,BDB,Biosciences,BDB,Biosciences,2200300,Service,PH220030021550,Technical Support Service,PH220030031950,Time and Materials,PH220030041027,Time and Materials,PH220030051124,Time and Materials Accuri C6,*01SF0927,IQOQ Accuri C6,*01SF0927-IQOQ Accuri C6,BDB-*01SF0927," $8,043 ", -   ,,,
21751,BLS,BDB,Biosciences,BDB,Biosciences,2200300,Service,PH220030021550,Technical Support Service,PH220030031950,Time and Materials,PH220030041027,Time and Materials,PH220030051126,Time and Materials FACSAria,*01SF0901,IQOQ FACSAria,*01SF0901-IQOQ FACSAria,BDB-*01SF0901," $2,232 ", -   ,,,
21753,BLS,BDB,Biosciences,BDB,Biosciences,2200300,Service,PH220030021550,Technical Support Service,PH220030031950,Time and Materials,PH220030041027,Time and Materials,PH220030051126,Time and Materials FACSAria,19-66456-00,Collet Nut,19-66456-00-Collet Nut,BDB-19-66456-00, $-   , 1 ,,,
21755,BLS,BDB,Biosciences,BDB,Biosciences,2200300,Service,PH220030021550,Technical Support Service,PH220030031950,Time and Materials,PH220030041027,Time and Materials,PH220030051126,Time and Materials FACSAria,33032007,PCB Assembly Master DAQ II Service,33032007-PCB Assembly Master DAQ II Service,BDB-33032007, $-   , 2 ,,,
21756,BLS,BDB,Biosciences,BDB,Biosciences,2200300,Service,PH220030021550,Technical Support Service,PH220030031950,Time and Materials,PH220030041027,Time and Materials,PH220030051126,Time and Materials FACSAria,331392,O-Ring .200 IDX0.040 CS S-60,331392-O-Ring .200 IDX0.040 CS S-60,BDB-331392, $132 , 2 ,,,
21757,BLS,BDB,Biosciences,BDB,Biosciences,2200300,Service,PH220030021550,Technical Support Service,PH220030031950,Time and Materials,PH220030041027,Time and Materials,PH220030051126,Time and Materials FACSAria,331394,Filter Suporlife 1/4in NPT-M/1/4in NPT-M,331394-Filter Suporlife 1/4in NPT-M/1/4in NPT-M,BDB-331394, $658 , 8 ,,,
21759,BLS,BDB,Biosciences,BDB,Biosciences,2200300,Service,PH220030021550,Technical Support Service,PH220030031950,Time and Materials,PH220030041027,Time and Materials,PH220030051126,Time and Materials FACSAria,332300,PCB Power Distribution Board,332300-PCB Power Distribution Board,BDB-332300, $-   , -   ,,,
21768,BLS,BDB,Biosciences,BDB,Biosciences,2200300,Service,PH220030021550,Technical Support Service,PH220030031950,Time and Materials,PH220030041027,Time and Materials,PH220030051126,Time and Materials FACSAria,33307207,CPLG Barb-Elbow 1/4 Barb 1/4in Flow Serv,33307207-CPLG Barb-Elbow 1/4 Barb 1/4in Flow Serv,BDB-33307207, $755 , 15 ,,,
21777,BLS,BDB,Biosciences,BDB,Biosciences,2200300,Service,PH220030021550,Technical Support Service,PH220030031950,Time and Materials,PH220030041027,Time and Materials,PH220030051126,Time and Materials FACSAria,333506,Pwr Entry Mod Dpst Ac-Sel Fused 10A Fltr,333506-Pwr Entry Mod Dpst Ac-Sel Fused 10A Fltr,BDB-333506, $135 , 1 ,,,
21784,BLS,BDB,Biosciences,BDB,Biosciences,2200300,Service,PH220030021550,Technical Support Service,PH220030031950,Time and Materials,PH220030041027,Time and Materials,PH220030051126,Time and Materials FACSAria,334368,Sensor Proximity Magnet,334368-Sensor Proximity Magnet,BDB-334368, $96 , 1 ,,,
21789,BLS,BDB,Biosciences,BDB,Biosciences,2200300,Service,PH220030021550,Technical Support Service,PH220030031950,Time and Materials,PH220030041027,Time and Materials,PH220030051126,Time and Materials FACSAria,334794,Bulk Injection ASPO/ASPI Cable Assembly,334794-Bulk Injection ASPO/ASPI Cable Assembly,BDB-334794, $438 , 1 ,,,
21794,BLS,BDB,Biosciences,BDB,Biosciences,2200300,Service,PH220030021550,Technical Support Service,PH220030031950,Time and Materials,PH220030041027,Time and Materials,PH220030051126,Time and Materials FACSAria,334921,Pre-Amp Cable Harness,334921-Pre-Amp Cable Harness,BDB-334921," $1,725 ", 1 ,,,
21799,BLS,BDB,Biosciences,BDB,Biosciences,2200300,Service,PH220030021550,Technical Support Service,PH220030031950,Time and Materials,PH220030041027,Time and Materials,PH220030051126,Time and Materials FACSAria,33538409,KINEFLEX BLUE LASER FIBER REPAIRED,33538409-KINEFLEX BLUE LASER FIBER REPAIRED,BDB-33538409, $336 , 1 ,,,
21803,BLS,BDB,Biosciences,BDB,Biosciences,2200300,Service,PH220030021550,Technical Support Service,PH220030031950,Time and Materials,PH220030041027,Time and Materials,PH220030051126,Time and Materials FACSAria,335916,Cap 5-Liter Tank 2.85DIA PPL w/FOILSEAL,335916-Cap 5-Liter Tank 2.85DIA PPL w/FOILSEAL,BDB-335916, $60 , 4 ,,,
21806,BLS,BDB,Biosciences,BDB,Biosciences,2200300,Service,PH220030021550,Technical Support Service,PH220030031950,Time and Materials,PH220030041027,Time and Materials,PH220030051126,Time and Materials FACSAria,336188,Temperature Control Holder 15mL,336188-Temperature Control Holder 15mL,BDB-336188, $78 , -   ,,,
21810,BLS,BDB,Biosciences,BDB,Biosciences,2200300,Service,PH220030021550,Technical Support Service,PH220030031950,Time and Materials,PH220030041027,Time and Materials,PH220030051126,Time and Materials FACSAria,33697707,Couplng Insrt Stoff 1/4 Tube Org-Ppl Ser,33697707-Couplng Insrt Stoff 1/4 Tube Org-Ppl Ser,BDB-33697707, $796 , 3 ,,,
21811,BLS,BDB,Biosciences,BDB,Biosciences,2200300,Service,PH220030021550,Technical Support Service,PH220030031950,Time and Materials,PH220030041027,Time and Materials,PH220030051126,Time and Materials FACSAria,33697807,Couplng Pnl-Mt Stoff 1/4Tube Org-Ppl Ser,33697807-Couplng Pnl-Mt Stoff 1/4Tube Org-Ppl Ser,BDB-33697807," $5,649 ", 15 ,,,
21828,BLS,BDB,Biosciences,BDB,Biosciences,2200300,Service,PH220030021550,Technical Support Service,PH220030031950,Time and Materials,PH220030041027,Time and Materials,PH220030051126,Time and Materials FACSAria,34334507,PCB Assy Fluidic Motherboard Aria II SVC,34334507-PCB Assy Fluidic Motherboard Aria II SVC,BDB-34334507," $2,011 ", -   ,,,
21831,BLS,BDB,Biosciences,BDB,Biosciences,2200300,Service,PH220030021550,Technical Support Service,PH220030031950,Time and Materials,PH220030041027,Time and Materials,PH220030051126,Time and Materials FACSAria,34334627,PCB Assembly Fluidics Driver Service,34334627-PCB Assembly Fluidics Driver Service,BDB-34334627," $1,025 ", 3 ,,,
21841,BLS,BDB,Biosciences,BDB,Biosciences,2200300,Service,PH220030021550,Technical Support Service,PH220030031950,Time and Materials,PH220030041027,Time and Materials,PH220030051126,Time and Materials FACSAria,347566,Fiber Bundle 3 Fiber R1,347566-Fiber Bundle 3 Fiber R1,BDB-347566," $2,143 ", 1 ,,,
21842,BLS,BDB,Biosciences,BDB,Biosciences,2200300,Service,PH220030021550,Technical Support Service,PH220030031950,Time and Materials,PH220030041027,Time and Materials,PH220030051126,Time and Materials FACSAria,347832,Fitting Air Cylinder M5-To-One Touch,347832-Fitting Air Cylinder M5-To-One Touch,BDB-347832, $-   , 5 ,,,
21844,BLS,BDB,Biosciences,BDB,Biosciences,2200300,Service,PH220030021550,Technical Support Service,PH220030031950,Time and Materials,PH220030041027,Time and Materials,PH220030051126,Time and Materials FACSAria,347848,Filter One Inch Diameter,347848-Filter One Inch Diameter,BDB-347848, $84 , 1 ,,,
21851,BLS,BDB,Biosciences,BDB,Biosciences,2200300,Service,PH220030021550,Technical Support Service,PH220030031950,Time and Materials,PH220030041027,Time and Materials,PH220030051126,Time and Materials FACSAria,59-10050-00,Barb Fitting Nylon Black,59-10050-00-Barb Fitting Nylon Black,BDB-59-10050-00, $-   , 7 ,,,
21855,BLS,BDB,Biosciences,BDB,Biosciences,2200300,Service,PH220030021550,Technical Support Service,PH220030031950,Time and Materials,PH220030041027,Time and Materials,PH220030051126,Time and Materials FACSAria,640042,Plate Deflection Right,640042-Plate Deflection Right,BDB-640042, $371 , 1 ,,,
21856,BLS,BDB,Biosciences,BDB,Biosciences,2200300,Service,PH220030021550,Technical Support Service,PH220030031950,Time and Materials,PH220030041027,Time and Materials,PH220030051126,Time and Materials FACSAria,640375,Fitting Elbow 1/4-MNPT To 1/8-Tube 316-S,640375-Fitting Elbow 1/4-MNPT To 1/8-Tube 316-S,BDB-640375, $557 , 4 ,,,
21857,BLS,BDB,Biosciences,BDB,Biosciences,2200300,Service,PH220030021550,Technical Support Service,PH220030031950,Time and Materials,PH220030041027,Time and Materials,PH220030051126,Time and Materials FACSAria,64038617,PCB Assembly Pressure Xducr Aria II SVC,64038617-PCB Assembly Pressure Xducr Aria II SVC,BDB-64038617, $626 , 1 ,,,
21860,BLS,BDB,Biosciences,BDB,Biosciences,2200300,Service,PH220030021550,Technical Support Service,PH220030031950,Time and Materials,PH220030041027,Time and Materials,PH220030051126,Time and Materials FACSAria,640563,Band Filter Clip,640563-Band Filter Clip,BDB-640563, $3 , 4 ,,,
21869,BLS,BDB,Biosciences,BDB,Biosciences,2200300,Service,PH220030021550,Technical Support Service,PH220030031950,Time and Materials,PH220030041027,Time and Materials,PH220030051126,Time and Materials FACSAria,64147830,PCB Assembly Pre Amp Aria II,64147830-PCB Assembly Pre Amp Aria II,BDB-64147830," $1,955 ", 5 ,,,
21871,BLS,BDB,Biosciences,BDB,Biosciences,2200300,Service,PH220030021550,Technical Support Service,PH220030031950,Time and Materials,PH220030041027,Time and Materials,PH220030051126,Time and Materials FACSAria,641543,Coupling Insert Valved 1/4in NPT 316-SS,641543-Coupling Insert Valved 1/4in NPT 316-SS,BDB-641543," $1,466 ", 3 ,,,
21873,BLS,BDB,Biosciences,BDB,Biosciences,2200300,Service,PH220030021550,Technical Support Service,PH220030031950,Time and Materials,PH220030041027,Time and Materials,PH220030051126,Time and Materials FACSAria,641613,Tube Holder 2 Way 12 X 75mm,641613-Tube Holder 2 Way 12 X 75mm,BDB-641613, $450 , 2 ,,,
21880,BLS,BDB,Biosciences,BDB,Biosciences,2200300,Service,PH220030021550,Technical Support Service,PH220030031950,Time and Materials,PH220030041027,Time and Materials,PH220030051126,Time and Materials FACSAria,641904,Connector 3-Way T Block Peektm,641904-Connector 3-Way T Block Peektm,BDB-641904, $157 , 1 ,,,
21887,BLS,BDB,Biosciences,BDB,Biosciences,2200300,Service,PH220030021550,Technical Support Service,PH220030031950,Time and Materials,PH220030041027,Time and Materials,PH220030051126,Time and Materials FACSAria,641984,Fc Lever W/Stop,641984-Fc Lever W/Stop,BDB-641984, $138 , 1 ,,,
21888,BLS,BDB,Biosciences,BDB,Biosciences,2200300,Service,PH220030021550,Technical Support Service,PH220030031950,Time and Materials,PH220030041027,Time and Materials,PH220030051126,Time and Materials FACSAria,642012,Sensor Level Cont Electronics Keyed,642012-Sensor Level Cont Electronics Keyed,BDB-642012," $6,209 ", 1 ,,,
21891,BLS,BDB,Biosciences,BDB,Biosciences,2200300,Service,PH220030021550,Technical Support Service,PH220030031950,Time and Materials,PH220030041027,Time and Materials,PH220030051126,Time and Materials FACSAria,64215807,Single Fiber 9ft SORP - Service,64215807-Single Fiber 9ft SORP - Service,BDB-64215807," $1,574 ", 1 ,,,
21897,BLS,BDB,Biosciences,BDB,Biosciences,2200300,Service,PH220030021550,Technical Support Service,PH220030031950,Time and Materials,PH220030041027,Time and Materials,PH220030051126,Time and Materials FACSAria,642372,O-Ring 5 IDX5-3/16 ODx3/32 IN W Edpm-70,642372-O-Ring 5 IDX5-3/16 ODx3/32 IN W Edpm-70,BDB-642372, $110 , 14 ,,,
21900,BLS,BDB,Biosciences,BDB,Biosciences,2200300,Service,PH220030021550,Technical Support Service,PH220030031950,Time and Materials,PH220030041027,Time and Materials,PH220030051126,Time and Materials FACSAria,642599,Temperature Control Fan Cable Assembly,642599-Temperature Control Fan Cable Assembly,BDB-642599, $1 , 1 ,,,
21902,BLS,BDB,Biosciences,BDB,Biosciences,2200300,Service,PH220030021550,Technical Support Service,PH220030031950,Time and Materials,PH220030041027,Time and Materials,PH220030051126,Time and Materials FACSAria,642873,Tubing 1/8ID X 1/4OD PE Blue,642873-Tubing 1/8ID X 1/4OD PE Blue,BDB-642873, $153 ," 1,016 ",,,
21909,BLS,BDB,Biosciences,BDB,Biosciences,2200300,Service,PH220030021550,Technical Support Service,PH220030031950,Time and Materials,PH220030041027,Time and Materials,PH220030051126,Time and Materials FACSAria,643129,Fitting 10-32 for 1/8 IN O.D. Tubing,643129-Fitting 10-32 for 1/8 IN O.D. Tubing,BDB-643129, $41 , -   ,,,
21913,BLS,BDB,Biosciences,BDB,Biosciences,2200300,Service,PH220030021550,Technical Support Service,PH220030031950,Time and Materials,PH220030041027,Time and Materials,PH220030051126,Time and Materials FACSAria,643412,Latch Push-To-Close Catcher & Keeper,643412-Latch Push-To-Close Catcher & Keeper,BDB-643412, $154 , -   ,,,
21914,BLS,BDB,Biosciences,BDB,Biosciences,2200300,Service,PH220030021550,Technical Support Service,PH220030031950,Time and Materials,PH220030041027,Time and Materials,PH220030051126,Time and Materials FACSAria,643440,Coupling Insr Elb W/Shutoff 1/4 Barb PPL,643440-Coupling Insr Elb W/Shutoff 1/4 Barb PPL,BDB-643440, $232 , 2 ,,,
21919,BLS,BDB,Biosciences,BDB,Biosciences,2200300,Service,PH220030021550,Technical Support Service,PH220030031950,Time and Materials,PH220030041027,Time and Materials,PH220030051126,Time and Materials FACSAria,64383207,Transducer PCB Assembly for Service,64383207-Transducer PCB Assembly for Service,BDB-64383207," $2,749 ", 1 ,,,
21929,BLS,BDB,Biosciences,BDB,Biosciences,2200300,Service,PH220030021550,Technical Support Service,PH220030031950,Time and Materials,PH220030041027,Time and Materials,PH220030051126,Time and Materials FACSAria,644167,Interlock Sheath Tank,644167-Interlock Sheath Tank,BDB-644167, $540 , 2 ,,,
21931,BLS,BDB,Biosciences,BDB,Biosciences,2200300,Service,PH220030021550,Technical Support Service,PH220030031950,Time and Materials,PH220030041027,Time and Materials,PH220030051126,Time and Materials FACSAria,644364,Bulk Injection Leak Test Tool,644364-Bulk Injection Leak Test Tool,BDB-644364, $280 , 4 ,,,
21938,BLS,BDB,Biosciences,BDB,Biosciences,2200300,Service,PH220030021550,Technical Support Service,PH220030031950,Time and Materials,PH220030041027,Time and Materials,PH220030051126,Time and Materials FACSAria,645061,Laser Cohr Sapphire 488-100 LP SORP,645061-Laser Cohr Sapphire 488-100 LP SORP,BDB-645061," $40,618 ", 2 ,,,
21947,BLS,BDB,Biosciences,BDB,Biosciences,2200300,Service,PH220030021550,Technical Support Service,PH220030031950,Time and Materials,PH220030041027,Time and Materials,PH220030051126,Time and Materials FACSAria,64797509,FLOWCELL ASSY SQUARE CUVETTE R2 REP,64797509-FLOWCELL ASSY SQUARE CUVETTE R2 REP,BDB-64797509," $19,905 ", 2 ,,,
21950,BLS,BDB,Biosciences,BDB,Biosciences,2200300,Service,PH220030021550,Technical Support Service,PH220030031950,Time and Materials,PH220030041027,Time and Materials,PH220030051126,Time and Materials FACSAria,648346,Bracket Detector,648346-Bracket Detector,BDB-648346, $470 , 1 ,,,
21951,BLS,BDB,Biosciences,BDB,Biosciences,2200300,Service,PH220030021550,Technical Support Service,PH220030031950,Time and Materials,PH220030041027,Time and Materials,PH220030051126,Time and Materials FACSAria,648850,Cable Rear Detector SCI Card Side A,648850-Cable Rear Detector SCI Card Side A,BDB-648850, $744 , 1 ,,,
21952,BLS,BDB,Biosciences,BDB,Biosciences,2200300,Service,PH220030021550,Technical Support Service,PH220030031950,Time and Materials,PH220030041027,Time and Materials,PH220030051126,Time and Materials FACSAria,648851,Cable Rear Detector SCI Card Side B,648851-Cable Rear Detector SCI Card Side B,BDB-648851, $620 , 1 ,,,
21953,BLS,BDB,Biosciences,BDB,Biosciences,2200300,Service,PH220030021550,Technical Support Service,PH220030031950,Time and Materials,PH220030041027,Time and Materials,PH220030051126,Time and Materials FACSAria,648852,Cable RJ 45 Channel Dac Card Side A & B,648852-Cable RJ 45 Channel Dac Card Side A & B,BDB-648852," $3,501 ", 4 ,,,
21963,BLS,BDB,Biosciences,BDB,Biosciences,2200300,Service,PH220030021550,Technical Support Service,PH220030031950,Time and Materials,PH220030041027,Time and Materials,PH220030051126,Time and Materials FACSAria,651437,Laser Cohr Sapphire Mp 488-200 SORP,651437-Laser Cohr Sapphire Mp 488-200 SORP,BDB-651437," $29,360 ", 1 ,,,
21965,BLS,BDB,Biosciences,BDB,Biosciences,2200300,Service,PH220030021550,Technical Support Service,PH220030031950,Time and Materials,PH220030041027,Time and Materials,PH220030051126,Time and Materials FACSAria,652055,JDSU LASER 488NM 20MW JDSU,652055-JDSU LASER 488NM 20MW JDSU,BDB-652055," $14,109 ", 1 ,,,
21966,BLS,BDB,Biosciences,BDB,Biosciences,2200300,Service,PH220030021550,Technical Support Service,PH220030031950,Time and Materials,PH220030041027,Time and Materials,PH220030051126,Time and Materials FACSAria,652905,ADAPTOR TERASAKI PLATE ARIA OPTION,652905-ADAPTOR TERASAKI PLATE ARIA OPTION,BDB-652905, $526 , 3 ,,,
21968,BLS,BDB,Biosciences,BDB,Biosciences,2200300,Service,PH220030021550,Technical Support Service,PH220030031950,Time and Materials,PH220030041027,Time and Materials,PH220030051126,Time and Materials FACSAria,653110,FILTER ELEMENT PAPER 2-1/4IN OD 1IN HT,653110-FILTER ELEMENT PAPER 2-1/4IN OD 1IN HT,BDB-653110," $1,289 ", 7 ,,,
21969,BLS,BDB,Biosciences,BDB,Biosciences,2200300,Service,PH220030021550,Technical Support Service,PH220030031950,Time and Materials,PH220030041027,Time and Materials,PH220030051126,Time and Materials FACSAria,653534,LASER VIOLET COHERENT OBIS 405-50 LX,653534-LASER VIOLET COHERENT OBIS 405-50 LX,BDB-653534," $51,215 ", 4 ,,,
21977,BLS,BDB,Biosciences,BDB,Biosciences,2200300,Service,PH220030021550,Technical Support Service,PH220030031950,Time and Materials,PH220030041027,Time and Materials,PH220030051126,Time and Materials FACSAria,655730,LASER SYSTEM UV-G4 355-100 W/BE SORP,655730-LASER SYSTEM UV-G4 355-100 W/BE SORP,BDB-655730," $67,211 ", -   ,,,
22002,BLS,BDB,Biosciences,BDB,Biosciences,2200300,Service,PH220030021550,Technical Support Service,PH220030031950,Time and Materials,PH220030041027,Time and Materials,PH220030051127,Time and Materials FACSAria Fusion,*01SF0904,IQOQ FACSAria Fusion,*01SF0904-IQOQ FACSAria Fusion,BDB-*01SF0904," $16,685 ", 1 ,,,
22005,BLS,BDB,Biosciences,BDB,Biosciences,2200300,Service,PH220030021550,Technical Support Service,PH220030031950,Time and Materials,PH220030041027,Time and Materials,PH220030051127,Time and Materials FACSAria Fusion,33035227,PCB Assembly Droplet High Volt Service,33035227-PCB Assembly Droplet High Volt Service,BDB-33035227," $77,886 ", 6 ,,,
22006,BLS,BDB,Biosciences,BDB,Biosciences,2200300,Service,PH220030021550,Technical Support Service,PH220030031950,Time and Materials,PH220030041027,Time and Materials,PH220030051127,Time and Materials FACSAria Fusion,33035229,PCB ASSEMBLY DROPLET HIGH VOLT REPAIRED,33035229-PCB ASSEMBLY DROPLET HIGH VOLT REPAIRED,BDB-33035229," $1,176 ", 1 ,,,
22007,BLS,BDB,Biosciences,BDB,Biosciences,2200300,Service,PH220030021550,Technical Support Service,PH220030031950,Time and Materials,PH220030041027,Time and Materials,PH220030051127,Time and Materials FACSAria Fusion,33152320,PCB Assembly ACDU Driver,33152320-PCB Assembly ACDU Driver,BDB-33152320, $-   , 1 ,,,
22008,BLS,BDB,Biosciences,BDB,Biosciences,2200300,Service,PH220030021550,Technical Support Service,PH220030031950,Time and Materials,PH220030041027,Time and Materials,PH220030051127,Time and Materials FACSAria Fusion,34448110,PCB Assembly SCI Detector,34448110-PCB Assembly SCI Detector,BDB-34448110, $-   , 3 ,,,
22009,BLS,BDB,Biosciences,BDB,Biosciences,2200300,Service,PH220030021550,Technical Support Service,PH220030031950,Time and Materials,PH220030041027,Time and Materials,PH220030051127,Time and Materials FACSAria Fusion,642475,Cpln Body 1/8 Flow 1/4 MNPT Polypro,642475-Cpln Body 1/8 Flow 1/4 MNPT Polypro,BDB-642475, $44 , 1 ,,,
22011,BLS,BDB,Biosciences,BDB,Biosciences,2200300,Service,PH220030021550,Technical Support Service,PH220030031950,Time and Materials,PH220030041027,Time and Materials,PH220030051127,Time and Materials FACSAria Fusion,64535910,PCB Assembly OSP Sample Sensor,64535910-PCB Assembly OSP Sample Sensor,BDB-64535910, $570 , 1 ,,,
22012,BLS,BDB,Biosciences,BDB,Biosciences,2200300,Service,PH220030021550,Technical Support Service,PH220030031950,Time and Materials,PH220030041027,Time and Materials,PH220030051127,Time and Materials FACSAria Fusion,645410,Holder Filter,645410-Holder Filter,BDB-645410, $905 , 2 ,,,
22015,BLS,BDB,Biosciences,BDB,Biosciences,2200300,Service,PH220030021550,Technical Support Service,PH220030031950,Time and Materials,PH220030041027,Time and Materials,PH220030051127,Time and Materials FACSAria Fusion,656665,Fiber Laser Delivery System 640nm 4.4m,656665-Fiber Laser Delivery System 640nm 4.4m,BDB-656665," $2,319 ", 1 ,,,
22016,BLS,BDB,Biosciences,BDB,Biosciences,2200300,Service,PH220030021550,Technical Support Service,PH220030031950,Time and Materials,PH220030041027,Time and Materials,PH220030051127,Time and Materials FACSAria Fusion,657010,Cable Assy Drop Drv Charge Gnd Ext Upper,657010-Cable Assy Drop Drv Charge Gnd Ext Upper,BDB-657010, $719 , 2 ,,,
22017,BLS,BDB,Biosciences,BDB,Biosciences,2200300,Service,PH220030021550,Technical Support Service,PH220030031950,Time and Materials,PH220030041027,Time and Materials,PH220030051127,Time and Materials FACSAria Fusion,657604,ASSY Laser Shutter,657604-ASSY Laser Shutter,BDB-657604, $203 , 1 ,,,
22018,BLS,BDB,Biosciences,BDB,Biosciences,2200300,Service,PH220030021550,Technical Support Service,PH220030031950,Time and Materials,PH220030041027,Time and Materials,PH220030051127,Time and Materials FACSAria Fusion,657748,Main Block Sorting,657748-Main Block Sorting,BDB-657748," $3,607 ", 1 ,,,
22023,BLS,BDB,Biosciences,BDB,Biosciences,2200300,Service,PH220030021550,Technical Support Service,PH220030031950,Time and Materials,PH220030041027,Time and Materials,PH220030051127,Time and Materials FACSAria Fusion,659237,Coupler Bulkhead USB 3.0 Type-A,659237-Coupler Bulkhead USB 3.0 Type-A,BDB-659237, $237 , 3 ,,,
22026,BLS,BDB,Biosciences,BDB,Biosciences,2200300,Service,PH220030021550,Technical Support Service,PH220030031950,Time and Materials,PH220030041027,Time and Materials,PH220030051127,Time and Materials FACSAria Fusion,660752,Assy Bulk Injection FACSFusion,660752-Assy Bulk Injection FACSFusion,BDB-660752," $18,012 ", 3 ,,,
22030,BLS,BDB,Biosciences,BDB,Biosciences,2200300,Service,PH220030021550,Technical Support Service,PH220030031950,Time and Materials,PH220030041027,Time and Materials,PH220030051127,Time and Materials FACSAria Fusion,666383,Kit Sheath Filter & Filter Supply Line,666383-Kit Sheath Filter & Filter Supply Line,BDB-666383," $58,136 ", 60 ,,,
22033,BLS,BDB,Biosciences,BDB,Biosciences,2200300,Service,PH220030021550,Technical Support Service,PH220030031950,Time and Materials,PH220030041027,Time and Materials,PH220030051129,Time and Materials FACSAria III,64038637,PCB Assembly Pressure Transducer SVC,64038637-PCB Assembly Pressure Transducer SVC,BDB-64038637, $653 , 1 ,,,
22042,BLS,BDB,Biosciences,BDB,Biosciences,2200300,Service,PH220030021550,Technical Support Service,PH220030031950,Time and Materials,PH220030041027,Time and Materials,PH220030051129,Time and Materials FACSAria III,66635107,PCBA CT E24 VME SBC VxWorks 7.0 SVC,66635107-PCBA CT E24 VME SBC VxWorks 7.0 SVC,BDB-66635107," $30,870 ", 3 ,,,
22044,BLS,BDB,Biosciences,BDB,Biosciences,2200300,Service,PH220030021550,Technical Support Service,PH220030031950,Time and Materials,PH220030041027,Time and Materials,PH220030051130,Time and Materials FACSArray,342061,PM Kit FACSarray,342061-PM Kit FACSarray,BDB-342061," $1,105 ", 1 ,,,
22058,BLS,BDB,Biosciences,BDB,Biosciences,2200300,Service,PH220030021550,Technical Support Service,PH220030031950,Time and Materials,PH220030041027,Time and Materials,PH220030051131,Time and Materials FACSCalibur,333694,Cordset 10A NEMA-5-15P/IEC-320 2.5m,333694-Cordset 10A NEMA-5-15P/IEC-320 2.5m,BDB-333694, $22 , 1 ,,,
22070,BLS,BDB,Biosciences,BDB,Biosciences,2200300,Service,PH220030021550,Technical Support Service,PH220030031950,Time and Materials,PH220030041027,Time and Materials,PH220030051131,Time and Materials FACSCalibur,660694,Filter LP 670nm 12.5mm x 12.5mm x 3mm,660694-Filter LP 670nm 12.5mm x 12.5mm x 3mm,BDB-660694, $17 , (1),,,
22077,BLS,BDB,Biosciences,BDB,Biosciences,2200300,Service,PH220030021550,Technical Support Service,PH220030031950,Time and Materials,PH220030041027,Time and Materials,PH220030051131,Time and Materials FACSCalibur,ECC##BDB030,Saline Filter Assembly - Service,ECC##BDB030-Saline Filter Assembly - Service,BDB-ECC##BDB030, $371 , 1 ,,,
22078,BLS,BDB,Biosciences,BDB,Biosciences,2200300,Service,PH220030021550,Technical Support Service,PH220030031950,Time and Materials,PH220030041027,Time and Materials,PH220030051131,Time and Materials FACSCalibur,ECC##BDB031,"ASSY, BALL VALVE","ECC##BDB031-ASSY, BALL VALVE",BDB-ECC##BDB031, $721 , 1 ,,,
22079,BLS,BDB,Biosciences,BDB,Biosciences,2200300,Service,PH220030021550,Technical Support Service,PH220030031950,Time and Materials,PH220030041027,Time and Materials,PH220030051131,Time and Materials FACSCalibur,ECC##BDB047,Dcm Actuator Assembly - Service,ECC##BDB047-Dcm Actuator Assembly - Service,BDB-ECC##BDB047," $1,613 ", 1 ,,,
22080,BLS,BDB,Biosciences,BDB,Biosciences,2200300,Service,PH220030021550,Technical Support Service,PH220030031950,Time and Materials,PH220030041027,Time and Materials,PH220030051131,Time and Materials FACSCalibur,ECC##BDB079,PCB ASSY SAMPLE PRESS REGUL SERVICE,ECC##BDB079-PCB ASSY SAMPLE PRESS REGUL SERVICE,BDB-ECC##BDB079," $2,329 ", 1 ,,,
22081,BLS,BDB,Biosciences,BDB,Biosciences,2200300,Service,PH220030021550,Technical Support Service,PH220030031950,Time and Materials,PH220030041027,Time and Materials,PH220030051131,Time and Materials FACSCalibur,ECC##BDB128,Cpln Bdy Pnl Mt 1/8ID Alm/Whi Service,ECC##BDB128-Cpln Bdy Pnl Mt 1/8ID Alm/Whi Service,BDB-ECC##BDB128, $293 , 5 ,,,
22084,BLS,BDB,Biosciences,BDB,Biosciences,2200300,Service,PH220030021550,Technical Support Service,PH220030031950,Time and Materials,PH220030041027,Time and Materials,PH220030051132,Time and Materials FACScan,80-30038-03,Hse Vinyl 1/8 ID X 1/4 OD Blu,80-30038-03-Hse Vinyl 1/8 ID X 1/4 OD Blu,BDB-80-30038-03, $133 ," 5,080 ",,,
22089,BLS,BDB,Biosciences,BDB,Biosciences,2200300,Service,PH220030021550,Technical Support Service,PH220030031950,Time and Materials,PH220030041027,Time and Materials,PH220030051133,Time and Materials FACSCanto,33218027,PCB Assembly Loader SVC,33218027-PCB Assembly Loader SVC,BDB-33218027," $2,499 ", 1 ,,,
22095,BLS,BDB,Biosciences,BDB,Biosciences,2200300,Service,PH220030021550,Technical Support Service,PH220030031950,Time and Materials,PH220030041027,Time and Materials,PH220030051133,Time and Materials FACSCanto,333055,Bulkhead Male Connector,333055-Bulkhead Male Connector,BDB-333055, $539 , 3 ,,,
22097,BLS,BDB,Biosciences,BDB,Biosciences,2200300,Service,PH220030021550,Technical Support Service,PH220030031950,Time and Materials,PH220030041027,Time and Materials,PH220030051133,Time and Materials FACSCanto,333389,Optical Filter DAM450LP LSR II,333389-Optical Filter DAM450LP LSR II,BDB-333389, $-   , 1 ,,,
22100,BLS,BDB,Biosciences,BDB,Biosciences,2200300,Service,PH220030021550,Technical Support Service,PH220030031950,Time and Materials,PH220030041027,Time and Materials,PH220030051133,Time and Materials FACSCanto,333994,CONN 1/4 OD Tubing X 1/4 M NPT SWG Fit,333994-CONN 1/4 OD Tubing X 1/4 M NPT SWG Fit,BDB-333994, $62 , 1 ,,,
22101,BLS,BDB,Biosciences,BDB,Biosciences,2200300,Service,PH220030021550,Technical Support Service,PH220030031950,Time and Materials,PH220030041027,Time and Materials,PH220030051133,Time and Materials FACSCanto,334021,Scanner Barcode (Usb) Orbit Ms7120,334021-Scanner Barcode (Usb) Orbit Ms7120,BDB-334021, $-   , 1 ,,,
22106,BLS,BDB,Biosciences,BDB,Biosciences,2200300,Service,PH220030021550,Technical Support Service,PH220030031950,Time and Materials,PH220030041027,Time and Materials,PH220030051133,Time and Materials FACSCanto,335664,Tubing Tygon 1/8ID X 1/4ODX 1/16Wall,335664-Tubing Tygon 1/8ID X 1/4ODX 1/16Wall,BDB-335664, $133 ," 5,080 ",,,
22111,BLS,BDB,Biosciences,BDB,Biosciences,2200300,Service,PH220030021550,Technical Support Service,PH220030031950,Time and Materials,PH220030041027,Time and Materials,PH220030051133,Time and Materials FACSCanto,336094,HeNe Power,336094-HeNe Power,BDB-336094," $1,932 ", -   ,,,
22115,BLS,BDB,Biosciences,BDB,Biosciences,2200300,Service,PH220030021550,Technical Support Service,PH220030031950,Time and Materials,PH220030041027,Time and Materials,PH220030051133,Time and Materials FACSCanto,336353,R Sckt HD Cup Pt Num6 32X.625L SST,336353-R Sckt HD Cup Pt Num6 32X.625L SST,BDB-336353, $878 , 1 ,,,
22116,BLS,BDB,Biosciences,BDB,Biosciences,2200300,Service,PH220030021550,Technical Support Service,PH220030031950,Time and Materials,PH220030041027,Time and Materials,PH220030051133,Time and Materials FACSCanto,336424,FTG Rstr IN Lin.004Orifice Num10 32X1/16,336424-FTG Rstr IN Lin.004Orifice Num10 32X1/16,BDB-336424, $215 , 7 ,,,
22120,BLS,BDB,Biosciences,BDB,Biosciences,2200300,Service,PH220030021550,Technical Support Service,PH220030031950,Time and Materials,PH220030041027,Time and Materials,PH220030051133,Time and Materials FACSCanto,336770,Orifice .006 Inline,336770-Orifice .006 Inline,BDB-336770, $17 , 1 ,,,
22121,BLS,BDB,Biosciences,BDB,Biosciences,2200300,Service,PH220030021550,Technical Support Service,PH220030031950,Time and Materials,PH220030041027,Time and Materials,PH220030051133,Time and Materials FACSCanto,33678307,Service Spare FRU FSC Assembly,33678307-Service Spare FRU FSC Assembly,BDB-33678307," $4,995 ", 1 ,,,
22135,BLS,BDB,Biosciences,BDB,Biosciences,2200300,Service,PH220030021550,Technical Support Service,PH220030031950,Time and Materials,PH220030041027,Time and Materials,PH220030051133,Time and Materials FACSCanto,339294,Restrictor Inline.010in ID 1/16 Tube Yel,339294-Restrictor Inline.010in ID 1/16 Tube Yel,BDB-339294, $-   , 33 ,,,
22143,BLS,BDB,Biosciences,BDB,Biosciences,2200300,Service,PH220030021550,Technical Support Service,PH220030031950,Time and Materials,PH220030041027,Time and Materials,PH220030051133,Time and Materials FACSCanto,340087,O-Ring 0.031in IDX0.44in OD,340087-O-Ring 0.031in IDX0.44in OD,BDB-340087, $0 , 12 ,,,
22158,BLS,BDB,Biosciences,BDB,Biosciences,2200300,Service,PH220030021550,Technical Support Service,PH220030031950,Time and Materials,PH220030041027,Time and Materials,PH220030051133,Time and Materials FACSCanto,345873,Latch Pop-Out-Knob Push-To-Close Black,345873-Latch Pop-Out-Knob Push-To-Close Black,BDB-345873, $68 , -   ,,,
22163,BLS,BDB,Biosciences,BDB,Biosciences,2200300,Service,PH220030021550,Technical Support Service,PH220030031950,Time and Materials,PH220030041027,Time and Materials,PH220030051133,Time and Materials FACSCanto,640325,Cable Tube Eject Sensor,640325-Cable Tube Eject Sensor,BDB-640325, $251 , 2 ,,,
22172,BLS,BDB,Biosciences,BDB,Biosciences,2200300,Service,PH220030021550,Technical Support Service,PH220030031950,Time and Materials,PH220030041027,Time and Materials,PH220030051133,Time and Materials FACSCanto,64264810,Assy Drawer FACSCanto II RoHS,64264810-Assy Drawer FACSCanto II RoHS,BDB-64264810," $8,933 ", -   ,,,
22178,BLS,BDB,Biosciences,BDB,Biosciences,2200300,Service,PH220030021550,Technical Support Service,PH220030031950,Time and Materials,PH220030041027,Time and Materials,PH220030051133,Time and Materials FACSCanto,649614,Controller (Rohs) Sapphire 488-20 Laser,649614-Controller (Rohs) Sapphire 488-20 Laser,BDB-649614," $7,140 ", 2 ,,,
22179,BLS,BDB,Biosciences,BDB,Biosciences,2200300,Service,PH220030021550,Technical Support Service,PH220030031950,Time and Materials,PH220030041027,Time and Materials,PH220030051133,Time and Materials FACSCanto,653047,CABLE WETCART DC POWER,653047-CABLE WETCART DC POWER,BDB-653047, $379 , 1 ,,,
22188,BLS,BDB,Biosciences,BDB,Biosciences,2200300,Service,PH220030021550,Technical Support Service,PH220030031950,Time and Materials,PH220030041027,Time and Materials,PH220030051133,Time and Materials FACSCanto,656831,Fitting FE STR 1/4 Tube to 1/4 NTP NPB,656831-Fitting FE STR 1/4 Tube to 1/4 NTP NPB,BDB-656831, $24 , 1 ,,,
22189,BLS,BDB,Biosciences,BDB,Biosciences,2200300,Service,PH220030021550,Technical Support Service,PH220030031950,Time and Materials,PH220030041027,Time and Materials,PH220030051133,Time and Materials FACSCanto,656832,Metal Fitting 1/8in- 1/8in,656832-Metal Fitting 1/8in- 1/8in,BDB-656832, $102 , 1 ,,,
22192,BLS,BDB,Biosciences,BDB,Biosciences,2200300,Service,PH220030021550,Technical Support Service,PH220030031950,Time and Materials,PH220030041027,Time and Materials,PH220030051133,Time and Materials FACSCanto,658845,Assy Laser Detector Plus,658845-Assy Laser Detector Plus,BDB-658845," $1,285 ", 1 ,,,
22206,BLS,BDB,Biosciences,BDB,Biosciences,2200300,Service,PH220030021550,Technical Support Service,PH220030031950,Time and Materials,PH220030041027,Time and Materials,PH220030051133,Time and Materials FACSCanto,ECC##BDB114,Barbed Nip 1/81D+01/81D Whi Ny Service,ECC##BDB114-Barbed Nip 1/81D+01/81D Whi Ny Service,BDB-ECC##BDB114, $136 , 5 ,,,
22209,BLS,BDB,Biosciences,BDB,Biosciences,2200300,Service,PH220030021550,Technical Support Service,PH220030031950,Time and Materials,PH220030041027,Time and Materials,PH220030051134,Time and Materials FACSCanto II,*01SF0918,IQOQ FACSCanto II,*01SF0918-IQOQ FACSCanto II,BDB-*01SF0918," $15,523 ", -   ,,,
22213,BLS,BDB,Biosciences,BDB,Biosciences,2200300,Service,PH220030021550,Technical Support Service,PH220030031950,Time and Materials,PH220030041027,Time and Materials,PH220030051134,Time and Materials FACSCanto II,666539,Tubing and Degasser Kit SVC,666539-Tubing and Degasser Kit SVC,BDB-666539," $2,030 ", 1 ,,,
22214,BLS,BDB,Biosciences,BDB,Biosciences,2200300,Service,PH220030021550,Technical Support Service,PH220030031950,Time and Materials,PH220030041027,Time and Materials,PH220030051134,Time and Materials FACSCanto II,66657007,Computer Bundle Z2 SFF G9 Canto II Svc,66657007-Computer Bundle Z2 SFF G9 Canto II Svc,BDB-66657007," $19,990 ", 6 ,,,
22215,BLS,BDB,Biosciences,BDB,Biosciences,2200300,Service,PH220030021550,Technical Support Service,PH220030031950,Time and Materials,PH220030041027,Time and Materials,PH220030051134,Time and Materials FACSCanto II,667669,TUBE SENSOR CABLE CANTO II UPGD KIT SVC,667669-TUBE SENSOR CABLE CANTO II UPGD KIT SVC,BDB-667669, $376 , 2 ,,,
22218,BLS,BDB,Biosciences,BDB,Biosciences,2200300,Service,PH220030021550,Technical Support Service,PH220030031950,Time and Materials,PH220030041027,Time and Materials,PH220030051135,Time and Materials FACSCelesta,*01SF0808,OQ Celesta,*01SF0808-OQ Celesta,BDB-*01SF0808," $11,457 ", -   ,,,
22221,BLS,BDB,Biosciences,BDB,Biosciences,2200300,Service,PH220030021550,Technical Support Service,PH220030031950,Time and Materials,PH220030041027,Time and Materials,PH220030051135,Time and Materials FACSCelesta,659933,Cable Ext Waste Lvl Sensor FACSCelesta,659933-Cable Ext Waste Lvl Sensor FACSCelesta,BDB-659933, $709 , 1 ,,,
22223,BLS,BDB,Biosciences,BDB,Biosciences,2200300,Service,PH220030021550,Technical Support Service,PH220030031950,Time and Materials,PH220030041027,Time and Materials,PH220030051135,Time and Materials FACSCelesta,661129,OBIS YG Laser HtSink Optics FACSCelesta,661129-OBIS YG Laser HtSink Optics FACSCelesta,BDB-661129," $18,956 ", 1 ,,,
22226,BLS,BDB,Biosciences,BDB,Biosciences,2200300,Service,PH220030021550,Technical Support Service,PH220030031950,Time and Materials,PH220030041027,Time and Materials,PH220030051135,Time and Materials FACSCelesta,663696,Assy Fiber Bundle 4-Laser FACSCelesta,663696-Assy Fiber Bundle 4-Laser FACSCelesta,BDB-663696, $-   , 1 ,,,
22228,BLS,BDB,Biosciences,BDB,Biosciences,2200300,Service,PH220030021550,Technical Support Service,PH220030031950,Time and Materials,PH220030041027,Time and Materials,PH220030051136,Time and Materials FACSCount,02-61336-00,Flow Cell Detail-Service,02-61336-00-Flow Cell Detail-Service,BDB-02-61336-00, $-   , -   ,,,
22229,BLS,BDB,Biosciences,BDB,Biosciences,2200300,Service,PH220030021550,Technical Support Service,PH220030031950,Time and Materials,PH220030041027,Time and Materials,PH220030051136,Time and Materials FACSCount,02-61337-00,PUMP/VALVE DETAIL-SERVICE,02-61337-00-PUMP/VALVE DETAIL-SERVICE,BDB-02-61337-00, $-   , -   ,,,
22230,BLS,BDB,Biosciences,BDB,Biosciences,2200300,Service,PH220030021550,Technical Support Service,PH220030031950,Time and Materials,PH220030041027,Time and Materials,PH220030051136,Time and Materials FACSCount,19-63550-04,Orifice Viewing Oval Input,19-63550-04-Orifice Viewing Oval Input,BDB-19-63550-04, $(41), 1 ,,,
22231,BLS,BDB,Biosciences,BDB,Biosciences,2200300,Service,PH220030021550,Technical Support Service,PH220030031950,Time and Materials,PH220030041027,Time and Materials,PH220030051136,Time and Materials FACSCount,343514,Cleaning Tube Caps / Purchase Lots of 20,343514-Cleaning Tube Caps / Purchase Lots of 20,BDB-343514, $0 , 1 ,,,
22236,BLS,BDB,Biosciences,BDB,Biosciences,2200300,Service,PH220030021550,Technical Support Service,PH220030031950,Time and Materials,PH220030041027,Time and Materials,PH220030051137,Time and Materials FACSJazz,64522207,4-Way Tube Holder Service Assembly,64522207-4-Way Tube Holder Service Assembly,BDB-64522207, $761 , 1 ,,,
22237,BLS,BDB,Biosciences,BDB,Biosciences,2200300,Service,PH220030021550,Technical Support Service,PH220030031950,Time and Materials,PH220030041027,Time and Materials,PH220030051137,Time and Materials FACSJazz,645989,Ring Lck Male Luer 1/16in Barb Nat Kynar,645989-Ring Lck Male Luer 1/16in Barb Nat Kynar,BDB-645989, $166 , 35 ,,,
22247,BLS,BDB,Biosciences,BDB,Biosciences,2200300,Service,PH220030021550,Technical Support Service,PH220030031950,Time and Materials,PH220030041027,Time and Materials,PH220030051139,Time and Materials FACSLWA,346363,Connector Polypro 1/8 To 1/16 Barb,346363-Connector Polypro 1/8 To 1/16 Barb,BDB-346363, $0 , 1 ,,,
22248,BLS,BDB,Biosciences,BDB,Biosciences,2200300,Service,PH220030021550,Technical Support Service,PH220030031950,Time and Materials,PH220030041027,Time and Materials,PH220030051139,Time and Materials FACSLWA,346364,Connector Polypro 1/8 To 1/8,346364-Connector Polypro 1/8 To 1/8,BDB-346364, $0 , 1 ,,,
22249,BLS,BDB,Biosciences,BDB,Biosciences,2200300,Service,PH220030021550,Technical Support Service,PH220030031950,Time and Materials,PH220030041027,Time and Materials,PH220030051139,Time and Materials FACSLWA,346400,Cable Flat-Flex 8-CNDR7in Long Shielded,346400-Cable Flat-Flex 8-CNDR7in Long Shielded,BDB-346400, $12 , (2),,,
22250,BLS,BDB,Biosciences,BDB,Biosciences,2200300,Service,PH220030021550,Technical Support Service,PH220030031950,Time and Materials,PH220030041027,Time and Materials,PH220030051139,Time and Materials FACSLWA,346401,Cable Flat Flex 20 CNDR12ft Shielded,346401-Cable Flat Flex 20 CNDR12ft Shielded,BDB-346401, $10 , (1),,,
22251,BLS,BDB,Biosciences,BDB,Biosciences,2200300,Service,PH220030021550,Technical Support Service,PH220030031950,Time and Materials,PH220030041027,Time and Materials,PH220030051139,Time and Materials FACSLWA,346407,Assembly Pneumatic Valve,346407-Assembly Pneumatic Valve,BDB-346407," $3,791 ", 1 ,,,
22255,BLS,BDB,Biosciences,BDB,Biosciences,2200300,Service,PH220030021550,Technical Support Service,PH220030031950,Time and Materials,PH220030041027,Time and Materials,PH220030051139,Time and Materials FACSLWA,644101,Memory Stick,644101-Memory Stick,BDB-644101, $-   , 1 ,,,
22261,BLS,BDB,Biosciences,BDB,Biosciences,2200300,Service,PH220030021550,Technical Support Service,PH220030031950,Time and Materials,PH220030041027,Time and Materials,PH220030051139,Time and Materials FACSLWA,649494,Tubing Peek 0.008in IDX0.031in OD 50ft L,649494-Tubing Peek 0.008in IDX0.031in OD 50ft L,BDB-649494, $2 , 1 ,,,
22263,BLS,BDB,Biosciences,BDB,Biosciences,2200300,Service,PH220030021550,Technical Support Service,PH220030031950,Time and Materials,PH220030041027,Time and Materials,PH220030051139,Time and Materials FACSLWA,650228,Kit Upg HTS Pressure Switch,650228-Kit Upg HTS Pressure Switch,BDB-650228," $1,194 ", -   ,,,
22264,BLS,BDB,Biosciences,BDB,Biosciences,2200300,Service,PH220030021550,Technical Support Service,PH220030031950,Time and Materials,PH220030041027,Time and Materials,PH220030051141,Time and Materials FACSort,343659,Sheath/Waste Gasket,343659-Sheath/Waste Gasket,BDB-343659, $1 , 1 ,,,
22265,BLS,BDB,Biosciences,BDB,Biosciences,2200300,Service,PH220030021550,Technical Support Service,PH220030031950,Time and Materials,PH220030041027,Time and Materials,PH220030051141,Time and Materials FACSort,97-00285-00,Tool Micrometer Adjustment,97-00285-00-Tool Micrometer Adjustment,BDB-97-00285-00," $1,880 ", 2 ,,,
22267,BLS,BDB,Biosciences,BDB,Biosciences,2200300,Service,PH220030021550,Technical Support Service,PH220030031950,Time and Materials,PH220030041027,Time and Materials,PH220030051143,Time and Materials FACSSpa,333489,Reagent Rack,333489-Reagent Rack,BDB-333489," $3,380 ", 3 ,,,
22268,BLS,BDB,Biosciences,BDB,Biosciences,2200300,Service,PH220030021550,Technical Support Service,PH220030031950,Time and Materials,PH220030041027,Time and Materials,PH220030051143,Time and Materials FACSSpa,333491,Primary Tube Rack 16mm,333491-Primary Tube Rack 16mm,BDB-333491," $1,060 ", 1 ,,,
22269,BLS,BDB,Biosciences,BDB,Biosciences,2200300,Service,PH220030021550,Technical Support Service,PH220030031950,Time and Materials,PH220030041027,Time and Materials,PH220030051143,Time and Materials FACSSpa,333493,Tube Adapters 10/Pack,333493-Tube Adapters 10/Pack,BDB-333493, $724 , 2 ,,,
22274,BLS,BDB,Biosciences,BDB,Biosciences,2200300,Service,PH220030021550,Technical Support Service,PH220030031950,Time and Materials,PH220030041027,Time and Materials,PH220030051143,Time and Materials FACSSpa,334031,Syringe 2.5mL,334031-Syringe 2.5mL,BDB-334031, $153 , 1 ,,,
22275,BLS,BDB,Biosciences,BDB,Biosciences,2200300,Service,PH220030021550,Technical Support Service,PH220030031950,Time and Materials,PH220030041027,Time and Materials,PH220030051143,Time and Materials FACSSpa,334032,Syringe 500uL,334032-Syringe 500uL,BDB-334032, $153 , 1 ,,,
22276,BLS,BDB,Biosciences,BDB,Biosciences,2200300,Service,PH220030021550,Technical Support Service,PH220030031950,Time and Materials,PH220030041027,Time and Materials,PH220030051143,Time and Materials FACSSpa,334271,Optical Sensor Assembly,334271-Optical Sensor Assembly,BDB-334271, $338 , 1 ,,,
22277,BLS,BDB,Biosciences,BDB,Biosciences,2200300,Service,PH220030021550,Technical Support Service,PH220030031950,Time and Materials,PH220030041027,Time and Materials,PH220030051143,Time and Materials FACSSpa,334303,Arm Assembly,334303-Arm Assembly,BDB-334303," $17,460 ", -   ,,,
22278,BLS,BDB,Biosciences,BDB,Biosciences,2200300,Service,PH220030021550,Technical Support Service,PH220030031950,Time and Materials,PH220030041027,Time and Materials,PH220030051143,Time and Materials FACSSpa,334321,PM Kit SPA/SPA II (S/N Below T0246),334321-PM Kit SPA/SPA II (S/N Below T0246),BDB-334321," $6,648 ", 3 ,,,
22292,BLS,BDB,Biosciences,BDB,Biosciences,2200300,Service,PH220030021550,Technical Support Service,PH220030031950,Time and Materials,PH220030041027,Time and Materials,PH220030051143,Time and Materials FACSSpa,640587,Coupling Body Shutoff 1/8Hose-Barb Viton,640587-Coupling Body Shutoff 1/8Hose-Barb Viton,BDB-640587, $1 , (1),,,
22293,BLS,BDB,Biosciences,BDB,Biosciences,2200300,Service,PH220030021550,Technical Support Service,PH220030031950,Time and Materials,PH220030041027,Time and Materials,PH220030051143,Time and Materials FACSSpa,640835,SPA Inline Filter Kit,640835-SPA Inline Filter Kit,BDB-640835," $2,519 ", 1 ,,,
22297,BLS,BDB,Biosciences,BDB,Biosciences,2200300,Service,PH220030021550,Technical Support Service,PH220030031950,Time and Materials,PH220030041027,Time and Materials,PH220030051143,Time and Materials FACSSpa,647905,Kit Syringe 1/10 Xl SPA 4.0 Sn Pre-T0246,647905-Kit Syringe 1/10 Xl SPA 4.0 Sn Pre-T0246,BDB-647905, $662 , 3 ,,,
22299,BLS,BDB,Biosciences,BDB,Biosciences,2200300,Service,PH220030021550,Technical Support Service,PH220030031950,Time and Materials,PH220030041027,Time and Materials,PH220030051143,Time and Materials FACSSpa,649746,Motor Assembly Y Arm BD Spare,649746-Motor Assembly Y Arm BD Spare,BDB-649746," $1,484 ", 1 ,,,
22300,BLS,BDB,Biosciences,BDB,Biosciences,2200300,Service,PH220030021550,Technical Support Service,PH220030031950,Time and Materials,PH220030041027,Time and Materials,PH220030051143,Time and Materials FACSSpa,655088,PLUG 1/4-28 FLAT BOTTOM ETFE,655088-PLUG 1/4-28 FLAT BOTTOM ETFE,BDB-655088, $0 , (1),,,
22304,BLS,BDB,Biosciences,BDB,Biosciences,2200300,Service,PH220030021550,Technical Support Service,PH220030031950,Time and Materials,PH220030041027,Time and Materials,PH220030051146,Time and Materials FACSVantage,343619,O-Ring Nozzle Holder,343619-O-Ring Nozzle Holder,BDB-343619, $51 , 1 ,,,
22305,BLS,BDB,Biosciences,BDB,Biosciences,2200300,Service,PH220030021550,Technical Support Service,PH220030031950,Time and Materials,PH220030041027,Time and Materials,PH220030051146,Time and Materials FACSVantage,59-10127-00,Coupling Insert .250 ID,59-10127-00-Coupling Insert .250 ID,BDB-59-10127-00, $191 , 3 ,,,
22306,BLS,BDB,Biosciences,BDB,Biosciences,2200300,Service,PH220030021550,Technical Support Service,PH220030031950,Time and Materials,PH220030041027,Time and Materials,PH220030051146,Time and Materials FACSVantage,640127,Pressure Gauge Digital,640127-Pressure Gauge Digital,BDB-640127," $3,144 ", 1 ,,,
22307,BLS,BDB,Biosciences,BDB,Biosciences,2200300,Service,PH220030021550,Technical Support Service,PH220030031950,Time and Materials,PH220030041027,Time and Materials,PH220030051146,Time and Materials FACSVantage,65798409,VACUUM & AIR COMPRESSOR,65798409-VACUUM & AIR COMPRESSOR,BDB-65798409," $2,592 ", 1 ,,,
22313,BLS,BDB,Biosciences,BDB,Biosciences,2200300,Service,PH220030021550,Technical Support Service,PH220030031950,Time and Materials,PH220030041027,Time and Materials,PH220030051147,Time and Materials FACSVerse,642871,Tubing 1/8ID X 1/4OD PE Orange,642871-Tubing 1/8ID X 1/4OD PE Orange,BDB-642871, $381 ," 2,032 ",,,
22314,BLS,BDB,Biosciences,BDB,Biosciences,2200300,Service,PH220030021550,Technical Support Service,PH220030031950,Time and Materials,PH220030041027,Time and Materials,PH220030051147,Time and Materials FACSVerse,642872,Tubing 1/16ID X 1/8OD PE Orange,642872-Tubing 1/16ID X 1/8OD PE Orange,BDB-642872, $190 ," 1,016 ",,,
22315,BLS,BDB,Biosciences,BDB,Biosciences,2200300,Service,PH220030021550,Technical Support Service,PH220030031950,Time and Materials,PH220030041027,Time and Materials,PH220030051147,Time and Materials FACSVerse,64509920,PCB Assembly Filter ID Heptagon,64509920-PCB Assembly Filter ID Heptagon,BDB-64509920, $71 , 1 ,,,
22317,BLS,BDB,Biosciences,BDB,Biosciences,2200300,Service,PH220030021550,Technical Support Service,PH220030031950,Time and Materials,PH220030041027,Time and Materials,PH220030051147,Time and Materials FACSVerse,646579,Adapter Assembly Sample Tube Liberty,646579-Adapter Assembly Sample Tube Liberty,BDB-646579," $2,981 ", 2 ,,,
22318,BLS,BDB,Biosciences,BDB,Biosciences,2200300,Service,PH220030021550,Technical Support Service,PH220030031950,Time and Materials,PH220030041027,Time and Materials,PH220030051147,Time and Materials FACSVerse,647027,Cable Flex 14Pos 1mm Ptch 76mm Lg,647027-Cable Flex 14Pos 1mm Ptch 76mm Lg,BDB-647027, $588 , 1 ,,,
22319,BLS,BDB,Biosciences,BDB,Biosciences,2200300,Service,PH220030021550,Technical Support Service,PH220030031950,Time and Materials,PH220030041027,Time and Materials,PH220030051147,Time and Materials FACSVerse,647221,Bracket Connector,647221-Bracket Connector,BDB-647221, $194 , 6 ,,,
22332,BLS,BDB,Biosciences,BDB,Biosciences,2200300,Service,PH220030021550,Technical Support Service,PH220030031950,Time and Materials,PH220030041027,Time and Materials,PH220030051147,Time and Materials FACSVerse,648039,Cable Air Valve,648039-Cable Air Valve,BDB-648039, $48 , 1 ,,,
22333,BLS,BDB,Biosciences,BDB,Biosciences,2200300,Service,PH220030021550,Technical Support Service,PH220030031950,Time and Materials,PH220030041027,Time and Materials,PH220030051147,Time and Materials FACSVerse,64807640,PCB Assembly Status Lights Driver,64807640-PCB Assembly Status Lights Driver,BDB-64807640," $1,855 ", 3 ,,,
22334,BLS,BDB,Biosciences,BDB,Biosciences,2200300,Service,PH220030021550,Technical Support Service,PH220030031950,Time and Materials,PH220030041027,Time and Materials,PH220030051147,Time and Materials FACSVerse,648077,PCB Assembly Sit Lights,648077-PCB Assembly Sit Lights,BDB-648077, $100 , 1 ,,,
22335,BLS,BDB,Biosciences,BDB,Biosciences,2200300,Service,PH220030021550,Technical Support Service,PH220030031950,Time and Materials,PH220030041027,Time and Materials,PH220030051147,Time and Materials FACSVerse,64827610,PCB Assembly Ual Xy Motor Filter,64827610-PCB Assembly Ual Xy Motor Filter,BDB-64827610, $609 , 4 ,,,
22337,BLS,BDB,Biosciences,BDB,Biosciences,2200300,Service,PH220030021550,Technical Support Service,PH220030031950,Time and Materials,PH220030041027,Time and Materials,PH220030051147,Time and Materials FACSVerse,648426,Fan-Fltr Assembly 30Ppi for 120mm Fan,648426-Fan-Fltr Assembly 30Ppi for 120mm Fan,BDB-648426, $72 , 2 ,,,
22343,BLS,BDB,Biosciences,BDB,Biosciences,2200300,Service,PH220030021550,Technical Support Service,PH220030031950,Time and Materials,PH220030041027,Time and Materials,PH220030051147,Time and Materials FACSVerse,649247,Tubing 1/16ID X 1/8 OD Pe Natural,649247-Tubing 1/16ID X 1/8 OD Pe Natural,BDB-649247, $30 ," 20,320 ",,,
22348,BLS,BDB,Biosciences,BDB,Biosciences,2200300,Service,PH220030021550,Technical Support Service,PH220030031950,Time and Materials,PH220030041027,Time and Materials,PH220030051147,Time and Materials FACSVerse,649783,Plug Peek 1/4-28 Flat Bottom Port,649783-Plug Peek 1/4-28 Flat Bottom Port,BDB-649783, $86 , 1 ,,,
22352,BLS,BDB,Biosciences,BDB,Biosciences,2200300,Service,PH220030021550,Technical Support Service,PH220030031950,Time and Materials,PH220030041027,Time and Materials,PH220030051147,Time and Materials FACSVerse,650699,Cable Flex 14Pos 1mm 76mm Opposite Side,650699-Cable Flex 14Pos 1mm 76mm Opposite Side,BDB-650699, $97 , -   ,,,
22357,BLS,BDB,Biosciences,BDB,Biosciences,2200300,Service,PH220030021550,Technical Support Service,PH220030031950,Time and Materials,PH220030041027,Time and Materials,PH220030051147,Time and Materials FACSVerse,651357,Objective Lens Assembly,651357-Objective Lens Assembly,BDB-651357," $7,973 ", 2 ,,,
22364,BLS,BDB,Biosciences,BDB,Biosciences,2200300,Service,PH220030021550,Technical Support Service,PH220030031950,Time and Materials,PH220030041027,Time and Materials,PH220030051147,Time and Materials FACSVerse,652470,Power Inlet Mod W/Cb 2A 250 Vac,652470-Power Inlet Mod W/Cb 2A 250 Vac,BDB-652470, $159 , 1 ,,,
22374,BLS,BDB,Biosciences,BDB,Biosciences,2200300,Service,PH220030021550,Technical Support Service,PH220030031950,Time and Materials,PH220030041027,Time and Materials,PH220030051147,Time and Materials FACSVerse,653062,SAMPLE INJECTION TUBE LIBERTY SERVICE,653062-SAMPLE INJECTION TUBE LIBERTY SERVICE,BDB-653062," $12,420 ", 3 ,,,
22382,BLS,BDB,Biosciences,BDB,Biosciences,2200300,Service,PH220030021550,Technical Support Service,PH220030031950,Time and Materials,PH220030041027,Time and Materials,PH220030051147,Time and Materials FACSVerse,655055,MEMORY FLASH CARD 8GB PROG DAQ FACSVERSE,655055-MEMORY FLASH CARD 8GB PROG DAQ FACSVERSE,BDB-655055, $-   , 3 ,,,
22384,BLS,BDB,Biosciences,BDB,Biosciences,2200300,Service,PH220030021550,Technical Support Service,PH220030031950,Time and Materials,PH220030041027,Time and Materials,PH220030051147,Time and Materials FACSVerse,656678,ALIGNMENT STAGE BLUE SERVICE,656678-ALIGNMENT STAGE BLUE SERVICE,BDB-656678," $1,959 ", -   ,,,
22385,BLS,BDB,Biosciences,BDB,Biosciences,2200300,Service,PH220030021550,Technical Support Service,PH220030031950,Time and Materials,PH220030041027,Time and Materials,PH220030051147,Time and Materials FACSVerse,656682,MIRROR COARSE ALIGNMENT BLUE SVC,656682-MIRROR COARSE ALIGNMENT BLUE SVC,BDB-656682," $1,771 ", -   ,,,
22386,BLS,BDB,Biosciences,BDB,Biosciences,2200300,Service,PH220030021550,Technical Support Service,PH220030031950,Time and Materials,PH220030041027,Time and Materials,PH220030051147,Time and Materials FACSVerse,656685,PCB FSC DETECTOR SERVICE,656685-PCB FSC DETECTOR SERVICE,BDB-656685," $1,173 ", 1 ,,,
22392,BLS,BDB,Biosciences,BDB,Biosciences,2200300,Service,PH220030021550,Technical Support Service,PH220030031950,Time and Materials,PH220030041027,Time and Materials,PH220030051150,Time and Materials INFLUX,644932,Cable Stream Camera,644932-Cable Stream Camera,BDB-644932," $1,482 ", 2 ,,,
22393,BLS,BDB,Biosciences,BDB,Biosciences,2200300,Service,PH220030021550,Technical Support Service,PH220030031950,Time and Materials,PH220030041027,Time and Materials,PH220030051150,Time and Materials INFLUX,644961,Cable Door Sensor,644961-Cable Door Sensor,BDB-644961, $151 , -   ,,,
22394,BLS,BDB,Biosciences,BDB,Biosciences,2200300,Service,PH220030021550,Technical Support Service,PH220030031950,Time and Materials,PH220030041027,Time and Materials,PH220030051150,Time and Materials INFLUX,644968,Cable Head Connect,644968-Cable Head Connect,BDB-644968," $2,474 ", 1 ,,,
22397,BLS,BDB,Biosciences,BDB,Biosciences,2200300,Service,PH220030021550,Technical Support Service,PH220030031950,Time and Materials,PH220030041027,Time and Materials,PH220030051150,Time and Materials INFLUX,64521607,Camera Stream Service Assembly,64521607-Camera Stream Service Assembly,BDB-64521607," $3,917 ", 1 ,,,
22400,BLS,BDB,Biosciences,BDB,Biosciences,2200300,Service,PH220030021550,Technical Support Service,PH220030031950,Time and Materials,PH220030041027,Time and Materials,PH220030051150,Time and Materials INFLUX,64523307,ASSY FITTINGS 4-WAY WASTE ADPTR WHT SVC,64523307-ASSY FITTINGS 4-WAY WASTE ADPTR WHT SVC,BDB-64523307, $109 , (1),,,
22404,BLS,BDB,Biosciences,BDB,Biosciences,2200300,Service,PH220030021550,Technical Support Service,PH220030031950,Time and Materials,PH220030041027,Time and Materials,PH220030051150,Time and Materials INFLUX,64525707,NOZZLE TIP 100 MICRON INFLUX SVC,64525707-NOZZLE TIP 100 MICRON INFLUX SVC,BDB-64525707, $771 , 1 ,,,
22412,BLS,BDB,Biosciences,BDB,Biosciences,2200300,Service,PH220030021550,Technical Support Service,PH220030031950,Time and Materials,PH220030041027,Time and Materials,PH220030051150,Time and Materials INFLUX,645400,Fitting Pipe 1/4in MNPTX1/8in FNPT SS,645400-Fitting Pipe 1/4in MNPTX1/8in FNPT SS,BDB-645400, $16 , 3 ,,,
22416,BLS,BDB,Biosciences,BDB,Biosciences,2200300,Service,PH220030021550,Technical Support Service,PH220030031950,Time and Materials,PH220030041027,Time and Materials,PH220030051150,Time and Materials INFLUX,65032607,Laser Melles Griot 405nm 100mW Service,65032607-Laser Melles Griot 405nm 100mW Service,BDB-65032607," $23,722 ", 1 ,,,
22417,BLS,BDB,Biosciences,BDB,Biosciences,2200300,Service,PH220030021550,Technical Support Service,PH220030031950,Time and Materials,PH220030041027,Time and Materials,PH220030051150,Time and Materials INFLUX,65032707,Laser Melles Griot 640nm 120mW Service,65032707-Laser Melles Griot 640nm 120mW Service,BDB-65032707," $25,654 ", 1 ,,,
22418,BLS,BDB,Biosciences,BDB,Biosciences,2200300,Service,PH220030021550,Technical Support Service,PH220030031950,Time and Materials,PH220030041027,Time and Materials,PH220030051150,Time and Materials INFLUX,654357,KIT REPLACEMENT 488 MP,654357-KIT REPLACEMENT 488 MP,BDB-654357," $36,690 ", 1 ,,,
22427,BLS,BDB,Biosciences,BDB,Biosciences,2200300,Service,PH220030021550,Technical Support Service,PH220030031950,Time and Materials,PH220030041027,Time and Materials,PH220030051152,Time and Materials LSR,04-11007-00,Cable Ctrl Pnl Fluidic Cntrl Extender,04-11007-00-Cable Ctrl Pnl Fluidic Cntrl Extender,BDB-04-11007-00, $110 , 2 ,,,
22434,BLS,BDB,Biosciences,BDB,Biosciences,2200300,Service,PH220030021550,Technical Support Service,PH220030031950,Time and Materials,PH220030041027,Time and Materials,PH220030051152,Time and Materials LSR,333751,Cellquest Pro Os X Dongle,333751-Cellquest Pro Os X Dongle,BDB-333751," $1,516 ", 1 ,,,
22437,BLS,BDB,Biosciences,BDB,Biosciences,2200300,Service,PH220030021550,Technical Support Service,PH220030031950,Time and Materials,PH220030041027,Time and Materials,PH220030051152,Time and Materials LSR,334559,Optical Filter Bandpass 450/50,334559-Optical Filter Bandpass 450/50,BDB-334559, $-   , 2 ,,,
22441,BLS,BDB,Biosciences,BDB,Biosciences,2200300,Service,PH220030021550,Technical Support Service,PH220030031950,Time and Materials,PH220030041027,Time and Materials,PH220030051152,Time and Materials LSR,33841907,Laser Pwr Meter for Photodiode Head-Srvc,33841907-Laser Pwr Meter for Photodiode Head-Srvc,BDB-33841907," $1,020 ", 1 ,,,
22444,BLS,BDB,Biosciences,BDB,Biosciences,2200300,Service,PH220030021550,Technical Support Service,PH220030031950,Time and Materials,PH220030041027,Time and Materials,PH220030051152,Time and Materials LSR,341932,Cable Variable Flow Rate,341932-Cable Variable Flow Rate,BDB-341932, $25 , 1 ,,,
22447,BLS,BDB,Biosciences,BDB,Biosciences,2200300,Service,PH220030021550,Technical Support Service,PH220030031950,Time and Materials,PH220030041027,Time and Materials,PH220030051152,Time and Materials LSR,34352807,Coupling Ins Org Hse Barb 1/8 IN ID Serv,34352807-Coupling Ins Org Hse Barb 1/8 IN ID Serv,BDB-34352807, $205 , 5 ,,,
22451,BLS,BDB,Biosciences,BDB,Biosciences,2200300,Service,PH220030021550,Technical Support Service,PH220030031950,Time and Materials,PH220030041027,Time and Materials,PH220030051152,Time and Materials LSR,343585,Tubing Neoprene Dcm,343585-Tubing Neoprene Dcm,BDB-343585, $87 , 508 ,,,
22460,BLS,BDB,Biosciences,BDB,Biosciences,2200300,Service,PH220030021550,Technical Support Service,PH220030031950,Time and Materials,PH220030041027,Time and Materials,PH220030051152,Time and Materials LSR,59-10059-00,Adapter 1/8X1/16,59-10059-00-Adapter 1/8X1/16,BDB-59-10059-00, $-   , 25 ,,,
22461,BLS,BDB,Biosciences,BDB,Biosciences,2200300,Service,PH220030021550,Technical Support Service,PH220030031950,Time and Materials,PH220030041027,Time and Materials,PH220030051152,Time and Materials LSR,59-10091-01,Cpln Bdy Pnl Mt 1/16 ID-black,59-10091-01-Cpln Bdy Pnl Mt 1/16 ID-black,BDB-59-10091-01, $295 , 5 ,,,
22464,BLS,BDB,Biosciences,BDB,Biosciences,2200300,Service,PH220030021550,Technical Support Service,PH220030031950,Time and Materials,PH220030041027,Time and Materials,PH220030051152,Time and Materials LSR,59-10179-00,Cpln Bdy Pnl Mt 1/16 ID Alm/Wh,59-10179-00-Cpln Bdy Pnl Mt 1/16 ID Alm/Wh,BDB-59-10179-00, $161 , 1 ,,,
22466,BLS,BDB,Biosciences,BDB,Biosciences,2200300,Service,PH220030021550,Technical Support Service,PH220030031950,Time and Materials,PH220030041027,Time and Materials,PH220030051152,Time and Materials LSR,640467,Optical Filter Q505LPxr SOA,640467-Optical Filter Q505LPxr SOA,BDB-640467, $-   , 1 ,,,
22468,BLS,BDB,Biosciences,BDB,Biosciences,2200300,Service,PH220030021550,Technical Support Service,PH220030031950,Time and Materials,PH220030041027,Time and Materials,PH220030051152,Time and Materials LSR,640469,Optical Filter Q630LPxr SOA,640469-Optical Filter Q630LPxr SOA,BDB-640469, $337 , 1 ,,,
22469,BLS,BDB,Biosciences,BDB,Biosciences,2200300,Service,PH220030021550,Technical Support Service,PH220030031950,Time and Materials,PH220030041027,Time and Materials,PH220030051152,Time and Materials LSR,640472,Optical Filter 660/20 SOA,640472-Optical Filter 660/20 SOA,BDB-640472, $215 , 1 ,,,
22471,BLS,BDB,Biosciences,BDB,Biosciences,2200300,Service,PH220030021550,Technical Support Service,PH220030031950,Time and Materials,PH220030041027,Time and Materials,PH220030051152,Time and Materials LSR,640474,Filter Optical 575/25,640474-Filter Optical 575/25,BDB-640474, $-   , 1 ,,,
22472,BLS,BDB,Biosciences,BDB,Biosciences,2200300,Service,PH220030021550,Technical Support Service,PH220030031950,Time and Materials,PH220030041027,Time and Materials,PH220030051152,Time and Materials LSR,641570,Fourier Bar FSC III,641570-Fourier Bar FSC III,BDB-641570, $-   , 1 ,,,
22473,BLS,BDB,Biosciences,BDB,Biosciences,2200300,Service,PH220030021550,Technical Support Service,PH220030031950,Time and Materials,PH220030041027,Time and Materials,PH220030051152,Time and Materials LSR,642298,Optical Filter Q557LPxr SOA,642298-Optical Filter Q557LPxr SOA,BDB-642298, $-   , 1 ,,,
22475,BLS,BDB,Biosciences,BDB,Biosciences,2200300,Service,PH220030021550,Technical Support Service,PH220030031950,Time and Materials,PH220030041027,Time and Materials,PH220030051152,Time and Materials LSR,642304,Filter Optical Bandpass ET560/40 SOA,642304-Filter Optical Bandpass ET560/40 SOA,BDB-642304, $534 , 1 ,,,
22480,BLS,BDB,Biosciences,BDB,Biosciences,2200300,Service,PH220030021550,Technical Support Service,PH220030031950,Time and Materials,PH220030041027,Time and Materials,PH220030051152,Time and Materials LSR,647109,Optical Filter Q750LPxr SORP,647109-Optical Filter Q750LPxr SORP,BDB-647109, $-   , 1 ,,,
22481,BLS,BDB,Biosciences,BDB,Biosciences,2200300,Service,PH220030021550,Technical Support Service,PH220030031950,Time and Materials,PH220030041027,Time and Materials,PH220030051152,Time and Materials LSR,647895,Four Ier Bar FSC .08 X .30 LSRfortessa,647895-Four Ier Bar FSC .08 X .30 LSRfortessa,BDB-647895, $-   , 1 ,,,
22482,BLS,BDB,Biosciences,BDB,Biosciences,2200300,Service,PH220030021550,Technical Support Service,PH220030031950,Time and Materials,PH220030041027,Time and Materials,PH220030051152,Time and Materials LSR,64968107,Housing Ffss Tank - Service,64968107-Housing Ffss Tank - Service,BDB-64968107," $2,942 ", 1 ,,,
22483,BLS,BDB,Biosciences,BDB,Biosciences,2200300,Service,PH220030021550,Technical Support Service,PH220030031950,Time and Materials,PH220030041027,Time and Materials,PH220030051152,Time and Materials LSR,652077,Filter Optical HP 586/15 SORP,652077-Filter Optical HP 586/15 SORP,BDB-652077, $-   , 1 ,,,
22484,BLS,BDB,Biosciences,BDB,Biosciences,2200300,Service,PH220030021550,Technical Support Service,PH220030031950,Time and Materials,PH220030041027,Time and Materials,PH220030051152,Time and Materials LSR,654018,HOLDER FILTER 12.5 X 12.5 X 2MM THK,654018-HOLDER FILTER 12.5 X 12.5 X 2MM THK,BDB-654018, $48 , 1 ,,,
22488,BLS,BDB,Biosciences,BDB,Biosciences,2200300,Service,PH220030021550,Technical Support Service,PH220030031950,Time and Materials,PH220030041027,Time and Materials,PH220030051152,Time and Materials LSR,655843,Filter Optical 780/60 Square SORP,655843-Filter Optical 780/60 Square SORP,BDB-655843, $436 , 1 ,,,
22490,BLS,BDB,Biosciences,BDB,Biosciences,2200300,Service,PH220030021550,Technical Support Service,PH220030031950,Time and Materials,PH220030041027,Time and Materials,PH220030051152,Time and Materials LSR,657212,PMT Type R11568,657212-PMT Type R11568,BDB-657212, $837 , -   ,,,
22494,BLS,BDB,Biosciences,BDB,Biosciences,2200300,Service,PH220030021550,Technical Support Service,PH220030031950,Time and Materials,PH220030041027,Time and Materials,PH220030051152,Time and Materials LSR,80-30030-00,Tubing Vinyl Black 1/16IDX1/8 OD,80-30030-00-Tubing Vinyl Black 1/16IDX1/8 OD,BDB-80-30030-00, $133 ," 5,080 ",,,
22495,BLS,BDB,Biosciences,BDB,Biosciences,2200300,Service,PH220030021550,Technical Support Service,PH220030031950,Time and Materials,PH220030041027,Time and Materials,PH220030051152,Time and Materials LSR,80-30030-03,Hse Vinyl 1/16 ID X 1/8 OD Red,80-30030-03-Hse Vinyl 1/16 ID X 1/8 OD Red,BDB-80-30030-03, $133 ," 5,080 ",,,
22496,BLS,BDB,Biosciences,BDB,Biosciences,2200300,Service,PH220030021550,Technical Support Service,PH220030031950,Time and Materials,PH220030041027,Time and Materials,PH220030051152,Time and Materials LSR,80-30030-04,Hose Vinyl Min 1/16IDX1/8ODBl,80-30030-04-Hose Vinyl Min 1/16IDX1/8ODBl,BDB-80-30030-04, $133 ," 5,080 ",,,
22497,BLS,BDB,Biosciences,BDB,Biosciences,2200300,Service,PH220030021550,Technical Support Service,PH220030031950,Time and Materials,PH220030041027,Time and Materials,PH220030051152,Time and Materials LSR,80-30030-08,Hse Vinyl 1/16 ID X 1/8 OD Org,80-30030-08-Hse Vinyl 1/16 ID X 1/8 OD Org,BDB-80-30030-08, $186 ," 5,080 ",,,
22498,BLS,BDB,Biosciences,BDB,Biosciences,2200300,Service,PH220030021550,Technical Support Service,PH220030031950,Time and Materials,PH220030041027,Time and Materials,PH220030051152,Time and Materials LSR,80-30038-04,Hse Vinyl 1/8 ID X 1/4 OD Grn,80-30038-04-Hse Vinyl 1/8 ID X 1/4 OD Grn,BDB-80-30038-04, $133 ," 5,080 ",,,
22503,BLS,BDB,Biosciences,BDB,Biosciences,2200300,Service,PH220030021550,Technical Support Service,PH220030031950,Time and Materials,PH220030041027,Time and Materials,PH220030051152,Time and Materials LSR,ECC##BDB117,Cpln Bdy Pnl Mt 1/16 ID Org Service,ECC##BDB117-Cpln Bdy Pnl Mt 1/16 ID Org Service,BDB-ECC##BDB117, $505 , 20 ,,,
22506,BLS,BDB,Biosciences,BDB,Biosciences,2200300,Service,PH220030021550,Technical Support Service,PH220030031950,Time and Materials,PH220030041027,Time and Materials,PH220030051152,Time and Materials LSR,ECC##BDB120,Cpln Bdy Panl Mt 1/8 Jd Org Service,ECC##BDB120-Cpln Bdy Panl Mt 1/8 Jd Org Service,BDB-ECC##BDB120, $264 , 5 ,,,
22509,BLS,BDB,Biosciences,BDB,Biosciences,2200300,Service,PH220030021550,Technical Support Service,PH220030031950,Time and Materials,PH220030041027,Time and Materials,PH220030051154,Time and Materials LSRFortessa,333024,VME/SCI Power Harness LSR II,333024-VME/SCI Power Harness LSR II,BDB-333024," $(9,114)", -   ,,,
22511,BLS,BDB,Biosciences,BDB,Biosciences,2200300,Service,PH220030021550,Technical Support Service,PH220030031950,Time and Materials,PH220030041027,Time and Materials,PH220030051154,Time and Materials LSRFortessa,333717,PMT Socket LSR II,333717-PMT Socket LSR II,BDB-333717," $3,608 ", 5 ,,,
22512,BLS,BDB,Biosciences,BDB,Biosciences,2200300,Service,PH220030021550,Technical Support Service,PH220030031950,Time and Materials,PH220030041027,Time and Materials,PH220030051154,Time and Materials LSRFortessa,338826,Optical Filter DM595LP LSR II,338826-Optical Filter DM595LP LSR II,BDB-338826, $-   , 1 ,,,
22522,BLS,BDB,Biosciences,BDB,Biosciences,2200300,Service,PH220030021550,Technical Support Service,PH220030031950,Time and Materials,PH220030041027,Time and Materials,PH220030051154,Time and Materials LSRFortessa,656181,ASSY VALVE 3-WAY LSRF SORP,656181-ASSY VALVE 3-WAY LSRF SORP,BDB-656181," $5,900 ", 3 ,,,
22526,BLS,BDB,Biosciences,BDB,Biosciences,2200300,Service,PH220030021550,Technical Support Service,PH220030031950,Time and Materials,PH220030041027,Time and Materials,PH220030051154,Time and Materials LSRFortessa,667528,LSRFortessa Air Filter Pack,667528-LSRFortessa Air Filter Pack,BDB-667528, $344 , -   ,,,
22531,BLS,BDB,Biosciences,BDB,Biosciences,2200300,Service,PH220030021550,Technical Support Service,PH220030031950,Time and Materials,PH220030041027,Time and Materials,PH220030051155,Time and Materials LSRFortessa X-20,*01SF0807,OQ LSRFortessa X20,*01SF0807-OQ LSRFortessa X20,BDB-*01SF0807," $20,336 ", -   ,,,
22533,BLS,BDB,Biosciences,BDB,Biosciences,2200300,Service,PH220030021550,Technical Support Service,PH220030031950,Time and Materials,PH220030041027,Time and Materials,PH220030051155,Time and Materials LSRFortessa X-20,34448117,PCB Assembly SCI Detector Service,34448117-PCB Assembly SCI Detector Service,BDB-34448117," $1,136 ", 1 ,,,
22538,BLS,BDB,Biosciences,BDB,Biosciences,2200300,Service,PH220030021550,Technical Support Service,PH220030031950,Time and Materials,PH220030041027,Time and Materials,PH220030051155,Time and Materials LSRFortessa X-20,658205,Fiber Single 5FT 0.8MM DIA SORP,658205-Fiber Single 5FT 0.8MM DIA SORP,BDB-658205," $1,235 ", 1 ,,,
22541,BLS,BDB,Biosciences,BDB,Biosciences,2200300,Service,PH220030021550,Technical Support Service,PH220030031950,Time and Materials,PH220030041027,Time and Materials,PH220030051155,Time and Materials LSRFortessa X-20,658297,Laser Coherent OBIS 561-50 LS SORP,658297-Laser Coherent OBIS 561-50 LS SORP,BDB-658297," $36,921 ", 2 ,,,
22543,BLS,BDB,Biosciences,BDB,Biosciences,2200300,Service,PH220030021550,Technical Support Service,PH220030031950,Time and Materials,PH220030041027,Time and Materials,PH220030051155,Time and Materials LSRFortessa X-20,65954107,Assy Laser Blue 488/60 Service,65954107-Assy Laser Blue 488/60 Service,BDB-65954107," $4,355 ", 1 ,,,
22546,BLS,BDB,Biosciences,BDB,Biosciences,2200300,Service,PH220030021550,Technical Support Service,PH220030031950,Time and Materials,PH220030041027,Time and Materials,PH220030051155,Time and Materials LSRFortessa X-20,65954909,Assy Laser Ultra Violet 355/15 Rep,65954909-Assy Laser Ultra Violet 355/15 Rep,BDB-65954909," $10,183 ", 1 ,,,
22547,BLS,BDB,Biosciences,BDB,Biosciences,2200300,Service,PH220030021550,Technical Support Service,PH220030031950,Time and Materials,PH220030041027,Time and Materials,PH220030051155,Time and Materials LSRFortessa X-20,659620,Luer Lock Ring Male 1/8 Tubing Grn,659620-Luer Lock Ring Male 1/8 Tubing Grn,BDB-659620, $-   , 1 ,,,
22548,BLS,BDB,Biosciences,BDB,Biosciences,2200300,Service,PH220030021550,Technical Support Service,PH220030031950,Time and Materials,PH220030041027,Time and Materials,PH220030051155,Time and Materials LSRFortessa X-20,659626,O Ring Silicone 2mm width 5mm ID,659626-O Ring Silicone 2mm width 5mm ID,BDB-659626, $2 , 2 ,,,
22553,BLS,BDB,Biosciences,BDB,Biosciences,2200300,Service,PH220030021550,Technical Support Service,PH220030031950,Time and Materials,PH220030041027,Time and Materials,PH220030051155,Time and Materials LSRFortessa X-20,660908,Fortessa X-20 Empty Fltr Holder Assy Kit,660908-Fortessa X-20 Empty Fltr Holder Assy Kit,BDB-660908," $1,059 ", 2 ,,,
22554,BLS,BDB,Biosciences,BDB,Biosciences,2200300,Service,PH220030021550,Technical Support Service,PH220030031950,Time and Materials,PH220030041027,Time and Materials,PH220030051155,Time and Materials LSRFortessa X-20,663467,PCBA Control and Indicator X-20 SVC,663467-PCBA Control and Indicator X-20 SVC,BDB-663467," $1,460 ", 1 ,,,
22558,BLS,BDB,Biosciences,BDB,Biosciences,2200300,Service,PH220030021550,Technical Support Service,PH220030031950,Time and Materials,PH220030041027,Time and Materials,PH220030051156,Time and Materials Non-product specific,*14SF0002,Zone II Travel Flow,*14SF0002-Zone II Travel Flow,BDB-*14SF0002," $1,010 ", -   ,,,
22571,BLS,BDB,Biosciences,BDB,Biosciences,2200300,Service,PH220030021550,Technical Support Service,PH220030031950,Time and Materials,PH220030041027,Time and Materials,PH220030051156,Time and Materials Non-product specific,3-20107-00S,PCB Assembly Sample Press Regul Service,3-20107-00S-PCB Assembly Sample Press Regul Service,BDB-3-20107-00S, $44 , (2),,,
22574,BLS,BDB,Biosciences,BDB,Biosciences,2200300,Service,PH220030021550,Technical Support Service,PH220030031950,Time and Materials,PH220030041027,Time and Materials,PH220030051156,Time and Materials Non-product specific,34444127,PCB Assembly Channel DAQ3 SVC,34444127-PCB Assembly Channel DAQ3 SVC,BDB-34444127," $6,213 ", 3 ,,,
22576,BLS,BDB,Biosciences,BDB,Biosciences,2200300,Service,PH220030021550,Technical Support Service,PH220030031950,Time and Materials,PH220030041027,Time and Materials,PH220030051156,Time and Materials Non-product specific,59-10092-04S,Cpln Bdy Pnl Mt 1/8 ID Wht Service,59-10092-04S-Cpln Bdy Pnl Mt 1/8 ID Wht Service,BDB-59-10092-04S, $282 , 1 ,,,
22577,BLS,BDB,Biosciences,BDB,Biosciences,2200300,Service,PH220030021550,Technical Support Service,PH220030031950,Time and Materials,PH220030041027,Time and Materials,PH220030051156,Time and Materials Non-product specific,633632,External PSU 24 V 12A SVC,633632-External PSU 24 V 12A SVC,BDB-633632, $-   , 1 ,,,
22588,BLS,BDB,Biosciences,BDB,Biosciences,2200300,Service,PH220030021550,Technical Support Service,PH220030031950,Time and Materials,PH220030041027,Time and Materials,PH220030051156,Time and Materials Non-product specific,663954,Kit Lyric Red and Violet Showa Laser,663954-Kit Lyric Red and Violet Showa Laser,BDB-663954," $26,974 ", 1 ,,,
22590,BLS,BDB,Biosciences,BDB,Biosciences,2200300,Service,PH220030021550,Technical Support Service,PH220030031950,Time and Materials,PH220030041027,Time and Materials,PH220030051156,Time and Materials Non-product specific,664369,Power Cable Panel PC w/ Ferrite,664369-Power Cable Panel PC w/ Ferrite,BDB-664369, $512 , 1 ,,,
22591,BLS,BDB,Biosciences,BDB,Biosciences,2200300,Service,PH220030021550,Technical Support Service,PH220030031950,Time and Materials,PH220030041027,Time and Materials,PH220030051156,Time and Materials Non-product specific,664380,Theta Drive,664380-Theta Drive,BDB-664380," $6,503 ", 2 ,,,
22592,BLS,BDB,Biosciences,BDB,Biosciences,2200300,Service,PH220030021550,Technical Support Service,PH220030031950,Time and Materials,PH220030041027,Time and Materials,PH220030051156,Time and Materials Non-product specific,664383,Tubing SPR2 Diluter,664383-Tubing SPR2 Diluter,BDB-664383," $1,382 ", 1 ,,,
22593,BLS,BDB,Biosciences,BDB,Biosciences,2200300,Service,PH220030021550,Technical Support Service,PH220030031950,Time and Materials,PH220030041027,Time and Materials,PH220030051156,Time and Materials Non-product specific,664846,One Onsite Visit Zone1 BDB,664846-One Onsite Visit Zone1 BDB,BDB-664846," $13,504 ", 7 ,,,
22597,BLS,BDB,Biosciences,BDB,Biosciences,2200300,Service,PH220030021550,Technical Support Service,PH220030031950,Time and Materials,PH220030041027,Time and Materials,PH220030051156,Time and Materials Non-product specific,664975,Adtr Assy Bulk Hldr R2 W/Holes 6way SVC,664975-Adtr Assy Bulk Hldr R2 W/Holes 6way SVC,BDB-664975," $3,659 ", 1 ,,,
22598,BLS,BDB,Biosciences,BDB,Biosciences,2200300,Service,PH220030021550,Technical Support Service,PH220030031950,Time and Materials,PH220030041027,Time and Materials,PH220030051156,Time and Materials Non-product specific,664981,FACSDuet IQ/OQ Combo Package,664981-FACSDuet IQ/OQ Combo Package,BDB-664981," $5,074 ", 1 ,,,
22599,BLS,BDB,Biosciences,BDB,Biosciences,2200300,Service,PH220030021550,Technical Support Service,PH220030031950,Time and Materials,PH220030041027,Time and Materials,PH220030051156,Time and Materials Non-product specific,665012,PwrSup 3.3V 5V 12V/12V 15V/15V 24V SVC,665012-PwrSup 3.3V 5V 12V/12V 15V/15V 24V SVC,BDB-665012, $-   , 1 ,,,
22605,BLS,BDB,Biosciences,BDB,Biosciences,2200300,Service,PH220030021550,Technical Support Service,PH220030031950,Time and Materials,PH220030041027,Time and Materials,PH220030051156,Time and Materials Non-product specific,665515,Cord USB A Male to Micro B Plug 3FT SVC,665515-Cord USB A Male to Micro B Plug 3FT SVC,BDB-665515, $373 , 1 ,,,
22606,BLS,BDB,Biosciences,BDB,Biosciences,2200300,Service,PH220030021550,Technical Support Service,PH220030031950,Time and Materials,PH220030041027,Time and Materials,PH220030051156,Time and Materials Non-product specific,665523,Control and Indicator Assembly SVC,665523-Control and Indicator Assembly SVC,BDB-665523," $16,338 ", 1 ,,,
22607,BLS,BDB,Biosciences,BDB,Biosciences,2200300,Service,PH220030021550,Technical Support Service,PH220030031950,Time and Materials,PH220030041027,Time and Materials,PH220030051156,Time and Materials Non-product specific,665852,Silicone Rings Reag Racks (Set of 50),665852-Silicone Rings Reag Racks (Set of 50),BDB-665852, $-   , 1 ,,,
22609,BLS,BDB,Biosciences,BDB,Biosciences,2200300,Service,PH220030021550,Technical Support Service,PH220030031950,Time and Materials,PH220030041027,Time and Materials,PH220030051156,Time and Materials Non-product specific,666056,Handle Assy Sheath Tank SVC,666056-Handle Assy Sheath Tank SVC,BDB-666056," $1,084 ", 1 ,,,
22618,BLS,BDB,Biosciences,BDB,Biosciences,2200300,Service,PH220030021550,Technical Support Service,PH220030031950,Time and Materials,PH220030041027,Time and Materials,PH220030051156,Time and Materials Non-product specific,666732,Spare Tubing Set of 5,666732-Spare Tubing Set of 5,BDB-666732," $4,031 ", 1 ,,,
22625,BLS,BDB,Biosciences,BDB,Biosciences,2200300,Service,PH220030021550,Technical Support Service,PH220030031950,Time and Materials,PH220030041027,Time and Materials,PH220030051156,Time and Materials Non-product specific,666825,Duet Premium IQ/OQ Combo,666825-Duet Premium IQ/OQ Combo,BDB-666825, $880 , -   ,,,
22627,BLS,BDB,Biosciences,BDB,Biosciences,2200300,Service,PH220030021550,Technical Support Service,PH220030031950,Time and Materials,PH220030041027,Time and Materials,PH220030051156,Time and Materials Non-product specific,667088,Monitor Philips LCD 32 Inch,667088-Monitor Philips LCD 32 Inch,BDB-667088," $3,558 ", 29 ,,,
22628,BLS,BDB,Biosciences,BDB,Biosciences,2200300,Service,PH220030021550,Technical Support Service,PH220030031950,Time and Materials,PH220030041027,Time and Materials,PH220030051156,Time and Materials Non-product specific,667644,Filter Assy Dec 450LP and 515/30 SVC,667644-Filter Assy Dec 450LP and 515/30 SVC,BDB-667644, $-   , 2 ,,,
22631,BLS,BDB,Biosciences,BDB,Biosciences,2200300,Service,PH220030021550,Technical Support Service,PH220030031950,Time and Materials,PH220030041027,Time and Materials,PH220030051156,Time and Materials Non-product specific,770003,Overtime Labor,770003-Overtime Labor,BDB-770003," $2,185 ", 1 ,,,
22635,BLS,BDB,Biosciences,BDB,Biosciences,2200300,Service,PH220030021550,Technical Support Service,PH220030031950,Time and Materials,PH220030041027,Time and Materials,PH220030051158,Time and Materials Workstation,660862,Computer Upgrade Installation Fee,660862-Computer Upgrade Installation Fee,BDB-660862, $-   , -   ,,,
22637,BLS,BDB,Biosciences,BDB,Biosciences,2200300,Service,PH220030021550,Technical Support Service,PH220030031950,Time and Materials,PH220030041027,Time and Materials,PH220030051159,Time and Materials FACSMelody,*01SF0812,OQ FACSMelody,*01SF0812-OQ FACSMelody,BDB-*01SF0812," $3,246 ", -   ,,,
22640,BLS,BDB,Biosciences,BDB,Biosciences,2200300,Service,PH220030021550,Technical Support Service,PH220030031950,Time and Materials,PH220030041027,Time and Materials,PH220030051159,Time and Materials FACSMelody,645990,Barb Fem Luer THD Style 1/16in Nat Kynar,645990-Barb Fem Luer THD Style 1/16in Nat Kynar,BDB-645990, $105 , 15 ,,,
22644,BLS,BDB,Biosciences,BDB,Biosciences,2200300,Service,PH220030021550,Technical Support Service,PH220030031950,Time and Materials,PH220030041027,Time and Materials,PH220030051159,Time and Materials FACSMelody,659873,ADAQ SIMPLEXITY Board,659873-ADAQ SIMPLEXITY Board,BDB-659873," $8,310 ", 1 ,,,
22647,BLS,BDB,Biosciences,BDB,Biosciences,2200300,Service,PH220030021550,Technical Support Service,PH220030031950,Time and Materials,PH220030041027,Time and Materials,PH220030051159,Time and Materials FACSMelody,660858,Assy Laser Red 637-140 Obis SORP,660858-Assy Laser Red 637-140 Obis SORP,BDB-660858," $21,888 ", 1 ,,,
22649,BLS,BDB,Biosciences,BDB,Biosciences,2200300,Service,PH220030021550,Technical Support Service,PH220030031950,Time and Materials,PH220030041027,Time and Materials,PH220030051159,Time and Materials FACSMelody,661031,Cable Assy Flow Cell to Hi-Volt Charge 1,661031-Cable Assy Flow Cell to Hi-Volt Charge 1,BDB-661031, $169 , 1 ,,,
22650,BLS,BDB,Biosciences,BDB,Biosciences,2200300,Service,PH220030021550,Technical Support Service,PH220030031950,Time and Materials,PH220030041027,Time and Materials,PH220030051159,Time and Materials FACSMelody,661032,Cable Assy Flow Cell to Hi-Volt Charge 2,661032-Cable Assy Flow Cell to Hi-Volt Charge 2,BDB-661032, $193 , 2 ,,,
22651,BLS,BDB,Biosciences,BDB,Biosciences,2200300,Service,PH220030021550,Technical Support Service,PH220030031950,Time and Materials,PH220030041027,Time and Materials,PH220030051159,Time and Materials FACSMelody,661044,Cable Assy Upper Dist to Sort Block,661044-Cable Assy Upper Dist to Sort Block,BDB-661044," $1,274 ", 1 ,,,
22653,BLS,BDB,Biosciences,BDB,Biosciences,2200300,Service,PH220030021550,Technical Support Service,PH220030031950,Time and Materials,PH220030041027,Time and Materials,PH220030051159,Time and Materials FACSMelody,661228,ACDU Stage Calibration Tool,661228-ACDU Stage Calibration Tool,BDB-661228, $89 , 3 ,,,
22654,BLS,BDB,Biosciences,BDB,Biosciences,2200300,Service,PH220030021550,Technical Support Service,PH220030031950,Time and Materials,PH220030041027,Time and Materials,PH220030051159,Time and Materials FACSMelody,661283,Stage assembly XY ACDU,661283-Stage assembly XY ACDU,BDB-661283," $8,827 ", 1 ,,,
22660,BLS,BDB,Biosciences,BDB,Biosciences,2200300,Service,PH220030021550,Technical Support Service,PH220030031950,Time and Materials,PH220030041027,Time and Materials,PH220030051159,Time and Materials FACSMelody,661508,Fiber bndl 3 Green 14 f SLSSPVC 3/16,661508-Fiber bndl 3 Green 14 f SLSSPVC 3/16,BDB-661508," $11,810 ", 2 ,,,
22661,BLS,BDB,Biosciences,BDB,Biosciences,2200300,Service,PH220030021550,Technical Support Service,PH220030031950,Time and Materials,PH220030041027,Time and Materials,PH220030051159,Time and Materials FACSMelody,661522,Fitting Cross 1/4-28 PEEK 1/8IN OD PPL,661522-Fitting Cross 1/4-28 PEEK 1/8IN OD PPL,BDB-661522, $-   , 1 ,,,
22662,BLS,BDB,Biosciences,BDB,Biosciences,2200300,Service,PH220030021550,Technical Support Service,PH220030031950,Time and Materials,PH220030041027,Time and Materials,PH220030051159,Time and Materials FACSMelody,661721,Panel Access Sort Block ACDU Assy,661721-Panel Access Sort Block ACDU Assy,BDB-661721, $-   , 1 ,,,
22668,BLS,BDB,Biosciences,BDB,Biosciences,2200300,Service,PH220030021550,Technical Support Service,PH220030031950,Time and Materials,PH220030041027,Time and Materials,PH220030051159,Time and Materials FACSMelody,662042,Cable Assy Thermo Electric Coller 24V,662042-Cable Assy Thermo Electric Coller 24V,BDB-662042, $930 , 1 ,,,
22669,BLS,BDB,Biosciences,BDB,Biosciences,2200300,Service,PH220030021550,Technical Support Service,PH220030031950,Time and Materials,PH220030041027,Time and Materials,PH220030051159,Time and Materials FACSMelody,66219407,FSC Assy SVC,66219407-FSC Assy SVC,BDB-66219407," $2,810 ", 2 ,,,
22670,BLS,BDB,Biosciences,BDB,Biosciences,2200300,Service,PH220030021550,Technical Support Service,PH220030031950,Time and Materials,PH220030041027,Time and Materials,PH220030051159,Time and Materials FACSMelody,66219707,P3 Waste Pump Assy SVC,66219707-P3 Waste Pump Assy SVC,BDB-66219707," $5,489 ", -   ,,,
22673,BLS,BDB,Biosciences,BDB,Biosciences,2200300,Service,PH220030021550,Technical Support Service,PH220030031950,Time and Materials,PH220030041027,Time and Materials,PH220030051159,Time and Materials FACSMelody,66220107,FACSMelody Bulk Injection Assembly SVC,66220107-FACSMelody Bulk Injection Assembly SVC,BDB-66220107," $19,265 ", -   ,,,
22676,BLS,BDB,Biosciences,BDB,Biosciences,2200300,Service,PH220030021550,Technical Support Service,PH220030031950,Time and Materials,PH220030041027,Time and Materials,PH220030051159,Time and Materials FACSMelody,66226507,Sheath Filter Mount SVC,66226507-Sheath Filter Mount SVC,BDB-66226507, $497 , 1 ,,,
22677,BLS,BDB,Biosciences,BDB,Biosciences,2200300,Service,PH220030021550,Technical Support Service,PH220030031950,Time and Materials,PH220030041027,Time and Materials,PH220030051159,Time and Materials FACSMelody,66229407,Fitting closed loop cable connection SVC,66229407-Fitting closed loop cable connection SVC,BDB-66229407, $782 , 1 ,,,
22679,BLS,BDB,Biosciences,BDB,Biosciences,2200300,Service,PH220030021550,Technical Support Service,PH220030031950,Time and Materials,PH220030041027,Time and Materials,PH220030051159,Time and Materials FACSMelody,66229907,Holder closed loop nozzle SVC,66229907-Holder closed loop nozzle SVC,BDB-66229907, $428 , 1 ,,,
22680,BLS,BDB,Biosciences,BDB,Biosciences,2200300,Service,PH220030021550,Technical Support Service,PH220030031950,Time and Materials,PH220030041027,Time and Materials,PH220030051159,Time and Materials FACSMelody,66230007,Assy FACSMelody Flowcell w Xdcr SVC,66230007-Assy FACSMelody Flowcell w Xdcr SVC,BDB-66230007," $19,667 ", 1 ,,,
22681,BLS,BDB,Biosciences,BDB,Biosciences,2200300,Service,PH220030021550,Technical Support Service,PH220030031950,Time and Materials,PH220030041027,Time and Materials,PH220030051159,Time and Materials FACSMelody,66230009,Assy FACSMelody FC w Xdcr Repaired,66230009-Assy FACSMelody FC w Xdcr Repaired,BDB-66230009," $12,989 ", -   ,,,
22682,BLS,BDB,Biosciences,BDB,Biosciences,2200300,Service,PH220030021550,Technical Support Service,PH220030031950,Time and Materials,PH220030041027,Time and Materials,PH220030051159,Time and Materials FACSMelody,66230107,Assy FACSMelody Flowcell w/o Xdcr SVC,66230107-Assy FACSMelody Flowcell w/o Xdcr SVC,BDB-66230107," $24,380 ", 1 ,,,
22694,BLS,BDB,Biosciences,BDB,Biosciences,2200300,Service,PH220030021550,Technical Support Service,PH220030031950,Time and Materials,PH220030041027,Time and Materials,PH220030051159,Time and Materials FACSMelody,664287,Assy Air Regulator 120 PSI 10VDC,664287-Assy Air Regulator 120 PSI 10VDC,BDB-664287," $1,830 ", 2 ,,,
22698,BLS,BDB,Biosciences,BDB,Biosciences,2200300,Service,PH220030021550,Technical Support Service,PH220030031950,Time and Materials,PH220030041027,Time and Materials,PH220030051159,Time and Materials FACSMelody,667494,Cable USB to RS232 TEC Control,667494-Cable USB to RS232 TEC Control,BDB-667494, $148 , 1 ,,,
22700,BLS,BDB,Biosciences,BDB,Biosciences,2200300,Service,PH220030021550,Technical Support Service,PH220030031950,Time and Materials,PH220030041027,Time and Materials,PH220030051160,Time and Materials FACSVia,658422,Assy Fan High Velocity 5in Wires,658422-Assy Fan High Velocity 5in Wires,BDB-658422, $-   , -   ,,,
22710,BLS,BDB,Biosciences,BDB,Biosciences,2200300,Service,PH220030021550,Technical Support Service,PH220030031950,Time and Materials,PH220030041027,Time and Materials,PH220030051160,Time and Materials FACSVia,660485,Assy PMT Block Service,660485-Assy PMT Block Service,BDB-660485, $-   , -   ,,,
22729,BLS,BDB,Biosciences,BDB,Biosciences,2200300,Service,PH220030021550,Technical Support Service,PH220030031950,Time and Materials,PH220030041027,Time and Materials,PH220030051161,Time and Materials FACSLyric,654347,CABLE SIT LIGHTS PCB,654347-CABLE SIT LIGHTS PCB,BDB-654347, $59 , 1 ,,,
22730,BLS,BDB,Biosciences,BDB,Biosciences,2200300,Service,PH220030021550,Technical Support Service,PH220030031950,Time and Materials,PH220030041027,Time and Materials,PH220030051161,Time and Materials FACSLyric,656496,PHOTOMULTIPLIER (PMT) MOD H11 199-41,656496-PHOTOMULTIPLIER (PMT) MOD H11 199-41,BDB-656496," $2,302 ", 1 ,,,
22740,BLS,BDB,Biosciences,BDB,Biosciences,2200300,Service,PH220030021550,Technical Support Service,PH220030031950,Time and Materials,PH220030041027,Time and Materials,PH220030051161,Time and Materials FACSLyric,662935,PMT MOD H11 199-42 c IVD,662935-PMT MOD H11 199-42 c IVD,BDB-662935," $5,326 ", 2 ,,,
22748,BLS,BDB,Biosciences,BDB,Biosciences,2200300,Service,PH220030021550,Technical Support Service,PH220030031950,Time and Materials,PH220030041027,Time and Materials,PH220030051161,Time and Materials FACSLyric,667076,Valve Isolation 2-Way N.C. 7.25 PSI SVC,667076-Valve Isolation 2-Way N.C. 7.25 PSI SVC,BDB-667076, $(18), 1 ,,,
22749,BLS,BDB,Biosciences,BDB,Biosciences,2200300,Service,PH220030021550,Technical Support Service,PH220030031950,Time and Materials,PH220030041027,Time and Materials,PH220030051161,Time and Materials FACSLyric,667667,Cable Diff Pressure Transducer SVC,667667-Cable Diff Pressure Transducer SVC,BDB-667667," $20,367 ", 22 ,,,
22755,BLS,BDB,Biosciences,BDB,Biosciences,2200300,Service,PH220030021550,Technical Support Service,PH220030031950,Time and Materials,PH220030041027,Time and Materials,PH220030051165,Time and Materials - Rhapsody Single Cell Analysis System,666284,Rhapsody BeadWashFlrBead 8Lane Cartridge,666284-Rhapsody BeadWashFlrBead 8Lane Cartridge,BDB-666284," $12,206 ", 2 ,,,
22757,BLS,BDB,Biosciences,BDB,Biosciences,2200300,Service,PH220030021550,Technical Support Service,PH220030031950,Time and Materials,PH220030041027,Time and Materials,PH220030051165,Time and Materials - Rhapsody Single Cell Analysis System,666731,Assy Vial Holder SVC,666731-Assy Vial Holder SVC,BDB-666731, $-   , 2 ,,,
22760,BLS,BDB,Biosciences,BDB,Biosciences,2200300,Service,PH220030021550,Technical Support Service,PH220030031950,Time and Materials,PH220030041027,Time and Materials,PH220030051169,Time and Materials FACSymphony,*01SF0224,PM FACSymphony A3 HTS,*01SF0224-PM FACSymphony A3 HTS,BDB-*01SF0224," $6,136 ", -   ,,,
22761,BLS,BDB,Biosciences,BDB,Biosciences,2200300,Service,PH220030021550,Technical Support Service,PH220030031950,Time and Materials,PH220030041027,Time and Materials,PH220030051169,Time and Materials FACSymphony,*01SF0225,PM FACSymphony A5 HTS,*01SF0225-PM FACSymphony A5 HTS,BDB-*01SF0225," $5,694 ", -   ,,,
22765,BLS,BDB,Biosciences,BDB,Biosciences,2200300,Service,PH220030021550,Technical Support Service,PH220030031950,Time and Materials,PH220030041027,Time and Materials,PH220030051169,Time and Materials FACSymphony,666709,Kit OBIS XT 349-100 A3/A5,666709-Kit OBIS XT 349-100 A3/A5,BDB-666709," $28,827 ", -   ,,,
22766,BLS,BDB,Biosciences,BDB,Biosciences,2200300,Service,PH220030021550,Technical Support Service,PH220030031950,Time and Materials,PH220030041027,Time and Materials,PH220030051169,Time and Materials FACSymphony,667488,FACSymphony A5 SE Cover SVC,667488-FACSymphony A5 SE Cover SVC,BDB-667488, $-   , 2 ,,,
22767,BLS,BDB,Biosciences,BDB,Biosciences,2200300,Service,PH220030021550,Technical Support Service,PH220030031950,Time and Materials,PH220030041027,Time and Materials,PH220030051172,Time and Materials FACSymphonyA1,*01SF0220,PM FACSymphony A1,*01SF0220-PM FACSymphony A1,BDB-*01SF0220," $11,102 ", -   ,,,
22768,BLS,BDB,Biosciences,BDB,Biosciences,2200300,Service,PH220030021550,Technical Support Service,PH220030031950,Time and Materials,PH220030041027,Time and Materials,PH220030051174,Time and Materials FACSDiscover A8,668005,Discover A8 IQ/OQ,668005-Discover A8 IQ/OQ,BDB-668005," $3,556 ", -   ,,,
22769,BLS,BDB,Biosciences,BDB,Biosciences,2200400,Cell Therapy,PH220040021600,Cell Therapy - Others,PH220040032000,Cell Therapy - Others,PH220040041027,Cell Therapy - Others - PC Adjustment,PH220040051158,Cell Therapy - Others - PC Adjustment,PC_11104,Cell Therapy - Others,PC_11104-Cell Therapy - Others,BDB-PC_11104," $1,700,000 ", -   ,,,
23655,BLS,BDB,Biosciences,BDB,Biosciences,2200500,Clinical Reagents,PH220020023000,Cancer Reagents,PH220020035500,Cancer - OneFlow,PH220020041109,CAN BD OneFlow,PH220020051304,CAN BD OneFlow IVD,659305,Bundle Software OneFlow Assays,659305-Bundle Software OneFlow Assays,BDB-659305," $1,297 ", 3 ,,,
24467,BLS,BDB,Biosciences,BDB,Biosciences,2200500,Clinical Reagents,PH220020023800,Other Reagents,PH220020037450,Other Reagents,PH220020041177,Shipping & Handling,PH220020051432,Shipping & Handling,*INSURANCE,INSURANCE,*INSURANCE-INSURANCE,BDB-*INSURANCE, $182 , 1 ,,,
24469,BLS,BDB,Biosciences,BDB,Biosciences,2200500,Clinical Reagents,PH220020023800,Other Reagents,PH220020037450,Other Reagents,PH220020041177,Shipping & Handling,PH220020051432,Shipping & Handling,*RET075,Return Charge BDB,*RET075-Return Charge BDB,BDB-*RET075, $204 , 3 ,,,
24733,BLS,BDB,Biosciences,BDB,Biosciences,2200500,Clinical Reagents,PH220055021001,Cytognos Reagents,PH220055031004,Cytognos Other Reagents,PH220055041017,Cytognos OTHER REAGENTS,PH220055051028,Cytognos OTHER REAGENTS (IVD),667435,MM-MRD8 Compensation Bag,667435-MM-MRD8 Compensation Bag,BDB-667435," $3,701 ", 18 ,,,
24734,BLS,BDB,Biosciences,BDB,Biosciences,2200500,Clinical Reagents,PH220055021001,Cytognos Reagents,PH220055031004,Cytognos Other Reagents,PH220055041017,Cytognos OTHER REAGENTS,PH220055051028,Cytognos OTHER REAGENTS (IVD),667436,PIDOT8 Compensation Bag,667436-PIDOT8 Compensation Bag,BDB-667436, $108 , 3 ,,,
24735,BLS,BDB,Biosciences,BDB,Biosciences,2200500,Clinical Reagents,PH220055021001,Cytognos Reagents,PH220055031004,Cytognos Other Reagents,PH220055041017,Cytognos OTHER REAGENTS,PH220055051028,Cytognos OTHER REAGENTS (IVD),667437,BCP-ALL-MRD Compensation Bag,667437-BCP-ALL-MRD Compensation Bag,BDB-667437, $223 , 6 ,,,
24736,BLS,BDB,Biosciences,BDB,Biosciences,2200500,Clinical Reagents,PH220055021001,Cytognos Reagents,PH220055031004,Cytognos Other Reagents,PH220055041017,Cytognos OTHER REAGENTS,PH220055051028,Cytognos OTHER REAGENTS (IVD),667438,Perfect-Count Microspheres,667438-Perfect-Count Microspheres,BDB-667438," $14,825 ", 57 ,,,
24738,BLS,BDB,Biosciences,BDB,Biosciences,2200500,Clinical Reagents,PH220055021001,Cytognos Reagents,PH220055031004,Cytognos Other Reagents,PH220055041017,Cytognos OTHER REAGENTS,PH220055051028,Cytognos OTHER REAGENTS (IVD),CYT-138PE4-A,CD138-PE,CYT-138PE4-A-CD138-PE,BDB-CYT-138PE4-A," $1,290 ", 2 ,,,
24739,BLS,BDB,Biosciences,BDB,Biosciences,2200500,Clinical Reagents,PH220055021001,Cytognos Reagents,PH220055031004,Cytognos Other Reagents,PH220055041017,Cytognos OTHER REAGENTS,PH220055051028,Cytognos OTHER REAGENTS (IVD),CYT-15F4-A,CD15-FITC,CYT-15F4-A-CD15-FITC,BDB-CYT-15F4-A," $1,532 ", 3 ,,,
24740,BLS,BDB,Biosciences,BDB,Biosciences,2200500,Clinical Reagents,PH220055021001,Cytognos Reagents,PH220055031004,Cytognos Other Reagents,PH220055041017,Cytognos OTHER REAGENTS,PH220055051028,Cytognos OTHER REAGENTS (IVD),CYT-19C4-A,CD19-PE-Cyanine7,CYT-19C4-A-CD19-PE-Cyanine7,BDB-CYT-19C4-A, $374 , 1 ,,,
24748,BLS,BDB,Biosciences,BDB,Biosciences,2200500,Clinical Reagents,PH220055021001,Cytognos Reagents,PH220055031004,Cytognos Other Reagents,PH220055041017,Cytognos OTHER REAGENTS,PH220055051028,Cytognos OTHER REAGENTS (IVD),CYT-45OC-A,CD45-OC515?,CYT-45OC-A-CD45-OC515?,BDB-CYT-45OC-A," $1,940 ", 3 ,,,
24754,BLS,BDB,Biosciences,BDB,Biosciences,2200500,Clinical Reagents,PH220055021001,Cytognos Reagents,PH220055031004,Cytognos Other Reagents,PH220055041017,Cytognos OTHER REAGENTS,PH220055051028,Cytognos OTHER REAGENTS (IVD),CYT-7AP4-R,CD7-APC,CYT-7AP4-R-CD7-APC,BDB-CYT-7AP4-R, $580 , 1 ,,,
24763,BLS,BDB,Biosciences,BDB,Biosciences,2200500,Clinical Reagents,PH220055021001,Cytognos Reagents,PH220055031004,Cytognos Other Reagents,PH220055041017,Cytognos OTHER REAGENTS,PH220055051028,Cytognos OTHER REAGENTS (IVD),CYT-LF-KPE-100,Lambda-FITC/Kappa-PE,CYT-LF-KPE-100-Lambda-FITC/Kappa-PE,BDB-CYT-LF-KPE-100," $1,166 ", 2 ,,,
24831,BLS,BDB,Biosciences,BDB,Biosciences,2200500,Clinical Reagents,PH220055021001,Cytognos Reagents,PH220055031004,Cytognos Other Reagents,PH220055041019,Cytognos THIRD-PARTY REAGENTS,PH220055051032,Cytognos THIRD-PARTY REAGENTS,*EXBED7040,Kit IngoFlowEx,*EXBED7040-Kit IngoFlowEx,BDB-*EXBED7040, $493 , -   ,,,
24855,BLS,BDB,Biosciences,BDB,Biosciences,2200700,Research Instruments,PH220070021950,Accuri,PH220070032350,Accuri Instrument,PH220070041035,Accuri Instrument,PH220070051167,Accuri C5 & C6 Instrument with Sampler,653119,ACCURI C6 System W/Csampler,653119-ACCURI C6 System W/Csampler,BDB-653119, $159 , -   ,,,
24856,BLS,BDB,Biosciences,BDB,Biosciences,2200700,Research Instruments,PH220070021950,Accuri,PH220070032350,Accuri Instrument,PH220070041035,Accuri Instrument,PH220070051168,Accuri C6 Plus Instrument,400018062,BD Accuri C6 Plus System,400018062-BD Accuri C6 Plus System,BDB-400018062," $7,896 ", 0 ,,,
24871,BLS,BDB,Biosciences,BDB,Biosciences,2200700,Research Instruments,PH220070021950,Accuri,PH220070032400,Accuri Options,PH220070041036,Accuri Options,PH220070051172,Accuri Other Options and Upgrades,653177,Filter Attenuation FL3 90 PCT,653177-Filter Attenuation FL3 90 PCT,BDB-653177," $1,696 ", 1 ,,,
24888,BLS,BDB,Biosciences,BDB,Biosciences,2200700,Research Instruments,PH220070021950,Accuri,PH220070032400,Accuri Options,PH220070041036,Accuri Options,PH220070051172,Accuri Other Options and Upgrades,666582,Computer Bundle Z2 SFF G9 C6 Plus EU,666582-Computer Bundle Z2 SFF G9 C6 Plus EU,BDB-666582," $58,831 ", 18 ,,,
24889,BLS,BDB,Biosciences,BDB,Biosciences,2200700,Research Instruments,PH220070021950,Accuri,PH220070032400,Accuri Options,PH220070041036,Accuri Options,PH220070051172,Accuri Other Options and Upgrades,666584,Computer Bundle Z2 SFF G9 C6 Plus,666584-Computer Bundle Z2 SFF G9 C6 Plus,BDB-666584," $75,556 ", 38 ,,,
24990,BLS,BDB,Biosciences,BDB,Biosciences,2200700,Research Instruments,PH220070022050,FACSAria,PH220070032650,FACSAria Options,PH220070041041,FACSAria Options,PH220070051185,FACSAria Other Options and Upgrades,335221,BD FACSAria Flow Cytometer 3 Laser W/PMT,335221-BD FACSAria Flow Cytometer 3 Laser W/PMT,BDB-335221," $12,603 ", -   ,,,
24992,BLS,BDB,Biosciences,BDB,Biosciences,2200700,Research Instruments,PH220070022050,FACSAria,PH220070032650,FACSAria Options,PH220070041041,FACSAria Options,PH220070051185,FACSAria Other Options and Upgrades,340562,BD FACSAria Special Order Dtec Option,340562-BD FACSAria Special Order Dtec Option,BDB-340562," $24,848 ", 1 ,,,
24993,BLS,BDB,Biosciences,BDB,Biosciences,2200700,Research Instruments,PH220070022050,FACSAria,PH220070032650,FACSAria Options,PH220070041041,FACSAria Options,PH220070051185,FACSAria Other Options and Upgrades,34056221,FACSAria Laser OPT 355-60 3PMT Fiber SO,34056221-FACSAria Laser OPT 355-60 3PMT Fiber SO,BDB-34056221, $-   , 1 ,,,
24995,BLS,BDB,Biosciences,BDB,Biosciences,2200700,Research Instruments,PH220070022050,FACSAria,PH220070032650,FACSAria Options,PH220070041041,FACSAria Options,PH220070051185,FACSAria Other Options and Upgrades,34057733,FACSAria SO 4UV60 UPGRD SN P650034S2001,34057733-FACSAria SO 4UV60 UPGRD SN P650034S2001,BDB-34057733, $-   , 1 ,,,
24996,BLS,BDB,Biosciences,BDB,Biosciences,2200700,Research Instruments,PH220070022050,FACSAria,PH220070032650,FACSAria Options,PH220070041041,FACSAria Options,PH220070051185,FACSAria Other Options and Upgrades,340577L6,Aria Laser Opt 561-50 1PMT FIB DAQ3 SO,340577L6-Aria Laser Opt 561-50 1PMT FIB DAQ3 SO,BDB-340577L6," $52,021 ", 1 ,,,
24997,BLS,BDB,Biosciences,BDB,Biosciences,2200700,Research Instruments,PH220070022050,FACSAria,PH220070032650,FACSAria Options,PH220070041041,FACSAria Options,PH220070051185,FACSAria Other Options and Upgrades,340577P4,"ARIA LASER OPT561-50, 9PMTS, 2DAQ3, 2SCI","340577P4-ARIA LASER OPT561-50, 9PMTS, 2DAQ3, 2SCI",BDB-340577P4," $71,566 ", 1 ,,,
24998,BLS,BDB,Biosciences,BDB,Biosciences,2200700,Research Instruments,PH220070022050,FACSAria,PH220070032650,FACSAria Options,PH220070041041,FACSAria Options,PH220070051185,FACSAria Other Options and Upgrades,340577Q5,FACSAria SO 5YG100 UPGD BDEU,340577Q5-FACSAria SO 5YG100 UPGD BDEU,BDB-340577Q5, $-   , 1 ,,,
24999,BLS,BDB,Biosciences,BDB,Biosciences,2200700,Research Instruments,PH220070022050,FACSAria,PH220070032650,FACSAria Options,PH220070041041,FACSAria Options,PH220070051185,FACSAria Other Options and Upgrades,340577Q7,FACSAria SO 355-60 w/BE 3PMT Trigon,340577Q7-FACSAria SO 355-60 w/BE 3PMT Trigon,BDB-340577Q7, $-   , 1 ,,,
25000,BLS,BDB,Biosciences,BDB,Biosciences,2200700,Research Instruments,PH220070022050,FACSAria,PH220070032650,FACSAria Options,PH220070041041,FACSAria Options,PH220070051185,FACSAria Other Options and Upgrades,340577R2,Aria SO Laser UPG 405-100 6 PMT Octagon,340577R2-Aria SO Laser UPG 405-100 6 PMT Octagon,BDB-340577R2," $45,530 ", 1 ,,,
25001,BLS,BDB,Biosciences,BDB,Biosciences,2200700,Research Instruments,PH220070022050,FACSAria,PH220070032650,FACSAria Options,PH220070041041,FACSAria Options,PH220070051185,FACSAria Other Options and Upgrades,340577R3,Aria SO Laser UPG 405-50 6 PMT OCT,340577R3-Aria SO Laser UPG 405-50 6 PMT OCT,BDB-340577R3," $76,254 ", 1 ,,,
25002,BLS,BDB,Biosciences,BDB,Biosciences,2200700,Research Instruments,PH220070022050,FACSAria,PH220070032650,FACSAria Options,PH220070041041,FACSAria Options,PH220070051185,FACSAria Other Options and Upgrades,340577R4,Aria SO Laser UPG 405-50 6 PMT OCT DAQ3,340577R4-Aria SO Laser UPG 405-50 6 PMT OCT DAQ3,BDB-340577R4," $73,958 ", 1 ,,,
25003,BLS,BDB,Biosciences,BDB,Biosciences,2200700,Research Instruments,PH220070022050,FACSAria,PH220070032650,FACSAria Options,PH220070041041,FACSAria Options,PH220070051185,FACSAria Other Options and Upgrades,340577S3,FACSAria SO 3UV60 UPGRD SN650110A9,340577S3-FACSAria SO 3UV60 UPGRD SN650110A9,BDB-340577S3, $-   , 1 ,,,
25004,BLS,BDB,Biosciences,BDB,Biosciences,2200700,Research Instruments,PH220070022050,FACSAria,PH220070032650,FACSAria Options,PH220070041041,FACSAria Options,PH220070051185,FACSAria Other Options and Upgrades,400019835,Logistic related fee,400019835-Logistic related fee,BDB-400019835," $3,313 ", 1 ,,,
25008,BLS,BDB,Biosciences,BDB,Biosciences,2200700,Research Instruments,PH220070022050,FACSAria,PH220070032650,FACSAria Options,PH220070041041,FACSAria Options,PH220070051185,FACSAria Other Options and Upgrades,643680,FACSAria II Upgrade Kit 2 Laser/PMT,643680-FACSAria II Upgrade Kit 2 Laser/PMT,BDB-643680, $-   , 2 ,,,
25012,BLS,BDB,Biosciences,BDB,Biosciences,2200700,Research Instruments,PH220070022050,FACSAria,PH220070032650,FACSAria Options,PH220070041041,FACSAria Options,PH220070051185,FACSAria Other Options and Upgrades,643986,Conversion ARIA I to ARIA II W/Tmp Cont,643986-Conversion ARIA I to ARIA II W/Tmp Cont,BDB-643986, $-   , 1 ,,,
25013,BLS,BDB,Biosciences,BDB,Biosciences,2200700,Research Instruments,PH220070022050,FACSAria,PH220070032650,FACSAria Options,PH220070041041,FACSAria Options,PH220070051185,FACSAria Other Options and Upgrades,644012,Table FACSAria II - Europe,644012-Table FACSAria II - Europe,BDB-644012," $2,925 ", 3 ,,,
25015,BLS,BDB,Biosciences,BDB,Biosciences,2200700,Research Instruments,PH220070022050,FACSAria,PH220070032650,FACSAria Options,PH220070041041,FACSAria Options,PH220070051185,FACSAria Other Options and Upgrades,649589,Kit Violet 375nm Laser Upgd FACSAria III,649589-Kit Violet 375nm Laser Upgd FACSAria III,BDB-649589, $-   , 1 ,,,
25016,BLS,BDB,Biosciences,BDB,Biosciences,2200700,Research Instruments,PH220070022050,FACSAria,PH220070032650,FACSAria Options,PH220070041041,FACSAria Options,PH220070051185,FACSAria Other Options and Upgrades,649590,Kit NON NUV 405nm LSR Upgrade Aria I-III,649590-Kit NON NUV 405nm LSR Upgrade Aria I-III,BDB-649590, $-   , 1 ,,,
25018,BLS,BDB,Biosciences,BDB,Biosciences,2200700,Research Instruments,PH220070022050,FACSAria,PH220070032650,FACSAria Options,PH220070041041,FACSAria Options,PH220070051185,FACSAria Other Options and Upgrades,650036E2,Aria SO 2B3R2V5YG2UVACDU CPU XSFT LC SPK,650036E2-Aria SO 2B3R2V5YG2UVACDU CPU XSFT LC SPK,BDB-650036E2, $-   , -   ,,,
25020,BLS,BDB,Biosciences,BDB,Biosciences,2200700,Research Instruments,PH220070022050,FACSAria,PH220070032650,FACSAria Options,PH220070041041,FACSAria Options,PH220070051185,FACSAria Other Options and Upgrades,652479,ARIA AIR FILTER ASSY SERVICE,652479-ARIA AIR FILTER ASSY SERVICE,BDB-652479, $80 , 1 ,,,
25021,BLS,BDB,Biosciences,BDB,Biosciences,2200700,Research Instruments,PH220070022050,FACSAria,PH220070032650,FACSAria Options,PH220070041041,FACSAria Options,PH220070051185,FACSAria Other Options and Upgrades,65556407,WASTE LEVEL SENSOR KIT ARIA II & III,65556407-WASTE LEVEL SENSOR KIT ARIA II & III,BDB-65556407," $2,877 ", 1 ,,,
25025,BLS,BDB,Biosciences,BDB,Biosciences,2200700,Research Instruments,PH220070022050,FACSAria,PH220070032650,FACSAria Options,PH220070041041,FACSAria Options,PH220070051185,FACSAria Other Options and Upgrades,656707,Assy DOC FACSAria Fusion RoHS,656707-Assy DOC FACSAria Fusion RoHS,BDB-656707, $-   , -   ,,,
25026,BLS,BDB,Biosciences,BDB,Biosciences,2200700,Research Instruments,PH220070022050,FACSAria,PH220070032650,FACSAria Options,PH220070041041,FACSAria Options,PH220070051185,FACSAria Other Options and Upgrades,65671010,Fusion YG Upgrade 4 PMT Octagon,65671010-Fusion YG Upgrade 4 PMT Octagon,BDB-65671010," $83,128 ", 2 ,,,
25027,BLS,BDB,Biosciences,BDB,Biosciences,2200700,Research Instruments,PH220070022050,FACSAria,PH220070032650,FACSAria Options,PH220070041041,FACSAria Options,PH220070051185,FACSAria Other Options and Upgrades,656711,Fusion YG Upgrade 5 PMT Octagon,656711-Fusion YG Upgrade 5 PMT Octagon,BDB-656711, $-   , 1 ,,,
25031,BLS,BDB,Biosciences,BDB,Biosciences,2200700,Research Instruments,PH220070022050,FACSAria,PH220070032650,FACSAria Options,PH220070041041,FACSAria Options,PH220070051185,FACSAria Other Options and Upgrades,657021,BCE IV FACSAria 120V VENT TO ROOM W/CAR,657021-BCE IV FACSAria 120V VENT TO ROOM W/CAR,BDB-657021," $58,683 ", 1 ,,,
25035,BLS,BDB,Biosciences,BDB,Biosciences,2200700,Research Instruments,PH220070022050,FACSAria,PH220070032650,FACSAria Options,PH220070041041,FACSAria Options,PH220070051185,FACSAria Other Options and Upgrades,657792,FACSAria Std Misc,657792-FACSAria Std Misc,BDB-657792," $24,397 ", 1 ,,,
25040,BLS,BDB,Biosciences,BDB,Biosciences,2200700,Research Instruments,PH220070022050,FACSAria,PH220070032650,FACSAria Options,PH220070041041,FACSAria Options,PH220070051185,FACSAria Other Options and Upgrades,66207503,Aria Fusion SO Laser Opt 355-15 PMT SCI,66207503-Aria Fusion SO Laser Opt 355-15 PMT SCI,BDB-66207503, $-   , 1 ,,,
25041,BLS,BDB,Biosciences,BDB,Biosciences,2200700,Research Instruments,PH220070022050,FACSAria,PH220070032650,FACSAria Options,PH220070041041,FACSAria Options,PH220070051185,FACSAria Other Options and Upgrades,662075E6,FUSION SO LASER 355-50 2PMT Fib 3Optic,662075E6-FUSION SO LASER 355-50 2PMT Fib 3Optic,BDB-662075E6," $85,085 ", 1 ,,,
25042,BLS,BDB,Biosciences,BDB,Biosciences,2200700,Research Instruments,PH220070022050,FACSAria,PH220070032650,FACSAria Options,PH220070041041,FACSAria Options,PH220070051185,FACSAria Other Options and Upgrades,662075F1,Fusion STD SO Laser 405-50 6PMT,662075F1-Fusion STD SO Laser 405-50 6PMT,BDB-662075F1," $34,045 ", 1 ,,,
25043,BLS,BDB,Biosciences,BDB,Biosciences,2200700,Research Instruments,PH220070022050,FACSAria,PH220070032650,FACSAria Options,PH220070041041,FACSAria Options,PH220070051185,FACSAria Other Options and Upgrades,662076,FACSAria Fusion SO Detector Option,662076-FACSAria Fusion SO Detector Option,BDB-662076," $17,576 ", 1 ,,,
25044,BLS,BDB,Biosciences,BDB,Biosciences,2200700,Research Instruments,PH220070022050,FACSAria,PH220070032650,FACSAria Options,PH220070041041,FACSAria Options,PH220070051185,FACSAria Other Options and Upgrades,66207706,Fusion SO Filter Option 537/32 510/20,66207706-Fusion SO Filter Option 537/32 510/20,BDB-66207706, $500 , 1 ,,,
25052,BLS,BDB,Biosciences,BDB,Biosciences,2200700,Research Instruments,PH220070022050,FACSAria,PH220070035150,FACSAria Fusion Instrument RR,PH220070041101,FACSAria Fusion Instrument RR,PH220070051262,FACSAria Fusion Instrument RR,#BDBPLANMAT_ARIAFUSION_RR,FACSAria Fusion Instrument RR,#BDBPLANMAT_ARIAFUSION_RR-FACSAria Fusion Instrument RR,BDB-#BDBPLANMAT_ARIAFUSION_RR, $-   , 1 ,,,
25365,BLS,BDB,Biosciences,BDB,Biosciences,2200700,Research Instruments,PH220070022550,FACSDiscover S8,PH220070034350,FACSDiscover S8 Options,PH220070041079,FACSDiscover S8 Options,PH220070051234,FACSDiscover S8 Options,667940,Kit 4 Tube holders UG KIT,667940-Kit 4 Tube holders UG KIT,BDB-667940, $-   , 10 ,,,
25371,BLS,BDB,Biosciences,BDB,Biosciences,2200700,Research Instruments,PH220070022600,Other Instrument Revenue (Research),PH220070034050,Other Instrument Revenue (Research),PH220070041071,Computers & Software (Research),PH220070051221,Computers & Software (Research),34WQ650-W-ZCA,Display LG 34inch Ultra Wide Monitor,34WQ650-W-ZCA-Display LG 34inch Ultra Wide Monitor,BDB-34WQ650-W-ZCA, $-   , 2 ,,,
25376,BLS,BDB,Biosciences,BDB,Biosciences,2200700,Research Instruments,PH220070022600,Other Instrument Revenue (Research),PH220070034050,Other Instrument Revenue (Research),PH220070041071,Computers & Software (Research),PH220070051221,Computers & Software (Research),PLCD215-ZHR,PHILPS 21.5IN LCD,PLCD215-ZHR-PHILPS 21.5IN LCD,BDB-PLCD215-ZHR, $-   , 4 ,,,
25378,BLS,BDB,Biosciences,BDB,Biosciences,2200700,Research Instruments,PH220070022600,Other Instrument Revenue (Research),PH220070034050,Other Instrument Revenue (Research),PH220070041071,Computers & Software (Research),PH220070051222,Computers (Research),337912,Multisync 1960NXI LCD,337912-Multisync 1960NXI LCD,BDB-337912, $-   , 7 ,,,
25381,BLS,BDB,Biosciences,BDB,Biosciences,2200700,Research Instruments,PH220070022600,Other Instrument Revenue (Research),PH220070034050,Other Instrument Revenue (Research),PH220070041071,Computers & Software (Research),PH220070051222,Computers (Research),343779,NEC 19in LCD Monitor,343779-NEC 19in LCD Monitor,BDB-343779, $0 , 1 ,,,
25384,BLS,BDB,Biosciences,BDB,Biosciences,2200700,Research Instruments,PH220070022600,Other Instrument Revenue (Research),PH220070034050,Other Instrument Revenue (Research),PH220070041071,Computers & Software (Research),PH220070051222,Computers (Research),645540,"19"" NEC LCD Display","645540-19"" NEC LCD Display",BDB-645540, $-   , 4 ,,,
25385,BLS,BDB,Biosciences,BDB,Biosciences,2200700,Research Instruments,PH220070022600,Other Instrument Revenue (Research),PH220070034050,Other Instrument Revenue (Research),PH220070041071,Computers & Software (Research),PH220070051222,Computers (Research),650712,NEC 17 inch LCD Monitor with DVI,650712-NEC 17 inch LCD Monitor with DVI,BDB-650712, $-   , 1 ,,,
25396,BLS,BDB,Biosciences,BDB,Biosciences,2200700,Research Instruments,PH220070022600,Other Instrument Revenue (Research),PH220070034050,Other Instrument Revenue (Research),PH220070041071,Computers & Software (Research),PH220070051222,Computers (Research),657760,ANALYSIS Win 7 Z220 Workstatn Bundle Eu,657760-ANALYSIS Win 7 Z220 Workstatn Bundle Eu,BDB-657760, $-   , 1 ,,,
25414,BLS,BDB,Biosciences,BDB,Biosciences,2200700,Research Instruments,PH220070022600,Other Instrument Revenue (Research),PH220070034050,Other Instrument Revenue (Research),PH220070041071,Computers & Software (Research),PH220070051222,Computers (Research),663740,NEC MultiSync EX341R,663740-NEC MultiSync EX341R,BDB-663740, $(793), -   ,,,
25421,BLS,BDB,Biosciences,BDB,Biosciences,2200700,Research Instruments,PH220070022600,Other Instrument Revenue (Research),PH220070034050,Other Instrument Revenue (Research),PH220070041071,Computers & Software (Research),PH220070051222,Computers (Research),666263,NEC MultiSync EA242F,666263-NEC MultiSync EA242F,BDB-666263," $5,004 ", 25 ,,,
25424,BLS,BDB,Biosciences,BDB,Biosciences,2200700,Research Instruments,PH220070022600,Other Instrument Revenue (Research),PH220070034050,Other Instrument Revenue (Research),PH220070041071,Computers & Software (Research),PH220070051222,Computers (Research),666698,APC UPS Unit,666698-APC UPS Unit,BDB-666698, $-   , 1 ,,,
25425,BLS,BDB,Biosciences,BDB,Biosciences,2200700,Research Instruments,PH220070022600,Other Instrument Revenue (Research),PH220070034050,Other Instrument Revenue (Research),PH220070041071,Computers & Software (Research),PH220070051222,Computers (Research),667912,S8 Fan Noise Reduction Kit SVC,667912-S8 Fan Noise Reduction Kit SVC,BDB-667912, $-   , 16 ,,,
25426,BLS,BDB,Biosciences,BDB,Biosciences,2200700,Research Instruments,PH220070022600,Other Instrument Revenue (Research),PH220070034050,Other Instrument Revenue (Research),PH220070041071,Computers & Software (Research),PH220070051222,Computers (Research),667977,HP COLOR LASERJET PRO3202DW,667977-HP COLOR LASERJET PRO3202DW,BDB-667977," $11,067 ", 56 ,,,
25427,BLS,BDB,Biosciences,BDB,Biosciences,2200700,Research Instruments,PH220070022600,Other Instrument Revenue (Research),PH220070034050,Other Instrument Revenue (Research),PH220070041071,Computers & Software (Research),PH220070051222,Computers (Research),667978,HP S7 Pro 727pq,667978-HP S7 Pro 727pq,BDB-667978," $4,932 ", 20 ,,,
25439,BLS,BDB,Biosciences,BDB,Biosciences,2200700,Research Instruments,PH220070022600,Other Instrument Revenue (Research),PH220070034050,Other Instrument Revenue (Research),PH220070041071,Computers & Software (Research),PH220070051223,Software (Research),*SUPPORTS8,Applicative support S8,*SUPPORTS8-Applicative support S8,BDB-*SUPPORTS8," $10,419 ", -   ,,,
25440,BLS,BDB,Biosciences,BDB,Biosciences,2200700,Research Instruments,PH220070022600,Other Instrument Revenue (Research),PH220070034050,Other Instrument Revenue (Research),PH220070041071,Computers & Software (Research),PH220070051223,Software (Research),335649,FACSTATION G4 1.25GHZ,335649-FACSTATION G4 1.25GHZ,BDB-335649, $-   , 5 ,,,
25441,BLS,BDB,Biosciences,BDB,Biosciences,2200700,Research Instruments,PH220070022600,Other Instrument Revenue (Research),PH220070034050,Other Instrument Revenue (Research),PH220070041071,Computers & Software (Research),PH220070051223,Software (Research),337047,TOAST V6.0 TITANIUM,337047-TOAST V6.0 TITANIUM,BDB-337047, $-   , 2 ,,,
25442,BLS,BDB,Biosciences,BDB,Biosciences,2200700,Research Instruments,PH220070022600,Other Instrument Revenue (Research),PH220070034050,Other Instrument Revenue (Research),PH220070041071,Computers & Software (Research),PH220070051223,Software (Research),337147,"23"" SONY LCD DISPLAY","337147-23"" SONY LCD DISPLAY",BDB-337147, $-   , 6 ,,,
25443,BLS,BDB,Biosciences,BDB,Biosciences,2200700,Research Instruments,PH220070022600,Other Instrument Revenue (Research),PH220070034050,Other Instrument Revenue (Research),PH220070041071,Computers & Software (Research),PH220070051223,Software (Research),337312,FACSCANTO A WORKSTATION,337312-FACSCANTO A WORKSTATION,BDB-337312, $-   , 3 ,,,
25444,BLS,BDB,Biosciences,BDB,Biosciences,2200700,Research Instruments,PH220070022600,Other Instrument Revenue (Research),PH220070034050,Other Instrument Revenue (Research),PH220070041071,Computers & Software (Research),PH220070051223,Software (Research),342189,Attractors V3.1 USB Bundle Assembly,342189-Attractors V3.1 USB Bundle Assembly,BDB-342189, $-   , 7 ,,,
25448,BLS,BDB,Biosciences,BDB,Biosciences,2200700,Research Instruments,PH220070022600,Other Instrument Revenue (Research),PH220070034050,Other Instrument Revenue (Research),PH220070041071,Computers & Software (Research),PH220070051223,Software (Research),663061,FACSLink + 1 Yr Maint,663061-FACSLink + 1 Yr Maint,BDB-663061, $-   , 1 ,,,
25449,BLS,BDB,Biosciences,BDB,Biosciences,2200700,Research Instruments,PH220070022600,Other Instrument Revenue (Research),PH220070034050,Other Instrument Revenue (Research),PH220070041071,Computers & Software (Research),PH220070051223,Software (Research),663062,FACSLink Connection + 1 Yr Maint,663062-FACSLink Connection + 1 Yr Maint,BDB-663062, $-   , 3 ,,,
25452,BLS,BDB,Biosciences,BDB,Biosciences,2200700,Research Instruments,PH220070022600,Other Instrument Revenue (Research),PH220070034050,Other Instrument Revenue (Research),PH220070041071,Computers & Software (Research),PH220070051223,Software (Research),664233,Software FACSuite RUO with Dongle,664233-Software FACSuite RUO with Dongle,BDB-664233, $-   , 1 ,,,
25458,BLS,BDB,Biosciences,BDB,Biosciences,2200700,Research Instruments,PH220070022600,Other Instrument Revenue (Research),PH220070034050,Other Instrument Revenue (Research),PH220070041071,Computers & Software (Research),PH220070051223,Software (Research),667456,Kit Software FACSChorus 5.4.0 RUO,667456-Kit Software FACSChorus 5.4.0 RUO,BDB-667456, $-   , 7 ,,,
25459,BLS,BDB,Biosciences,BDB,Biosciences,2200700,Research Instruments,PH220070022600,Other Instrument Revenue (Research),PH220070034050,Other Instrument Revenue (Research),PH220070041071,Computers & Software (Research),PH220070051223,Software (Research),667892,Kit Software FACSChorus 6.1.0 S8 RUO,667892-Kit Software FACSChorus 6.1.0 S8 RUO,BDB-667892, $-   , 16 ,,,
25461,BLS,BDB,Biosciences,BDB,Biosciences,2200700,Research Instruments,PH220070022600,Other Instrument Revenue (Research),PH220070034050,Other Instrument Revenue (Research),PH220070041072,Other Instrument Revenue (Research),PH220070051224,Other Options and Upgrades (Research),*75281205,TRAINING MODULE C1,*75281205-TRAINING MODULE C1,BDB-*75281205," $1,267 ", -   ,,,
25474,BLS,BDB,Biosciences,BDB,Biosciences,2200700,Research Instruments,PH220070022600,Other Instrument Revenue (Research),PH220070034050,Other Instrument Revenue (Research),PH220070041072,Other Instrument Revenue (Research),PH220070051224,Other Options and Upgrades (Research),03-20030-02S,PCB Assembly SSc/Fl2 or (Fl1/Fl3,03-20030-02S-PCB Assembly SSc/Fl2 or (Fl1/Fl3,BDB-03-20030-02S, $-   , -   ,,,
25476,BLS,BDB,Biosciences,BDB,Biosciences,2200700,Research Instruments,PH220070022600,Other Instrument Revenue (Research),PH220070034050,Other Instrument Revenue (Research),PH220070041072,Other Instrument Revenue (Research),PH220070051224,Other Options and Upgrades (Research),19-62774-17,Bandpass Filter Df 712/21,19-62774-17-Bandpass Filter Df 712/21,BDB-19-62774-17, $587 , 1 ,,,
25479,BLS,BDB,Biosciences,BDB,Biosciences,2200700,Research Instruments,PH220070022600,Other Instrument Revenue (Research),PH220070034050,Other Instrument Revenue (Research),PH220070041072,Other Instrument Revenue (Research),PH220070051224,Other Options and Upgrades (Research),2-61595-00,Assembly Sensor,2-61595-00-Assembly Sensor,BDB-2-61595-00, $31 , (2),,,
25482,BLS,BDB,Biosciences,BDB,Biosciences,2200700,Research Instruments,PH220070022600,Other Instrument Revenue (Research),PH220070034050,Other Instrument Revenue (Research),PH220070041072,Other Instrument Revenue (Research),PH220070051224,Other Options and Upgrades (Research),333553,Fitting Clamp Hose 1.50 ID,333553-Fitting Clamp Hose 1.50 ID,BDB-333553, $6 , 1 ,,,
25483,BLS,BDB,Biosciences,BDB,Biosciences,2200700,Research Instruments,PH220070022600,Other Instrument Revenue (Research),PH220070034050,Other Instrument Revenue (Research),PH220070041072,Other Instrument Revenue (Research),PH220070051224,Other Options and Upgrades (Research),334225,BD FACSARRAY BIOANALYZER,334225-BD FACSARRAY BIOANALYZER,BDB-334225, $-   , 3 ,,,
25484,BLS,BDB,Biosciences,BDB,Biosciences,2200700,Research Instruments,PH220070022600,Other Instrument Revenue (Research),PH220070034050,Other Instrument Revenue (Research),PH220070041072,Other Instrument Revenue (Research),PH220070051224,Other Options and Upgrades (Research),335152,Screw Socket Head Cap SS M 3 X 16,335152-Screw Socket Head Cap SS M 3 X 16,BDB-335152, $2 , 3 ,,,
25485,BLS,BDB,Biosciences,BDB,Biosciences,2200700,Research Instruments,PH220070022600,Other Instrument Revenue (Research),PH220070034050,Other Instrument Revenue (Research),PH220070041072,Other Instrument Revenue (Research),PH220070051224,Other Options and Upgrades (Research),335868,BD MDMS LIS CONNECTION,335868-BD MDMS LIS CONNECTION,BDB-335868, $-   , 2 ,,,
25487,BLS,BDB,Biosciences,BDB,Biosciences,2200700,Research Instruments,PH220070022600,Other Instrument Revenue (Research),PH220070034050,Other Instrument Revenue (Research),PH220070041072,Other Instrument Revenue (Research),PH220070051224,Other Options and Upgrades (Research),336978,COUPLING PNL-MT SHUTOFF 1/4-TUBE ORG-PPL,336978-COUPLING PNL-MT SHUTOFF 1/4-TUBE ORG-PPL,BDB-336978, $1 , 1 ,,,
25488,BLS,BDB,Biosciences,BDB,Biosciences,2200700,Research Instruments,PH220070022600,Other Instrument Revenue (Research),PH220070034050,Other Instrument Revenue (Research),PH220070041072,Other Instrument Revenue (Research),PH220070051224,Other Options and Upgrades (Research),337510,FACSTATION G4 1.25GHZ,337510-FACSTATION G4 1.25GHZ,BDB-337510, $-   , 7 ,,,
25489,BLS,BDB,Biosciences,BDB,Biosciences,2200700,Research Instruments,PH220070022600,Other Instrument Revenue (Research),PH220070034050,Other Instrument Revenue (Research),PH220070041072,Other Instrument Revenue (Research),PH220070051224,Other Options and Upgrades (Research),337600,Microsoft Office 2003 Std Edition,337600-Microsoft Office 2003 Std Edition,BDB-337600, $-   , 1 ,,,
25490,BLS,BDB,Biosciences,BDB,Biosciences,2200700,Research Instruments,PH220070022600,Other Instrument Revenue (Research),PH220070034050,Other Instrument Revenue (Research),PH220070041072,Other Instrument Revenue (Research),PH220070051224,Other Options and Upgrades (Research),339639,Microsoft Office 2004 Standard Edition,339639-Microsoft Office 2004 Standard Edition,BDB-339639, $-   , 8 ,,,
25492,BLS,BDB,Biosciences,BDB,Biosciences,2200700,Research Instruments,PH220070022600,Other Instrument Revenue (Research),PH220070034050,Other Instrument Revenue (Research),PH220070041072,Other Instrument Revenue (Research),PH220070051224,Other Options and Upgrades (Research),342085,Generic G5 FACStation,342085-Generic G5 FACStation,BDB-342085, $0 , 1 ,,,
25494,BLS,BDB,Biosciences,BDB,Biosciences,2200700,Research Instruments,PH220070022600,Other Instrument Revenue (Research),PH220070034050,Other Instrument Revenue (Research),PH220070041072,Other Instrument Revenue (Research),PH220070051224,Other Options and Upgrades (Research),34334630,PCB Assembly Fluidic Driver,34334630-PCB Assembly Fluidic Driver,BDB-34334630, $(2), 1 ,,,
25496,BLS,BDB,Biosciences,BDB,Biosciences,2200700,Research Instruments,PH220070022600,Other Instrument Revenue (Research),PH220070034050,Other Instrument Revenue (Research),PH220070041072,Other Instrument Revenue (Research),PH220070051224,Other Options and Upgrades (Research),343565,Fuse 2.5A/250VAC 5X20MM,343565-Fuse 2.5A/250VAC 5X20MM,BDB-343565, $6 , 5 ,,,
25497,BLS,BDB,Biosciences,BDB,Biosciences,2200700,Research Instruments,PH220070022600,Other Instrument Revenue (Research),PH220070034050,Other Instrument Revenue (Research),PH220070041072,Other Instrument Revenue (Research),PH220070051224,Other Options and Upgrades (Research),343781,Orbit Mx009 Usb Converter,343781-Orbit Mx009 Usb Converter,BDB-343781, $-   , 7 ,,,
25498,BLS,BDB,Biosciences,BDB,Biosciences,2200700,Research Instruments,PH220070022600,Other Instrument Revenue (Research),PH220070034050,Other Instrument Revenue (Research),PH220070041072,Other Instrument Revenue (Research),PH220070051224,Other Options and Upgrades (Research),34444120,PCB Assembly Channel DAQ3,34444120-PCB Assembly Channel DAQ3,BDB-34444120," $4,555 ", 2 ,,,
25499,BLS,BDB,Biosciences,BDB,Biosciences,2200700,Research Instruments,PH220070022600,Other Instrument Revenue (Research),PH220070034050,Other Instrument Revenue (Research),PH220070041072,Other Instrument Revenue (Research),PH220070051224,Other Options and Upgrades (Research),34525029,PCBA Fluidics Control 5S Delay Rep,34525029-PCBA Fluidics Control 5S Delay Rep,BDB-34525029, $708 , 1 ,,,
25500,BLS,BDB,Biosciences,BDB,Biosciences,2200700,Research Instruments,PH220070022600,Other Instrument Revenue (Research),PH220070034050,Other Instrument Revenue (Research),PH220070041072,Other Instrument Revenue (Research),PH220070051224,Other Options and Upgrades (Research),34607409,ASSY CAROUSEL MECHANISM REPAIRED,34607409-ASSY CAROUSEL MECHANISM REPAIRED,BDB-34607409, $938 , 1 ,,,
25502,BLS,BDB,Biosciences,BDB,Biosciences,2200700,Research Instruments,PH220070022600,Other Instrument Revenue (Research),PH220070034050,Other Instrument Revenue (Research),PH220070041072,Other Instrument Revenue (Research),PH220070051224,Other Options and Upgrades (Research),349147,Tubing 10ftx1.25inIDX2.75in Cuff Plythln,349147-Tubing 10ftx1.25inIDX2.75in Cuff Plythln,BDB-349147, $86 , 1 ,,,
25508,BLS,BDB,Biosciences,BDB,Biosciences,2200700,Research Instruments,PH220070022600,Other Instrument Revenue (Research),PH220070034050,Other Instrument Revenue (Research),PH220070041072,Other Instrument Revenue (Research),PH220070051224,Other Options and Upgrades (Research),352235,Tube 5mL 12x75mm R-btm w/strainer cap PS,352235-Tube 5mL 12x75mm R-btm w/strainer cap PS,BDB-352235, $-   , 1 ,,,
25512,BLS,BDB,Biosciences,BDB,Biosciences,2200700,Research Instruments,PH220070022600,Other Instrument Revenue (Research),PH220070034050,Other Instrument Revenue (Research),PH220070041072,Other Instrument Revenue (Research),PH220070051224,Other Options and Upgrades (Research),400041921,Special Discounts BDB,400041921-Special Discounts BDB,BDB-400041921," $(33,758)", (1),,,
25524,BLS,BDB,Biosciences,BDB,Biosciences,2200700,Research Instruments,PH220070022600,Other Instrument Revenue (Research),PH220070034050,Other Instrument Revenue (Research),PH220070041072,Other Instrument Revenue (Research),PH220070051224,Other Options and Upgrades (Research),64131807,Fuse 5.000A 250V Slo-Blo 5X20mm Fer Serv,64131807-Fuse 5.000A 250V Slo-Blo 5X20mm Fer Serv,BDB-64131807, $88 , 40 ,,,
25525,BLS,BDB,Biosciences,BDB,Biosciences,2200700,Research Instruments,PH220070022600,Other Instrument Revenue (Research),PH220070034050,Other Instrument Revenue (Research),PH220070041072,Other Instrument Revenue (Research),PH220070051224,Other Options and Upgrades (Research),641910,Transducer Block,641910-Transducer Block,BDB-641910, $120 , 1 ,,,
25526,BLS,BDB,Biosciences,BDB,Biosciences,2200700,Research Instruments,PH220070022600,Other Instrument Revenue (Research),PH220070034050,Other Instrument Revenue (Research),PH220070041072,Other Instrument Revenue (Research),PH220070051224,Other Options and Upgrades (Research),642010,Cable 6-Pin Molex To Electronics Box,642010-Cable 6-Pin Molex To Electronics Box,BDB-642010, $-   , -   ,,,
25527,BLS,BDB,Biosciences,BDB,Biosciences,2200700,Research Instruments,PH220070022600,Other Instrument Revenue (Research),PH220070034050,Other Instrument Revenue (Research),PH220070041072,Other Instrument Revenue (Research),PH220070051224,Other Options and Upgrades (Research),64229609,ASSY WETCART MANF UNIV-REPAIRED,64229609-ASSY WETCART MANF UNIV-REPAIRED,BDB-64229609, $(25), 1 ,,,
25529,BLS,BDB,Biosciences,BDB,Biosciences,2200700,Research Instruments,PH220070022600,Other Instrument Revenue (Research),PH220070034050,Other Instrument Revenue (Research),PH220070041072,Other Instrument Revenue (Research),PH220070051224,Other Options and Upgrades (Research),645060,Pump Ceramic Loop Valve HTS,645060-Pump Ceramic Loop Valve HTS,BDB-645060," $5,489 ", 1 ,,,
25530,BLS,BDB,Biosciences,BDB,Biosciences,2200700,Research Instruments,PH220070022600,Other Instrument Revenue (Research),PH220070034050,Other Instrument Revenue (Research),PH220070041072,Other Instrument Revenue (Research),PH220070051224,Other Options and Upgrades (Research),645195,TOOL KIT BSL HAND TOOLS,645195-TOOL KIT BSL HAND TOOLS,BDB-645195," $1,235 ", 1 ,,,
25531,BLS,BDB,Biosciences,BDB,Biosciences,2200700,Research Instruments,PH220070022600,Other Instrument Revenue (Research),PH220070034050,Other Instrument Revenue (Research),PH220070041072,Other Instrument Revenue (Research),PH220070051224,Other Options and Upgrades (Research),64822807,Hts Fortessa Slide Assembly Service,64822807-Hts Fortessa Slide Assembly Service,BDB-64822807, $-   , 1 ,,,
25533,BLS,BDB,Biosciences,BDB,Biosciences,2200700,Research Instruments,PH220070022600,Other Instrument Revenue (Research),PH220070034050,Other Instrument Revenue (Research),PH220070041072,Other Instrument Revenue (Research),PH220070051224,Other Options and Upgrades (Research),64827710,PCB Assembly Status Lights Upper,64827710-PCB Assembly Status Lights Upper,BDB-64827710, $84 , 1 ,,,
25534,BLS,BDB,Biosciences,BDB,Biosciences,2200700,Research Instruments,PH220070022600,Other Instrument Revenue (Research),PH220070034050,Other Instrument Revenue (Research),PH220070041072,Other Instrument Revenue (Research),PH220070051224,Other Options and Upgrades (Research),64937519,ASSY MODULE CRTLER B REPAIRED,64937519-ASSY MODULE CRTLER B REPAIRED,BDB-64937519," $1,720 ", 1 ,,,
25536,BLS,BDB,Biosciences,BDB,Biosciences,2200700,Research Instruments,PH220070022600,Other Instrument Revenue (Research),PH220070034050,Other Instrument Revenue (Research),PH220070041072,Other Instrument Revenue (Research),PH220070051224,Other Options and Upgrades (Research),649761,Fitting Nut Peek Short 1/4-28 Natural,649761-Fitting Nut Peek Short 1/4-28 Natural,BDB-649761, $429 , 36 ,,,
25539,BLS,BDB,Biosciences,BDB,Biosciences,2200700,Research Instruments,PH220070022600,Other Instrument Revenue (Research),PH220070034050,Other Instrument Revenue (Research),PH220070041072,Other Instrument Revenue (Research),PH220070051224,Other Options and Upgrades (Research),650633,Label Sheath Tank Blue 1.75 X 0.5in,650633-Label Sheath Tank Blue 1.75 X 0.5in,BDB-650633, $12 , 2 ,,,
25543,BLS,BDB,Biosciences,BDB,Biosciences,2200700,Research Instruments,PH220070022600,Other Instrument Revenue (Research),PH220070034050,Other Instrument Revenue (Research),PH220070041072,Other Instrument Revenue (Research),PH220070051224,Other Options and Upgrades (Research),651339,Ms Office 2010,651339-Ms Office 2010,BDB-651339, $-   , 1 ,,,
25544,BLS,BDB,Biosciences,BDB,Biosciences,2200700,Research Instruments,PH220070022600,Other Instrument Revenue (Research),PH220070034050,Other Instrument Revenue (Research),PH220070041072,Other Instrument Revenue (Research),PH220070051224,Other Options and Upgrades (Research),65144007,Adaptor Holder R2 W/Holes Service,65144007-Adaptor Holder R2 W/Holes Service,BDB-65144007, $-   , 1 ,,,
25545,BLS,BDB,Biosciences,BDB,Biosciences,2200700,Research Instruments,PH220070022600,Other Instrument Revenue (Research),PH220070034050,Other Instrument Revenue (Research),PH220070041072,Other Instrument Revenue (Research),PH220070051224,Other Options and Upgrades (Research),651456,PCB Assembly Digital Daqw/Flash Hib On,651456-PCB Assembly Digital Daqw/Flash Hib On,BDB-651456," $6,537 ", 1 ,,,
25546,BLS,BDB,Biosciences,BDB,Biosciences,2200700,Research Instruments,PH220070022600,Other Instrument Revenue (Research),PH220070034050,Other Instrument Revenue (Research),PH220070041072,Other Instrument Revenue (Research),PH220070051224,Other Options and Upgrades (Research),651540,Tubing Tygon 2375 1/16in ID X 1/8in OD,651540-Tubing Tygon 2375 1/16in ID X 1/8in OD,BDB-651540, $5 , 508 ,,,
25547,BLS,BDB,Biosciences,BDB,Biosciences,2200700,Research Instruments,PH220070022600,Other Instrument Revenue (Research),PH220070034050,Other Instrument Revenue (Research),PH220070041072,Other Instrument Revenue (Research),PH220070051224,Other Options and Upgrades (Research),652232,Cord Power Micro Pro US,652232-Cord Power Micro Pro US,BDB-652232, $18 , 1 ,,,
25549,BLS,BDB,Biosciences,BDB,Biosciences,2200700,Research Instruments,PH220070022600,Other Instrument Revenue (Research),PH220070034050,Other Instrument Revenue (Research),PH220070041072,Other Instrument Revenue (Research),PH220070051224,Other Options and Upgrades (Research),652917,AIR FILTER ASSY LIBERTY SERVICE,652917-AIR FILTER ASSY LIBERTY SERVICE,BDB-652917, $298 , 1 ,,,
25553,BLS,BDB,Biosciences,BDB,Biosciences,2200700,Research Instruments,PH220070022600,Other Instrument Revenue (Research),PH220070034050,Other Instrument Revenue (Research),PH220070041072,Other Instrument Revenue (Research),PH220070051224,Other Options and Upgrades (Research),654591,INSTRUMENT ACCESSORY KIT CLINICAL,654591-INSTRUMENT ACCESSORY KIT CLINICAL,BDB-654591, $-   , 1 ,,,
25556,BLS,BDB,Biosciences,BDB,Biosciences,2200700,Research Instruments,PH220070022600,Other Instrument Revenue (Research),PH220070034050,Other Instrument Revenue (Research),PH220070041072,Other Instrument Revenue (Research),PH220070051224,Other Options and Upgrades (Research),655190,CABLE JPR FLT A 16-CNDR .5MM 30MM .5A GD,655190-CABLE JPR FLT A 16-CNDR .5MM 30MM .5A GD,BDB-655190," $(56,173)", -   ,,,
25557,BLS,BDB,Biosciences,BDB,Biosciences,2200700,Research Instruments,PH220070022600,Other Instrument Revenue (Research),PH220070034050,Other Instrument Revenue (Research),PH220070041072,Other Instrument Revenue (Research),PH220070051224,Other Options and Upgrades (Research),655751,FILTER OPTICAL 450LP SQUARE SORP,655751-FILTER OPTICAL 450LP SQUARE SORP,BDB-655751, $-   , 1 ,,,
25558,BLS,BDB,Biosciences,BDB,Biosciences,2200700,Research Instruments,PH220070022600,Other Instrument Revenue (Research),PH220070034050,Other Instrument Revenue (Research),PH220070041072,Other Instrument Revenue (Research),PH220070051224,Other Options and Upgrades (Research),655755,FILTER OPTICAL 500LP SQUARE SORP,655755-FILTER OPTICAL 500LP SQUARE SORP,BDB-655755, $568 , 1 ,,,
25560,BLS,BDB,Biosciences,BDB,Biosciences,2200700,Research Instruments,PH220070022600,Other Instrument Revenue (Research),PH220070034050,Other Instrument Revenue (Research),PH220070041072,Other Instrument Revenue (Research),PH220070051224,Other Options and Upgrades (Research),655770,FILTER OPTICAL 595LP SQUARE SORP,655770-FILTER OPTICAL 595LP SQUARE SORP,BDB-655770, $-   , 1 ,,,
25561,BLS,BDB,Biosciences,BDB,Biosciences,2200700,Research Instruments,PH220070022600,Other Instrument Revenue (Research),PH220070034050,Other Instrument Revenue (Research),PH220070041072,Other Instrument Revenue (Research),PH220070051224,Other Options and Upgrades (Research),655772,FILTER OPTICAL 610LP SQUARE SORP,655772-FILTER OPTICAL 610LP SQUARE SORP,BDB-655772, $560 , 1 ,,,
25563,BLS,BDB,Biosciences,BDB,Biosciences,2200700,Research Instruments,PH220070022600,Other Instrument Revenue (Research),PH220070034050,Other Instrument Revenue (Research),PH220070041072,Other Instrument Revenue (Research),PH220070051224,Other Options and Upgrades (Research),655812,Filter Optical 405/20 Square SORP,655812-Filter Optical 405/20 Square SORP,BDB-655812, $544 , 1 ,,,
25566,BLS,BDB,Biosciences,BDB,Biosciences,2200700,Research Instruments,PH220070022600,Other Instrument Revenue (Research),PH220070034050,Other Instrument Revenue (Research),PH220070041072,Other Instrument Revenue (Research),PH220070051224,Other Options and Upgrades (Research),655829,Filter Optical 586/15 Square SORP,655829-Filter Optical 586/15 Square SORP,BDB-655829, $304 , 1 ,,,
25568,BLS,BDB,Biosciences,BDB,Biosciences,2200700,Research Instruments,PH220070022600,Other Instrument Revenue (Research),PH220070034050,Other Instrument Revenue (Research),PH220070041072,Other Instrument Revenue (Research),PH220070051224,Other Options and Upgrades (Research),655835,Filter Optical 670/14 Square SORP,655835-Filter Optical 670/14 Square SORP,BDB-655835, $688 , 1 ,,,
25571,BLS,BDB,Biosciences,BDB,Biosciences,2200700,Research Instruments,PH220070022600,Other Instrument Revenue (Research),PH220070034050,Other Instrument Revenue (Research),PH220070041072,Other Instrument Revenue (Research),PH220070051224,Other Options and Upgrades (Research),655842,Filter Optical 730/45 Square SORP,655842-Filter Optical 730/45 Square SORP,BDB-655842, $-   , 1 ,,,
25574,BLS,BDB,Biosciences,BDB,Biosciences,2200700,Research Instruments,PH220070022600,Other Instrument Revenue (Research),PH220070034050,Other Instrument Revenue (Research),PH220070041072,Other Instrument Revenue (Research),PH220070051224,Other Options and Upgrades (Research),65827130,PCB Assembly Digital Daq,65827130-PCB Assembly Digital Daq,BDB-65827130, $-   , -   ,,,
25575,BLS,BDB,Biosciences,BDB,Biosciences,2200700,Research Instruments,PH220070022600,Other Instrument Revenue (Research),PH220070034050,Other Instrument Revenue (Research),PH220070041072,Other Instrument Revenue (Research),PH220070051224,Other Options and Upgrades (Research),65827139,PCB Assembly Digital DAQ Service Rep,65827139-PCB Assembly Digital DAQ Service Rep,BDB-65827139," $6,295 ", 2 ,,,
25576,BLS,BDB,Biosciences,BDB,Biosciences,2200700,Research Instruments,PH220070022600,Other Instrument Revenue (Research),PH220070034050,Other Instrument Revenue (Research),PH220070041072,Other Instrument Revenue (Research),PH220070051224,Other Options and Upgrades (Research),658512,Assy Polygon Blank 2-PMT SORP,658512-Assy Polygon Blank 2-PMT SORP,BDB-658512, $-   , 1 ,,,
25580,BLS,BDB,Biosciences,BDB,Biosciences,2200700,Research Instruments,PH220070022600,Other Instrument Revenue (Research),PH220070034050,Other Instrument Revenue (Research),PH220070041072,Other Instrument Revenue (Research),PH220070051224,Other Options and Upgrades (Research),65894619,BD HTS FACSCelesta RoHS Repaired,65894619-BD HTS FACSCelesta RoHS Repaired,BDB-65894619," $2,380 ", 1 ,,,
25582,BLS,BDB,Biosciences,BDB,Biosciences,2200700,Research Instruments,PH220070022600,Other Instrument Revenue (Research),PH220070034050,Other Instrument Revenue (Research),PH220070041072,Other Instrument Revenue (Research),PH220070051224,Other Options and Upgrades (Research),659232,Cable Assy USB 3.0 Type-A Male 2M,659232-Cable Assy USB 3.0 Type-A Male 2M,BDB-659232, $270 , 3 ,,,
25583,BLS,BDB,Biosciences,BDB,Biosciences,2200700,Research Instruments,PH220070022600,Other Instrument Revenue (Research),PH220070034050,Other Instrument Revenue (Research),PH220070041072,Other Instrument Revenue (Research),PH220070051224,Other Options and Upgrades (Research),659278,Filter Optical 515/30 Square SORP,659278-Filter Optical 515/30 Square SORP,BDB-659278, $-   , 1 ,,,
25584,BLS,BDB,Biosciences,BDB,Biosciences,2200700,Research Instruments,PH220070022600,Other Instrument Revenue (Research),PH220070034050,Other Instrument Revenue (Research),PH220070041072,Other Instrument Revenue (Research),PH220070051224,Other Options and Upgrades (Research),659367,Filter Optical 630/20 Square SORP,659367-Filter Optical 630/20 Square SORP,BDB-659367, $560 , 1 ,,,
25585,BLS,BDB,Biosciences,BDB,Biosciences,2200700,Research Instruments,PH220070022600,Other Instrument Revenue (Research),PH220070034050,Other Instrument Revenue (Research),PH220070041072,Other Instrument Revenue (Research),PH220070051224,Other Options and Upgrades (Research),659387,Kit Obis X-20 355-15 Integrating SORP,659387-Kit Obis X-20 355-15 Integrating SORP,BDB-659387," $30,586 ", 1 ,,,
25589,BLS,BDB,Biosciences,BDB,Biosciences,2200700,Research Instruments,PH220070022600,Other Instrument Revenue (Research),PH220070034050,Other Instrument Revenue (Research),PH220070041072,Other Instrument Revenue (Research),PH220070051224,Other Options and Upgrades (Research),660282,Filter Optical 525/20 Square SORP,660282-Filter Optical 525/20 Square SORP,BDB-660282, $560 , 1 ,,,
25590,BLS,BDB,Biosciences,BDB,Biosciences,2200700,Research Instruments,PH220070022600,Other Instrument Revenue (Research),PH220070034050,Other Instrument Revenue (Research),PH220070041072,Other Instrument Revenue (Research),PH220070051224,Other Options and Upgrades (Research),66106707,Assy X14 Waste Tank Tubing SVC,66106707-Assy X14 Waste Tank Tubing SVC,BDB-66106707, $465 , 1 ,,,
25591,BLS,BDB,Biosciences,BDB,Biosciences,2200700,Research Instruments,PH220070022600,Other Instrument Revenue (Research),PH220070034050,Other Instrument Revenue (Research),PH220070041072,Other Instrument Revenue (Research),PH220070051224,Other Options and Upgrades (Research),66106807,Assy Support Arm SVC,66106807-Assy Support Arm SVC,BDB-66106807, $865 , 2 ,,,
25594,BLS,BDB,Biosciences,BDB,Biosciences,2200700,Research Instruments,PH220070022600,Other Instrument Revenue (Research),PH220070034050,Other Instrument Revenue (Research),PH220070041072,Other Instrument Revenue (Research),PH220070051224,Other Options and Upgrades (Research),661521,Fitting Union 1/4-28 PEEK 1/16IN OD PPL,661521-Fitting Union 1/4-28 PEEK 1/16IN OD PPL,BDB-661521, $-   , 1 ,,,
25595,BLS,BDB,Biosciences,BDB,Biosciences,2200700,Research Instruments,PH220070022600,Other Instrument Revenue (Research),PH220070034050,Other Instrument Revenue (Research),PH220070041072,Other Instrument Revenue (Research),PH220070051224,Other Options and Upgrades (Research),661523,Coupling INSRT PNLMT 1/4IN-28 PPL,661523-Coupling INSRT PNLMT 1/4IN-28 PPL,BDB-661523, $124 , 1 ,,,
25596,BLS,BDB,Biosciences,BDB,Biosciences,2200700,Research Instruments,PH220070022600,Other Instrument Revenue (Research),PH220070034050,Other Instrument Revenue (Research),PH220070041072,Other Instrument Revenue (Research),PH220070051224,Other Options and Upgrades (Research),661954,Cable Assy V18,661954-Cable Assy V18,BDB-661954," $2,635 ", 4 ,,,
25597,BLS,BDB,Biosciences,BDB,Biosciences,2200700,Research Instruments,PH220070022600,Other Instrument Revenue (Research),PH220070034050,Other Instrument Revenue (Research),PH220070041072,Other Instrument Revenue (Research),PH220070051224,Other Options and Upgrades (Research),662053,Filter Optical 431/28 Square SORP,662053-Filter Optical 431/28 Square SORP,BDB-662053, $-   , 2 ,,,
25598,BLS,BDB,Biosciences,BDB,Biosciences,2200700,Research Instruments,PH220070022600,Other Instrument Revenue (Research),PH220070034050,Other Instrument Revenue (Research),PH220070041072,Other Instrument Revenue (Research),PH220070051224,Other Options and Upgrades (Research),662066,Key Ball-End T-Handle 2.5 mm,662066-Key Ball-End T-Handle 2.5 mm,BDB-662066, $10 , 1 ,,,
25599,BLS,BDB,Biosciences,BDB,Biosciences,2200700,Research Instruments,PH220070022600,Other Instrument Revenue (Research),PH220070034050,Other Instrument Revenue (Research),PH220070041072,Other Instrument Revenue (Research),PH220070051224,Other Options and Upgrades (Research),662067,Wrench Set L-Key Hex Metric Ball End 9PC,662067-Wrench Set L-Key Hex Metric Ball End 9PC,BDB-662067," $1,699 ", -   ,,,
25601,BLS,BDB,Biosciences,BDB,Biosciences,2200700,Research Instruments,PH220070022600,Other Instrument Revenue (Research),PH220070034050,Other Instrument Revenue (Research),PH220070041072,Other Instrument Revenue (Research),PH220070051224,Other Options and Upgrades (Research),662473,Vacuum Compressor EKOM DK50.10 S/MD Cube,662473-Vacuum Compressor EKOM DK50.10 S/MD Cube,BDB-662473, $-   , 1 ,,,
25617,BLS,BDB,Biosciences,BDB,Biosciences,2200700,Research Instruments,PH220070022600,Other Instrument Revenue (Research),PH220070034050,Other Instrument Revenue (Research),PH220070041072,Other Instrument Revenue (Research),PH220070051224,Other Options and Upgrades (Research),666274,Barcode Scanner Fixed Mount Right SVC,666274-Barcode Scanner Fixed Mount Right SVC,BDB-666274," $2,875 ", 2 ,,,
25618,BLS,BDB,Biosciences,BDB,Biosciences,2200700,Research Instruments,PH220070022600,Other Instrument Revenue (Research),PH220070034050,Other Instrument Revenue (Research),PH220070041072,Other Instrument Revenue (Research),PH220070051224,Other Options and Upgrades (Research),666757,Special Order Automation Option,666757-Special Order Automation Option,BDB-666757," $26,946 ", 1 ,,,
25619,BLS,BDB,Biosciences,BDB,Biosciences,2200700,Research Instruments,PH220070022600,Other Instrument Revenue (Research),PH220070034050,Other Instrument Revenue (Research),PH220070041072,Other Instrument Revenue (Research),PH220070051224,Other Options and Upgrades (Research),667598,Gauge 0/150psig Pressure 0/15psi Vac Mod,667598-Gauge 0/150psig Pressure 0/15psi Vac Mod,BDB-667598," $11,163 ", 1 ,,,
25621,BLS,BDB,Biosciences,BDB,Biosciences,2200700,Research Instruments,PH220070022600,Other Instrument Revenue (Research),PH220070034050,Other Instrument Revenue (Research),PH220070041072,Other Instrument Revenue (Research),PH220070051224,Other Options and Upgrades (Research),74-70226-00,Spring Plunger 10-32 SSsd-52,74-70226-00-Spring Plunger 10-32 SSsd-52,BDB-74-70226-00, $1 , (4),,,
25640,BLS,BDB,Biosciences,BDB,Biosciences,2200700,Research Instruments,PH220070022600,Other Instrument Revenue (Research),PH220070034050,Other Instrument Revenue (Research),PH220070041072,Other Instrument Revenue (Research),PH220070051224,Other Options and Upgrades (Research),PL_776_128,Instr-Non Sale Instruments Adjustment,PL_776_128-Instr-Non Sale Instruments Adjustment,BDB-PL_776_128, $-   , -   ,,,
25649,BLS,BDB,Biosciences,BDB,Biosciences,2200700,Research Instruments,PH220070022600,Other Instrument Revenue (Research),PH220070034050,Other Instrument Revenue (Research),PH220070041072,Other Instrument Revenue (Research),PH220070051224,Other Options and Upgrades (Research),TWN014-ZTC,KOOLANCE LIQ-702BU-B 700ML UV,TWN014-ZTC-KOOLANCE LIQ-702BU-B 700ML UV,BDB-TWN014-ZTC, $-   , 2 ,,,
25655,BLS,BDB,Biosciences,BDB,Biosciences,2200700,Research Instruments,PH220070022600,Other Instrument Revenue (Research),PH220070034050,Other Instrument Revenue (Research),PH220070041072,Other Instrument Revenue (Research),PH220070051226,Refurbished Analyzers & Sorters (Research),345875,BD FACSARIA-REFURBISHED 334079,345875-BD FACSARIA-REFURBISHED 334079,BDB-345875," $1,412 ", -   ,,,
25670,BLS,BDB,Biosciences,BDB,Biosciences,2200700,Research Instruments,PH220070022650,FACSymphony Sorters,PH220070034450,FACSymphony Sorter Options and Upgrades,PH220070041087,FACSymphony Sorter Options and Upgrades,PH220070051248,FACSymphony Sorter Options and Upgrades,66416504,S6 Laser Opt 445-75 5Casc 1PMT 7Pinhole,66416504-S6 Laser Opt 445-75 5Casc 1PMT 7Pinhole,BDB-66416504," $77,718 ", 1 ,,,
25671,BLS,BDB,Biosciences,BDB,Biosciences,2200700,Research Instruments,PH220070022650,FACSymphony Sorters,PH220070034450,FACSymphony Sorter Options and Upgrades,PH220070041087,FACSymphony Sorter Options and Upgrades,PH220070051248,FACSymphony Sorter Options and Upgrades,66416506,S6 Laser 349-100UV 8Casc,66416506-S6 Laser 349-100UV 8Casc,BDB-66416506," $98,708 ", 1 ,,,
25672,BLS,BDB,Biosciences,BDB,Biosciences,2200700,Research Instruments,PH220070022650,FACSymphony Sorters,PH220070034450,FACSymphony Sorter Options and Upgrades,PH220070041087,FACSymphony Sorter Options and Upgrades,PH220070051248,FACSymphony Sorter Options and Upgrades,666597,Computer Bundle Z2 SFF G9 Symphony S6 EU,666597-Computer Bundle Z2 SFF G9 Symphony S6 EU,BDB-666597," $20,286 ", 3 ,,,
25687,BLS,BDB,Biosciences,BDB,Biosciences,2200700,Research Instruments,PH220070022850,FACSDiscover A8,PH220070034550,FACSDiscover A8 Instrument,PH220070041022,Mosaic Instrument - Analyzer - PC Adjustment,PH220070051162,Mosaic Instrument - Analyzer - PC Adjustment,PC_11141,FACSMosaic Instrument - Analyzer,PC_11141-FACSMosaic Instrument - Analyzer,BDB-PC_11141, $-   , 1 ,,,
25688,BLS,BDB,Biosciences,BDB,Biosciences,2200700,Research Instruments,PH220070022850,FACSDiscover A8,PH220070034550,FACSDiscover A8 Instrument,PH220070041022,Mosaic Instrument - Analyzer - PC Adjustment,PH220070051162,Mosaic Instrument - Analyzer - PC Adjustment,PL_141_128,FACSMosaic Instrument - Analyzer Adjustment,PL_141_128-FACSMosaic Instrument - Analyzer Adjustment,BDB-PL_141_128," $1,098,637 ", -   ,,,
25689,BLS,BDB,Biosciences,BDB,Biosciences,2200700,Research Instruments,PH220070022850,FACSDiscover A8,PH220070034550,FACSDiscover A8 Instrument,PH220070041124,FACSDiscover A8 Instrument,PH220070051289,FACSDiscover A8 Instrument,*MISCA8,FacsDiscover A8,*MISCA8-FacsDiscover A8,BDB-*MISCA8," $(701,757)", -   ,,,
25690,BLS,BDB,Biosciences,BDB,Biosciences,2200700,Research Instruments,PH220070022850,FACSDiscover A8,PH220070034550,FACSDiscover A8 Instrument,PH220070041124,FACSDiscover A8 Instrument,PH220070051289,FACSDiscover A8 Instrument,666486,FACSDiscover A8 BRVYGUV 5L,666486-FACSDiscover A8 BRVYGUV 5L,BDB-666486," $16,521,460 ", 42 ,,,
25691,BLS,BDB,Biosciences,BDB,Biosciences,2200700,Research Instruments,PH220070022850,FACSDiscover A8,PH220070034600,FACSDiscover A8 Options,PH220070041019,Mosiac Options - Analyzer - PC Adjustment,PH220070051165,Mosiac Options - Analyzer - PC Adjustment,PC_11142,FACSMosiac Analyzer Options,PC_11142-FACSMosiac Analyzer Options,BDB-PC_11142, $-   , -   ,,,
25692,BLS,BDB,Biosciences,BDB,Biosciences,2200700,Research Instruments,PH220070022850,FACSDiscover A8,PH220070034600,FACSDiscover A8 Options,PH220070041090,FACSDiscover A8 Options,PH220070051251,FACSDiscover A8 Options,667247,Table FACSDiscover A8 Long,667247-Table FACSDiscover A8 Long,BDB-667247," $23,033 ", 19 ,,,
25693,BLS,BDB,Biosciences,BDB,Biosciences,2200700,Research Instruments,PH220070022850,FACSDiscover A8,PH220070035650,FACSDiscover A8 Instrument RR,PH220070041111,FACSDiscover A8 Instrument RR,PH220070051272,FACSDiscover A8 Instrument RR,#BDBPLANMAT_MOSAICANALYZER_RR,Mosaic Instrument - Analyzer RR,#BDBPLANMAT_MOSAICANALYZER_RR-Mosaic Instrument - Analyzer RR,BDB-#BDBPLANMAT_MOSAICANALYZER_RR, $-   , 11 ,,,
25854,BLS,BDB,Biosciences,BDB,Biosciences,2200800,Research Reagents,PH220070022900,Research Core Cobalt,PH220070035100,Cobalt YG MTS,PH220070041123,RY743 MTS,PH220070051286,Human RY743 MTS,572182,Hu CD4 RY743 SK3 100Tst,572182-Hu CD4 RY743 SK3 100Tst,BDB-572182," $1,332 ", 5 ,,,
25855,BLS,BDB,Biosciences,BDB,Biosciences,2200800,Research Reagents,PH220070022900,Research Core Cobalt,PH220070035100,Cobalt YG MTS,PH220070041123,RY743 MTS,PH220070051286,Human RY743 MTS,572183,Hu CD4 RY743 SK3 25Tst,572183-Hu CD4 RY743 SK3 25Tst,BDB-572183, $535 , 4 ,,,
25856,BLS,BDB,Biosciences,BDB,Biosciences,2200800,Research Reagents,PH220070022900,Research Core Cobalt,PH220070035100,Cobalt YG MTS,PH220070041123,RY743 MTS,PH220070051286,Human RY743 MTS,572184,Hu CD19 RY743 SJ25C1 100Tst,572184-Hu CD19 RY743 SJ25C1 100Tst,BDB-572184," $2,250 ", 7 ,,,
25857,BLS,BDB,Biosciences,BDB,Biosciences,2200800,Research Reagents,PH220070022900,Research Core Cobalt,PH220070035100,Cobalt YG MTS,PH220070041123,RY743 MTS,PH220070051286,Human RY743 MTS,572185,Hu CD19 RY743 SJ25C1 25Tst,572185-Hu CD19 RY743 SJ25C1 25Tst,BDB-572185, $105 , 1 ,,,
25858,BLS,BDB,Biosciences,BDB,Biosciences,2200800,Research Reagents,PH220070022900,Research Core Cobalt,PH220070035100,Cobalt YG MTS,PH220070041123,RY743 MTS,PH220070051286,Human RY743 MTS,572186,Hu CD3 RY743 UCHT1 100Tst,572186-Hu CD3 RY743 UCHT1 100Tst,BDB-572186, $377 , 1 ,,,
25859,BLS,BDB,Biosciences,BDB,Biosciences,2200800,Research Reagents,PH220070022900,Research Core Cobalt,PH220070035100,Cobalt YG MTS,PH220070041123,RY743 MTS,PH220070051286,Human RY743 MTS,572187,Hu CD3 RY743 UCHT1 25Tst,572187-Hu CD3 RY743 UCHT1 25Tst,BDB-572187, $270 , 2 ,,,
25860,BLS,BDB,Biosciences,BDB,Biosciences,2200800,Research Reagents,PH220070022900,Research Core Cobalt,PH220070035100,Cobalt YG MTS,PH220070041123,RY743 MTS,PH220070051286,Human RY743 MTS,572188,Hu FoxP3 RY743 259D/C7 100Tst,572188-Hu FoxP3 RY743 259D/C7 100Tst,BDB-572188," $4,559 ", 12 ,,,
25861,BLS,BDB,Biosciences,BDB,Biosciences,2200800,Research Reagents,PH220070022900,Research Core Cobalt,PH220070035100,Cobalt YG MTS,PH220070041123,RY743 MTS,PH220070051286,Human RY743 MTS,572191,Hu CD8 RY743 RPA-T8 25Tst,572191-Hu CD8 RY743 RPA-T8 25Tst,BDB-572191, $278 , 2 ,,,
25862,BLS,BDB,Biosciences,BDB,Biosciences,2200800,Research Reagents,PH220070022900,Research Core Cobalt,PH220070035100,Cobalt YG MTS,PH220070041123,RY743 MTS,PH220070051286,Human RY743 MTS,572192,Hu CD16 RY743 3G8 100Tst,572192-Hu CD16 RY743 3G8 100Tst,BDB-572192, $689 , 2 ,,,
25863,BLS,BDB,Biosciences,BDB,Biosciences,2200800,Research Reagents,PH220070022900,Research Core Cobalt,PH220070035100,Cobalt YG MTS,PH220070041123,RY743 MTS,PH220070051286,Human RY743 MTS,572193,Hu CD16 RY743 3G8 25Tst,572193-Hu CD16 RY743 3G8 25Tst,BDB-572193, $117 , 1 ,,,
25864,BLS,BDB,Biosciences,BDB,Biosciences,2200800,Research Reagents,PH220070022900,Research Core Cobalt,PH220070035100,Cobalt YG MTS,PH220070041123,RY743 MTS,PH220070051286,Human RY743 MTS,572194,Hu CD279 RY743 EH12.1 100Tst,572194-Hu CD279 RY743 EH12.1 100Tst,BDB-572194," $1,311 ", 4 ,,,
25865,BLS,BDB,Biosciences,BDB,Biosciences,2200800,Research Reagents,PH220070022900,Research Core Cobalt,PH220070035100,Cobalt YG MTS,PH220070041123,RY743 MTS,PH220070051286,Human RY743 MTS,572195,Hu CD279 RY743 EH12.1 25Tst,572195-Hu CD279 RY743 EH12.1 25Tst,BDB-572195, $384 , 3 ,,,
25866,BLS,BDB,Biosciences,BDB,Biosciences,2200800,Research Reagents,PH220070022900,Research Core Cobalt,PH220070035100,Cobalt YG MTS,PH220070041123,RY743 MTS,PH220070051286,Human RY743 MTS,572197,Hu IFN-Gma RY743 B27 25Tst,572197-Hu IFN-Gma RY743 B27 25Tst,BDB-572197, $116 , 1 ,,,
25867,BLS,BDB,Biosciences,BDB,Biosciences,2200800,Research Reagents,PH220070022900,Research Core Cobalt,PH220070035100,Cobalt YG MTS,PH220070041123,RY743 MTS,PH220070051286,Human RY743 MTS,572198,Hu CD25 RY743 2A3 100Tst,572198-Hu CD25 RY743 2A3 100Tst,BDB-572198," $2,129 ", 7 ,,,
25868,BLS,BDB,Biosciences,BDB,Biosciences,2200800,Research Reagents,PH220070022900,Research Core Cobalt,PH220070035100,Cobalt YG MTS,PH220070041123,RY743 MTS,PH220070051286,Human RY743 MTS,572199,Hu CD25 RY743 2A3 25Tst,572199-Hu CD25 RY743 2A3 25Tst,BDB-572199, $187 , 2 ,,,
25869,BLS,BDB,Biosciences,BDB,Biosciences,2200800,Research Reagents,PH220070022900,Research Core Cobalt,PH220070035100,Cobalt YG MTS,PH220070041123,RY743 MTS,PH220070051286,Human RY743 MTS,572200,Hu CD134 RY743 L106 100Tst,572200-Hu CD134 RY743 L106 100Tst,BDB-572200, $687 , 2 ,,,
25870,BLS,BDB,Biosciences,BDB,Biosciences,2200800,Research Reagents,PH220070022900,Research Core Cobalt,PH220070035100,Cobalt YG MTS,PH220070041123,RY743 MTS,PH220070051286,Human RY743 MTS,572218,Hu CD11c RY743 B-LY6 100Tst,572218-Hu CD11c RY743 B-LY6 100Tst,BDB-572218, $376 , 1 ,,,
25871,BLS,BDB,Biosciences,BDB,Biosciences,2200800,Research Reagents,PH220070022900,Research Core Cobalt,PH220070035100,Cobalt YG MTS,PH220070041123,RY743 MTS,PH220070051286,Human RY743 MTS,572219,Hu CD11c RY743 B-LY6 25Tst,572219-Hu CD11c RY743 B-LY6 25Tst,BDB-572219, $357 , 2 ,,,
25872,BLS,BDB,Biosciences,BDB,Biosciences,2200800,Research Reagents,PH220070022900,Research Core Cobalt,PH220070035100,Cobalt YG MTS,PH220070041123,RY743 MTS,PH220070051286,Human RY743 MTS,572221,Hu Granzyme B RY743 GB11 100Tst,572221-Hu Granzyme B RY743 GB11 100Tst,BDB-572221," $2,161 ", 4 ,,,
25873,BLS,BDB,Biosciences,BDB,Biosciences,2200800,Research Reagents,PH220070022900,Research Core Cobalt,PH220070035100,Cobalt YG MTS,PH220070041123,RY743 MTS,PH220070051286,Human RY743 MTS,572223,Ki-67 RY743 B56 100Tst,572223-Ki-67 RY743 B56 100Tst,BDB-572223, $967 , 3 ,,,
25874,BLS,BDB,Biosciences,BDB,Biosciences,2200800,Research Reagents,PH220070022900,Research Core Cobalt,PH220070035100,Cobalt YG MTS,PH220070041123,RY743 MTS,PH220070051286,Human RY743 MTS,572224,Ki-67 RY743 B56 25Tst,572224-Ki-67 RY743 B56 25Tst,BDB-572224, $172 , 2 ,,,
25875,BLS,BDB,Biosciences,BDB,Biosciences,2200800,Research Reagents,PH220070022900,Research Core Cobalt,PH220070035100,Cobalt YG MTS,PH220070041123,RY743 MTS,PH220070051286,Human RY743 MTS,572227,Hu CD20 RY743 2H7 100Tst,572227-Hu CD20 RY743 2H7 100Tst,BDB-572227," $1,266 ", 4 ,,,
25876,BLS,BDB,Biosciences,BDB,Biosciences,2200800,Research Reagents,PH220070022900,Research Core Cobalt,PH220070035100,Cobalt YG MTS,PH220070041123,RY743 MTS,PH220070051286,Human RY743 MTS,572233,Hu CD56 (NCAM-1) RY743 B159 100Tst,572233-Hu CD56 (NCAM-1) RY743 B159 100Tst,BDB-572233," $3,029 ", 9 ,,,
25877,BLS,BDB,Biosciences,BDB,Biosciences,2200800,Research Reagents,PH220070022900,Research Core Cobalt,PH220070035100,Cobalt YG MTS,PH220070041123,RY743 MTS,PH220070051286,Human RY743 MTS,572234,Hu CD56 (NCAM-1) RY743 B159 25Tst,572234-Hu CD56 (NCAM-1) RY743 B159 25Tst,BDB-572234, $162 , 2 ,,,
25878,BLS,BDB,Biosciences,BDB,Biosciences,2200800,Research Reagents,PH220070022900,Research Core Cobalt,PH220070035100,Cobalt YG MTS,PH220070041123,RY743 MTS,PH220070051286,Human RY743 MTS,572235,Hu IL-2 RY743 MQ1-17H12 100Tst,572235-Hu IL-2 RY743 MQ1-17H12 100Tst,BDB-572235, $875 , 2 ,,,
25879,BLS,BDB,Biosciences,BDB,Biosciences,2200800,Research Reagents,PH220070022900,Research Core Cobalt,PH220070035100,Cobalt YG MTS,PH220070041123,RY743 MTS,PH220070051287,Mouse RY743 MTS,572202,Ms CD8a RY743 53-6.7 100ug,572202-Ms CD8a RY743 53-6.7 100ug,BDB-572202," $1,148 ", 4 ,,,
25880,BLS,BDB,Biosciences,BDB,Biosciences,2200800,Research Reagents,PH220070022900,Research Core Cobalt,PH220070035100,Cobalt YG MTS,PH220070041123,RY743 MTS,PH220070051287,Mouse RY743 MTS,572203,Ms CD8a RY743 53-6.7 25ug,572203-Ms CD8a RY743 53-6.7 25ug,BDB-572203, $245 , 2 ,,,
25881,BLS,BDB,Biosciences,BDB,Biosciences,2200800,Research Reagents,PH220070022900,Research Core Cobalt,PH220070035100,Cobalt YG MTS,PH220070041123,RY743 MTS,PH220070051287,Mouse RY743 MTS,572204,Ms CD4 RY743 GK1.5 100ug,572204-Ms CD4 RY743 GK1.5 100ug,BDB-572204, $564 , 2 ,,,
25882,BLS,BDB,Biosciences,BDB,Biosciences,2200800,Research Reagents,PH220070022900,Research Core Cobalt,PH220070035100,Cobalt YG MTS,PH220070041123,RY743 MTS,PH220070051287,Mouse RY743 MTS,572205,Ms CD4 RY743 GK1.5 25ug,572205-Ms CD4 RY743 GK1.5 25ug,BDB-572205, $525 , 4 ,,,
25883,BLS,BDB,Biosciences,BDB,Biosciences,2200800,Research Reagents,PH220070022900,Research Core Cobalt,PH220070035100,Cobalt YG MTS,PH220070041123,RY743 MTS,PH220070051287,Mouse RY743 MTS,572212,Ms Ly-6C RY743 AL-21 100ug,572212-Ms Ly-6C RY743 AL-21 100ug,BDB-572212," $1,792 ", 6 ,,,
25884,BLS,BDB,Biosciences,BDB,Biosciences,2200800,Research Reagents,PH220070022900,Research Core Cobalt,PH220070035100,Cobalt YG MTS,PH220070041123,RY743 MTS,PH220070051287,Mouse RY743 MTS,572231,Ms IFN-Gma RY743 XMG1.2 25ug,572231-Ms IFN-Gma RY743 XMG1.2 25ug,BDB-572231, $987 , 5 ,,,
25885,BLS,BDB,Biosciences,BDB,Biosciences,2200800,Research Reagents,PH220070022900,Research Core Cobalt,PH220070035100,Cobalt YG MTS,PH220070041123,RY743 MTS,PH220070051288,Other RY743 MTS,572206,Helios RY743 22F6 100Tst,572206-Helios RY743 22F6 100Tst,BDB-572206," $5,175 ", 14 ,,,
25886,BLS,BDB,Biosciences,BDB,Biosciences,2200800,Research Reagents,PH220070022900,Research Core Cobalt,PH220070035100,Cobalt YG MTS,PH220070041123,RY743 MTS,PH220070051288,Other RY743 MTS,572207,Helios RY743 22F6 25Tst,572207-Helios RY743 22F6 25Tst,BDB-572207, $541 , 4 ,,,
25887,BLS,BDB,Biosciences,BDB,Biosciences,2200800,Research Reagents,PH220070022900,Research Core Cobalt,PH220070035100,Cobalt YG MTS,PH220070041123,RY743 MTS,PH220070051288,Other RY743 MTS,572220,SAV RY743 100ug,572220-SAV RY743 100ug,BDB-572220, $706 , 3 ,,,
26186,BLS,BDB,Biosciences,BDB,Biosciences,2200800,Research Reagents,PH220070022900,Research Core Cobalt,PH220070035100,Cobalt YG MTS,PH220080041134,RY655 MTS,PH220080051353,Human RY655 MTS,572318,Hu CD4 RY655 SK3 100Tst,572318-Hu CD4 RY655 SK3 100Tst,BDB-572318," $2,379 ", 7 ,,,
26187,BLS,BDB,Biosciences,BDB,Biosciences,2200800,Research Reagents,PH220070022900,Research Core Cobalt,PH220070035100,Cobalt YG MTS,PH220080041134,RY655 MTS,PH220080051353,Human RY655 MTS,572320,Hu CD4 RY655 SK3 25Tst,572320-Hu CD4 RY655 SK3 25Tst,BDB-572320, $545 , 4 ,,,
26188,BLS,BDB,Biosciences,BDB,Biosciences,2200800,Research Reagents,PH220070022900,Research Core Cobalt,PH220070035100,Cobalt YG MTS,PH220080041134,RY655 MTS,PH220080051353,Human RY655 MTS,572321,Hu CD19 RY655 SJ25C1 100Tst,572321-Hu CD19 RY655 SJ25C1 100Tst,BDB-572321," $1,639 ", 6 ,,,
26189,BLS,BDB,Biosciences,BDB,Biosciences,2200800,Research Reagents,PH220070022900,Research Core Cobalt,PH220070035100,Cobalt YG MTS,PH220080041134,RY655 MTS,PH220080051353,Human RY655 MTS,572322,Hu CD19 RY655 SJ25C1 25Tst,572322-Hu CD19 RY655 SJ25C1 25Tst,BDB-572322, $350 , 2 ,,,
26190,BLS,BDB,Biosciences,BDB,Biosciences,2200800,Research Reagents,PH220070022900,Research Core Cobalt,PH220070035100,Cobalt YG MTS,PH220080041134,RY655 MTS,PH220080051353,Human RY655 MTS,572323,Hu CD3 RY655 UCHT1 100Tst,572323-Hu CD3 RY655 UCHT1 100Tst,BDB-572323," $1,165 ", 4 ,,,
26191,BLS,BDB,Biosciences,BDB,Biosciences,2200800,Research Reagents,PH220070022900,Research Core Cobalt,PH220070035100,Cobalt YG MTS,PH220080041134,RY655 MTS,PH220080051353,Human RY655 MTS,572324,Hu CD3 RY655 UCHT1 25Tst,572324-Hu CD3 RY655 UCHT1 25Tst,BDB-572324, $168 , 1 ,,,
26192,BLS,BDB,Biosciences,BDB,Biosciences,2200800,Research Reagents,PH220070022900,Research Core Cobalt,PH220070035100,Cobalt YG MTS,PH220080041134,RY655 MTS,PH220080051353,Human RY655 MTS,572325,Hu FoxP3 RY655 259D/C7 100Tst,572325-Hu FoxP3 RY655 259D/C7 100Tst,BDB-572325, $880 , 3 ,,,
26193,BLS,BDB,Biosciences,BDB,Biosciences,2200800,Research Reagents,PH220070022900,Research Core Cobalt,PH220070035100,Cobalt YG MTS,PH220080041134,RY655 MTS,PH220080051353,Human RY655 MTS,572326,Hu FoxP3 RY655 259D/C7 25Tst,572326-Hu FoxP3 RY655 259D/C7 25Tst,BDB-572326, $201 , 1 ,,,
26194,BLS,BDB,Biosciences,BDB,Biosciences,2200800,Research Reagents,PH220070022900,Research Core Cobalt,PH220070035100,Cobalt YG MTS,PH220080041134,RY655 MTS,PH220080051353,Human RY655 MTS,572328,Hu CD8 RY655 RPA-T8 25Tst,572328-Hu CD8 RY655 RPA-T8 25Tst,BDB-572328, $364 , 2 ,,,
26195,BLS,BDB,Biosciences,BDB,Biosciences,2200800,Research Reagents,PH220070022900,Research Core Cobalt,PH220070035100,Cobalt YG MTS,PH220080041134,RY655 MTS,PH220080051353,Human RY655 MTS,572329,Hu CD16 RY655 3G8 100Tst,572329-Hu CD16 RY655 3G8 100Tst,BDB-572329, $650 , 2 ,,,
26196,BLS,BDB,Biosciences,BDB,Biosciences,2200800,Research Reagents,PH220070022900,Research Core Cobalt,PH220070035100,Cobalt YG MTS,PH220080041134,RY655 MTS,PH220080051353,Human RY655 MTS,572331,Hu CD279 RY655 EH12.1 100Tst,572331-Hu CD279 RY655 EH12.1 100Tst,BDB-572331," $3,765 ", 10 ,,,
26197,BLS,BDB,Biosciences,BDB,Biosciences,2200800,Research Reagents,PH220070022900,Research Core Cobalt,PH220070035100,Cobalt YG MTS,PH220080041134,RY655 MTS,PH220080051353,Human RY655 MTS,572332,Hu CD279 RY655 EH12.1 25Tst,572332-Hu CD279 RY655 EH12.1 25Tst,BDB-572332, $165 , 1 ,,,
26198,BLS,BDB,Biosciences,BDB,Biosciences,2200800,Research Reagents,PH220070022900,Research Core Cobalt,PH220070035100,Cobalt YG MTS,PH220080041134,RY655 MTS,PH220080051353,Human RY655 MTS,572334,Hu IFN-Gma RY655 B27 25Tst,572334-Hu IFN-Gma RY655 B27 25Tst,BDB-572334, $393 , 2 ,,,
26199,BLS,BDB,Biosciences,BDB,Biosciences,2200800,Research Reagents,PH220070022900,Research Core Cobalt,PH220070035100,Cobalt YG MTS,PH220080041134,RY655 MTS,PH220080051353,Human RY655 MTS,572335,Hu CD25 RY655 2A3 100Tst,572335-Hu CD25 RY655 2A3 100Tst,BDB-572335," $1,955 ", 6 ,,,
26200,BLS,BDB,Biosciences,BDB,Biosciences,2200800,Research Reagents,PH220070022900,Research Core Cobalt,PH220070035100,Cobalt YG MTS,PH220080041134,RY655 MTS,PH220080051353,Human RY655 MTS,572336,Hu CD25 RY655 2A3 25Tst,572336-Hu CD25 RY655 2A3 25Tst,BDB-572336, $83 , 1 ,,,
26201,BLS,BDB,Biosciences,BDB,Biosciences,2200800,Research Reagents,PH220070022900,Research Core Cobalt,PH220070035100,Cobalt YG MTS,PH220080041134,RY655 MTS,PH220080051353,Human RY655 MTS,572338,Hu CD123 RY655 7G3 25Tst,572338-Hu CD123 RY655 7G3 25Tst,BDB-572338, $184 , 1 ,,,
26202,BLS,BDB,Biosciences,BDB,Biosciences,2200800,Research Reagents,PH220070022900,Research Core Cobalt,PH220070035100,Cobalt YG MTS,PH220080041134,RY655 MTS,PH220080051353,Human RY655 MTS,572353,Hu Granzyme B RY655 GB11 100Tst,572353-Hu Granzyme B RY655 GB11 100Tst,BDB-572353," $1,601 ", 4 ,,,
26203,BLS,BDB,Biosciences,BDB,Biosciences,2200800,Research Reagents,PH220070022900,Research Core Cobalt,PH220070035100,Cobalt YG MTS,PH220080041134,RY655 MTS,PH220080051353,Human RY655 MTS,572354,Hu Granzyme B RY655 GB11 25Tst,572354-Hu Granzyme B RY655 GB11 25Tst,BDB-572354, $341 , 2 ,,,
26204,BLS,BDB,Biosciences,BDB,Biosciences,2200800,Research Reagents,PH220070022900,Research Core Cobalt,PH220070035100,Cobalt YG MTS,PH220080041134,RY655 MTS,PH220080051353,Human RY655 MTS,572358,Ki-67 RY655 B56 25Tst,572358-Ki-67 RY655 B56 25Tst,BDB-572358, $182 , 1 ,,,
26205,BLS,BDB,Biosciences,BDB,Biosciences,2200800,Research Reagents,PH220070022900,Research Core Cobalt,PH220070035100,Cobalt YG MTS,PH220080041134,RY655 MTS,PH220080051353,Human RY655 MTS,572359,Hu CD20 RY655 2H7 100Tst,572359-Hu CD20 RY655 2H7 100Tst,BDB-572359," $1,026 ", 3 ,,,
26206,BLS,BDB,Biosciences,BDB,Biosciences,2200800,Research Reagents,PH220070022900,Research Core Cobalt,PH220070035100,Cobalt YG MTS,PH220080041134,RY655 MTS,PH220080051353,Human RY655 MTS,572369,Hu CD152 (CTLA-4) RY655 BNI3 100Tst,572369-Hu CD152 (CTLA-4) RY655 BNI3 100Tst,BDB-572369, $456 , 1 ,,,
26207,BLS,BDB,Biosciences,BDB,Biosciences,2200800,Research Reagents,PH220070022900,Research Core Cobalt,PH220070035100,Cobalt YG MTS,PH220080041134,RY655 MTS,PH220080051353,Human RY655 MTS,572373,Hu CD95 RY655 DX2 100Tst,572373-Hu CD95 RY655 DX2 100Tst,BDB-572373, $252 , 1 ,,,
26208,BLS,BDB,Biosciences,BDB,Biosciences,2200800,Research Reagents,PH220070022900,Research Core Cobalt,PH220070035100,Cobalt YG MTS,PH220080041134,RY655 MTS,PH220080051353,Human RY655 MTS,572374,Hu CD95 RY655 DX2 25Tst,572374-Hu CD95 RY655 DX2 25Tst,BDB-572374, $150 , 1 ,,,
26209,BLS,BDB,Biosciences,BDB,Biosciences,2200800,Research Reagents,PH220070022900,Research Core Cobalt,PH220070035100,Cobalt YG MTS,PH220080041134,RY655 MTS,PH220080051354,Mouse RY655 MTS,572340,Ms CD8a RY655 53-6.7 25ug,572340-Ms CD8a RY655 53-6.7 25ug,BDB-572340, $318 , 2 ,,,
26210,BLS,BDB,Biosciences,BDB,Biosciences,2200800,Research Reagents,PH220070022900,Research Core Cobalt,PH220070035100,Cobalt YG MTS,PH220080041134,RY655 MTS,PH220080051354,Mouse RY655 MTS,572342,Ms CD4 RY655 GK1.5 100ug,572342-Ms CD4 RY655 GK1.5 100ug,BDB-572342, $612 , 2 ,,,
26211,BLS,BDB,Biosciences,BDB,Biosciences,2200800,Research Reagents,PH220070022900,Research Core Cobalt,PH220070035100,Cobalt YG MTS,PH220080041134,RY655 MTS,PH220080051354,Mouse RY655 MTS,572343,Ms CD4 RY655 GK1.5 25ug,572343-Ms CD4 RY655 GK1.5 25ug,BDB-572343, $310 , 2 ,,,
26212,BLS,BDB,Biosciences,BDB,Biosciences,2200800,Research Reagents,PH220070022900,Research Core Cobalt,PH220070035100,Cobalt YG MTS,PH220080041134,RY655 MTS,PH220080051354,Mouse RY655 MTS,572344,Ms ROR Gma T RY655 Q31-378 100ug,572344-Ms ROR Gma T RY655 Q31-378 100ug,BDB-572344, $215 , 1 ,,,
26213,BLS,BDB,Biosciences,BDB,Biosciences,2200800,Research Reagents,PH220070022900,Research Core Cobalt,PH220070035100,Cobalt YG MTS,PH220080041134,RY655 MTS,PH220080051354,Mouse RY655 MTS,572345,Ms ROR Gma T RY655 Q31-378 25ug,572345-Ms ROR Gma T RY655 Q31-378 25ug,BDB-572345, $224 , 1 ,,,
26214,BLS,BDB,Biosciences,BDB,Biosciences,2200800,Research Reagents,PH220070022900,Research Core Cobalt,PH220070035100,Cobalt YG MTS,PH220080041134,RY655 MTS,PH220080051354,Mouse RY655 MTS,572349,Ms Ly-6C RY655 AL-21 100ug,572349-Ms Ly-6C RY655 AL-21 100ug,BDB-572349, $353 , 2 ,,,
26215,BLS,BDB,Biosciences,BDB,Biosciences,2200800,Research Reagents,PH220070022900,Research Core Cobalt,PH220070035100,Cobalt YG MTS,PH220080041134,RY655 MTS,PH220080051354,Mouse RY655 MTS,572350,Ms Ly-6C RY655 AL-21 25ug,572350-Ms Ly-6C RY655 AL-21 25ug,BDB-572350, $184 , 1 ,,,
26216,BLS,BDB,Biosciences,BDB,Biosciences,2200800,Research Reagents,PH220070022900,Research Core Cobalt,PH220070035100,Cobalt YG MTS,PH220080041134,RY655 MTS,PH220080051354,Mouse RY655 MTS,572363,Ms CD45 RY655 30-F11 100ug,572363-Ms CD45 RY655 30-F11 100ug,BDB-572363, $260 , 1 ,,,
26217,BLS,BDB,Biosciences,BDB,Biosciences,2200800,Research Reagents,PH220070022900,Research Core Cobalt,PH220070035100,Cobalt YG MTS,PH220080041134,RY655 MTS,PH220080051354,Mouse RY655 MTS,572367,Ms F4/80 RY655 T45-2342 100ug,572367-Ms F4/80 RY655 T45-2342 100ug,BDB-572367," $2,469 ", 8 ,,,
26218,BLS,BDB,Biosciences,BDB,Biosciences,2200800,Research Reagents,PH220070022900,Research Core Cobalt,PH220070035100,Cobalt YG MTS,PH220080041134,RY655 MTS,PH220080051355,Other RY655 MTS,572362,SAV RY655 100ug,572362-SAV RY655 100ug,BDB-572362, $924 , 3 ,,,
26219,BLS,BDB,Biosciences,BDB,Biosciences,2200800,Research Reagents,PH220070022900,Research Core Cobalt,PH220070035100,Cobalt YG MTS,PH220080041134,RY655 MTS,PH220080051355,Other RY655 MTS,572365,CD11b RY655 M1/70 100ug,572365-CD11b RY655 M1/70 100ug,BDB-572365, $816 , 3 ,,,
26220,BLS,BDB,Biosciences,BDB,Biosciences,2200800,Research Reagents,PH220070022900,Research Core Cobalt,PH220080035750,Cobalt YG OptiBuild,PH220080041054,RY775 OptiBuild,PH220080051187,Other RY775 OptiBuild,759752,Rat/Ms CD49a RY775 HA31/8 50ug,759752-Rat/Ms CD49a RY775 HA31/8 50ug,BDB-759752, $557 , 2 ,,,
26221,BLS,BDB,Biosciences,BDB,Biosciences,2200800,Research Reagents,PH220070022900,Research Core Cobalt,PH220080035750,Cobalt YG OptiBuild,PH220080041054,RY775 OptiBuild,PH220080051187,Other RY775 OptiBuild,759770,Rat CD45R RY775 HIS24 50ug,759770-Rat CD45R RY775 HIS24 50ug,BDB-759770," $3,524 ", 10 ,,,
26222,BLS,BDB,Biosciences,BDB,Biosciences,2200800,Research Reagents,PH220070022900,Research Core Cobalt,PH220080035750,Cobalt YG OptiBuild,PH220080041054,RY775 OptiBuild,PH220080051187,Other RY775 OptiBuild,759773,C3/C3b/iC3b RY775 6C9 50ug,759773-C3/C3b/iC3b RY775 6C9 50ug,BDB-759773, $269 , 1 ,,,
26223,BLS,BDB,Biosciences,BDB,Biosciences,2200800,Research Reagents,PH220070022900,Research Core Cobalt,PH220080035750,Cobalt YG OptiBuild,PH220080041054,RY775 OptiBuild,PH220080051187,Other RY775 OptiBuild,770534,Rat CD134 RY775 OX-40 50ug,770534-Rat CD134 RY775 OX-40 50ug,BDB-770534, $330 , 1 ,,,
26224,BLS,BDB,Biosciences,BDB,Biosciences,2200800,Research Reagents,PH220070022900,Research Core Cobalt,PH220080035750,Cobalt YG OptiBuild,PH220080041054,RY775 OptiBuild,PH220080051187,Other RY775 OptiBuild,771195,Rat CD163 RY775 HIS36 50ug,771195-Rat CD163 RY775 HIS36 50ug,BDB-771195, $691 , 3 ,,,
26225,BLS,BDB,Biosciences,BDB,Biosciences,2200800,Research Reagents,PH220070022900,Research Core Cobalt,PH220080035750,Cobalt YG OptiBuild,PH220080041054,RY775 OptiBuild,PH220080051187,Other RY775 OptiBuild,771416,Rat CD161a RY775 10/78 50ug,771416-Rat CD161a RY775 10/78 50ug,BDB-771416, $335 , 1 ,,,
26226,BLS,BDB,Biosciences,BDB,Biosciences,2200800,Research Reagents,PH220070022900,Research Core Cobalt,PH220080035750,Cobalt YG OptiBuild,PH220080041054,RY775 OptiBuild,PH220080051187,Other RY775 OptiBuild,771505,Rat CD11b/c RY775 OX-42 50ug,771505-Rat CD11b/c RY775 OX-42 50ug,BDB-771505, $262 , 1 ,,,
26227,BLS,BDB,Biosciences,BDB,Biosciences,2200800,Research Reagents,PH220070022900,Research Core Cobalt,PH220080035750,Cobalt YG OptiBuild,PH220080041054,RY775 OptiBuild,PH220080051187,Other RY775 OptiBuild,771601,Rat TCR GmaDta RY775 V65 50ug,771601-Rat TCR GmaDta RY775 V65 50ug,BDB-771601, $390 , 1 ,,,
26228,BLS,BDB,Biosciences,BDB,Biosciences,2200800,Research Reagents,PH220070022900,Research Core Cobalt,PH220080035750,Cobalt YG OptiBuild,PH220080041054,RY775 OptiBuild,PH220080051187,Other RY775 OptiBuild,771798,Rat CD26 RY775 OX-61 50ug,771798-Rat CD26 RY775 OX-61 50ug,BDB-771798, $340 , 1 ,,,
26229,BLS,BDB,Biosciences,BDB,Biosciences,2200800,Research Reagents,PH220070022900,Research Core Cobalt,PH220080035750,Cobalt YG OptiBuild,PH220080041054,RY775 OptiBuild,PH220080051187,Other RY775 OptiBuild,772067,Rat CD28 RY775 JJ319 50ug,772067-Rat CD28 RY775 JJ319 50ug,BDB-772067, $330 , 1 ,,,
26230,BLS,BDB,Biosciences,BDB,Biosciences,2200800,Research Reagents,PH220070022900,Research Core Cobalt,PH220080035750,Cobalt YG OptiBuild,PH220080041054,RY775 OptiBuild,PH220080051188,Mouse RY775 OptiBuild,759737,Ms CD11c RY775 N418 50ug,759737-Ms CD11c RY775 N418 50ug,BDB-759737," $3,468 ", 13 ,,,
26231,BLS,BDB,Biosciences,BDB,Biosciences,2200800,Research Reagents,PH220070022900,Research Core Cobalt,PH220080035750,Cobalt YG OptiBuild,PH220080041054,RY775 OptiBuild,PH220080051188,Mouse RY775 OptiBuild,759746,Rat CD4 RY775 OX-38 50ug,759746-Rat CD4 RY775 OX-38 50ug,BDB-759746, $253 , 1 ,,,
26232,BLS,BDB,Biosciences,BDB,Biosciences,2200800,Research Reagents,PH220070022900,Research Core Cobalt,PH220080035750,Cobalt YG OptiBuild,PH220080041054,RY775 OptiBuild,PH220080051188,Mouse RY775 OptiBuild,759758,Ms CD182 RY775 3F10-B3 50ug,759758-Ms CD182 RY775 3F10-B3 50ug,BDB-759758, $280 , 1 ,,,
26233,BLS,BDB,Biosciences,BDB,Biosciences,2200800,Research Reagents,PH220070022900,Research Core Cobalt,PH220080035750,Cobalt YG OptiBuild,PH220080041054,RY775 OptiBuild,PH220080051188,Mouse RY775 OptiBuild,759767,Ms FR4 RY775 12A5 50ug,759767-Ms FR4 RY775 12A5 50ug,BDB-759767, $693 , 2 ,,,
26234,BLS,BDB,Biosciences,BDB,Biosciences,2200800,Research Reagents,PH220070022900,Research Core Cobalt,PH220080035750,Cobalt YG OptiBuild,PH220080041054,RY775 OptiBuild,PH220080051188,Mouse RY775 OptiBuild,759769,Rat CD45R RY703 HIS24 50ug,759769-Rat CD45R RY703 HIS24 50ug,BDB-759769, $311 , 1 ,,,
26235,BLS,BDB,Biosciences,BDB,Biosciences,2200800,Research Reagents,PH220070022900,Research Core Cobalt,PH220080035750,Cobalt YG OptiBuild,PH220080041054,RY775 OptiBuild,PH220080051188,Mouse RY775 OptiBuild,759776,Ms FceR1Alp RY775 MAR-1 50ug,759776-Ms FceR1Alp RY775 MAR-1 50ug,BDB-759776," $2,280 ", 7 ,,,
26236,BLS,BDB,Biosciences,BDB,Biosciences,2200800,Research Reagents,PH220070022900,Research Core Cobalt,PH220080035750,Cobalt YG OptiBuild,PH220080041054,RY775 OptiBuild,PH220080051188,Mouse RY775 OptiBuild,759798,Ms CD90.2 RY775 30-H12 50ug,759798-Ms CD90.2 RY775 30-H12 50ug,BDB-759798, $362 , 1 ,,,
26237,BLS,BDB,Biosciences,BDB,Biosciences,2200800,Research Reagents,PH220070022900,Research Core Cobalt,PH220080035750,Cobalt YG OptiBuild,PH220080041054,RY775 OptiBuild,PH220080051188,Mouse RY775 OptiBuild,770018,Ms KLRG1 RY775 2F1 50ug,770018-Ms KLRG1 RY775 2F1 50ug,BDB-770018," $2,695 ", 9 ,,,
26238,BLS,BDB,Biosciences,BDB,Biosciences,2200800,Research Reagents,PH220070022900,Research Core Cobalt,PH220080035750,Cobalt YG OptiBuild,PH220080041054,RY775 OptiBuild,PH220080051188,Mouse RY775 OptiBuild,770060,Ms CD172a RY775 P84 50ug,770060-Ms CD172a RY775 P84 50ug,BDB-770060," $1,504 ", 4 ,,,
26239,BLS,BDB,Biosciences,BDB,Biosciences,2200800,Research Reagents,PH220070022900,Research Core Cobalt,PH220080035750,Cobalt YG OptiBuild,PH220080041054,RY775 OptiBuild,PH220080051188,Mouse RY775 OptiBuild,770075,Ms CD6 RY775 J90-462 50ug,770075-Ms CD6 RY775 J90-462 50ug,BDB-770075, $307 , 1 ,,,
26240,BLS,BDB,Biosciences,BDB,Biosciences,2200800,Research Reagents,PH220070022900,Research Core Cobalt,PH220080035750,Cobalt YG OptiBuild,PH220080041054,RY775 OptiBuild,PH220080051188,Mouse RY775 OptiBuild,770116,Ms CD54 RY775 YN1/1.7.4 50ug,770116-Ms CD54 RY775 YN1/1.7.4 50ug,BDB-770116," $1,001 ", 3 ,,,
26241,BLS,BDB,Biosciences,BDB,Biosciences,2200800,Research Reagents,PH220070022900,Research Core Cobalt,PH220080035750,Cobalt YG OptiBuild,PH220080041054,RY775 OptiBuild,PH220080051188,Mouse RY775 OptiBuild,770122,Ms Ly-76 RY775 TER-119 50ug,770122-Ms Ly-76 RY775 TER-119 50ug,BDB-770122, $58 , 1 ,,,
26242,BLS,BDB,Biosciences,BDB,Biosciences,2200800,Research Reagents,PH220070022900,Research Core Cobalt,PH220080035750,Cobalt YG OptiBuild,PH220080041054,RY775 OptiBuild,PH220080051188,Mouse RY775 OptiBuild,770131,Ms Ly-108 RY775 13G3 50ug,770131-Ms Ly-108 RY775 13G3 50ug,BDB-770131, $670 , 2 ,,,
26243,BLS,BDB,Biosciences,BDB,Biosciences,2200800,Research Reagents,PH220070022900,Research Core Cobalt,PH220080035750,Cobalt YG OptiBuild,PH220080041054,RY775 OptiBuild,PH220080051188,Mouse RY775 OptiBuild,770137,Rat CD90/Ms CD90.1 RY775 HIS51 50ug,770137-Rat CD90/Ms CD90.1 RY775 HIS51 50ug,BDB-770137, $517 , 2 ,,,
26244,BLS,BDB,Biosciences,BDB,Biosciences,2200800,Research Reagents,PH220070022900,Research Core Cobalt,PH220080035750,Cobalt YG OptiBuild,PH220080041054,RY775 OptiBuild,PH220080051188,Mouse RY775 OptiBuild,770169,Ms F4/80 RY775 T45-2342 50ug,770169-Ms F4/80 RY775 T45-2342 50ug,BDB-770169," $2,640 ", 9 ,,,
26245,BLS,BDB,Biosciences,BDB,Biosciences,2200800,Research Reagents,PH220070022900,Research Core Cobalt,PH220080035750,Cobalt YG OptiBuild,PH220080041054,RY775 OptiBuild,PH220080051188,Mouse RY775 OptiBuild,770317,Ms Itgrn Bta 7 Chn RY775 M293 50ug,770317-Ms Itgrn Bta 7 Chn RY775 M293 50ug,BDB-770317, $(2), -   ,,,
26246,BLS,BDB,Biosciences,BDB,Biosciences,2200800,Research Reagents,PH220070022900,Research Core Cobalt,PH220080035750,Cobalt YG OptiBuild,PH220080041054,RY775 OptiBuild,PH220080051188,Mouse RY775 OptiBuild,770336,Ms CD90.2 RY775 53-2.1 50ug,770336-Ms CD90.2 RY775 53-2.1 50ug,BDB-770336, $331 , 1 ,,,
26247,BLS,BDB,Biosciences,BDB,Biosciences,2200800,Research Reagents,PH220070022900,Research Core Cobalt,PH220080035750,Cobalt YG OptiBuild,PH220080041054,RY775 OptiBuild,PH220080051188,Mouse RY775 OptiBuild,770411,Ms CD98 RY775 RL388 50ug,770411-Ms CD98 RY775 RL388 50ug,BDB-770411, $355 , 1 ,,,
26248,BLS,BDB,Biosciences,BDB,Biosciences,2200800,Research Reagents,PH220070022900,Research Core Cobalt,PH220080035750,Cobalt YG OptiBuild,PH220080041054,RY775 OptiBuild,PH220080051188,Mouse RY775 OptiBuild,770428,Ms CD209b RY775 22D1 50ug,770428-Ms CD209b RY775 22D1 50ug,BDB-770428, $537 , 2 ,,,
26249,BLS,BDB,Biosciences,BDB,Biosciences,2200800,Research Reagents,PH220070022900,Research Core Cobalt,PH220080035750,Cobalt YG OptiBuild,PH220080041054,RY775 OptiBuild,PH220080051188,Mouse RY775 OptiBuild,770500,Ms CD16/CD32 RY775 2.4G2 50ug,770500-Ms CD16/CD32 RY775 2.4G2 50ug,BDB-770500, $327 , 2 ,,,
26250,BLS,BDB,Biosciences,BDB,Biosciences,2200800,Research Reagents,PH220070022900,Research Core Cobalt,PH220080035750,Cobalt YG OptiBuild,PH220080041054,RY775 OptiBuild,PH220080051188,Mouse RY775 OptiBuild,770516,Ms CD35 RY775 8C12 50ug,770516-Ms CD35 RY775 8C12 50ug,BDB-770516, $350 , 1 ,,,
26251,BLS,BDB,Biosciences,BDB,Biosciences,2200800,Research Reagents,PH220070022900,Research Core Cobalt,PH220080035750,Cobalt YG OptiBuild,PH220080041054,RY775 OptiBuild,PH220080051188,Mouse RY775 OptiBuild,770556,Ms CD154 RY775 MR1 50ug,770556-Ms CD154 RY775 MR1 50ug,BDB-770556," $1,704 ", 5 ,,,
26252,BLS,BDB,Biosciences,BDB,Biosciences,2200800,Research Reagents,PH220070022900,Research Core Cobalt,PH220080035750,Cobalt YG OptiBuild,PH220080041054,RY775 OptiBuild,PH220080051188,Mouse RY775 OptiBuild,770569,Ms CD103 RY775 M290 50ug,770569-Ms CD103 RY775 M290 50ug,BDB-770569, $656 , 2 ,,,
26253,BLS,BDB,Biosciences,BDB,Biosciences,2200800,Research Reagents,PH220070022900,Research Core Cobalt,PH220080035750,Cobalt YG OptiBuild,PH220080041054,RY775 OptiBuild,PH220080051188,Mouse RY775 OptiBuild,770596,Ms CD44 RY775 IM7 50ug,770596-Ms CD44 RY775 IM7 50ug,BDB-770596," $1,571 ", 5 ,,,
26254,BLS,BDB,Biosciences,BDB,Biosciences,2200800,Research Reagents,PH220070022900,Research Core Cobalt,PH220080035750,Cobalt YG OptiBuild,PH220080041054,RY775 OptiBuild,PH220080051188,Mouse RY775 OptiBuild,770609,Ms CD4 RY775 RM4-4 50ug,770609-Ms CD4 RY775 RM4-4 50ug,BDB-770609, $142 , 2 ,,,
26255,BLS,BDB,Biosciences,BDB,Biosciences,2200800,Research Reagents,PH220070022900,Research Core Cobalt,PH220080035750,Cobalt YG OptiBuild,PH220080041054,RY775 OptiBuild,PH220080051188,Mouse RY775 OptiBuild,770653,Ms CD317 RY775 927 50ug,770653-Ms CD317 RY775 927 50ug,BDB-770653, $180 , 1 ,,,
26256,BLS,BDB,Biosciences,BDB,Biosciences,2200800,Research Reagents,PH220070022900,Research Core Cobalt,PH220080035750,Cobalt YG OptiBuild,PH220080041054,RY775 OptiBuild,PH220080051188,Mouse RY775 OptiBuild,770656,Ms Ly-6A/E RY775 D7 50ug,770656-Ms Ly-6A/E RY775 D7 50ug,BDB-770656," $1,033 ", 4 ,,,
26257,BLS,BDB,Biosciences,BDB,Biosciences,2200800,Research Reagents,PH220070022900,Research Core Cobalt,PH220080035750,Cobalt YG OptiBuild,PH220080041054,RY775 OptiBuild,PH220080051188,Mouse RY775 OptiBuild,770662,Ms CD126 RY775 D7715A7 50ug,770662-Ms CD126 RY775 D7715A7 50ug,BDB-770662," $1,037 ", 4 ,,,
26258,BLS,BDB,Biosciences,BDB,Biosciences,2200800,Research Reagents,PH220070022900,Research Core Cobalt,PH220080035750,Cobalt YG OptiBuild,PH220080041054,RY775 OptiBuild,PH220080051188,Mouse RY775 OptiBuild,770665,Ms TCR VGma3 RY775 536 50ug,770665-Ms TCR VGma3 RY775 536 50ug,BDB-770665, $327 , 1 ,,,
26259,BLS,BDB,Biosciences,BDB,Biosciences,2200800,Research Reagents,PH220070022900,Research Core Cobalt,PH220080035750,Cobalt YG OptiBuild,PH220080041054,RY775 OptiBuild,PH220080051188,Mouse RY775 OptiBuild,770677,Ms CD192 RY775 475301 50ug,770677-Ms CD192 RY775 475301 50ug,BDB-770677, $360 , 2 ,,,
26260,BLS,BDB,Biosciences,BDB,Biosciences,2200800,Research Reagents,PH220070022900,Research Core Cobalt,PH220080035750,Cobalt YG OptiBuild,PH220080041054,RY775 OptiBuild,PH220080051188,Mouse RY775 OptiBuild,770692,Ms CD62L RY775 MEL-14 50ug,770692-Ms CD62L RY775 MEL-14 50ug,BDB-770692," $3,374 ", 11 ,,,
26261,BLS,BDB,Biosciences,BDB,Biosciences,2200800,Research Reagents,PH220070022900,Research Core Cobalt,PH220080035750,Cobalt YG OptiBuild,PH220080041054,RY775 OptiBuild,PH220080051188,Mouse RY775 OptiBuild,770741,Ms IgG2b RY775 R12-3 50ug,770741-Ms IgG2b RY775 R12-3 50ug,BDB-770741, $299 , 1 ,,,
26262,BLS,BDB,Biosciences,BDB,Biosciences,2200800,Research Reagents,PH220070022900,Research Core Cobalt,PH220080035750,Cobalt YG OptiBuild,PH220080041054,RY775 OptiBuild,PH220080051188,Mouse RY775 OptiBuild,770747,Ms CD45 RY775 I3/2.3 50ug,770747-Ms CD45 RY775 I3/2.3 50ug,BDB-770747," $2,351 ", 8 ,,,
26263,BLS,BDB,Biosciences,BDB,Biosciences,2200800,Research Reagents,PH220070022900,Research Core Cobalt,PH220080035750,Cobalt YG OptiBuild,PH220080041054,RY775 OptiBuild,PH220080051188,Mouse RY775 OptiBuild,770766,Ms CD192 RY775 C2MAB-6.RMAB 50ug,770766-Ms CD192 RY775 C2MAB-6.RMAB 50ug,BDB-770766, $303 , 1 ,,,
26264,BLS,BDB,Biosciences,BDB,Biosciences,2200800,Research Reagents,PH220070022900,Research Core Cobalt,PH220080035750,Cobalt YG OptiBuild,PH220080041054,RY775 OptiBuild,PH220080051188,Mouse RY775 OptiBuild,770816,Ms CD86 RY775 GL1 50ug,770816-Ms CD86 RY775 GL1 50ug,BDB-770816," $2,371 ", 9 ,,,
26265,BLS,BDB,Biosciences,BDB,Biosciences,2200800,Research Reagents,PH220070022900,Research Core Cobalt,PH220080035750,Cobalt YG OptiBuild,PH220080041054,RY775 OptiBuild,PH220080051188,Mouse RY775 OptiBuild,770819,Ms TCR Bta RY775 H57-597 50ug,770819-Ms TCR Bta RY775 H57-597 50ug,BDB-770819, $565 , 2 ,,,
26266,BLS,BDB,Biosciences,BDB,Biosciences,2200800,Research Reagents,PH220070022900,Research Core Cobalt,PH220080035750,Cobalt YG OptiBuild,PH220080041054,RY775 OptiBuild,PH220080051188,Mouse RY775 OptiBuild,770825,Ms CD273 RY775 TY25 50ug,770825-Ms CD273 RY775 TY25 50ug,BDB-770825, $176 , 1 ,,,
26267,BLS,BDB,Biosciences,BDB,Biosciences,2200800,Research Reagents,PH220070022900,Research Core Cobalt,PH220080035750,Cobalt YG OptiBuild,PH220080041054,RY775 OptiBuild,PH220080051188,Mouse RY775 OptiBuild,770829,Ms CD324 RY775 DECMA-1 50ug,770829-Ms CD324 RY775 DECMA-1 50ug,BDB-770829, $325 , 1 ,,,
26268,BLS,BDB,Biosciences,BDB,Biosciences,2200800,Research Reagents,PH220070022900,Research Core Cobalt,PH220080035750,Cobalt YG OptiBuild,PH220080041054,RY775 OptiBuild,PH220080051188,Mouse RY775 OptiBuild,770864,Ms CD21/CD35 RY775 7E9 50ug,770864-Ms CD21/CD35 RY775 7E9 50ug,BDB-770864, $88 , 1 ,,,
26269,BLS,BDB,Biosciences,BDB,Biosciences,2200800,Research Reagents,PH220070022900,Research Core Cobalt,PH220080035750,Cobalt YG OptiBuild,PH220080041054,RY775 OptiBuild,PH220080051188,Mouse RY775 OptiBuild,770867,Ms CD11a RY775 M17/4 50ug,770867-Ms CD11a RY775 M17/4 50ug,BDB-770867, $258 , 1 ,,,
26270,BLS,BDB,Biosciences,BDB,Biosciences,2200800,Research Reagents,PH220070022900,Research Core Cobalt,PH220080035750,Cobalt YG OptiBuild,PH220080041054,RY775 OptiBuild,PH220080051188,Mouse RY775 OptiBuild,770893,Ms CD103 RY775 2E7 50ug,770893-Ms CD103 RY775 2E7 50ug,BDB-770893," $1,206 ", 4 ,,,
26271,BLS,BDB,Biosciences,BDB,Biosciences,2200800,Research Reagents,PH220070022900,Research Core Cobalt,PH220080035750,Cobalt YG OptiBuild,PH220080041054,RY775 OptiBuild,PH220080051188,Mouse RY775 OptiBuild,770905,Ms TCR VBta8.1/ 8.2 RY775 KJ16-133 50ug,770905-Ms TCR VBta8.1/ 8.2 RY775 KJ16-133 50ug,BDB-770905, $307 , 1 ,,,
26272,BLS,BDB,Biosciences,BDB,Biosciences,2200800,Research Reagents,PH220070022900,Research Core Cobalt,PH220080035750,Cobalt YG OptiBuild,PH220080041054,RY775 OptiBuild,PH220080051188,Mouse RY775 OptiBuild,770925,Ms CD3 RY775 17A2 50ug,770925-Ms CD3 RY775 17A2 50ug,BDB-770925," $4,092 ", 13 ,,,
26273,BLS,BDB,Biosciences,BDB,Biosciences,2200800,Research Reagents,PH220070022900,Research Core Cobalt,PH220080035750,Cobalt YG OptiBuild,PH220080041054,RY775 OptiBuild,PH220080051188,Mouse RY775 OptiBuild,771002,Ms CD14 RY775 SA14-2 50ug,771002-Ms CD14 RY775 SA14-2 50ug,BDB-771002, $350 , 1 ,,,
26274,BLS,BDB,Biosciences,BDB,Biosciences,2200800,Research Reagents,PH220070022900,Research Core Cobalt,PH220080035750,Cobalt YG OptiBuild,PH220080041054,RY775 OptiBuild,PH220080051188,Mouse RY775 OptiBuild,771049,Ms CD11c RY775 HL3 50ug,771049-Ms CD11c RY775 HL3 50ug,BDB-771049, $976 , 5 ,,,
26275,BLS,BDB,Biosciences,BDB,Biosciences,2200800,Research Reagents,PH220070022900,Research Core Cobalt,PH220080035750,Cobalt YG OptiBuild,PH220080041054,RY775 OptiBuild,PH220080051188,Mouse RY775 OptiBuild,771060,Ms TCR VGma7 RY775 F2.67 50ug,771060-Ms TCR VGma7 RY775 F2.67 50ug,BDB-771060, $545 , 2 ,,,
26276,BLS,BDB,Biosciences,BDB,Biosciences,2200800,Research Reagents,PH220070022900,Research Core Cobalt,PH220080035750,Cobalt YG OptiBuild,PH220080041054,RY775 OptiBuild,PH220080051188,Mouse RY775 OptiBuild,771075,Ms Siglec-H RY775 440C 50ug,771075-Ms Siglec-H RY775 440C 50ug,BDB-771075, $350 , 1 ,,,
26277,BLS,BDB,Biosciences,BDB,Biosciences,2200800,Research Reagents,PH220070022900,Research Core Cobalt,PH220080035750,Cobalt YG OptiBuild,PH220080041054,RY775 OptiBuild,PH220080051188,Mouse RY775 OptiBuild,771104,Ms CD31 RY775 390 50ug,771104-Ms CD31 RY775 390 50ug,BDB-771104," $1,032 ", 6 ,,,
26278,BLS,BDB,Biosciences,BDB,Biosciences,2200800,Research Reagents,PH220070022900,Research Core Cobalt,PH220080035750,Cobalt YG OptiBuild,PH220080041054,RY775 OptiBuild,PH220080051188,Mouse RY775 OptiBuild,771107,Ms CD93 RY775 AA4.1 50ug,771107-Ms CD93 RY775 AA4.1 50ug,BDB-771107, $847 , 3 ,,,
26279,BLS,BDB,Biosciences,BDB,Biosciences,2200800,Research Reagents,PH220070022900,Research Core Cobalt,PH220080035750,Cobalt YG OptiBuild,PH220080041054,RY775 OptiBuild,PH220080051188,Mouse RY775 OptiBuild,771127,Ms CD184 RY775 2B11/CXCR4 50ug,771127-Ms CD184 RY775 2B11/CXCR4 50ug,BDB-771127, $306 , 1 ,,,
26280,BLS,BDB,Biosciences,BDB,Biosciences,2200800,Research Reagents,PH220070022900,Research Core Cobalt,PH220080035750,Cobalt YG OptiBuild,PH220080041054,RY775 OptiBuild,PH220080051188,Mouse RY775 OptiBuild,771133,Ms CD279 RY775 RMP1-30 50ug,771133-Ms CD279 RY775 RMP1-30 50ug,BDB-771133," $2,288 ", 8 ,,,
26281,BLS,BDB,Biosciences,BDB,Biosciences,2200800,Research Reagents,PH220070022900,Research Core Cobalt,PH220080035750,Cobalt YG OptiBuild,PH220080041054,RY775 OptiBuild,PH220080051188,Mouse RY775 OptiBuild,771168,Ms Ly-6C RY775 HK1.4.RMAB 50ug,771168-Ms Ly-6C RY775 HK1.4.RMAB 50ug,BDB-771168," $1,335 ", 7 ,,,
26282,BLS,BDB,Biosciences,BDB,Biosciences,2200800,Research Reagents,PH220070022900,Research Core Cobalt,PH220080035750,Cobalt YG OptiBuild,PH220080041054,RY775 OptiBuild,PH220080051188,Mouse RY775 OptiBuild,771177,Ms TCR VBta 5.1 5.2 RY775 MR9-4 50ug,771177-Ms TCR VBta 5.1 5.2 RY775 MR9-4 50ug,BDB-771177, $601 , 2 ,,,
26283,BLS,BDB,Biosciences,BDB,Biosciences,2200800,Research Reagents,PH220070022900,Research Core Cobalt,PH220080035750,Cobalt YG OptiBuild,PH220080041054,RY775 OptiBuild,PH220080051188,Mouse RY775 OptiBuild,771227,Ms CD16/CD32 RY775 AB93 50ug,771227-Ms CD16/CD32 RY775 AB93 50ug,BDB-771227, $325 , 1 ,,,
26284,BLS,BDB,Biosciences,BDB,Biosciences,2200800,Research Reagents,PH220070022900,Research Core Cobalt,PH220080035750,Cobalt YG OptiBuild,PH220080041054,RY775 OptiBuild,PH220080051188,Mouse RY775 OptiBuild,771252,Ms CD86 RY775 PO3 50ug,771252-Ms CD86 RY775 PO3 50ug,BDB-771252, $98 , 2 ,,,
26285,BLS,BDB,Biosciences,BDB,Biosciences,2200800,Research Reagents,PH220070022900,Research Core Cobalt,PH220080035750,Cobalt YG OptiBuild,PH220080041054,RY775 OptiBuild,PH220080051188,Mouse RY775 OptiBuild,771273,Ms I-A/I-E RY775 M5/114.15.2 50ug,771273-Ms I-A/I-E RY775 M5/114.15.2 50ug,BDB-771273," $1,229 ", 5 ,,,
26286,BLS,BDB,Biosciences,BDB,Biosciences,2200800,Research Reagents,PH220070022900,Research Core Cobalt,PH220080035750,Cobalt YG OptiBuild,PH220080041054,RY775 OptiBuild,PH220080051188,Mouse RY775 OptiBuild,771282,Ms H-2 Class I RY775 M1/42 50ug,771282-Ms H-2 Class I RY775 M1/42 50ug,BDB-771282, $299 , 1 ,,,
26287,BLS,BDB,Biosciences,BDB,Biosciences,2200800,Research Reagents,PH220070022900,Research Core Cobalt,PH220080035750,Cobalt YG OptiBuild,PH220080041054,RY775 OptiBuild,PH220080051188,Mouse RY775 OptiBuild,771341,Ms CD106 RY775 429 (MVCAM.A) 50ug,771341-Ms CD106 RY775 429 (MVCAM.A) 50ug,BDB-771341," $1,323 ", 4 ,,,
26288,BLS,BDB,Biosciences,BDB,Biosciences,2200800,Research Reagents,PH220070022900,Research Core Cobalt,PH220080035750,Cobalt YG OptiBuild,PH220080041054,RY775 OptiBuild,PH220080051188,Mouse RY775 OptiBuild,771350,Ms TCR GmaDta RY775 GL3 50ug,771350-Ms TCR GmaDta RY775 GL3 50ug,BDB-771350," $1,894 ", 6 ,,,
26289,BLS,BDB,Biosciences,BDB,Biosciences,2200800,Research Reagents,PH220070022900,Research Core Cobalt,PH220080035750,Cobalt YG OptiBuild,PH220080041054,RY775 OptiBuild,PH220080051188,Mouse RY775 OptiBuild,771365,Ms CD185 RY775 2G8 50ug,771365-Ms CD185 RY775 2G8 50ug,BDB-771365, $690 , 2 ,,,
26290,BLS,BDB,Biosciences,BDB,Biosciences,2200800,Research Reagents,PH220070022900,Research Core Cobalt,PH220080035750,Cobalt YG OptiBuild,PH220080041054,RY775 OptiBuild,PH220080051188,Mouse RY775 OptiBuild,771413,Ms CD23 RY775 B3B4 50ug,771413-Ms CD23 RY775 B3B4 50ug,BDB-771413, $58 , 1 ,,,
26291,BLS,BDB,Biosciences,BDB,Biosciences,2200800,Research Reagents,PH220070022900,Research Core Cobalt,PH220080035750,Cobalt YG OptiBuild,PH220080041054,RY775 OptiBuild,PH220080051188,Mouse RY775 OptiBuild,771438,Rat CD45 RY775 OX-1 50ug,771438-Rat CD45 RY775 OX-1 50ug,BDB-771438, $243 , 1 ,,,
26292,BLS,BDB,Biosciences,BDB,Biosciences,2200800,Research Reagents,PH220070022900,Research Core Cobalt,PH220080035750,Cobalt YG OptiBuild,PH220080041054,RY775 OptiBuild,PH220080051188,Mouse RY775 OptiBuild,771450,Ms CD49b RY775 HMA2 50ug,771450-Ms CD49b RY775 HMA2 50ug,BDB-771450, $345 , 1 ,,,
26293,BLS,BDB,Biosciences,BDB,Biosciences,2200800,Research Reagents,PH220070022900,Research Core Cobalt,PH220080035750,Cobalt YG OptiBuild,PH220080041054,RY775 OptiBuild,PH220080051188,Mouse RY775 OptiBuild,771456,Ms I-A/I-E RY775 2G9 50ug,771456-Ms I-A/I-E RY775 2G9 50ug,BDB-771456, $728 , 5 ,,,
26294,BLS,BDB,Biosciences,BDB,Biosciences,2200800,Research Reagents,PH220070022900,Research Core Cobalt,PH220080035750,Cobalt YG OptiBuild,PH220080041054,RY775 OptiBuild,PH220080051188,Mouse RY775 OptiBuild,771465,Ms CD54 RY775 3E2 50ug,771465-Ms CD54 RY775 3E2 50ug,BDB-771465, $461 , 1 ,,,
26295,BLS,BDB,Biosciences,BDB,Biosciences,2200800,Research Reagents,PH220070022900,Research Core Cobalt,PH220080035750,Cobalt YG OptiBuild,PH220080041054,RY775 OptiBuild,PH220080051188,Mouse RY775 OptiBuild,771468,Ms CD80 RY775 16-10A1 50ug,771468-Ms CD80 RY775 16-10A1 50ug,BDB-771468," $1,922 ", 7 ,,,
26296,BLS,BDB,Biosciences,BDB,Biosciences,2200800,Research Reagents,PH220070022900,Research Core Cobalt,PH220080035750,Cobalt YG OptiBuild,PH220080041054,RY775 OptiBuild,PH220080051188,Mouse RY775 OptiBuild,771477,Ms TCR VBta8 RY775 F23.1 50ug,771477-Ms TCR VBta8 RY775 F23.1 50ug,BDB-771477, $954 , 3 ,,,
26297,BLS,BDB,Biosciences,BDB,Biosciences,2200800,Research Reagents,PH220070022900,Research Core Cobalt,PH220080035750,Cobalt YG OptiBuild,PH220080041054,RY775 OptiBuild,PH220080051188,Mouse RY775 OptiBuild,771480,Ms CD5 RY775 53-7.3 50ug,771480-Ms CD5 RY775 53-7.3 50ug,BDB-771480, $313 , 1 ,,,
26298,BLS,BDB,Biosciences,BDB,Biosciences,2200800,Research Reagents,PH220070022900,Research Core Cobalt,PH220080035750,Cobalt YG OptiBuild,PH220080041054,RY775 OptiBuild,PH220080051188,Mouse RY775 OptiBuild,771511,Ms CD45.1 RY775 A20 50ug,771511-Ms CD45.1 RY775 A20 50ug,BDB-771511, $271 , 1 ,,,
26299,BLS,BDB,Biosciences,BDB,Biosciences,2200800,Research Reagents,PH220070022900,Research Core Cobalt,PH220080035750,Cobalt YG OptiBuild,PH220080041054,RY775 OptiBuild,PH220080051188,Mouse RY775 OptiBuild,771523,Ms CD115 RY775 AFS98 50ug,771523-Ms CD115 RY775 AFS98 50ug,BDB-771523," $1,094 ", 4 ,,,
26300,BLS,BDB,Biosciences,BDB,Biosciences,2200800,Research Reagents,PH220070022900,Research Core Cobalt,PH220080035750,Cobalt YG OptiBuild,PH220080041054,RY775 OptiBuild,PH220080051188,Mouse RY775 OptiBuild,771552,Ms CD335 RY775 29A1.4 50ug,771552-Ms CD335 RY775 29A1.4 50ug,BDB-771552," $1,297 ", 4 ,,,
26301,BLS,BDB,Biosciences,BDB,Biosciences,2200800,Research Reagents,PH220070022900,Research Core Cobalt,PH220080035750,Cobalt YG OptiBuild,PH220080041054,RY775 OptiBuild,PH220080051188,Mouse RY775 OptiBuild,771635,Ms CRIg RY775 17C9 50ug,771635-Ms CRIg RY775 17C9 50ug,BDB-771635, $361 , 1 ,,,
26302,BLS,BDB,Biosciences,BDB,Biosciences,2200800,Research Reagents,PH220070022900,Research Core Cobalt,PH220080035750,Cobalt YG OptiBuild,PH220080041054,RY775 OptiBuild,PH220080051188,Mouse RY775 OptiBuild,771652,Ms CD38 RY775 90/CD38 50ug,771652-Ms CD38 RY775 90/CD38 50ug,BDB-771652, $883 , 3 ,,,
26303,BLS,BDB,Biosciences,BDB,Biosciences,2200800,Research Reagents,PH220070022900,Research Core Cobalt,PH220080035750,Cobalt YG OptiBuild,PH220080041054,RY775 OptiBuild,PH220080051188,Mouse RY775 OptiBuild,771658,Ms IgM RY775 II/41 50ug,771658-Ms IgM RY775 II/41 50ug,BDB-771658, $736 , 4 ,,,
26304,BLS,BDB,Biosciences,BDB,Biosciences,2200800,Research Reagents,PH220070022900,Research Core Cobalt,PH220080035750,Cobalt YG OptiBuild,PH220080041054,RY775 OptiBuild,PH220080051188,Mouse RY775 OptiBuild,771694,Ms CD71 RY775 C2 50ug,771694-Ms CD71 RY775 C2 50ug,BDB-771694, $72 , 1 ,,,
26305,BLS,BDB,Biosciences,BDB,Biosciences,2200800,Research Reagents,PH220070022900,Research Core Cobalt,PH220080035750,Cobalt YG OptiBuild,PH220080041054,RY775 OptiBuild,PH220080051188,Mouse RY775 OptiBuild,771697,Ms C1q RY775 RMC7H8 50ug,771697-Ms C1q RY775 RMC7H8 50ug,BDB-771697, $520 , 2 ,,,
26306,BLS,BDB,Biosciences,BDB,Biosciences,2200800,Research Reagents,PH220070022900,Research Core Cobalt,PH220080035750,Cobalt YG OptiBuild,PH220080041054,RY775 OptiBuild,PH220080051188,Mouse RY775 OptiBuild,771716,Ms CD31 RY775 MEC 13.3 50ug,771716-Ms CD31 RY775 MEC 13.3 50ug,BDB-771716, $603 , 2 ,,,
26307,BLS,BDB,Biosciences,BDB,Biosciences,2200800,Research Reagents,PH220070022900,Research Core Cobalt,PH220080035750,Cobalt YG OptiBuild,PH220080041054,RY775 OptiBuild,PH220080051188,Mouse RY775 OptiBuild,771776,Ms CD24 RY775 M1/69 50ug,771776-Ms CD24 RY775 M1/69 50ug,BDB-771776, $68 , 1 ,,,
26308,BLS,BDB,Biosciences,BDB,Biosciences,2200800,Research Reagents,PH220070022900,Research Core Cobalt,PH220080035750,Cobalt YG OptiBuild,PH220080041054,RY775 OptiBuild,PH220080051188,Mouse RY775 OptiBuild,771789,Ms Ly-6G/Ly-6C RY775 RB6-8C5 50ug,771789-Ms Ly-6G/Ly-6C RY775 RB6-8C5 50ug,BDB-771789, $66 , 1 ,,,
26309,BLS,BDB,Biosciences,BDB,Biosciences,2200800,Research Reagents,PH220070022900,Research Core Cobalt,PH220080035750,Cobalt YG OptiBuild,PH220080041054,RY775 OptiBuild,PH220080051188,Mouse RY775 OptiBuild,771805,Ms CD124 RY775 MIL4R-M1 50ug,771805-Ms CD124 RY775 MIL4R-M1 50ug,BDB-771805, $372 , 1 ,,,
26310,BLS,BDB,Biosciences,BDB,Biosciences,2200800,Research Reagents,PH220070022900,Research Core Cobalt,PH220080035750,Cobalt YG OptiBuild,PH220080041054,RY775 OptiBuild,PH220080051188,Mouse RY775 OptiBuild,771814,Ms Ly-6G RY775 1A8 50ug,771814-Ms Ly-6G RY775 1A8 50ug,BDB-771814," $1,553 ", 6 ,,,
26311,BLS,BDB,Biosciences,BDB,Biosciences,2200800,Research Reagents,PH220070022900,Research Core Cobalt,PH220080035750,Cobalt YG OptiBuild,PH220080041054,RY775 OptiBuild,PH220080051188,Mouse RY775 OptiBuild,771852,Ms CD49d RY775 R1-2 50ug,771852-Ms CD49d RY775 R1-2 50ug,BDB-771852, $258 , 1 ,,,
26312,BLS,BDB,Biosciences,BDB,Biosciences,2200800,Research Reagents,PH220070022900,Research Core Cobalt,PH220080035750,Cobalt YG OptiBuild,PH220080041054,RY775 OptiBuild,PH220080051188,Mouse RY775 OptiBuild,771854,Ms CD19 RY775 1D3 50ug,771854-Ms CD19 RY775 1D3 50ug,BDB-771854, $210 , 1 ,,,
26313,BLS,BDB,Biosciences,BDB,Biosciences,2200800,Research Reagents,PH220070022900,Research Core Cobalt,PH220080035750,Cobalt YG OptiBuild,PH220080041054,RY775 OptiBuild,PH220080051188,Mouse RY775 OptiBuild,771896,Ms Ly-6A/E RY775 E13-161.7 50ug,771896-Ms Ly-6A/E RY775 E13-161.7 50ug,BDB-771896, $911 , 4 ,,,
26314,BLS,BDB,Biosciences,BDB,Biosciences,2200800,Research Reagents,PH220070022900,Research Core Cobalt,PH220080035750,Cobalt YG OptiBuild,PH220080041054,RY775 OptiBuild,PH220080051188,Mouse RY775 OptiBuild,771942,Ms IgE RY775 R35-72 50ug,771942-Ms IgE RY775 R35-72 50ug,BDB-771942, $339 , 1 ,,,
26315,BLS,BDB,Biosciences,BDB,Biosciences,2200800,Research Reagents,PH220070022900,Research Core Cobalt,PH220080035750,Cobalt YG OptiBuild,PH220080041054,RY775 OptiBuild,PH220080051188,Mouse RY775 OptiBuild,771951,Ms CD223 RY775 C9B7W 50ug,771951-Ms CD223 RY775 C9B7W 50ug,BDB-771951," $1,567 ", 7 ,,,
26316,BLS,BDB,Biosciences,BDB,Biosciences,2200800,Research Reagents,PH220070022900,Research Core Cobalt,PH220080035750,Cobalt YG OptiBuild,PH220080041054,RY775 OptiBuild,PH220080051188,Mouse RY775 OptiBuild,771966,Ms CD366 RY775 RMT3-23 50ug,771966-Ms CD366 RY775 RMT3-23 50ug,BDB-771966," $1,438 ", 5 ,,,
26317,BLS,BDB,Biosciences,BDB,Biosciences,2200800,Research Reagents,PH220070022900,Research Core Cobalt,PH220080035750,Cobalt YG OptiBuild,PH220080041054,RY775 OptiBuild,PH220080051188,Mouse RY775 OptiBuild,772001,Ms CD274 RY775 MIH5 50ug,772001-Ms CD274 RY775 MIH5 50ug,BDB-772001, $559 , 3 ,,,
26318,BLS,BDB,Biosciences,BDB,Biosciences,2200800,Research Reagents,PH220070022900,Research Core Cobalt,PH220080035750,Cobalt YG OptiBuild,PH220080041054,RY775 OptiBuild,PH220080051188,Mouse RY775 OptiBuild,772008,Ms CD182 RY775 V48-2310 50ug,772008-Ms CD182 RY775 V48-2310 50ug,BDB-772008, $316 , 1 ,,,
26319,BLS,BDB,Biosciences,BDB,Biosciences,2200800,Research Reagents,PH220070022900,Research Core Cobalt,PH220080035750,Cobalt YG OptiBuild,PH220080041054,RY775 OptiBuild,PH220080051188,Mouse RY775 OptiBuild,772011,Ms CD49d RY775 9C10(MFR4.B) 50ug,772011-Ms CD49d RY775 9C10(MFR4.B) 50ug,BDB-772011, $390 , 1 ,,,
26320,BLS,BDB,Biosciences,BDB,Biosciences,2200800,Research Reagents,PH220070022900,Research Core Cobalt,PH220080035750,Cobalt YG OptiBuild,PH220080041054,RY775 OptiBuild,PH220080051188,Mouse RY775 OptiBuild,772034,Ms CD279 RY775 J43 50ug,772034-Ms CD279 RY775 J43 50ug,BDB-772034, $446 , 2 ,,,
26321,BLS,BDB,Biosciences,BDB,Biosciences,2200800,Research Reagents,PH220070022900,Research Core Cobalt,PH220080035750,Cobalt YG OptiBuild,PH220080041054,RY775 OptiBuild,PH220080051188,Mouse RY775 OptiBuild,772076,Ms CD183 RY775 CXCR3-173 50ug,772076-Ms CD183 RY775 CXCR3-173 50ug,BDB-772076, $940 , 3 ,,,
26322,BLS,BDB,Biosciences,BDB,Biosciences,2200800,Research Reagents,PH220070022900,Research Core Cobalt,PH220080035750,Cobalt YG OptiBuild,PH220080041054,RY775 OptiBuild,PH220080051188,Mouse RY775 OptiBuild,772092,Ms CD122 RY775 TM-BETA 1 50ug,772092-Ms CD122 RY775 TM-BETA 1 50ug,BDB-772092, $322 , 1 ,,,
26323,BLS,BDB,Biosciences,BDB,Biosciences,2200800,Research Reagents,PH220070022900,Research Core Cobalt,PH220080035750,Cobalt YG OptiBuild,PH220080041054,RY775 OptiBuild,PH220080051189,Human RY775 OptiBuild,759786,Hu CD28 RY775 L293 50ug,759786-Hu CD28 RY775 L293 50ug,BDB-759786, $432 , 1 ,,,
26324,BLS,BDB,Biosciences,BDB,Biosciences,2200800,Research Reagents,PH220070022900,Research Core Cobalt,PH220080035750,Cobalt YG OptiBuild,PH220080041054,RY775 OptiBuild,PH220080051189,Human RY775 OptiBuild,770037,Hu IgD RY775 IA6-2 50ug,770037-Hu IgD RY775 IA6-2 50ug,BDB-770037," $2,817 ", 10 ,,,
26325,BLS,BDB,Biosciences,BDB,Biosciences,2200800,Research Reagents,PH220070022900,Research Core Cobalt,PH220080035750,Cobalt YG OptiBuild,PH220080041054,RY775 OptiBuild,PH220080051189,Human RY775 OptiBuild,770066,Hu CD158b RY775 CH-L 50ug,770066-Hu CD158b RY775 CH-L 50ug,BDB-770066, $293 , 1 ,,,
26326,BLS,BDB,Biosciences,BDB,Biosciences,2200800,Research Reagents,PH220070022900,Research Core Cobalt,PH220080035750,Cobalt YG OptiBuild,PH220080041054,RY775 OptiBuild,PH220080051189,Human RY775 OptiBuild,770069,Hu CD124 RY775 HIL4R-M57 50ug,770069-Hu CD124 RY775 HIL4R-M57 50ug,BDB-770069," $1,161 ", 3 ,,,
26327,BLS,BDB,Biosciences,BDB,Biosciences,2200800,Research Reagents,PH220070022900,Research Core Cobalt,PH220080035750,Cobalt YG OptiBuild,PH220080041054,RY775 OptiBuild,PH220080051189,Human RY775 OptiBuild,770072,Hu CD163 RY775 GHI/61 50ug,770072-Hu CD163 RY775 GHI/61 50ug,BDB-770072, $700 , 2 ,,,
26328,BLS,BDB,Biosciences,BDB,Biosciences,2200800,Research Reagents,PH220070022900,Research Core Cobalt,PH220080035750,Cobalt YG OptiBuild,PH220080041054,RY775 OptiBuild,PH220080051189,Human RY775 OptiBuild,770096,Hu CD178 RY775 NOK-1 50ug,770096-Hu CD178 RY775 NOK-1 50ug,BDB-770096, $293 , 1 ,,,
26329,BLS,BDB,Biosciences,BDB,Biosciences,2200800,Research Reagents,PH220070022900,Research Core Cobalt,PH220080035750,Cobalt YG OptiBuild,PH220080041054,RY775 OptiBuild,PH220080051189,Human RY775 OptiBuild,770104,Hu TCR Gma Dta RY775 B1 50ug,770104-Hu TCR Gma Dta RY775 B1 50ug,BDB-770104, $822 , 2 ,,,
26330,BLS,BDB,Biosciences,BDB,Biosciences,2200800,Research Reagents,PH220070022900,Research Core Cobalt,PH220080035750,Cobalt YG OptiBuild,PH220080041054,RY775 OptiBuild,PH220080051189,Human RY775 OptiBuild,770119,Hu CD103 RY775 BER-ACT8 50ug,770119-Hu CD103 RY775 BER-ACT8 50ug,BDB-770119," $3,970 ", 10 ,,,
26331,BLS,BDB,Biosciences,BDB,Biosciences,2200800,Research Reagents,PH220070022900,Research Core Cobalt,PH220080035750,Cobalt YG OptiBuild,PH220080041054,RY775 OptiBuild,PH220080051189,Human RY775 OptiBuild,770166,Hu CD98 RY775 UM7F8 50ug,770166-Hu CD98 RY775 UM7F8 50ug,BDB-770166, $903 , 3 ,,,
26332,BLS,BDB,Biosciences,BDB,Biosciences,2200800,Research Reagents,PH220070022900,Research Core Cobalt,PH220080035750,Cobalt YG OptiBuild,PH220080041054,RY775 OptiBuild,PH220080051189,Human RY775 OptiBuild,770186,Hu CD325 RY775 8C11 50ug,770186-Hu CD325 RY775 8C11 50ug,BDB-770186, $359 , 1 ,,,
26333,BLS,BDB,Biosciences,BDB,Biosciences,2200800,Research Reagents,PH220070022900,Research Core Cobalt,PH220080035750,Cobalt YG OptiBuild,PH220080041054,RY775 OptiBuild,PH220080051189,Human RY775 OptiBuild,770192,Hu CD62L RY775 DREG-56 50ug,770192-Hu CD62L RY775 DREG-56 50ug,BDB-770192," $1,124 ", 3 ,,,
26334,BLS,BDB,Biosciences,BDB,Biosciences,2200800,Research Reagents,PH220070022900,Research Core Cobalt,PH220080035750,Cobalt YG OptiBuild,PH220080041054,RY775 OptiBuild,PH220080051189,Human RY775 OptiBuild,770204,Hu CD43 RY775 1G10 50ug,770204-Hu CD43 RY775 1G10 50ug,BDB-770204, $862 , 2 ,,,
26335,BLS,BDB,Biosciences,BDB,Biosciences,2200800,Research Reagents,PH220070022900,Research Core Cobalt,PH220080035750,Cobalt YG OptiBuild,PH220080041054,RY775 OptiBuild,PH220080051189,Human RY775 OptiBuild,770210,Hu CD205 RY775 MMRI-7 50ug,770210-Hu CD205 RY775 MMRI-7 50ug,BDB-770210, $267 , 1 ,,,
26336,BLS,BDB,Biosciences,BDB,Biosciences,2200800,Research Reagents,PH220070022900,Research Core Cobalt,PH220080035750,Cobalt YG OptiBuild,PH220080041054,RY775 OptiBuild,PH220080051189,Human RY775 OptiBuild,770217,Hu Trop-2 RY775 162-46 50ug,770217-Hu Trop-2 RY775 162-46 50ug,BDB-770217," $1,016 ", 3 ,,,
26337,BLS,BDB,Biosciences,BDB,Biosciences,2200800,Research Reagents,PH220070022900,Research Core Cobalt,PH220080035750,Cobalt YG OptiBuild,PH220080041054,RY775 OptiBuild,PH220080051189,Human RY775 OptiBuild,770223,Hu CD134 RY775 L106 50ug,770223-Hu CD134 RY775 L106 50ug,BDB-770223, $-   , 1 ,,,
26338,BLS,BDB,Biosciences,BDB,Biosciences,2200800,Research Reagents,PH220070022900,Research Core Cobalt,PH220080035750,Cobalt YG OptiBuild,PH220080041054,RY775 OptiBuild,PH220080051189,Human RY775 OptiBuild,770232,Hu CD54 RY775 LB-2 50ug,770232-Hu CD54 RY775 LB-2 50ug,BDB-770232," $1,134 ", 3 ,,,
26339,BLS,BDB,Biosciences,BDB,Biosciences,2200800,Research Reagents,PH220070022900,Research Core Cobalt,PH220080035750,Cobalt YG OptiBuild,PH220080041054,RY775 OptiBuild,PH220080051189,Human RY775 OptiBuild,770235,Hu TCR AlpBta RY775 IP26 50ug,770235-Hu TCR AlpBta RY775 IP26 50ug,BDB-770235, $428 , 1 ,,,
26340,BLS,BDB,Biosciences,BDB,Biosciences,2200800,Research Reagents,PH220070022900,Research Core Cobalt,PH220080035750,Cobalt YG OptiBuild,PH220080041054,RY775 OptiBuild,PH220080051189,Human RY775 OptiBuild,770239,Hu CD123 RY775 6H6 50ug,770239-Hu CD123 RY775 6H6 50ug,BDB-770239," $1,499 ", 4 ,,,
26341,BLS,BDB,Biosciences,BDB,Biosciences,2200800,Research Reagents,PH220070022900,Research Core Cobalt,PH220080035750,Cobalt YG OptiBuild,PH220080041054,RY775 OptiBuild,PH220080051189,Human RY775 OptiBuild,770248,Hu CD133 RY775 W6B3C1 50ug,770248-Hu CD133 RY775 W6B3C1 50ug,BDB-770248, $327 , 1 ,,,
26343,BLS,BDB,Biosciences,BDB,Biosciences,2200800,Research Reagents,PH220070022900,Research Core Cobalt,PH220080035750,Cobalt YG OptiBuild,PH220080041054,RY775 OptiBuild,PH220080051189,Human RY775 OptiBuild,770270,Hu CD137L RY775 C65-485 50ug,770270-Hu CD137L RY775 C65-485 50ug,BDB-770270," $4,722 ", 12 ,,,
26344,BLS,BDB,Biosciences,BDB,Biosciences,2200800,Research Reagents,PH220070022900,Research Core Cobalt,PH220080035750,Cobalt YG OptiBuild,PH220080041054,RY775 OptiBuild,PH220080051189,Human RY775 OptiBuild,770279,Hu CD326 RY775 KS1/4 50ug,770279-Hu CD326 RY775 KS1/4 50ug,BDB-770279, $287 , 2 ,,,
26345,BLS,BDB,Biosciences,BDB,Biosciences,2200800,Research Reagents,PH220070022900,Research Core Cobalt,PH220080035750,Cobalt YG OptiBuild,PH220080041054,RY775 OptiBuild,PH220080051189,Human RY775 OptiBuild,770293,Hu HLA-DR4 RY775 NFLD.D1 50ug,770293-Hu HLA-DR4 RY775 NFLD.D1 50ug,BDB-770293, $390 , 1 ,,,
26346,BLS,BDB,Biosciences,BDB,Biosciences,2200800,Research Reagents,PH220070022900,Research Core Cobalt,PH220080035750,Cobalt YG OptiBuild,PH220080041054,RY775 OptiBuild,PH220080051189,Human RY775 OptiBuild,770302,Hu CD304 RY775 U21-1283 50ug,770302-Hu CD304 RY775 U21-1283 50ug,BDB-770302, $248 , 1 ,,,
26347,BLS,BDB,Biosciences,BDB,Biosciences,2200800,Research Reagents,PH220070022900,Research Core Cobalt,PH220080035750,Cobalt YG OptiBuild,PH220080041054,RY775 OptiBuild,PH220080051189,Human RY775 OptiBuild,770305,Hu CD40 RY775 HB14 50ug,770305-Hu CD40 RY775 HB14 50ug,BDB-770305, $599 , 2 ,,,
26348,BLS,BDB,Biosciences,BDB,Biosciences,2200800,Research Reagents,PH220070022900,Research Core Cobalt,PH220080035750,Cobalt YG OptiBuild,PH220080041054,RY775 OptiBuild,PH220080051189,Human RY775 OptiBuild,770311,Hu CD49d RY775 9F10 50ug,770311-Hu CD49d RY775 9F10 50ug,BDB-770311, $353 , 1 ,,,
26349,BLS,BDB,Biosciences,BDB,Biosciences,2200800,Research Reagents,PH220070022900,Research Core Cobalt,PH220080035750,Cobalt YG OptiBuild,PH220080041054,RY775 OptiBuild,PH220080051189,Human RY775 OptiBuild,770320,Hu CD33 RY775 WM53 50ug,770320-Hu CD33 RY775 WM53 50ug,BDB-770320, $630 , 2 ,,,
26350,BLS,BDB,Biosciences,BDB,Biosciences,2200800,Research Reagents,PH220070022900,Research Core Cobalt,PH220080035750,Cobalt YG OptiBuild,PH220080041054,RY775 OptiBuild,PH220080051189,Human RY775 OptiBuild,770350,Hu TCR Bta5.1 RY775 LC4 50ug,770350-Hu TCR Bta5.1 RY775 LC4 50ug,BDB-770350, $419 , 1 ,,,
26351,BLS,BDB,Biosciences,BDB,Biosciences,2200800,Research Reagents,PH220070022900,Research Core Cobalt,PH220080035750,Cobalt YG OptiBuild,PH220080041054,RY775 OptiBuild,PH220080051189,Human RY775 OptiBuild,770368,Itgrn Bta 7 RY775 FIB504 50ug,770368-Itgrn Bta 7 RY775 FIB504 50ug,BDB-770368, $321 , 1 ,,,
26352,BLS,BDB,Biosciences,BDB,Biosciences,2200800,Research Reagents,PH220070022900,Research Core Cobalt,PH220080035750,Cobalt YG OptiBuild,PH220080041054,RY775 OptiBuild,PH220080051189,Human RY775 OptiBuild,770380,Hu CD66 RY775 B1.1/CD66 50ug,770380-Hu CD66 RY775 B1.1/CD66 50ug,BDB-770380, $739 , 2 ,,,
26353,BLS,BDB,Biosciences,BDB,Biosciences,2200800,Research Reagents,PH220070022900,Research Core Cobalt,PH220080035750,Cobalt YG OptiBuild,PH220080041054,RY775 OptiBuild,PH220080051189,Human RY775 OptiBuild,770389,Hu CD276 RY775 7-517 50ug,770389-Hu CD276 RY775 7-517 50ug,BDB-770389, $838 , 2 ,,,
26354,BLS,BDB,Biosciences,BDB,Biosciences,2200800,Research Reagents,PH220070022900,Research Core Cobalt,PH220080035750,Cobalt YG OptiBuild,PH220080041054,RY775 OptiBuild,PH220080051189,Human RY775 OptiBuild,770395,Hu CD39 RY775 TU66 50ug,770395-Hu CD39 RY775 TU66 50ug,BDB-770395, $319 , 1 ,,,
26355,BLS,BDB,Biosciences,BDB,Biosciences,2200800,Research Reagents,PH220070022900,Research Core Cobalt,PH220080035750,Cobalt YG OptiBuild,PH220080041054,RY775 OptiBuild,PH220080051189,Human RY775 OptiBuild,770417,Hu CD34 RY775 8G12 50ug,770417-Hu CD34 RY775 8G12 50ug,BDB-770417, $418 , 1 ,,,
26356,BLS,BDB,Biosciences,BDB,Biosciences,2200800,Research Reagents,PH220070022900,Research Core Cobalt,PH220080035750,Cobalt YG OptiBuild,PH220080041054,RY775 OptiBuild,PH220080051189,Human RY775 OptiBuild,770425,Hu CD73 RY775 AD2 50ug,770425-Hu CD73 RY775 AD2 50ug,BDB-770425, $327 , 1 ,,,
26357,BLS,BDB,Biosciences,BDB,Biosciences,2200800,Research Reagents,PH220070022900,Research Core Cobalt,PH220080035750,Cobalt YG OptiBuild,PH220080041054,RY775 OptiBuild,PH220080051189,Human RY775 OptiBuild,770431,Hu CD201 RY775 RCR-252 50ug,770431-Hu CD201 RY775 RCR-252 50ug,BDB-770431, $640 , 2 ,,,
26358,BLS,BDB,Biosciences,BDB,Biosciences,2200800,Research Reagents,PH220070022900,Research Core Cobalt,PH220080035750,Cobalt YG OptiBuild,PH220080041054,RY775 OptiBuild,PH220080051189,Human RY775 OptiBuild,770437,Hu CD58 RY775 L306.4 50ug,770437-Hu CD58 RY775 L306.4 50ug,BDB-770437, $711 , 2 ,,,
26359,BLS,BDB,Biosciences,BDB,Biosciences,2200800,Research Reagents,PH220070022900,Research Core Cobalt,PH220080035750,Cobalt YG OptiBuild,PH220080041054,RY775 OptiBuild,PH220080051189,Human RY775 OptiBuild,770440,Hu CD195 RY775 2D7/CCR5 50ug,770440-Hu CD195 RY775 2D7/CCR5 50ug,BDB-770440, $428 , 1 ,,,
26360,BLS,BDB,Biosciences,BDB,Biosciences,2200800,Research Reagents,PH220070022900,Research Core Cobalt,PH220080035750,Cobalt YG OptiBuild,PH220080041054,RY775 OptiBuild,PH220080051189,Human RY775 OptiBuild,770446,Hu CD49c RY775 P1B5 50ug,770446-Hu CD49c RY775 P1B5 50ug,BDB-770446, $772 , 2 ,,,
26361,BLS,BDB,Biosciences,BDB,Biosciences,2200800,Research Reagents,PH220070022900,Research Core Cobalt,PH220080035750,Cobalt YG OptiBuild,PH220080041054,RY775 OptiBuild,PH220080051189,Human RY775 OptiBuild,770455,Hu CD307e RY775 509F6 50ug,770455-Hu CD307e RY775 509F6 50ug,BDB-770455," $2,712 ", 7 ,,,
26362,BLS,BDB,Biosciences,BDB,Biosciences,2200800,Research Reagents,PH220070022900,Research Core Cobalt,PH220080035750,Cobalt YG OptiBuild,PH220080041054,RY775 OptiBuild,PH220080051189,Human RY775 OptiBuild,770482,Hu TCR VBta3 RY775 JOVI.3 50ug,770482-Hu TCR VBta3 RY775 JOVI.3 50ug,BDB-770482, $350 , 1 ,,,
26363,BLS,BDB,Biosciences,BDB,Biosciences,2200800,Research Reagents,PH220070022900,Research Core Cobalt,PH220080035750,Cobalt YG OptiBuild,PH220080041054,RY775 OptiBuild,PH220080051189,Human RY775 OptiBuild,770488,Hu CD23 RY775 M-L233 50ug,770488-Hu CD23 RY775 M-L233 50ug,BDB-770488," $1,994 ", 6 ,,,
26364,BLS,BDB,Biosciences,BDB,Biosciences,2200800,Research Reagents,PH220070022900,Research Core Cobalt,PH220080035750,Cobalt YG OptiBuild,PH220080041054,RY775 OptiBuild,PH220080051189,Human RY775 OptiBuild,770494,Hu Chondroitin Sulfate RY775 7.1 50ug,770494-Hu Chondroitin Sulfate RY775 7.1 50ug,BDB-770494, $191 , 1 ,,,
26365,BLS,BDB,Biosciences,BDB,Biosciences,2200800,Research Reagents,PH220070022900,Research Core Cobalt,PH220080035750,Cobalt YG OptiBuild,PH220080041054,RY775 OptiBuild,PH220080051189,Human RY775 OptiBuild,770497,Hu CD226 RY775 DX11 50ug,770497-Hu CD226 RY775 DX11 50ug,BDB-770497," $1,352 ", 3 ,,,
26366,BLS,BDB,Biosciences,BDB,Biosciences,2200800,Research Reagents,PH220070022900,Research Core Cobalt,PH220080035750,Cobalt YG OptiBuild,PH220080041054,RY775 OptiBuild,PH220080051189,Human RY775 OptiBuild,770509,Hu CD314 RY775 1D11 50ug,770509-Hu CD314 RY775 1D11 50ug,BDB-770509," $2,647 ", 8 ,,,
26367,BLS,BDB,Biosciences,BDB,Biosciences,2200800,Research Reagents,PH220070022900,Research Core Cobalt,PH220080035750,Cobalt YG OptiBuild,PH220080041054,RY775 OptiBuild,PH220080051189,Human RY775 OptiBuild,770511,Hu CD45RA RY775 5H9 50ug,770511-Hu CD45RA RY775 5H9 50ug,BDB-770511, $733 , 2 ,,,
26368,BLS,BDB,Biosciences,BDB,Biosciences,2200800,Research Reagents,PH220070022900,Research Core Cobalt,PH220080035750,Cobalt YG OptiBuild,PH220080041054,RY775 OptiBuild,PH220080051189,Human RY775 OptiBuild,770519,Hu TCR Gma Dta RY775 11F2 50ug,770519-Hu TCR Gma Dta RY775 11F2 50ug,BDB-770519," $2,698 ", 8 ,,,
26369,BLS,BDB,Biosciences,BDB,Biosciences,2200800,Research Reagents,PH220070022900,Research Core Cobalt,PH220080035750,Cobalt YG OptiBuild,PH220080041054,RY775 OptiBuild,PH220080051189,Human RY775 OptiBuild,770522,Hu CD8b RY775 2ST8.5H7 50ug,770522-Hu CD8b RY775 2ST8.5H7 50ug,BDB-770522, $334 , 1 ,,,
26370,BLS,BDB,Biosciences,BDB,Biosciences,2200800,Research Reagents,PH220070022900,Research Core Cobalt,PH220080035750,Cobalt YG OptiBuild,PH220080041054,RY775 OptiBuild,PH220080051189,Human RY775 OptiBuild,770525,Hu Dta-Lk Pr4 RY775 MHD4-46 50ug,770525-Hu Dta-Lk Pr4 RY775 MHD4-46 50ug,BDB-770525, $358 , 1 ,,,
26371,BLS,BDB,Biosciences,BDB,Biosciences,2200800,Research Reagents,PH220070022900,Research Core Cobalt,PH220080035750,Cobalt YG OptiBuild,PH220080041054,RY775 OptiBuild,PH220080051189,Human RY775 OptiBuild,770537,Hu CD20 RY775 L27 50ug,770537-Hu CD20 RY775 L27 50ug,BDB-770537," $2,098 ", 6 ,,,
26372,BLS,BDB,Biosciences,BDB,Biosciences,2200800,Research Reagents,PH220070022900,Research Core Cobalt,PH220080035750,Cobalt YG OptiBuild,PH220080041054,RY775 OptiBuild,PH220080051189,Human RY775 OptiBuild,770540,Hu HLA-DR RY775 L243 50ug,770540-Hu HLA-DR RY775 L243 50ug,BDB-770540," $15,840 ", 47 ,,,
26373,BLS,BDB,Biosciences,BDB,Biosciences,2200800,Research Reagents,PH220070022900,Research Core Cobalt,PH220080035750,Cobalt YG OptiBuild,PH220080041054,RY775 OptiBuild,PH220080051189,Human RY775 OptiBuild,770562,Hu CD58 RY775 1C3 50ug,770562-Hu CD58 RY775 1C3 50ug,BDB-770562, $417 , 1 ,,,
26374,BLS,BDB,Biosciences,BDB,Biosciences,2200800,Research Reagents,PH220070022900,Research Core Cobalt,PH220080035750,Cobalt YG OptiBuild,PH220080041054,RY775 OptiBuild,PH220080051189,Human RY775 OptiBuild,770572,Hu CD71 RY775 L01.1 50ug,770572-Hu CD71 RY775 L01.1 50ug,BDB-770572, $936 , 2 ,,,
26375,BLS,BDB,Biosciences,BDB,Biosciences,2200800,Research Reagents,PH220070022900,Research Core Cobalt,PH220080035750,Cobalt YG OptiBuild,PH220080041054,RY775 OptiBuild,PH220080051189,Human RY775 OptiBuild,770575,Hu CD1c RY775 F10/21A3 50ug,770575-Hu CD1c RY775 F10/21A3 50ug,BDB-770575, $420 , 1 ,,,
26376,BLS,BDB,Biosciences,BDB,Biosciences,2200800,Research Reagents,PH220070022900,Research Core Cobalt,PH220080035750,Cobalt YG OptiBuild,PH220080041054,RY775 OptiBuild,PH220080051189,Human RY775 OptiBuild,770587,Hu CD8 RY775 HIT8A 50ug,770587-Hu CD8 RY775 HIT8A 50ug,BDB-770587, $80 , 1 ,,,
26377,BLS,BDB,Biosciences,BDB,Biosciences,2200800,Research Reagents,PH220070022900,Research Core Cobalt,PH220080035750,Cobalt YG OptiBuild,PH220080041054,RY775 OptiBuild,PH220080051189,Human RY775 OptiBuild,770599,Hu CD140b RY775 28D4 50ug,770599-Hu CD140b RY775 28D4 50ug,BDB-770599, $289 , 1 ,,,
26378,BLS,BDB,Biosciences,BDB,Biosciences,2200800,Research Reagents,PH220070022900,Research Core Cobalt,PH220080035750,Cobalt YG OptiBuild,PH220080041054,RY775 OptiBuild,PH220080051189,Human RY775 OptiBuild,770612,Hu CD16b RY775 CLB-GRAN11.5 50ug,770612-Hu CD16b RY775 CLB-GRAN11.5 50ug,BDB-770612, $782 , 2 ,,,
26379,BLS,BDB,Biosciences,BDB,Biosciences,2200800,Research Reagents,PH220070022900,Research Core Cobalt,PH220080035750,Cobalt YG OptiBuild,PH220080041054,RY775 OptiBuild,PH220080051189,Human RY775 OptiBuild,770618,Hu CD158b1/b2/j RY775 DX27 50ug,770618-Hu CD158b1/b2/j RY775 DX27 50ug,BDB-770618, $-   , 1 ,,,
26380,BLS,BDB,Biosciences,BDB,Biosciences,2200800,Research Reagents,PH220070022900,Research Core Cobalt,PH220080035750,Cobalt YG OptiBuild,PH220080041054,RY775 OptiBuild,PH220080051189,Human RY775 OptiBuild,770671,Hu CD105 RY775 SN6H 50ug,770671-Hu CD105 RY775 SN6H 50ug,BDB-770671, $341 , 1 ,,,
26381,BLS,BDB,Biosciences,BDB,Biosciences,2200800,Research Reagents,PH220070022900,Research Core Cobalt,PH220080035750,Cobalt YG OptiBuild,PH220080041054,RY775 OptiBuild,PH220080051189,Human RY775 OptiBuild,770683,Hu CD226 RY775 11A8 50ug,770683-Hu CD226 RY775 11A8 50ug,BDB-770683, $633 , 2 ,,,
26382,BLS,BDB,Biosciences,BDB,Biosciences,2200800,Research Reagents,PH220070022900,Research Core Cobalt,PH220080035750,Cobalt YG OptiBuild,PH220080041054,RY775 OptiBuild,PH220080051189,Human RY775 OptiBuild,770701,Hu CD2 RY775 RPA-2.10 50ug,770701-Hu CD2 RY775 RPA-2.10 50ug,BDB-770701, $426 , 2 ,,,
26383,BLS,BDB,Biosciences,BDB,Biosciences,2200800,Research Reagents,PH220070022900,Research Core Cobalt,PH220080035750,Cobalt YG OptiBuild,PH220080041054,RY775 OptiBuild,PH220080051189,Human RY775 OptiBuild,770723,Hu CD206 RY775 15-2 50ug,770723-Hu CD206 RY775 15-2 50ug,BDB-770723, $337 , 1 ,,,
26384,BLS,BDB,Biosciences,BDB,Biosciences,2200800,Research Reagents,PH220070022900,Research Core Cobalt,PH220080035750,Cobalt YG OptiBuild,PH220080041054,RY775 OptiBuild,PH220080051189,Human RY775 OptiBuild,770726,Hu CD278 RY775 DX29 50ug,770726-Hu CD278 RY775 DX29 50ug,BDB-770726, $922 , 4 ,,,
26385,BLS,BDB,Biosciences,BDB,Biosciences,2200800,Research Reagents,PH220070022900,Research Core Cobalt,PH220080035750,Cobalt YG OptiBuild,PH220080041054,RY775 OptiBuild,PH220080051189,Human RY775 OptiBuild,770738,Hu CD185 RY775 RF8B2 50ug,770738-Hu CD185 RY775 RF8B2 50ug,BDB-770738, $-   , 1 ,,,
26386,BLS,BDB,Biosciences,BDB,Biosciences,2200800,Research Reagents,PH220070022900,Research Core Cobalt,PH220080035750,Cobalt YG OptiBuild,PH220080041054,RY775 OptiBuild,PH220080051189,Human RY775 OptiBuild,770798,Hu CD81 RY775 JS-81 50ug,770798-Hu CD81 RY775 JS-81 50ug,BDB-770798, $350 , 1 ,,,
26387,BLS,BDB,Biosciences,BDB,Biosciences,2200800,Research Reagents,PH220070022900,Research Core Cobalt,PH220080035750,Cobalt YG OptiBuild,PH220080041054,RY775 OptiBuild,PH220080051189,Human RY775 OptiBuild,770804,Hu CD4 RY775 OKT4 50ug,770804-Hu CD4 RY775 OKT4 50ug,BDB-770804," $1,217 ", 3 ,,,
26388,BLS,BDB,Biosciences,BDB,Biosciences,2200800,Research Reagents,PH220070022900,Research Core Cobalt,PH220080035750,Cobalt YG OptiBuild,PH220080041054,RY775 OptiBuild,PH220080051189,Human RY775 OptiBuild,770822,Hu CD26 RY775 M-A261 50ug,770822-Hu CD26 RY775 M-A261 50ug,BDB-770822, $205 , 1 ,,,
26389,BLS,BDB,Biosciences,BDB,Biosciences,2200800,Research Reagents,PH220070022900,Research Core Cobalt,PH220080035750,Cobalt YG OptiBuild,PH220080041054,RY775 OptiBuild,PH220080051189,Human RY775 OptiBuild,770832,Hu CD197 RY775 2-L1-A 50ug,770832-Hu CD197 RY775 2-L1-A 50ug,BDB-770832," $2,694 ", 12 ,,,
26390,BLS,BDB,Biosciences,BDB,Biosciences,2200800,Research Reagents,PH220070022900,Research Core Cobalt,PH220080035750,Cobalt YG OptiBuild,PH220080041054,RY775 OptiBuild,PH220080051189,Human RY775 OptiBuild,770842,Hu CD80 RY775 2D10.4 50ug,770842-Hu CD80 RY775 2D10.4 50ug,BDB-770842," $2,038 ", 5 ,,,
26391,BLS,BDB,Biosciences,BDB,Biosciences,2200800,Research Reagents,PH220070022900,Research Core Cobalt,PH220080035750,Cobalt YG OptiBuild,PH220080041054,RY775 OptiBuild,PH220080051189,Human RY775 OptiBuild,770846,Hu CD14 RY775 63D3.RMAB 50ug,770846-Hu CD14 RY775 63D3.RMAB 50ug,BDB-770846," $1,702 ", 4 ,,,
26392,BLS,BDB,Biosciences,BDB,Biosciences,2200800,Research Reagents,PH220070022900,Research Core Cobalt,PH220080035750,Cobalt YG OptiBuild,PH220080041054,RY775 OptiBuild,PH220080051189,Human RY775 OptiBuild,770849,Hu TCR VBta5.2 5.3 RY775 MH3-2 50ug,770849-Hu TCR VBta5.2 5.3 RY775 MH3-2 50ug,BDB-770849, $350 , 1 ,,,
26393,BLS,BDB,Biosciences,BDB,Biosciences,2200800,Research Reagents,PH220070022900,Research Core Cobalt,PH220080035750,Cobalt YG OptiBuild,PH220080041054,RY775 OptiBuild,PH220080051189,Human RY775 OptiBuild,770875,Hu HLA-ABC RY775 W6/32 50ug,770875-Hu HLA-ABC RY775 W6/32 50ug,BDB-770875," $1,716 ", 4 ,,,
26394,BLS,BDB,Biosciences,BDB,Biosciences,2200800,Research Reagents,PH220070022900,Research Core Cobalt,PH220080035750,Cobalt YG OptiBuild,PH220080041054,RY775 OptiBuild,PH220080051189,Human RY775 OptiBuild,770899,Hu CD194 RY775 1G1 50ug,770899-Hu CD194 RY775 1G1 50ug,BDB-770899," $1,644 ", 4 ,,,
26395,BLS,BDB,Biosciences,BDB,Biosciences,2200800,Research Reagents,PH220070022900,Research Core Cobalt,PH220080035750,Cobalt YG OptiBuild,PH220080041054,RY775 OptiBuild,PH220080051189,Human RY775 OptiBuild,770956,Hu Notch2 RY775 MHN2-25 50ug,770956-Hu Notch2 RY775 MHN2-25 50ug,BDB-770956, $613 , 2 ,,,
26396,BLS,BDB,Biosciences,BDB,Biosciences,2200800,Research Reagents,PH220070022900,Research Core Cobalt,PH220080035750,Cobalt YG OptiBuild,PH220080041054,RY775 OptiBuild,PH220080051189,Human RY775 OptiBuild,770959,Hu CD154 RY775 TRAP1 50ug,770959-Hu CD154 RY775 TRAP1 50ug,BDB-770959," $1,128 ", 3 ,,,
26397,BLS,BDB,Biosciences,BDB,Biosciences,2200800,Research Reagents,PH220070022900,Research Core Cobalt,PH220080035750,Cobalt YG OptiBuild,PH220080041054,RY775 OptiBuild,PH220080051189,Human RY775 OptiBuild,770973,Hu CD133 RY775 293C3 50ug,770973-Hu CD133 RY775 293C3 50ug,BDB-770973, $370 , 1 ,,,
26398,BLS,BDB,Biosciences,BDB,Biosciences,2200800,Research Reagents,PH220070022900,Research Core Cobalt,PH220080035750,Cobalt YG OptiBuild,PH220080041054,RY775 OptiBuild,PH220080051189,Human RY775 OptiBuild,770983,Hu CD307d RY775 A1/CD307D 50ug,770983-Hu CD307d RY775 A1/CD307D 50ug,BDB-770983, $824 , 2 ,,,
26399,BLS,BDB,Biosciences,BDB,Biosciences,2200800,Research Reagents,PH220070022900,Research Core Cobalt,PH220080035750,Cobalt YG OptiBuild,PH220080041054,RY775 OptiBuild,PH220080051189,Human RY775 OptiBuild,770992,Hu CD116 RY775 HGMCSFR-M1 50ug,770992-Hu CD116 RY775 HGMCSFR-M1 50ug,BDB-770992, $205 , 1 ,,,
26400,BLS,BDB,Biosciences,BDB,Biosciences,2200800,Research Reagents,PH220070022900,Research Core Cobalt,PH220080035750,Cobalt YG OptiBuild,PH220080041054,RY775 OptiBuild,PH220080051189,Human RY775 OptiBuild,770999,Hu CD161 RY775 HP-3G10 50ug,770999-Hu CD161 RY775 HP-3G10 50ug,BDB-770999, $392 , 1 ,,,
26401,BLS,BDB,Biosciences,BDB,Biosciences,2200800,Research Reagents,PH220070022900,Research Core Cobalt,PH220080035750,Cobalt YG OptiBuild,PH220080041054,RY775 OptiBuild,PH220080051189,Human RY775 OptiBuild,771010,Hu CD182 RY775 6C6 50ug,771010-Hu CD182 RY775 6C6 50ug,BDB-771010, $328 , 1 ,,,
26402,BLS,BDB,Biosciences,BDB,Biosciences,2200800,Research Reagents,PH220070022900,Research Core Cobalt,PH220080035750,Cobalt YG OptiBuild,PH220080041054,RY775 OptiBuild,PH220080051189,Human RY775 OptiBuild,771027,Hu CD10 RY775 MEM-78 50ug,771027-Hu CD10 RY775 MEM-78 50ug,BDB-771027," $2,080 ", 7 ,,,
26403,BLS,BDB,Biosciences,BDB,Biosciences,2200800,Research Reagents,PH220070022900,Research Core Cobalt,PH220080035750,Cobalt YG OptiBuild,PH220080041054,RY775 OptiBuild,PH220080051189,Human RY775 OptiBuild,771042,Hu KLRG1 RY775 Z7-205.RMAB 50ug,771042-Hu KLRG1 RY775 Z7-205.RMAB 50ug,BDB-771042, $667 , 2 ,,,
26404,BLS,BDB,Biosciences,BDB,Biosciences,2200800,Research Reagents,PH220070022900,Research Core Cobalt,PH220080035750,Cobalt YG OptiBuild,PH220080041054,RY775 OptiBuild,PH220080051189,Human RY775 OptiBuild,771057,Hu CD140a RY775 16A1 50ug,771057-Hu CD140a RY775 16A1 50ug,BDB-771057, $401 , 1 ,,,
26405,BLS,BDB,Biosciences,BDB,Biosciences,2200800,Research Reagents,PH220070022900,Research Core Cobalt,PH220080035750,Cobalt YG OptiBuild,PH220080041054,RY775 OptiBuild,PH220080051189,Human RY775 OptiBuild,771069,Hu CD7 RY775 4H9 50ug,771069-Hu CD7 RY775 4H9 50ug,BDB-771069, $471 , 1 ,,,
26406,BLS,BDB,Biosciences,BDB,Biosciences,2200800,Research Reagents,PH220070022900,Research Core Cobalt,PH220080035750,Cobalt YG OptiBuild,PH220080041054,RY775 OptiBuild,PH220080051189,Human RY775 OptiBuild,771087,Hu CD227 RY775 HMPV 50ug,771087-Hu CD227 RY775 HMPV 50ug,BDB-771087, $450 , 1 ,,,
26407,BLS,BDB,Biosciences,BDB,Biosciences,2200800,Research Reagents,PH220070022900,Research Core Cobalt,PH220080035750,Cobalt YG OptiBuild,PH220080041054,RY775 OptiBuild,PH220080051189,Human RY775 OptiBuild,771091,Hu CD44 RY775 515 50ug,771091-Hu CD44 RY775 515 50ug,BDB-771091, $780 , 2 ,,,
26408,BLS,BDB,Biosciences,BDB,Biosciences,2200800,Research Reagents,PH220070022900,Research Core Cobalt,PH220080035750,Cobalt YG OptiBuild,PH220080041054,RY775 OptiBuild,PH220080051189,Human RY775 OptiBuild,771098,Hu CD147 RY775 HIM6 50ug,771098-Hu CD147 RY775 HIM6 50ug,BDB-771098, $435 , 1 ,,,
26409,BLS,BDB,Biosciences,BDB,Biosciences,2200800,Research Reagents,PH220070022900,Research Core Cobalt,PH220080035750,Cobalt YG OptiBuild,PH220080041054,RY775 OptiBuild,PH220080051189,Human RY775 OptiBuild,771137,Hu CD134 RY775 ACT35 50ug,771137-Hu CD134 RY775 ACT35 50ug,BDB-771137," $2,052 ", 6 ,,,
26410,BLS,BDB,Biosciences,BDB,Biosciences,2200800,Research Reagents,PH220070022900,Research Core Cobalt,PH220080035750,Cobalt YG OptiBuild,PH220080041054,RY775 OptiBuild,PH220080051189,Human RY775 OptiBuild,771150,Hu CD177 RY775 MEM-166 50ug,771150-Hu CD177 RY775 MEM-166 50ug,BDB-771150, $135 , 1 ,,,
26411,BLS,BDB,Biosciences,BDB,Biosciences,2200800,Research Reagents,PH220070022900,Research Core Cobalt,PH220080035750,Cobalt YG OptiBuild,PH220080041054,RY775 OptiBuild,PH220080051189,Human RY775 OptiBuild,771159,Hu CD117 RY775 YB5.B8 50ug,771159-Hu CD117 RY775 YB5.B8 50ug,BDB-771159, $205 , 1 ,,,
26412,BLS,BDB,Biosciences,BDB,Biosciences,2200800,Research Reagents,PH220070022900,Research Core Cobalt,PH220080035750,Cobalt YG OptiBuild,PH220080041054,RY775 OptiBuild,PH220080051189,Human RY775 OptiBuild,771171,Hu CD80 RY775 L307.4 50ug,771171-Hu CD80 RY775 L307.4 50ug,BDB-771171, $256 , 1 ,,,
26413,BLS,BDB,Biosciences,BDB,Biosciences,2200800,Research Reagents,PH220070022900,Research Core Cobalt,PH220080035750,Cobalt YG OptiBuild,PH220080041054,RY775 OptiBuild,PH220080051189,Human RY775 OptiBuild,771192,Hu CD198 RY775 433H 50ug,771192-Hu CD198 RY775 433H 50ug,BDB-771192, $542 , 3 ,,,
26414,BLS,BDB,Biosciences,BDB,Biosciences,2200800,Research Reagents,PH220070022900,Research Core Cobalt,PH220080035750,Cobalt YG OptiBuild,PH220080041054,RY775 OptiBuild,PH220080051189,Human RY775 OptiBuild,771202,Hu CD47 RY775 B6H12 50ug,771202-Hu CD47 RY775 B6H12 50ug,BDB-771202, $229 , 1 ,,,
26415,BLS,BDB,Biosciences,BDB,Biosciences,2200800,Research Reagents,PH220070022900,Research Core Cobalt,PH220080035750,Cobalt YG OptiBuild,PH220080041054,RY775 OptiBuild,PH220080051189,Human RY775 OptiBuild,771205,Hu CD32 RY775 3D3 50ug,771205-Hu CD32 RY775 3D3 50ug,BDB-771205, $683 , 2 ,,,
26416,BLS,BDB,Biosciences,BDB,Biosciences,2200800,Research Reagents,PH220070022900,Research Core Cobalt,PH220080035750,Cobalt YG OptiBuild,PH220080041054,RY775 OptiBuild,PH220080051189,Human RY775 OptiBuild,771214,Hu CD38 RY775 HB7 50ug,771214-Hu CD38 RY775 HB7 50ug,BDB-771214," $1,517 ", 4 ,,,
26417,BLS,BDB,Biosciences,BDB,Biosciences,2200800,Research Reagents,PH220070022900,Research Core Cobalt,PH220080035750,Cobalt YG OptiBuild,PH220080041054,RY775 OptiBuild,PH220080051189,Human RY775 OptiBuild,771221,Hu CD340 RY775 24D2 50ug,771221-Hu CD340 RY775 24D2 50ug,BDB-771221, $293 , 1 ,,,
26418,BLS,BDB,Biosciences,BDB,Biosciences,2200800,Research Reagents,PH220070022900,Research Core Cobalt,PH220080035750,Cobalt YG OptiBuild,PH220080041054,RY775 OptiBuild,PH220080051189,Human RY775 OptiBuild,771241,Hu CD304 RY775 MAB3 50ug,771241-Hu CD304 RY775 MAB3 50ug,BDB-771241, $279 , 2 ,,,
26419,BLS,BDB,Biosciences,BDB,Biosciences,2200800,Research Reagents,PH220070022900,Research Core Cobalt,PH220080035750,Cobalt YG OptiBuild,PH220080041054,RY775 OptiBuild,PH220080051189,Human RY775 OptiBuild,771300,Hu CAT1 (SLC7A1) RY775 CA2 50ug,771300-Hu CAT1 (SLC7A1) RY775 CA2 50ug,BDB-771300, $392 , 1 ,,,
26420,BLS,BDB,Biosciences,BDB,Biosciences,2200800,Research Reagents,PH220070022900,Research Core Cobalt,PH220080035750,Cobalt YG OptiBuild,PH220080041054,RY775 OptiBuild,PH220080051189,Human RY775 OptiBuild,771309,Hu CD106 RY775 51-10C9 50ug,771309-Hu CD106 RY775 51-10C9 50ug,BDB-771309, $842 , 2 ,,,
26421,BLS,BDB,Biosciences,BDB,Biosciences,2200800,Research Reagents,PH220070022900,Research Core Cobalt,PH220080035750,Cobalt YG OptiBuild,PH220080041054,RY775 OptiBuild,PH220080051189,Human RY775 OptiBuild,771312,Hu CD155 RY775 SKII.4 50ug,771312-Hu CD155 RY775 SKII.4 50ug,BDB-771312, $430 , 1 ,,,
26422,BLS,BDB,Biosciences,BDB,Biosciences,2200800,Research Reagents,PH220070022900,Research Core Cobalt,PH220080035750,Cobalt YG OptiBuild,PH220080041054,RY775 OptiBuild,PH220080051189,Human RY775 OptiBuild,771344,Hu CD42b RY775 HIP1 50ug,771344-Hu CD42b RY775 HIP1 50ug,BDB-771344, $369 , 1 ,,,
26423,BLS,BDB,Biosciences,BDB,Biosciences,2200800,Research Reagents,PH220070022900,Research Core Cobalt,PH220080035750,Cobalt YG OptiBuild,PH220080041054,RY775 OptiBuild,PH220080051189,Human RY775 OptiBuild,771353,Hu CD64 RY775 MD22 50ug,771353-Hu CD64 RY775 MD22 50ug,BDB-771353," $1,218 ", 4 ,,,
26424,BLS,BDB,Biosciences,BDB,Biosciences,2200800,Research Reagents,PH220070022900,Research Core Cobalt,PH220080035750,Cobalt YG OptiBuild,PH220080041054,RY775 OptiBuild,PH220080051189,Human RY775 OptiBuild,771367,Hu CD64 RY775 10.1 50ug,771367-Hu CD64 RY775 10.1 50ug,BDB-771367," $1,243 ", 4 ,,,
26425,BLS,BDB,Biosciences,BDB,Biosciences,2200800,Research Reagents,PH220070022900,Research Core Cobalt,PH220080035750,Cobalt YG OptiBuild,PH220080041054,RY775 OptiBuild,PH220080051189,Human RY775 OptiBuild,771372,Hu CD42a RY775 ALMA.16 50ug,771372-Hu CD42a RY775 ALMA.16 50ug,BDB-771372, $372 , 1 ,,,
26426,BLS,BDB,Biosciences,BDB,Biosciences,2200800,Research Reagents,PH220070022900,Research Core Cobalt,PH220080035750,Cobalt YG OptiBuild,PH220080041054,RY775 OptiBuild,PH220080051189,Human RY775 OptiBuild,771392,Hu MIC A/B RY775 6D4 50ug,771392-Hu MIC A/B RY775 6D4 50ug,BDB-771392, $-   , 1 ,,,
26427,BLS,BDB,Biosciences,BDB,Biosciences,2200800,Research Reagents,PH220070022900,Research Core Cobalt,PH220080035750,Cobalt YG OptiBuild,PH220080041054,RY775 OptiBuild,PH220080051189,Human RY775 OptiBuild,771404,Hu CD206 RY775 19.2 50ug,771404-Hu CD206 RY775 19.2 50ug,BDB-771404, $656 , 2 ,,,
26428,BLS,BDB,Biosciences,BDB,Biosciences,2200800,Research Reagents,PH220070022900,Research Core Cobalt,PH220080035750,Cobalt YG OptiBuild,PH220080041054,RY775 OptiBuild,PH220080051189,Human RY775 OptiBuild,771419,Hu TIGIT RY775 TGMAB-2 50ug,771419-Hu TIGIT RY775 TGMAB-2 50ug,BDB-771419," $3,837 ", 12 ,,,
26429,BLS,BDB,Biosciences,BDB,Biosciences,2200800,Research Reagents,PH220070022900,Research Core Cobalt,PH220080035750,Cobalt YG OptiBuild,PH220080041054,RY775 OptiBuild,PH220080051189,Human RY775 OptiBuild,771432,Hu CD371 RY775 50C1 50ug,771432-Hu CD371 RY775 50C1 50ug,BDB-771432, $755 , 2 ,,,
26430,BLS,BDB,Biosciences,BDB,Biosciences,2200800,Research Reagents,PH220070022900,Research Core Cobalt,PH220080035750,Cobalt YG OptiBuild,PH220080041054,RY775 OptiBuild,PH220080051189,Human RY775 OptiBuild,771462,Hu CD197 RY775 3D12 50ug,771462-Hu CD197 RY775 3D12 50ug,BDB-771462," $1,041 ", 3 ,,,
26431,BLS,BDB,Biosciences,BDB,Biosciences,2200800,Research Reagents,PH220070022900,Research Core Cobalt,PH220080035750,Cobalt YG OptiBuild,PH220080041054,RY775 OptiBuild,PH220080051189,Human RY775 OptiBuild,771471,Hu CD163 RY775 MAC2-158 50ug,771471-Hu CD163 RY775 MAC2-158 50ug,BDB-771471, $704 , 2 ,,,
26432,BLS,BDB,Biosciences,BDB,Biosciences,2200800,Research Reagents,PH220070022900,Research Core Cobalt,PH220080035750,Cobalt YG OptiBuild,PH220080041054,RY775 OptiBuild,PH220080051189,Human RY775 OptiBuild,771486,Hu CD303 RY775 V24-785 50ug,771486-Hu CD303 RY775 V24-785 50ug,BDB-771486, $631 , 2 ,,,
26433,BLS,BDB,Biosciences,BDB,Biosciences,2200800,Research Reagents,PH220070022900,Research Core Cobalt,PH220080035750,Cobalt YG OptiBuild,PH220080041054,RY775 OptiBuild,PH220080051189,Human RY775 OptiBuild,771498,Hu HLA-ABC RY775 G46-2.6 50ug,771498-Hu HLA-ABC RY775 G46-2.6 50ug,BDB-771498, $205 , 1 ,,,
26434,BLS,BDB,Biosciences,BDB,Biosciences,2200800,Research Reagents,PH220070022900,Research Core Cobalt,PH220080035750,Cobalt YG OptiBuild,PH220080041054,RY775 OptiBuild,PH220080051189,Human RY775 OptiBuild,771532,Hu CD27 RY775 O323 50ug,771532-Hu CD27 RY775 O323 50ug,BDB-771532, $621 , 2 ,,,
26435,BLS,BDB,Biosciences,BDB,Biosciences,2200800,Research Reagents,PH220070022900,Research Core Cobalt,PH220080035750,Cobalt YG OptiBuild,PH220080041054,RY775 OptiBuild,PH220080051189,Human RY775 OptiBuild,771539,Hu CD181 RY775 5A12 50ug,771539-Hu CD181 RY775 5A12 50ug,BDB-771539, $309 , 1 ,,,
26436,BLS,BDB,Biosciences,BDB,Biosciences,2200800,Research Reagents,PH220070022900,Research Core Cobalt,PH220080035750,Cobalt YG OptiBuild,PH220080041054,RY775 OptiBuild,PH220080051189,Human RY775 OptiBuild,771549,Hu CD369 RY775 15E2 50ug,771549-Hu CD369 RY775 15E2 50ug,BDB-771549, $681 , 3 ,,,
26437,BLS,BDB,Biosciences,BDB,Biosciences,2200800,Research Reagents,PH220070022900,Research Core Cobalt,PH220080035750,Cobalt YG OptiBuild,PH220080041054,RY775 OptiBuild,PH220080051189,Human RY775 OptiBuild,771555,Hu CD71 RY775 M-A712 50ug,771555-Hu CD71 RY775 M-A712 50ug,BDB-771555, $615 , 3 ,,,
26438,BLS,BDB,Biosciences,BDB,Biosciences,2200800,Research Reagents,PH220070022900,Research Core Cobalt,PH220080035750,Cobalt YG OptiBuild,PH220080041054,RY775 OptiBuild,PH220080051189,Human RY775 OptiBuild,771567,Hu LGR5 RY775 8F2 50ug,771567-Hu LGR5 RY775 8F2 50ug,BDB-771567," $1,654 ", 4 ,,,
26439,BLS,BDB,Biosciences,BDB,Biosciences,2200800,Research Reagents,PH220070022900,Research Core Cobalt,PH220080035750,Cobalt YG OptiBuild,PH220080041054,RY775 OptiBuild,PH220080051189,Human RY775 OptiBuild,771570,Hu CD9 RY775 M-L13 50ug,771570-Hu CD9 RY775 M-L13 50ug,BDB-771570, $473 , 1 ,,,
26440,BLS,BDB,Biosciences,BDB,Biosciences,2200800,Research Reagents,PH220070022900,Research Core Cobalt,PH220080035750,Cobalt YG OptiBuild,PH220080041054,RY775 OptiBuild,PH220080051189,Human RY775 OptiBuild,771573,Hu CD150 RY775 A12 50ug,771573-Hu CD150 RY775 A12 50ug,BDB-771573, $410 , 1 ,,,
26441,BLS,BDB,Biosciences,BDB,Biosciences,2200800,Research Reagents,PH220070022900,Research Core Cobalt,PH220080035750,Cobalt YG OptiBuild,PH220080041054,RY775 OptiBuild,PH220080051189,Human RY775 OptiBuild,771583,Hu CD11c RY775 3.9 50ug,771583-Hu CD11c RY775 3.9 50ug,BDB-771583," $19,800 ", 53 ,,,
26442,BLS,BDB,Biosciences,BDB,Biosciences,2200800,Research Reagents,PH220070022900,Research Core Cobalt,PH220080035750,Cobalt YG OptiBuild,PH220080041054,RY775 OptiBuild,PH220080051189,Human RY775 OptiBuild,771616,Hu CD141 RY775 1A4 50ug,771616-Hu CD141 RY775 1A4 50ug,BDB-771616, $695 , 2 ,,,
26443,BLS,BDB,Biosciences,BDB,Biosciences,2200800,Research Reagents,PH220070022900,Research Core Cobalt,PH220080035750,Cobalt YG OptiBuild,PH220080041054,RY775 OptiBuild,PH220080051189,Human RY775 OptiBuild,771622,Hu CD79b RY775 CB3-1 50ug,771622-Hu CD79b RY775 CB3-1 50ug,BDB-771622, $205 , 1 ,,,
26444,BLS,BDB,Biosciences,BDB,Biosciences,2200800,Research Reagents,PH220070022900,Research Core Cobalt,PH220080035750,Cobalt YG OptiBuild,PH220080041054,RY775 OptiBuild,PH220080051189,Human RY775 OptiBuild,771628,Hu CX3CR1 RY775 2A9-1 50ug,771628-Hu CX3CR1 RY775 2A9-1 50ug,BDB-771628, $435 , 1 ,,,
26445,BLS,BDB,Biosciences,BDB,Biosciences,2200800,Research Reagents,PH220070022900,Research Core Cobalt,PH220080035750,Cobalt YG OptiBuild,PH220080041054,RY775 OptiBuild,PH220080051189,Human RY775 OptiBuild,771632,Hu CD136 RY775 ZT/G4 50ug,771632-Hu CD136 RY775 ZT/G4 50ug,BDB-771632, $402 , 1 ,,,
26446,BLS,BDB,Biosciences,BDB,Biosciences,2200800,Research Reagents,PH220070022900,Research Core Cobalt,PH220080035750,Cobalt YG OptiBuild,PH220080041054,RY775 OptiBuild,PH220080051189,Human RY775 OptiBuild,771637,Hu CD183 RY775 1C6/CXCR3 50ug,771637-Hu CD183 RY775 1C6/CXCR3 50ug,BDB-771637," $3,137 ", 8 ,,,
26447,BLS,BDB,Biosciences,BDB,Biosciences,2200800,Research Reagents,PH220070022900,Research Core Cobalt,PH220080035750,Cobalt YG OptiBuild,PH220080041054,RY775 OptiBuild,PH220080051189,Human RY775 OptiBuild,771643,Hu CD2 RY775 S5.2 50ug,771643-Hu CD2 RY775 S5.2 50ug,BDB-771643, $227 , 1 ,,,
26448,BLS,BDB,Biosciences,BDB,Biosciences,2200800,Research Reagents,PH220070022900,Research Core Cobalt,PH220080035750,Cobalt YG OptiBuild,PH220080041054,RY775 OptiBuild,PH220080051189,Human RY775 OptiBuild,771665,Hu CD79b RY775 3A2-2E7 50ug,771665-Hu CD79b RY775 3A2-2E7 50ug,BDB-771665, $205 , 1 ,,,
26449,BLS,BDB,Biosciences,BDB,Biosciences,2200800,Research Reagents,PH220070022900,Research Core Cobalt,PH220080035750,Cobalt YG OptiBuild,PH220080041054,RY775 OptiBuild,PH220080051189,Human RY775 OptiBuild,771668,Hu CD117 RY775 104D2 50ug,771668-Hu CD117 RY775 104D2 50ug,BDB-771668, $400 , 1 ,,,
26450,BLS,BDB,Biosciences,BDB,Biosciences,2200800,Research Reagents,PH220070022900,Research Core Cobalt,PH220080035750,Cobalt YG OptiBuild,PH220080041054,RY775 OptiBuild,PH220080051189,Human RY775 OptiBuild,771677,Hu CD161 RY775 DX12 50ug,771677-Hu CD161 RY775 DX12 50ug,BDB-771677, $523 , 2 ,,,
26451,BLS,BDB,Biosciences,BDB,Biosciences,2200800,Research Reagents,PH220070022900,Research Core Cobalt,PH220080035750,Cobalt YG OptiBuild,PH220080041054,RY775 OptiBuild,PH220080051189,Human RY775 OptiBuild,771703,Hu CD62L RY775 SK11 50ug,771703-Hu CD62L RY775 SK11 50ug,BDB-771703," $1,738 ", 5 ,,,
26452,BLS,BDB,Biosciences,BDB,Biosciences,2200800,Research Reagents,PH220070022900,Research Core Cobalt,PH220080035750,Cobalt YG OptiBuild,PH220080041054,RY775 OptiBuild,PH220080051189,Human RY775 OptiBuild,771755,Hu CD223 RY775 T47-530 50ug,771755-Hu CD223 RY775 T47-530 50ug,BDB-771755," $1,356 ", 5 ,,,
26453,BLS,BDB,Biosciences,BDB,Biosciences,2200800,Research Reagents,PH220070022900,Research Core Cobalt,PH220080035750,Cobalt YG OptiBuild,PH220080041054,RY775 OptiBuild,PH220080051189,Human RY775 OptiBuild,771761,Hu CD132 RY775 TUGH4 50ug,771761-Hu CD132 RY775 TUGH4 50ug,BDB-771761, $197 , 1 ,,,
26454,BLS,BDB,Biosciences,BDB,Biosciences,2200800,Research Reagents,PH220070022900,Research Core Cobalt,PH220080035750,Cobalt YG OptiBuild,PH220080041054,RY775 OptiBuild,PH220080051189,Human RY775 OptiBuild,771772,Hu TCR VAlp7.2 RY775 OF-5A12 50ug,771772-Hu TCR VAlp7.2 RY775 OF-5A12 50ug,BDB-771772," $1,498 ", 4 ,,,
26455,BLS,BDB,Biosciences,BDB,Biosciences,2200800,Research Reagents,PH220070022900,Research Core Cobalt,PH220080035750,Cobalt YG OptiBuild,PH220080041054,RY775 OptiBuild,PH220080051189,Human RY775 OptiBuild,771783,Hu CD3 RY775 OKT3 50ug,771783-Hu CD3 RY775 OKT3 50ug,BDB-771783, $433 , 2 ,,,
26456,BLS,BDB,Biosciences,BDB,Biosciences,2200800,Research Reagents,PH220070022900,Research Core Cobalt,PH220080035750,Cobalt YG OptiBuild,PH220080041054,RY775 OptiBuild,PH220080051189,Human RY775 OptiBuild,771786,Hu CD33 RY775 P67.6 50ug,771786-Hu CD33 RY775 P67.6 50ug,BDB-771786, $453 , 2 ,,,
26457,BLS,BDB,Biosciences,BDB,Biosciences,2200800,Research Reagents,PH220070022900,Research Core Cobalt,PH220080035750,Cobalt YG OptiBuild,PH220080041054,RY775 OptiBuild,PH220080051189,Human RY775 OptiBuild,771808,Hu CD196 RY775 11A9 50ug,771808-Hu CD196 RY775 11A9 50ug,BDB-771808," $1,138 ", 4 ,,,
26458,BLS,BDB,Biosciences,BDB,Biosciences,2200800,Research Reagents,PH220070022900,Research Core Cobalt,PH220080035750,Cobalt YG OptiBuild,PH220080041054,RY775 OptiBuild,PH220080051189,Human RY775 OptiBuild,771820,Hu Fc Epsl R1 Alp RY775 AER-37 50ug,771820-Hu Fc Epsl R1 Alp RY775 AER-37 50ug,BDB-771820, $601 , 1 ,,,
26459,BLS,BDB,Biosciences,BDB,Biosciences,2200800,Research Reagents,PH220070022900,Research Core Cobalt,PH220080035750,Cobalt YG OptiBuild,PH220080041054,RY775 OptiBuild,PH220080051189,Human RY775 OptiBuild,771841,Hu CD309 RY775 BB13-1044 50ug,771841-Hu CD309 RY775 BB13-1044 50ug,BDB-771841," $1,347 ", 4 ,,,
26460,BLS,BDB,Biosciences,BDB,Biosciences,2200800,Research Reagents,PH220070022900,Research Core Cobalt,PH220080035750,Cobalt YG OptiBuild,PH220080041054,RY775 OptiBuild,PH220080051189,Human RY775 OptiBuild,771879,Hu CD105 RY775 266 50ug,771879-Hu CD105 RY775 266 50ug,BDB-771879, $843 , 1 ,,,
26461,BLS,BDB,Biosciences,BDB,Biosciences,2200800,Research Reagents,PH220070022900,Research Core Cobalt,PH220080035750,Cobalt YG OptiBuild,PH220080041054,RY775 OptiBuild,PH220080051189,Human RY775 OptiBuild,771885,Hu CD162 RY775 KPL-1 50ug,771885-Hu CD162 RY775 KPL-1 50ug,BDB-771885, $-   , 1 ,,,
26462,BLS,BDB,Biosciences,BDB,Biosciences,2200800,Research Reagents,PH220070022900,Research Core Cobalt,PH220080035750,Cobalt YG OptiBuild,PH220080041054,RY775 OptiBuild,PH220080051189,Human RY775 OptiBuild,771888,Hu CD85j RY775 GHI/75 50ug,771888-Hu CD85j RY775 GHI/75 50ug,BDB-771888, $417 , 1 ,,,
26463,BLS,BDB,Biosciences,BDB,Biosciences,2200800,Research Reagents,PH220070022900,Research Core Cobalt,PH220080035750,Cobalt YG OptiBuild,PH220080041054,RY775 OptiBuild,PH220080051189,Human RY775 OptiBuild,771900,Hu CD193 RY775 5E8 50ug,771900-Hu CD193 RY775 5E8 50ug,BDB-771900, $455 , 2 ,,,
26464,BLS,BDB,Biosciences,BDB,Biosciences,2200800,Research Reagents,PH220070022900,Research Core Cobalt,PH220080035750,Cobalt YG OptiBuild,PH220080041054,RY775 OptiBuild,PH220080051189,Human RY775 OptiBuild,771904,Hu CD137 RY775 4B4-1 50ug,771904-Hu CD137 RY775 4B4-1 50ug,BDB-771904," $1,602 ", 4 ,,,
26465,BLS,BDB,Biosciences,BDB,Biosciences,2200800,Research Reagents,PH220070022900,Research Core Cobalt,PH220080035750,Cobalt YG OptiBuild,PH220080041054,RY775 OptiBuild,PH220080051189,Human RY775 OptiBuild,771936,Hu CD326 RY775 EBA-1 50ug,771936-Hu CD326 RY775 EBA-1 50ug,BDB-771936, $562 , 2 ,,,
26466,BLS,BDB,Biosciences,BDB,Biosciences,2200800,Research Reagents,PH220070022900,Research Core Cobalt,PH220080035750,Cobalt YG OptiBuild,PH220080041054,RY775 OptiBuild,PH220080051189,Human RY775 OptiBuild,771957,Hu HLA-A RY775 1082C5 50ug,771957-Hu HLA-A RY775 1082C5 50ug,BDB-771957, $788 , 2 ,,,
26467,BLS,BDB,Biosciences,BDB,Biosciences,2200800,Research Reagents,PH220070022900,Research Core Cobalt,PH220080035750,Cobalt YG OptiBuild,PH220080041054,RY775 OptiBuild,PH220080051189,Human RY775 OptiBuild,771963,Hu CD192 RY775 LS132.1D9 50ug,771963-Hu CD192 RY775 LS132.1D9 50ug,BDB-771963, $413 , 1 ,,,
26468,BLS,BDB,Biosciences,BDB,Biosciences,2200800,Research Reagents,PH220070022900,Research Core Cobalt,PH220080035750,Cobalt YG OptiBuild,PH220080041054,RY775 OptiBuild,PH220080051189,Human RY775 OptiBuild,771969,Hu CD31 RY775 L133.1 50ug,771969-Hu CD31 RY775 L133.1 50ug,BDB-771969, $710 , 2 ,,,
26469,BLS,BDB,Biosciences,BDB,Biosciences,2200800,Research Reagents,PH220070022900,Research Core Cobalt,PH220080035750,Cobalt YG OptiBuild,PH220080041054,RY775 OptiBuild,PH220080051189,Human RY775 OptiBuild,772014,Hu CD86 RY775 BU63 50ug,772014-Hu CD86 RY775 BU63 50ug,BDB-772014, $228 , 1 ,,,
26470,BLS,BDB,Biosciences,BDB,Biosciences,2200800,Research Reagents,PH220070022900,Research Core Cobalt,PH220080035750,Cobalt YG OptiBuild,PH220080041054,RY775 OptiBuild,PH220080051189,Human RY775 OptiBuild,772020,Hu CD135 RY775 4G8 50ug,772020-Hu CD135 RY775 4G8 50ug,BDB-772020, $349 , 1 ,,,
26471,BLS,BDB,Biosciences,BDB,Biosciences,2200800,Research Reagents,PH220070022900,Research Core Cobalt,PH220080035750,Cobalt YG OptiBuild,PH220080041054,RY775 OptiBuild,PH220080051189,Human RY775 OptiBuild,772026,Hu CD90 RY775 5E10 50ug,772026-Hu CD90 RY775 5E10 50ug,BDB-772026, $55 , 1 ,,,
26472,BLS,BDB,Biosciences,BDB,Biosciences,2200800,Research Reagents,PH220070022900,Research Core Cobalt,PH220080035750,Cobalt YG OptiBuild,PH220080041054,RY775 OptiBuild,PH220080051189,Human RY775 OptiBuild,772047,Hu CD140a RY775 ALPHA R1 50ug,772047-Hu CD140a RY775 ALPHA R1 50ug,BDB-772047, $390 , 2 ,,,
26473,BLS,BDB,Biosciences,BDB,Biosciences,2200800,Research Reagents,PH220070022900,Research Core Cobalt,PH220080035750,Cobalt YG OptiBuild,PH220080041054,RY775 OptiBuild,PH220080051189,Human RY775 OptiBuild,772056,Hu CD56 RY775 MY31 50ug,772056-Hu CD56 RY775 MY31 50ug,BDB-772056, $68 , 1 ,,,
26474,BLS,BDB,Biosciences,BDB,Biosciences,2200800,Research Reagents,PH220070022900,Research Core Cobalt,PH220080035750,Cobalt YG OptiBuild,PH220080041054,RY775 OptiBuild,PH220080051189,Human RY775 OptiBuild,772086,Hu Platelet GPVI RY775 HY101 50ug,772086-Hu Platelet GPVI RY775 HY101 50ug,BDB-772086, $413 , 1 ,,,
26475,BLS,BDB,Biosciences,BDB,Biosciences,2200800,Research Reagents,PH220070022900,Research Core Cobalt,PH220080035750,Cobalt YG OptiBuild,PH220080041054,RY775 OptiBuild,PH220080051189,Human RY775 OptiBuild,772095,Hu CD274 RY775 MIH1 50ug,772095-Hu CD274 RY775 MIH1 50ug,BDB-772095," $2,944 ", 10 ,,,
26476,BLS,BDB,Biosciences,BDB,Biosciences,2200800,Research Reagents,PH220070022900,Research Core Cobalt,PH220080035750,Cobalt YG OptiBuild,PH220080041054,RY775 OptiBuild,PH220080051189,Human RY775 OptiBuild,772110,Hu CD282 RY775 11G7 50ug,772110-Hu CD282 RY775 11G7 50ug,BDB-772110, $851 , 3 ,,,
26477,BLS,BDB,Biosciences,BDB,Biosciences,2200800,Research Reagents,PH220070022900,Research Core Cobalt,PH220080035750,Cobalt YG OptiBuild,PH220080041054,RY775 OptiBuild,PH220080051189,Human RY775 OptiBuild,772113,Hu CD271 RY775 C40-1457 50ug,772113-Hu CD271 RY775 C40-1457 50ug,BDB-772113, $453 , 1 ,,,
26478,BLS,BDB,Biosciences,BDB,Biosciences,2200800,Research Reagents,PH220070022900,Research Core Cobalt,PH220080035750,Cobalt YG OptiBuild,PH220080041055,RY703 OptiBuild,PH220080051193,Other RY703 OptiBuild,759772,C3/C3b/iC3b RY703 6C9 50ug,759772-C3/C3b/iC3b RY703 6C9 50ug,BDB-759772, $450 , 1 ,,,
26479,BLS,BDB,Biosciences,BDB,Biosciences,2200800,Research Reagents,PH220070022900,Research Core Cobalt,PH220080035750,Cobalt YG OptiBuild,PH220080041055,RY703 OptiBuild,PH220080051193,Other RY703 OptiBuild,770028,Rat CD86 RY703 24F 50ug,770028-Rat CD86 RY703 24F 50ug,BDB-770028, $179 , 1 ,,,
26480,BLS,BDB,Biosciences,BDB,Biosciences,2200800,Research Reagents,PH220070022900,Research Core Cobalt,PH220080035750,Cobalt YG OptiBuild,PH220080041055,RY703 OptiBuild,PH220080051193,Other RY703 OptiBuild,770256,Itgrn Alp7 RY703 3C12 50ug,770256-Itgrn Alp7 RY703 3C12 50ug,BDB-770256," $1,239 ", 3 ,,,
26481,BLS,BDB,Biosciences,BDB,Biosciences,2200800,Research Reagents,PH220070022900,Research Core Cobalt,PH220080035750,Cobalt YG OptiBuild,PH220080041055,RY703 OptiBuild,PH220080051193,Other RY703 OptiBuild,770448,Rat CD8 RY703 OX-8 50ug,770448-Rat CD8 RY703 OX-8 50ug,BDB-770448, $252 , 1 ,,,
26482,BLS,BDB,Biosciences,BDB,Biosciences,2200800,Research Reagents,PH220070022900,Research Core Cobalt,PH220080035750,Cobalt YG OptiBuild,PH220080041055,RY703 OptiBuild,PH220080051193,Other RY703 OptiBuild,770478,Hu ASGPR 1 RY703 8D7 50ug,770478-Hu ASGPR 1 RY703 8D7 50ug,BDB-770478, $358 , 1 ,,,
26483,BLS,BDB,Biosciences,BDB,Biosciences,2200800,Research Reagents,PH220070022900,Research Core Cobalt,PH220080035750,Cobalt YG OptiBuild,PH220080041055,RY703 OptiBuild,PH220080051193,Other RY703 OptiBuild,770969,Rat CD54 RY703 1A29 50ug,770969-Rat CD54 RY703 1A29 50ug,BDB-770969, $325 , 1 ,,,
26484,BLS,BDB,Biosciences,BDB,Biosciences,2200800,Research Reagents,PH220070022900,Research Core Cobalt,PH220080035750,Cobalt YG OptiBuild,PH220080041055,RY703 OptiBuild,PH220080051193,Other RY703 OptiBuild,771194,Rat CD163 RY703 HIS36 50ug,771194-Rat CD163 RY703 HIS36 50ug,BDB-771194, $858 , 4 ,,,
26485,BLS,BDB,Biosciences,BDB,Biosciences,2200800,Research Reagents,PH220070022900,Research Core Cobalt,PH220080035750,Cobalt YG OptiBuild,PH220080041055,RY703 OptiBuild,PH220080051193,Other RY703 OptiBuild,771275,Rat FceRI RY703 BC4 50ug,771275-Rat FceRI RY703 BC4 50ug,BDB-771275, $301 , 1 ,,,
26486,BLS,BDB,Biosciences,BDB,Biosciences,2200800,Research Reagents,PH220070022900,Research Core Cobalt,PH220080035750,Cobalt YG OptiBuild,PH220080041055,RY703 OptiBuild,PH220080051193,Other RY703 OptiBuild,771379,Hu CD21 RY703 1048 50ug,771379-Hu CD21 RY703 1048 50ug,BDB-771379, $358 , 1 ,,,
26487,BLS,BDB,Biosciences,BDB,Biosciences,2200800,Research Reagents,PH220070022900,Research Core Cobalt,PH220080035750,Cobalt YG OptiBuild,PH220080041055,RY703 OptiBuild,PH220080051193,Other RY703 OptiBuild,772043,Rat CD44 RY703 OX-49 50ug,772043-Rat CD44 RY703 OX-49 50ug,BDB-772043, $350 , 1 ,,,
26488,BLS,BDB,Biosciences,BDB,Biosciences,2200800,Research Reagents,PH220070022900,Research Core Cobalt,PH220080035750,Cobalt YG OptiBuild,PH220080041055,RY703 OptiBuild,PH220080051194,Mouse RY703 OptiBuild,759736,Ms CD11c RY703 N418 50ug,759736-Ms CD11c RY703 N418 50ug,BDB-759736," $3,822 ", 11 ,,,
26489,BLS,BDB,Biosciences,BDB,Biosciences,2200800,Research Reagents,PH220070022900,Research Core Cobalt,PH220080035750,Cobalt YG OptiBuild,PH220080041055,RY703 OptiBuild,PH220080051194,Mouse RY703 OptiBuild,759745,Rat CD4 RY703 OX-38 50ug,759745-Rat CD4 RY703 OX-38 50ug,BDB-759745, $243 , 1 ,,,
26490,BLS,BDB,Biosciences,BDB,Biosciences,2200800,Research Reagents,PH220070022900,Research Core Cobalt,PH220080035750,Cobalt YG OptiBuild,PH220080041055,RY703 OptiBuild,PH220080051194,Mouse RY703 OptiBuild,759751,Rat/Ms CD49a RY703 HA31/8 50ug,759751-Rat/Ms CD49a RY703 HA31/8 50ug,BDB-759751," $2,046 ", 7 ,,,
26491,BLS,BDB,Biosciences,BDB,Biosciences,2200800,Research Reagents,PH220070022900,Research Core Cobalt,PH220080035750,Cobalt YG OptiBuild,PH220080041055,RY703 OptiBuild,PH220080051194,Mouse RY703 OptiBuild,759754,Ms MAdCAM-1 RY703 MECA-367 50ug,759754-Ms MAdCAM-1 RY703 MECA-367 50ug,BDB-759754, $299 , 1 ,,,
26492,BLS,BDB,Biosciences,BDB,Biosciences,2200800,Research Reagents,PH220070022900,Research Core Cobalt,PH220080035750,Cobalt YG OptiBuild,PH220080041055,RY703 OptiBuild,PH220080051194,Mouse RY703 OptiBuild,759775,Ms FceR1Alp RY703 MAR-1 50ug,759775-Ms FceR1Alp RY703 MAR-1 50ug,BDB-759775, $394 , 1 ,,,
26493,BLS,BDB,Biosciences,BDB,Biosciences,2200800,Research Reagents,PH220070022900,Research Core Cobalt,PH220080035750,Cobalt YG OptiBuild,PH220080041055,RY703 OptiBuild,PH220080051194,Mouse RY703 OptiBuild,759779,Ms IgDa RY703 AMS 9.1 50ug,759779-Ms IgDa RY703 AMS 9.1 50ug,BDB-759779, $390 , 1 ,,,
26494,BLS,BDB,Biosciences,BDB,Biosciences,2200800,Research Reagents,PH220070022900,Research Core Cobalt,PH220080035750,Cobalt YG OptiBuild,PH220080041055,RY703 OptiBuild,PH220080051194,Mouse RY703 OptiBuild,759797,Ms CD90.2 RY703 30-H12 50ug,759797-Ms CD90.2 RY703 30-H12 50ug,BDB-759797, $307 , 1 ,,,
26495,BLS,BDB,Biosciences,BDB,Biosciences,2200800,Research Reagents,PH220070022900,Research Core Cobalt,PH220080035750,Cobalt YG OptiBuild,PH220080041055,RY703 OptiBuild,PH220080051194,Mouse RY703 OptiBuild,759803,Ms IgG1 RY703 X56 50ug,759803-Ms IgG1 RY703 X56 50ug,BDB-759803, $300 , 1 ,,,
26496,BLS,BDB,Biosciences,BDB,Biosciences,2200800,Research Reagents,PH220070022900,Research Core Cobalt,PH220080035750,Cobalt YG OptiBuild,PH220080041055,RY703 OptiBuild,PH220080051194,Mouse RY703 OptiBuild,770017,Ms KLRG1 RY703 2F1 50ug,770017-Ms KLRG1 RY703 2F1 50ug,BDB-770017, $192 , 2 ,,,
26497,BLS,BDB,Biosciences,BDB,Biosciences,2200800,Research Reagents,PH220070022900,Research Core Cobalt,PH220080035750,Cobalt YG OptiBuild,PH220080041055,RY703 OptiBuild,PH220080051194,Mouse RY703 OptiBuild,770044,Ms CD326 RY703 G8.8 50ug,770044-Ms CD326 RY703 G8.8 50ug,BDB-770044, $318 , 2 ,,,
26498,BLS,BDB,Biosciences,BDB,Biosciences,2200800,Research Reagents,PH220070022900,Research Core Cobalt,PH220080035750,Cobalt YG OptiBuild,PH220080041055,RY703 OptiBuild,PH220080051194,Mouse RY703 OptiBuild,770059,Ms CD172a RY703 P84 50ug,770059-Ms CD172a RY703 P84 50ug,BDB-770059," $2,367 ", 8 ,,,
26499,BLS,BDB,Biosciences,BDB,Biosciences,2200800,Research Reagents,PH220070022900,Research Core Cobalt,PH220080035750,Cobalt YG OptiBuild,PH220080041055,RY703 OptiBuild,PH220080051194,Mouse RY703 OptiBuild,770078,Ms CD153 RY703 RM153 50ug,770078-Ms CD153 RY703 RM153 50ug,BDB-770078, $228 , 1 ,,,
26500,BLS,BDB,Biosciences,BDB,Biosciences,2200800,Research Reagents,PH220070022900,Research Core Cobalt,PH220080035750,Cobalt YG OptiBuild,PH220080041055,RY703 OptiBuild,PH220080051194,Mouse RY703 OptiBuild,770084,Ms CD161b RY703 2D9 50ug,770084-Ms CD161b RY703 2D9 50ug,BDB-770084," $1,361 ", 5 ,,,
26501,BLS,BDB,Biosciences,BDB,Biosciences,2200800,Research Reagents,PH220070022900,Research Core Cobalt,PH220080035750,Cobalt YG OptiBuild,PH220080041055,RY703 OptiBuild,PH220080051194,Mouse RY703 OptiBuild,770106,Ms TIM-4 RY703 RMT4-54 50ug,770106-Ms TIM-4 RY703 RMT4-54 50ug,BDB-770106," $1,701 ", 5 ,,,
26502,BLS,BDB,Biosciences,BDB,Biosciences,2200800,Research Reagents,PH220070022900,Research Core Cobalt,PH220080035750,Cobalt YG OptiBuild,PH220080041055,RY703 OptiBuild,PH220080051194,Mouse RY703 OptiBuild,770109,Ms CD1d RY703 1B1 50ug,770109-Ms CD1d RY703 1B1 50ug,BDB-770109," $1,018 ", 4 ,,,
26503,BLS,BDB,Biosciences,BDB,Biosciences,2200800,Research Reagents,PH220070022900,Research Core Cobalt,PH220080035750,Cobalt YG OptiBuild,PH220080041055,RY703 OptiBuild,PH220080051194,Mouse RY703 OptiBuild,770115,Ms CD54 RY703 YN1/1.7.4 50ug,770115-Ms CD54 RY703 YN1/1.7.4 50ug,BDB-770115," $1,013 ", 3 ,,,
26504,BLS,BDB,Biosciences,BDB,Biosciences,2200800,Research Reagents,PH220070022900,Research Core Cobalt,PH220080035750,Cobalt YG OptiBuild,PH220080041055,RY703 OptiBuild,PH220080051194,Mouse RY703 OptiBuild,770121,Ms Ly-76 RY703 TER-119 50ug,770121-Ms Ly-76 RY703 TER-119 50ug,BDB-770121, $264 , 1 ,,,
26505,BLS,BDB,Biosciences,BDB,Biosciences,2200800,Research Reagents,PH220070022900,Research Core Cobalt,PH220080035750,Cobalt YG OptiBuild,PH220080041055,RY703 OptiBuild,PH220080051194,Mouse RY703 OptiBuild,770124,Ms CD8a RY703 5H10-1 50ug,770124-Ms CD8a RY703 5H10-1 50ug,BDB-770124, $175 , 3 ,,,
26506,BLS,BDB,Biosciences,BDB,Biosciences,2200800,Research Reagents,PH220070022900,Research Core Cobalt,PH220080035750,Cobalt YG OptiBuild,PH220080041055,RY703 OptiBuild,PH220080051194,Mouse RY703 OptiBuild,770130,Ms Ly-108 RY703 13G3 50ug,770130-Ms Ly-108 RY703 13G3 50ug,BDB-770130," $1,714 ", 5 ,,,
26507,BLS,BDB,Biosciences,BDB,Biosciences,2200800,Research Reagents,PH220070022900,Research Core Cobalt,PH220080035750,Cobalt YG OptiBuild,PH220080041055,RY703 OptiBuild,PH220080051194,Mouse RY703 OptiBuild,770136,Rat CD90/Ms CD90.1 RY703 HIS51 50ug,770136-Rat CD90/Ms CD90.1 RY703 HIS51 50ug,BDB-770136, $724 , 2 ,,,
26508,BLS,BDB,Biosciences,BDB,Biosciences,2200800,Research Reagents,PH220070022900,Research Core Cobalt,PH220080035750,Cobalt YG OptiBuild,PH220080041055,RY703 OptiBuild,PH220080051194,Mouse RY703 OptiBuild,770139,Ms CD27 RY703 LG.3A10 50ug,770139-Ms CD27 RY703 LG.3A10 50ug,BDB-770139, $300 , 1 ,,,
26509,BLS,BDB,Biosciences,BDB,Biosciences,2200800,Research Reagents,PH220070022900,Research Core Cobalt,PH220080035750,Cobalt YG OptiBuild,PH220080041055,RY703 OptiBuild,PH220080051194,Mouse RY703 OptiBuild,770168,Ms F4/80 RY703 T45-2342 50ug,770168-Ms F4/80 RY703 T45-2342 50ug,BDB-770168," $5,753 ", 18 ,,,
26510,BLS,BDB,Biosciences,BDB,Biosciences,2200800,Research Reagents,PH220070022900,Research Core Cobalt,PH220080035750,Cobalt YG OptiBuild,PH220080041055,RY703 OptiBuild,PH220080051194,Mouse RY703 OptiBuild,770174,Ms Ly-49F RY703 HBF-719 50ug,770174-Ms Ly-49F RY703 HBF-719 50ug,BDB-770174, $312 , 1 ,,,
26511,BLS,BDB,Biosciences,BDB,Biosciences,2200800,Research Reagents,PH220070022900,Research Core Cobalt,PH220080035750,Cobalt YG OptiBuild,PH220080041055,RY703 OptiBuild,PH220080051194,Mouse RY703 OptiBuild,770182,Ms CD205 RY703 NLDC-145 50ug,770182-Ms CD205 RY703 NLDC-145 50ug,BDB-770182, $362 , 1 ,,,
26512,BLS,BDB,Biosciences,BDB,Biosciences,2200800,Research Reagents,PH220070022900,Research Core Cobalt,PH220080035750,Cobalt YG OptiBuild,PH220080041055,RY703 OptiBuild,PH220080051194,Mouse RY703 OptiBuild,770188,Ms TCR VBta8.1-8.2 RY703 MR5-2 50ug,770188-Ms TCR VBta8.1-8.2 RY703 MR5-2 50ug,BDB-770188," $1,770 ", 5 ,,,
26513,BLS,BDB,Biosciences,BDB,Biosciences,2200800,Research Reagents,PH220070022900,Research Core Cobalt,PH220080035750,Cobalt YG OptiBuild,PH220080041055,RY703 OptiBuild,PH220080051194,Mouse RY703 OptiBuild,770194,Ms CD272 RY703 6F7/BTLA 50ug,770194-Ms CD272 RY703 6F7/BTLA 50ug,BDB-770194, $92 , 1 ,,,
26514,BLS,BDB,Biosciences,BDB,Biosciences,2200800,Research Reagents,PH220070022900,Research Core Cobalt,PH220080035750,Cobalt YG OptiBuild,PH220080041055,RY703 OptiBuild,PH220080051194,Mouse RY703 OptiBuild,770206,Ms CD41 RY703 MWREG30 50ug,770206-Ms CD41 RY703 MWREG30 50ug,BDB-770206," $1,078 ", 3 ,,,
26515,BLS,BDB,Biosciences,BDB,Biosciences,2200800,Research Reagents,PH220070022900,Research Core Cobalt,PH220080035750,Cobalt YG OptiBuild,PH220080041055,RY703 OptiBuild,PH220080051194,Mouse RY703 OptiBuild,770241,Ms CD45.2 RY703 104 50ug,770241-Ms CD45.2 RY703 104 50ug,BDB-770241, $545 , 3 ,,,
26516,BLS,BDB,Biosciences,BDB,Biosciences,2200800,Research Reagents,PH220070022900,Research Core Cobalt,PH220080035750,Cobalt YG OptiBuild,PH220080041055,RY703 OptiBuild,PH220080051194,Mouse RY703 OptiBuild,770307,Rat CD90 Ms CD90.1 RY703 OX-7 50ug,770307-Rat CD90 Ms CD90.1 RY703 OX-7 50ug,BDB-770307, $297 , 1 ,,,
26517,BLS,BDB,Biosciences,BDB,Biosciences,2200800,Research Reagents,PH220070022900,Research Core Cobalt,PH220080035750,Cobalt YG OptiBuild,PH220080041055,RY703 OptiBuild,PH220080051194,Mouse RY703 OptiBuild,770313,Ms CD47 RY703 MIAP301 50ug,770313-Ms CD47 RY703 MIAP301 50ug,BDB-770313, $700 , 2 ,,,
26518,BLS,BDB,Biosciences,BDB,Biosciences,2200800,Research Reagents,PH220070022900,Research Core Cobalt,PH220080035750,Cobalt YG OptiBuild,PH220080041055,RY703 OptiBuild,PH220080051194,Mouse RY703 OptiBuild,770323,Ms CD40 RY703 3/23 50ug,770323-Ms CD40 RY703 3/23 50ug,BDB-770323, $654 , 2 ,,,
26519,BLS,BDB,Biosciences,BDB,Biosciences,2200800,Research Reagents,PH220070022900,Research Core Cobalt,PH220080035750,Cobalt YG OptiBuild,PH220080041055,RY703 OptiBuild,PH220080051194,Mouse RY703 OptiBuild,770367,Itgrn Bta 7 RY703 FIB504 50ug,770367-Itgrn Bta 7 RY703 FIB504 50ug,BDB-770367, $354 , 2 ,,,
26520,BLS,BDB,Biosciences,BDB,Biosciences,2200800,Research Reagents,PH220070022900,Research Core Cobalt,PH220080035750,Cobalt YG OptiBuild,PH220080041055,RY703 OptiBuild,PH220080051194,Mouse RY703 OptiBuild,770397,Ms CD304 RY703 V46-1954 50ug,770397-Ms CD304 RY703 V46-1954 50ug,BDB-770397, $359 , 1 ,,,
26521,BLS,BDB,Biosciences,BDB,Biosciences,2200800,Research Reagents,PH220070022900,Research Core Cobalt,PH220080035750,Cobalt YG OptiBuild,PH220080041055,RY703 OptiBuild,PH220080051194,Mouse RY703 OptiBuild,770406,Ms CD309 RY703 AVAS 12ALPHA1 50ug,770406-Ms CD309 RY703 AVAS 12ALPHA1 50ug,BDB-770406, $304 , 1 ,,,
26522,BLS,BDB,Biosciences,BDB,Biosciences,2200800,Research Reagents,PH220070022900,Research Core Cobalt,PH220080035750,Cobalt YG OptiBuild,PH220080041055,RY703 OptiBuild,PH220080051194,Mouse RY703 OptiBuild,770421,Ms CD115 RY703 T38-320 50ug,770421-Ms CD115 RY703 T38-320 50ug,BDB-770421, $537 , 2 ,,,
26523,BLS,BDB,Biosciences,BDB,Biosciences,2200800,Research Reagents,PH220070022900,Research Core Cobalt,PH220080035750,Cobalt YG OptiBuild,PH220080041055,RY703 OptiBuild,PH220080051194,Mouse RY703 OptiBuild,770433,Ms CD61 RY703 2C9.G2 50ug,770433-Ms CD61 RY703 2C9.G2 50ug,BDB-770433, $316 , 1 ,,,
26524,BLS,BDB,Biosciences,BDB,Biosciences,2200800,Research Reagents,PH220070022900,Research Core Cobalt,PH220080035750,Cobalt YG OptiBuild,PH220080041055,RY703 OptiBuild,PH220080051194,Mouse RY703 OptiBuild,770466,Ms CD125 RY703 T21 50ug,770466-Ms CD125 RY703 T21 50ug,BDB-770466, $258 , 1 ,,,
26525,BLS,BDB,Biosciences,BDB,Biosciences,2200800,Research Reagents,PH220070022900,Research Core Cobalt,PH220080035750,Cobalt YG OptiBuild,PH220080041055,RY703 OptiBuild,PH220080051194,Mouse RY703 OptiBuild,770490,Ms CD45RA RY703 14.8 50ug,770490-Ms CD45RA RY703 14.8 50ug,BDB-770490, $361 , 1 ,,,
26526,BLS,BDB,Biosciences,BDB,Biosciences,2200800,Research Reagents,PH220070022900,Research Core Cobalt,PH220080035750,Cobalt YG OptiBuild,PH220080041055,RY703 OptiBuild,PH220080051194,Mouse RY703 OptiBuild,770499,Ms CD16/CD32 RY703 2.4G2 50ug,770499-Ms CD16/CD32 RY703 2.4G2 50ug,BDB-770499, $391 , 2 ,,,
26527,BLS,BDB,Biosciences,BDB,Biosciences,2200800,Research Reagents,PH220070022900,Research Core Cobalt,PH220080035750,Cobalt YG OptiBuild,PH220080041055,RY703 OptiBuild,PH220080051194,Mouse RY703 OptiBuild,770502,Ms H-2Kb/H-2Db RY703 28-8-6 50ug,770502-Ms H-2Kb/H-2Db RY703 28-8-6 50ug,BDB-770502," $1,084 ", 4 ,,,
26528,BLS,BDB,Biosciences,BDB,Biosciences,2200800,Research Reagents,PH220070022900,Research Core Cobalt,PH220080035750,Cobalt YG OptiBuild,PH220080041055,RY703 OptiBuild,PH220080051194,Mouse RY703 OptiBuild,770515,Ms CD35 RY703 8C12 50ug,770515-Ms CD35 RY703 8C12 50ug,BDB-770515, $363 , 1 ,,,
26529,BLS,BDB,Biosciences,BDB,Biosciences,2200800,Research Reagents,PH220070022900,Research Core Cobalt,PH220080035750,Cobalt YG OptiBuild,PH220080041055,RY703 OptiBuild,PH220080051194,Mouse RY703 OptiBuild,770527,Ms CD249 RY703 BP-1 50ug,770527-Ms CD249 RY703 BP-1 50ug,BDB-770527," $1,077 ", 3 ,,,
26530,BLS,BDB,Biosciences,BDB,Biosciences,2200800,Research Reagents,PH220070022900,Research Core Cobalt,PH220080035750,Cobalt YG OptiBuild,PH220080041055,RY703 OptiBuild,PH220080051194,Mouse RY703 OptiBuild,770533,Rat CD134 RY703 OX-40 50ug,770533-Rat CD134 RY703 OX-40 50ug,BDB-770533, $(4), -   ,,,
26531,BLS,BDB,Biosciences,BDB,Biosciences,2200800,Research Reagents,PH220070022900,Research Core Cobalt,PH220080035750,Cobalt YG OptiBuild,PH220080041055,RY703 OptiBuild,PH220080051194,Mouse RY703 OptiBuild,770555,Ms CD154 RY703 MR1 50ug,770555-Ms CD154 RY703 MR1 50ug,BDB-770555, $-   , -   ,,,
26532,BLS,BDB,Biosciences,BDB,Biosciences,2200800,Research Reagents,PH220070022900,Research Core Cobalt,PH220080035750,Cobalt YG OptiBuild,PH220080041055,RY703 OptiBuild,PH220080051194,Mouse RY703 OptiBuild,770558,Ms Ly-49H RY703 3D10 50ug,770558-Ms Ly-49H RY703 3D10 50ug,BDB-770558, $349 , 1 ,,,
26533,BLS,BDB,Biosciences,BDB,Biosciences,2200800,Research Reagents,PH220070022900,Research Core Cobalt,PH220080035750,Cobalt YG OptiBuild,PH220080041055,RY703 OptiBuild,PH220080051194,Mouse RY703 OptiBuild,770568,Ms CD103 RY703 M290 50ug,770568-Ms CD103 RY703 M290 50ug,BDB-770568," $1,163 ", 4 ,,,
26534,BLS,BDB,Biosciences,BDB,Biosciences,2200800,Research Reagents,PH220070022900,Research Core Cobalt,PH220080035750,Cobalt YG OptiBuild,PH220080041055,RY703 OptiBuild,PH220080051194,Mouse RY703 OptiBuild,770583,Ms CD3e RY703 500A2 50ug,770583-Ms CD3e RY703 500A2 50ug,BDB-770583, $615 , 3 ,,,
26535,BLS,BDB,Biosciences,BDB,Biosciences,2200800,Research Reagents,PH220070022900,Research Core Cobalt,PH220080035750,Cobalt YG OptiBuild,PH220080041055,RY703 OptiBuild,PH220080051194,Mouse RY703 OptiBuild,770595,Ms CD44 RY703 IM7 50ug,770595-Ms CD44 RY703 IM7 50ug,BDB-770595," $2,207 ", 8 ,,,
26536,BLS,BDB,Biosciences,BDB,Biosciences,2200800,Research Reagents,PH220070022900,Research Core Cobalt,PH220080035750,Cobalt YG OptiBuild,PH220080041055,RY703 OptiBuild,PH220080051194,Mouse RY703 OptiBuild,770652,Ms CD317 RY703 927 50ug,770652-Ms CD317 RY703 927 50ug,BDB-770652, $357 , 2 ,,,
26537,BLS,BDB,Biosciences,BDB,Biosciences,2200800,Research Reagents,PH220070022900,Research Core Cobalt,PH220080035750,Cobalt YG OptiBuild,PH220080041055,RY703 OptiBuild,PH220080051194,Mouse RY703 OptiBuild,770661,Ms CD126 RY703 D7715A7 50ug,770661-Ms CD126 RY703 D7715A7 50ug,BDB-770661, $677 , 2 ,,,
26538,BLS,BDB,Biosciences,BDB,Biosciences,2200800,Research Reagents,PH220070022900,Research Core Cobalt,PH220080035750,Cobalt YG OptiBuild,PH220080041055,RY703 OptiBuild,PH220080051194,Mouse RY703 OptiBuild,770676,Ms CD192 RY703 475301 50ug,770676-Ms CD192 RY703 475301 50ug,BDB-770676, $888 , 3 ,,,
26539,BLS,BDB,Biosciences,BDB,Biosciences,2200800,Research Reagents,PH220070022900,Research Core Cobalt,PH220080035750,Cobalt YG OptiBuild,PH220080041055,RY703 OptiBuild,PH220080051194,Mouse RY703 OptiBuild,770691,Ms CD62L RY703 MEL-14 50ug,770691-Ms CD62L RY703 MEL-14 50ug,BDB-770691," $2,317 ", 8 ,,,
26540,BLS,BDB,Biosciences,BDB,Biosciences,2200800,Research Reagents,PH220070022900,Research Core Cobalt,PH220080035750,Cobalt YG OptiBuild,PH220080041055,RY703 OptiBuild,PH220080051194,Mouse RY703 OptiBuild,770746,Ms CD45 RY703 I3/2.3 50ug,770746-Ms CD45 RY703 I3/2.3 50ug,BDB-770746," $2,180 ", 6 ,,,
26541,BLS,BDB,Biosciences,BDB,Biosciences,2200800,Research Reagents,PH220070022900,Research Core Cobalt,PH220080035750,Cobalt YG OptiBuild,PH220080041055,RY703 OptiBuild,PH220080051194,Mouse RY703 OptiBuild,770775,Ms CD123 RY703 5B11 50ug,770775-Ms CD123 RY703 5B11 50ug,BDB-770775, $324 , 1 ,,,
26542,BLS,BDB,Biosciences,BDB,Biosciences,2200800,Research Reagents,PH220070022900,Research Core Cobalt,PH220080035750,Cobalt YG OptiBuild,PH220080041055,RY703 OptiBuild,PH220080051194,Mouse RY703 OptiBuild,770812,Ms CD195 RY703 C34-3448 50ug,770812-Ms CD195 RY703 C34-3448 50ug,BDB-770812, $707 , 2 ,,,
26543,BLS,BDB,Biosciences,BDB,Biosciences,2200800,Research Reagents,PH220070022900,Research Core Cobalt,PH220080035750,Cobalt YG OptiBuild,PH220080041055,RY703 OptiBuild,PH220080051194,Mouse RY703 OptiBuild,770815,Ms CD86 RY703 GL1 50ug,770815-Ms CD86 RY703 GL1 50ug,BDB-770815," $1,620 ", 6 ,,,
26544,BLS,BDB,Biosciences,BDB,Biosciences,2200800,Research Reagents,PH220070022900,Research Core Cobalt,PH220080035750,Cobalt YG OptiBuild,PH220080041055,RY703 OptiBuild,PH220080051194,Mouse RY703 OptiBuild,770824,Ms CD273 RY703 TY25 50ug,770824-Ms CD273 RY703 TY25 50ug,BDB-770824," $1,078 ", 4 ,,,
26545,BLS,BDB,Biosciences,BDB,Biosciences,2200800,Research Reagents,PH220070022900,Research Core Cobalt,PH220080035750,Cobalt YG OptiBuild,PH220080041055,RY703 OptiBuild,PH220080051194,Mouse RY703 OptiBuild,770863,Ms CD21/CD35 RY703 7E9 50ug,770863-Ms CD21/CD35 RY703 7E9 50ug,BDB-770863, $355 , 1 ,,,
26546,BLS,BDB,Biosciences,BDB,Biosciences,2200800,Research Reagents,PH220070022900,Research Core Cobalt,PH220080035750,Cobalt YG OptiBuild,PH220080041055,RY703 OptiBuild,PH220080051194,Mouse RY703 OptiBuild,770892,Ms CD103 RY703 2E7 50ug,770892-Ms CD103 RY703 2E7 50ug,BDB-770892," $1,574 ", 5 ,,,
26547,BLS,BDB,Biosciences,BDB,Biosciences,2200800,Research Reagents,PH220070022900,Research Core Cobalt,PH220080035750,Cobalt YG OptiBuild,PH220080041055,RY703 OptiBuild,PH220080051194,Mouse RY703 OptiBuild,770909,Ms TCR VBta6 RY703 RR4-7 50ug,770909-Ms TCR VBta6 RY703 RR4-7 50ug,BDB-770909, $550 , 2 ,,,
26548,BLS,BDB,Biosciences,BDB,Biosciences,2200800,Research Reagents,PH220070022900,Research Core Cobalt,PH220080035750,Cobalt YG OptiBuild,PH220080041055,RY703 OptiBuild,PH220080051194,Mouse RY703 OptiBuild,770912,Ms CD370 RY703 7H11 50ug,770912-Ms CD370 RY703 7H11 50ug,BDB-770912, $293 , 1 ,,,
26549,BLS,BDB,Biosciences,BDB,Biosciences,2200800,Research Reagents,PH220070022900,Research Core Cobalt,PH220080035750,Cobalt YG OptiBuild,PH220080041055,RY703 OptiBuild,PH220080051194,Mouse RY703 OptiBuild,770924,Ms CD3 RY703 17A2 50ug,770924-Ms CD3 RY703 17A2 50ug,BDB-770924," $1,910 ", 7 ,,,
26550,BLS,BDB,Biosciences,BDB,Biosciences,2200800,Research Reagents,PH220070022900,Research Core Cobalt,PH220080035750,Cobalt YG OptiBuild,PH220080041055,RY703 OptiBuild,PH220080051194,Mouse RY703 OptiBuild,770985,Ms Siglec-G RY703 SH1 50ug,770985-Ms Siglec-G RY703 SH1 50ug,BDB-770985, $504 , 1 ,,,
26551,BLS,BDB,Biosciences,BDB,Biosciences,2200800,Research Reagents,PH220070022900,Research Core Cobalt,PH220080035750,Cobalt YG OptiBuild,PH220080041055,RY703 OptiBuild,PH220080051194,Mouse RY703 OptiBuild,771005,Ms CD140a RY703 APA5 50ug,771005-Ms CD140a RY703 APA5 50ug,BDB-771005, $620 , 2 ,,,
26552,BLS,BDB,Biosciences,BDB,Biosciences,2200800,Research Reagents,PH220070022900,Research Core Cobalt,PH220080035750,Cobalt YG OptiBuild,PH220080041055,RY703 OptiBuild,PH220080051194,Mouse RY703 OptiBuild,771103,Ms CD31 RY703 390 50ug,771103-Ms CD31 RY703 390 50ug,BDB-771103, $195 , 1 ,,,
26553,BLS,BDB,Biosciences,BDB,Biosciences,2200800,Research Reagents,PH220070022900,Research Core Cobalt,PH220080035750,Cobalt YG OptiBuild,PH220080041055,RY703 OptiBuild,PH220080051194,Mouse RY703 OptiBuild,771106,Ms CD93 RY703 AA4.1 50ug,771106-Ms CD93 RY703 AA4.1 50ug,BDB-771106, $175 , 1 ,,,
26554,BLS,BDB,Biosciences,BDB,Biosciences,2200800,Research Reagents,PH220070022900,Research Core Cobalt,PH220080035750,Cobalt YG OptiBuild,PH220080041055,RY703 OptiBuild,PH220080051194,Mouse RY703 OptiBuild,771110,Ms IgG1a RY703 10.9 50ug,771110-Ms IgG1a RY703 10.9 50ug,BDB-771110, $355 , 1 ,,,
26555,BLS,BDB,Biosciences,BDB,Biosciences,2200800,Research Reagents,PH220070022900,Research Core Cobalt,PH220080035750,Cobalt YG OptiBuild,PH220080041055,RY703 OptiBuild,PH220080051194,Mouse RY703 OptiBuild,771126,Ms CD184 RY703 2B11/CXCR4 50ug,771126-Ms CD184 RY703 2B11/CXCR4 50ug,BDB-771126," $1,927 ", 6 ,,,
26556,BLS,BDB,Biosciences,BDB,Biosciences,2200800,Research Reagents,PH220070022900,Research Core Cobalt,PH220080035750,Cobalt YG OptiBuild,PH220080041055,RY703 OptiBuild,PH220080051194,Mouse RY703 OptiBuild,771132,Ms CD279 RY703 RMP1-30 50ug,771132-Ms CD279 RY703 RMP1-30 50ug,BDB-771132," $4,358 ", 14 ,,,
26557,BLS,BDB,Biosciences,BDB,Biosciences,2200800,Research Reagents,PH220070022900,Research Core Cobalt,PH220080035750,Cobalt YG OptiBuild,PH220080041055,RY703 OptiBuild,PH220080051194,Mouse RY703 OptiBuild,771167,Ms Ly-6C RY703 HK1.4.RMAB 50ug,771167-Ms Ly-6C RY703 HK1.4.RMAB 50ug,BDB-771167," $1,856 ", 6 ,,,
26558,BLS,BDB,Biosciences,BDB,Biosciences,2200800,Research Reagents,PH220070022900,Research Core Cobalt,PH220080035750,Cobalt YG OptiBuild,PH220080041055,RY703 OptiBuild,PH220080051194,Mouse RY703 OptiBuild,771207,Ms MAdCAM-1 RY703 MECA-89 50ug,771207-Ms MAdCAM-1 RY703 MECA-89 50ug,BDB-771207, $297 , 1 ,,,
26559,BLS,BDB,Biosciences,BDB,Biosciences,2200800,Research Reagents,PH220070022900,Research Core Cobalt,PH220080035750,Cobalt YG OptiBuild,PH220080041055,RY703 OptiBuild,PH220080051194,Mouse RY703 OptiBuild,771226,Ms CD16/CD32 RY703 AB93 50ug,771226-Ms CD16/CD32 RY703 AB93 50ug,BDB-771226, $302 , 1 ,,,
26560,BLS,BDB,Biosciences,BDB,Biosciences,2200800,Research Reagents,PH220070022900,Research Core Cobalt,PH220080035750,Cobalt YG OptiBuild,PH220080041055,RY703 OptiBuild,PH220080051194,Mouse RY703 OptiBuild,771251,Ms CD86 RY703 PO3 50ug,771251-Ms CD86 RY703 PO3 50ug,BDB-771251," $1,183 ", 6 ,,,
26561,BLS,BDB,Biosciences,BDB,Biosciences,2200800,Research Reagents,PH220070022900,Research Core Cobalt,PH220080035750,Cobalt YG OptiBuild,PH220080041055,RY703 OptiBuild,PH220080051194,Mouse RY703 OptiBuild,771272,Ms I-A/I-E RY703 M5/114.15.2 50ug,771272-Ms I-A/I-E RY703 M5/114.15.2 50ug,BDB-771272," $1,759 ", 6 ,,,
26562,BLS,BDB,Biosciences,BDB,Biosciences,2200800,Research Reagents,PH220070022900,Research Core Cobalt,PH220080035750,Cobalt YG OptiBuild,PH220080041055,RY703 OptiBuild,PH220080051194,Mouse RY703 OptiBuild,771281,Ms H-2 Class I RY703 M1/42 50ug,771281-Ms H-2 Class I RY703 M1/42 50ug,BDB-771281, $301 , 1 ,,,
26563,BLS,BDB,Biosciences,BDB,Biosciences,2200800,Research Reagents,PH220070022900,Research Core Cobalt,PH220080035750,Cobalt YG OptiBuild,PH220080041055,RY703 OptiBuild,PH220080051194,Mouse RY703 OptiBuild,771296,Ms IgG1 RY703 A85-1 50ug,771296-Ms IgG1 RY703 A85-1 50ug,BDB-771296, $300 , 1 ,,,
26564,BLS,BDB,Biosciences,BDB,Biosciences,2200800,Research Reagents,PH220070022900,Research Core Cobalt,PH220080035750,Cobalt YG OptiBuild,PH220080041055,RY703 OptiBuild,PH220080051194,Mouse RY703 OptiBuild,771349,Ms TCR GmaDta RY703 GL3 50ug,771349-Ms TCR GmaDta RY703 GL3 50ug,BDB-771349," $1,530 ", 5 ,,,
26565,BLS,BDB,Biosciences,BDB,Biosciences,2200800,Research Reagents,PH220070022900,Research Core Cobalt,PH220080035750,Cobalt YG OptiBuild,PH220080041055,RY703 OptiBuild,PH220080051194,Mouse RY703 OptiBuild,771364,Ms CD185 RY703 2G8 50ug,771364-Ms CD185 RY703 2G8 50ug,BDB-771364," $4,714 ", 15 ,,,
26566,BLS,BDB,Biosciences,BDB,Biosciences,2200800,Research Reagents,PH220070022900,Research Core Cobalt,PH220080035750,Cobalt YG OptiBuild,PH220080041055,RY703 OptiBuild,PH220080051194,Mouse RY703 OptiBuild,771427,Ms CD122 RY703 5H4 50ug,771427-Ms CD122 RY703 5H4 50ug,BDB-771427, $337 , 1 ,,,
26567,BLS,BDB,Biosciences,BDB,Biosciences,2200800,Research Reagents,PH220070022900,Research Core Cobalt,PH220080035750,Cobalt YG OptiBuild,PH220080041055,RY703 OptiBuild,PH220080051194,Mouse RY703 OptiBuild,771449,Ms CD49b RY703 HMA2 50ug,771449-Ms CD49b RY703 HMA2 50ug,BDB-771449," $1,665 ", 6 ,,,
26568,BLS,BDB,Biosciences,BDB,Biosciences,2200800,Research Reagents,PH220070022900,Research Core Cobalt,PH220080035750,Cobalt YG OptiBuild,PH220080041055,RY703 OptiBuild,PH220080051194,Mouse RY703 OptiBuild,771455,Ms I-A/I-E RY703 2G9 50ug,771455-Ms I-A/I-E RY703 2G9 50ug,BDB-771455, $700 , 4 ,,,
26569,BLS,BDB,Biosciences,BDB,Biosciences,2200800,Research Reagents,PH220070022900,Research Core Cobalt,PH220080035750,Cobalt YG OptiBuild,PH220080041055,RY703 OptiBuild,PH220080051194,Mouse RY703 OptiBuild,771458,Ms ESAM RY703 1G8/ESAM 50ug,771458-Ms ESAM RY703 1G8/ESAM 50ug,BDB-771458, $362 , 1 ,,,
26570,BLS,BDB,Biosciences,BDB,Biosciences,2200800,Research Reagents,PH220070022900,Research Core Cobalt,PH220080035750,Cobalt YG OptiBuild,PH220080041055,RY703 OptiBuild,PH220080051194,Mouse RY703 OptiBuild,771464,Ms CD54 RY703 3E2 50ug,771464-Ms CD54 RY703 3E2 50ug,BDB-771464, $392 , 2 ,,,
26571,BLS,BDB,Biosciences,BDB,Biosciences,2200800,Research Reagents,PH220070022900,Research Core Cobalt,PH220080035750,Cobalt YG OptiBuild,PH220080041055,RY703 OptiBuild,PH220080051194,Mouse RY703 OptiBuild,771467,Ms CD80 RY703 16-10A1 50ug,771467-Ms CD80 RY703 16-10A1 50ug,BDB-771467," $1,862 ", 7 ,,,
26572,BLS,BDB,Biosciences,BDB,Biosciences,2200800,Research Reagents,PH220070022900,Research Core Cobalt,PH220080035750,Cobalt YG OptiBuild,PH220080041055,RY703 OptiBuild,PH220080051194,Mouse RY703 OptiBuild,771510,Ms CD45.1 RY703 A20 50ug,771510-Ms CD45.1 RY703 A20 50ug,BDB-771510, $571 , 2 ,,,
26573,BLS,BDB,Biosciences,BDB,Biosciences,2200800,Research Reagents,PH220070022900,Research Core Cobalt,PH220080035750,Cobalt YG OptiBuild,PH220080041055,RY703 OptiBuild,PH220080051194,Mouse RY703 OptiBuild,771522,Ms CD115 RY703 AFS98 50ug,771522-Ms CD115 RY703 AFS98 50ug,BDB-771522, $759 , 3 ,,,
26574,BLS,BDB,Biosciences,BDB,Biosciences,2200800,Research Reagents,PH220070022900,Research Core Cobalt,PH220080035750,Cobalt YG OptiBuild,PH220080041055,RY703 OptiBuild,PH220080051194,Mouse RY703 OptiBuild,771551,Ms CD335 RY703 29A1.4 50ug,771551-Ms CD335 RY703 29A1.4 50ug,BDB-771551," $1,511 ", 5 ,,,
26575,BLS,BDB,Biosciences,BDB,Biosciences,2200800,Research Reagents,PH220070022900,Research Core Cobalt,PH220080035750,Cobalt YG OptiBuild,PH220080041055,RY703 OptiBuild,PH220080051194,Mouse RY703 OptiBuild,771557,Ms TCR VGma4 RY703 49.2/TCR VG4 50ug,771557-Ms TCR VGma4 RY703 49.2/TCR VG4 50ug,BDB-771557, $390 , 1 ,,,
26576,BLS,BDB,Biosciences,BDB,Biosciences,2200800,Research Reagents,PH220070022900,Research Core Cobalt,PH220080035750,Cobalt YG OptiBuild,PH220080041055,RY703 OptiBuild,PH220080051194,Mouse RY703 OptiBuild,771591,Ms IL-17 Receptor B RY703 6B7 50ug,771591-Ms IL-17 Receptor B RY703 6B7 50ug,BDB-771591, $390 , 1 ,,,
26577,BLS,BDB,Biosciences,BDB,Biosciences,2200800,Research Reagents,PH220070022900,Research Core Cobalt,PH220080035750,Cobalt YG OptiBuild,PH220080041055,RY703 OptiBuild,PH220080051194,Mouse RY703 OptiBuild,771609,Ms CD357 RY703 DTA-1 50ug,771609-Ms CD357 RY703 DTA-1 50ug,BDB-771609, $235 , 1 ,,,
26578,BLS,BDB,Biosciences,BDB,Biosciences,2200800,Research Reagents,PH220070022900,Research Core Cobalt,PH220080035750,Cobalt YG OptiBuild,PH220080041055,RY703 OptiBuild,PH220080051194,Mouse RY703 OptiBuild,771651,Ms CD38 RY703 90/CD38 50ug,771651-Ms CD38 RY703 90/CD38 50ug,BDB-771651," $1,844 ", 6 ,,,
26579,BLS,BDB,Biosciences,BDB,Biosciences,2200800,Research Reagents,PH220070022900,Research Core Cobalt,PH220080035750,Cobalt YG OptiBuild,PH220080041055,RY703 OptiBuild,PH220080051194,Mouse RY703 OptiBuild,771657,Ms IgM RY703 II/41 50ug,771657-Ms IgM RY703 II/41 50ug,BDB-771657, $370 , 1 ,,,
26580,BLS,BDB,Biosciences,BDB,Biosciences,2200800,Research Reagents,PH220070022900,Research Core Cobalt,PH220080035750,Cobalt YG OptiBuild,PH220080041055,RY703 OptiBuild,PH220080051194,Mouse RY703 OptiBuild,771693,Ms CD71 RY703 C2 50ug,771693-Ms CD71 RY703 C2 50ug,BDB-771693, $175 , 1 ,,,
26581,BLS,BDB,Biosciences,BDB,Biosciences,2200800,Research Reagents,PH220070022900,Research Core Cobalt,PH220080035750,Cobalt YG OptiBuild,PH220080041055,RY703 OptiBuild,PH220080051194,Mouse RY703 OptiBuild,771705,Ms CD20 RY703 GOT214A 50ug,771705-Ms CD20 RY703 GOT214A 50ug,BDB-771705, $546 , 2 ,,,
26582,BLS,BDB,Biosciences,BDB,Biosciences,2200800,Research Reagents,PH220070022900,Research Core Cobalt,PH220080035750,Cobalt YG OptiBuild,PH220080041055,RY703 OptiBuild,PH220080051194,Mouse RY703 OptiBuild,771715,Ms CD31 RY703 MEC 13.3 50ug,771715-Ms CD31 RY703 MEC 13.3 50ug,BDB-771715, $645 , 2 ,,,
26583,BLS,BDB,Biosciences,BDB,Biosciences,2200800,Research Reagents,PH220070022900,Research Core Cobalt,PH220080035750,Cobalt YG OptiBuild,PH220080041055,RY703 OptiBuild,PH220080051194,Mouse RY703 OptiBuild,771736,Ms IgDb RY703 217-170 50ug,771736-Ms IgDb RY703 217-170 50ug,BDB-771736, $219 , 1 ,,,
26584,BLS,BDB,Biosciences,BDB,Biosciences,2200800,Research Reagents,PH220070022900,Research Core Cobalt,PH220080035750,Cobalt YG OptiBuild,PH220080041055,RY703 OptiBuild,PH220080051194,Mouse RY703 OptiBuild,771748,Ms CD43 RY703 S7 50ug,771748-Ms CD43 RY703 S7 50ug,BDB-771748," $1,148 ", 4 ,,,
26585,BLS,BDB,Biosciences,BDB,Biosciences,2200800,Research Reagents,PH220070022900,Research Core Cobalt,PH220080035750,Cobalt YG OptiBuild,PH220080041055,RY703 OptiBuild,PH220080051194,Mouse RY703 OptiBuild,771775,Ms CD24 RY703 M1/69 50ug,771775-Ms CD24 RY703 M1/69 50ug,BDB-771775, $736 , 2 ,,,
26586,BLS,BDB,Biosciences,BDB,Biosciences,2200800,Research Reagents,PH220070022900,Research Core Cobalt,PH220080035750,Cobalt YG OptiBuild,PH220080041055,RY703 OptiBuild,PH220080051194,Mouse RY703 OptiBuild,771788,Ms Ly-6G/Ly-6C RY703 RB6-8C5 50ug,771788-Ms Ly-6G/Ly-6C RY703 RB6-8C5 50ug,BDB-771788, $600 , 3 ,,,
26587,BLS,BDB,Biosciences,BDB,Biosciences,2200800,Research Reagents,PH220070022900,Research Core Cobalt,PH220080035750,Cobalt YG OptiBuild,PH220080041055,RY703 OptiBuild,PH220080051194,Mouse RY703 OptiBuild,771800,Ms CD93 RY703 493 50ug,771800-Ms CD93 RY703 493 50ug,BDB-771800," $1,334 ", 4 ,,,
26588,BLS,BDB,Biosciences,BDB,Biosciences,2200800,Research Reagents,PH220070022900,Research Core Cobalt,PH220080035750,Cobalt YG OptiBuild,PH220080041055,RY703 OptiBuild,PH220080051194,Mouse RY703 OptiBuild,771810,Ms IgM RY703 R6-60.2 50ug,771810-Ms IgM RY703 R6-60.2 50ug,BDB-771810," $1,015 ", 3 ,,,
26589,BLS,BDB,Biosciences,BDB,Biosciences,2200800,Research Reagents,PH220070022900,Research Core Cobalt,PH220080035750,Cobalt YG OptiBuild,PH220080041055,RY703 OptiBuild,PH220080051194,Mouse RY703 OptiBuild,771813,Ms Ly-6G RY703 1A8 50ug,771813-Ms Ly-6G RY703 1A8 50ug,BDB-771813," $2,672 ", 9 ,,,
26590,BLS,BDB,Biosciences,BDB,Biosciences,2200800,Research Reagents,PH220070022900,Research Core Cobalt,PH220080035750,Cobalt YG OptiBuild,PH220080041055,RY703 OptiBuild,PH220080051194,Mouse RY703 OptiBuild,771851,Ms CD49d RY703 R1-2 50ug,771851-Ms CD49d RY703 R1-2 50ug,BDB-771851, $253 , 1 ,,,
26591,BLS,BDB,Biosciences,BDB,Biosciences,2200800,Research Reagents,PH220070022900,Research Core Cobalt,PH220080035750,Cobalt YG OptiBuild,PH220080041055,RY703 OptiBuild,PH220080051194,Mouse RY703 OptiBuild,771861,Ms Fol R Bta RY703 10/FR-B 50ug,771861-Ms Fol R Bta RY703 10/FR-B 50ug,BDB-771861, $372 , 1 ,,,
26592,BLS,BDB,Biosciences,BDB,Biosciences,2200800,Research Reagents,PH220070022900,Research Core Cobalt,PH220080035750,Cobalt YG OptiBuild,PH220080041055,RY703 OptiBuild,PH220080051194,Mouse RY703 OptiBuild,771950,Ms CD223 RY703 C9B7W 50ug,771950-Ms CD223 RY703 C9B7W 50ug,BDB-771950," $1,552 ", 6 ,,,
26593,BLS,BDB,Biosciences,BDB,Biosciences,2200800,Research Reagents,PH220070022900,Research Core Cobalt,PH220080035750,Cobalt YG OptiBuild,PH220080041055,RY703 OptiBuild,PH220080051194,Mouse RY703 OptiBuild,771965,Ms CD366 RY703 RMT3-23 50ug,771965-Ms CD366 RY703 RMT3-23 50ug,BDB-771965," $5,702 ", 18 ,,,
26594,BLS,BDB,Biosciences,BDB,Biosciences,2200800,Research Reagents,PH220070022900,Research Core Cobalt,PH220080035750,Cobalt YG OptiBuild,PH220080041055,RY703 OptiBuild,PH220080051194,Mouse RY703 OptiBuild,772007,Ms CD182 RY703 V48-2310 50ug,772007-Ms CD182 RY703 V48-2310 50ug,BDB-772007, $306 , 1 ,,,
26595,BLS,BDB,Biosciences,BDB,Biosciences,2200800,Research Reagents,PH220070022900,Research Core Cobalt,PH220080035750,Cobalt YG OptiBuild,PH220080041055,RY703 OptiBuild,PH220080051194,Mouse RY703 OptiBuild,772033,Ms CD279 RY703 J43 50ug,772033-Ms CD279 RY703 J43 50ug,BDB-772033, $196 , 1 ,,,
26596,BLS,BDB,Biosciences,BDB,Biosciences,2200800,Research Reagents,PH220070022900,Research Core Cobalt,PH220080035750,Cobalt YG OptiBuild,PH220080041055,RY703 OptiBuild,PH220080051194,Mouse RY703 OptiBuild,772049,Ms CD83 RY703 MICHEL-19 50ug,772049-Ms CD83 RY703 MICHEL-19 50ug,BDB-772049, $456 , 2 ,,,
26597,BLS,BDB,Biosciences,BDB,Biosciences,2200800,Research Reagents,PH220070022900,Research Core Cobalt,PH220080035750,Cobalt YG OptiBuild,PH220080041055,RY703 OptiBuild,PH220080051194,Mouse RY703 OptiBuild,772075,Ms CD183 RY703 CXCR3-173 50ug,772075-Ms CD183 RY703 CXCR3-173 50ug,BDB-772075," $1,101 ", 4 ,,,
26598,BLS,BDB,Biosciences,BDB,Biosciences,2200800,Research Reagents,PH220070022900,Research Core Cobalt,PH220080035750,Cobalt YG OptiBuild,PH220080041055,RY703 OptiBuild,PH220080051194,Mouse RY703 OptiBuild,772106,Ms CD88 RY703 20/70 50ug,772106-Ms CD88 RY703 20/70 50ug,BDB-772106, $195 , 1 ,,,
26599,BLS,BDB,Biosciences,BDB,Biosciences,2200800,Research Reagents,PH220070022900,Research Core Cobalt,PH220080035750,Cobalt YG OptiBuild,PH220080041055,RY703 OptiBuild,PH220080051194,Mouse RY703 OptiBuild,772129,Ms CD274 RY703 MIH5 50ug,772129-Ms CD274 RY703 MIH5 50ug,BDB-772129," $1,035 ", 3 ,,,
26600,BLS,BDB,Biosciences,BDB,Biosciences,2200800,Research Reagents,PH220070022900,Research Core Cobalt,PH220080035750,Cobalt YG OptiBuild,PH220080041055,RY703 OptiBuild,PH220080051195,Human RY703 OptiBuild,759785,Hu CD28 RY703 L293 50ug,759785-Hu CD28 RY703 L293 50ug,BDB-759785," $1,440 ", 4 ,,,
26601,BLS,BDB,Biosciences,BDB,Biosciences,2200800,Research Reagents,PH220070022900,Research Core Cobalt,PH220080035750,Cobalt YG OptiBuild,PH220080041055,RY703 OptiBuild,PH220080051195,Human RY703 OptiBuild,759808,Hu CD321 RY703 M.AB.F11 50ug,759808-Hu CD321 RY703 M.AB.F11 50ug,BDB-759808," $1,230 ", 5 ,,,
26602,BLS,BDB,Biosciences,BDB,Biosciences,2200800,Research Reagents,PH220070022900,Research Core Cobalt,PH220080035750,Cobalt YG OptiBuild,PH220080041055,RY703 OptiBuild,PH220080051195,Human RY703 OptiBuild,770023,Hu CD8 RY703 SK1 50ug,770023-Hu CD8 RY703 SK1 50ug,BDB-770023," $1,177 ", 3 ,,,
26603,BLS,BDB,Biosciences,BDB,Biosciences,2200800,Research Reagents,PH220070022900,Research Core Cobalt,PH220080035750,Cobalt YG OptiBuild,PH220080041055,RY703 OptiBuild,PH220080051195,Human RY703 OptiBuild,770024,Hu CD8 RY703 G42-8 50ug,770024-Hu CD8 RY703 G42-8 50ug,BDB-770024, $82 , 2 ,,,
26604,BLS,BDB,Biosciences,BDB,Biosciences,2200800,Research Reagents,PH220070022900,Research Core Cobalt,PH220080035750,Cobalt YG OptiBuild,PH220080041055,RY703 OptiBuild,PH220080051195,Human RY703 OptiBuild,770031,Hu CD49e RY703 IIA1 50ug,770031-Hu CD49e RY703 IIA1 50ug,BDB-770031, $386 , 1 ,,,
26605,BLS,BDB,Biosciences,BDB,Biosciences,2200800,Research Reagents,PH220070022900,Research Core Cobalt,PH220080035750,Cobalt YG OptiBuild,PH220080041055,RY703 OptiBuild,PH220080051195,Human RY703 OptiBuild,770034,Hu HLA-DR RY703 L203.RMAB 50ug,770034-Hu HLA-DR RY703 L203.RMAB 50ug,BDB-770034," $4,218 ", 13 ,,,
26606,BLS,BDB,Biosciences,BDB,Biosciences,2200800,Research Reagents,PH220070022900,Research Core Cobalt,PH220080035750,Cobalt YG OptiBuild,PH220080041055,RY703 OptiBuild,PH220080051195,Human RY703 OptiBuild,770041,Hu IgG2 RY703 HP6002 50ug,770041-Hu IgG2 RY703 HP6002 50ug,BDB-770041, $351 , 1 ,,,
26607,BLS,BDB,Biosciences,BDB,Biosciences,2200800,Research Reagents,PH220070022900,Research Core Cobalt,PH220080035750,Cobalt YG OptiBuild,PH220080041055,RY703 OptiBuild,PH220080051195,Human RY703 OptiBuild,770071,Hu CD163 RY703 GHI/61 50ug,770071-Hu CD163 RY703 GHI/61 50ug,BDB-770071," $1,518 ", 5 ,,,
26608,BLS,BDB,Biosciences,BDB,Biosciences,2200800,Research Reagents,PH220070022900,Research Core Cobalt,PH220080035750,Cobalt YG OptiBuild,PH220080041055,RY703 OptiBuild,PH220080051195,Human RY703 OptiBuild,770101,Hu EphB2 RY703 2H9 50ug,770101-Hu EphB2 RY703 2H9 50ug,BDB-770101, $706 , 2 ,,,
26609,BLS,BDB,Biosciences,BDB,Biosciences,2200800,Research Reagents,PH220070022900,Research Core Cobalt,PH220080035750,Cobalt YG OptiBuild,PH220080041055,RY703 OptiBuild,PH220080051195,Human RY703 OptiBuild,770118,Hu CD103 RY703 BER-ACT8 50ug,770118-Hu CD103 RY703 BER-ACT8 50ug,BDB-770118," $1,137 ", 3 ,,,
26610,BLS,BDB,Biosciences,BDB,Biosciences,2200800,Research Reagents,PH220070022900,Research Core Cobalt,PH220080035750,Cobalt YG OptiBuild,PH220080041055,RY703 OptiBuild,PH220080051195,Human RY703 OptiBuild,770127,Hu CD47 RY703 CC2C6 50ug,770127-Hu CD47 RY703 CC2C6 50ug,BDB-770127, $406 , 1 ,,,
26611,BLS,BDB,Biosciences,BDB,Biosciences,2200800,Research Reagents,PH220070022900,Research Core Cobalt,PH220080035750,Cobalt YG OptiBuild,PH220080041055,RY703 OptiBuild,PH220080051195,Human RY703 OptiBuild,770165,Hu CD98 RY703 UM7F8 50ug,770165-Hu CD98 RY703 UM7F8 50ug,BDB-770165, $303 , 1 ,,,
26612,BLS,BDB,Biosciences,BDB,Biosciences,2200800,Research Reagents,PH220070022900,Research Core Cobalt,PH220080035750,Cobalt YG OptiBuild,PH220080041055,RY703 OptiBuild,PH220080051195,Human RY703 OptiBuild,770178,Hu CD8 RY703 OKT8 50ug,770178-Hu CD8 RY703 OKT8 50ug,BDB-770178," $1,460 ", 7 ,,,
26613,BLS,BDB,Biosciences,BDB,Biosciences,2200800,Research Reagents,PH220070022900,Research Core Cobalt,PH220080035750,Cobalt YG OptiBuild,PH220080041055,RY703 OptiBuild,PH220080051195,Human RY703 OptiBuild,770191,Hu CD62L RY703 DREG-56 50ug,770191-Hu CD62L RY703 DREG-56 50ug,BDB-770191, $490 , 4 ,,,
26614,BLS,BDB,Biosciences,BDB,Biosciences,2200800,Research Reagents,PH220070022900,Research Core Cobalt,PH220080035750,Cobalt YG OptiBuild,PH220080041055,RY703 OptiBuild,PH220080051195,Human RY703 OptiBuild,770197,Hu CD300c RY703 TX45 50ug,770197-Hu CD300c RY703 TX45 50ug,BDB-770197, $392 , 1 ,,,
26615,BLS,BDB,Biosciences,BDB,Biosciences,2200800,Research Reagents,PH220070022900,Research Core Cobalt,PH220080035750,Cobalt YG OptiBuild,PH220080041055,RY703 OptiBuild,PH220080051195,Human RY703 OptiBuild,770216,Hu Trop-2 RY703 162-46 50ug,770216-Hu Trop-2 RY703 162-46 50ug,BDB-770216, $700 , 2 ,,,
26616,BLS,BDB,Biosciences,BDB,Biosciences,2200800,Research Reagents,PH220070022900,Research Core Cobalt,PH220080035750,Cobalt YG OptiBuild,PH220080041055,RY703 OptiBuild,PH220080051195,Human RY703 OptiBuild,770222,Hu CD134 RY703 L106 50ug,770222-Hu CD134 RY703 L106 50ug,BDB-770222, $557 , 1 ,,,
26617,BLS,BDB,Biosciences,BDB,Biosciences,2200800,Research Reagents,PH220070022900,Research Core Cobalt,PH220080035750,Cobalt YG OptiBuild,PH220080041055,RY703 OptiBuild,PH220080051195,Human RY703 OptiBuild,770231,Hu CD54 RY703 LB-2 50ug,770231-Hu CD54 RY703 LB-2 50ug,BDB-770231, $750 , 2 ,,,
26618,BLS,BDB,Biosciences,BDB,Biosciences,2200800,Research Reagents,PH220070022900,Research Core Cobalt,PH220080035750,Cobalt YG OptiBuild,PH220080041055,RY703 OptiBuild,PH220080051195,Human RY703 OptiBuild,770234,Hu TCR AlpBta RY703 IP26 50ug,770234-Hu TCR AlpBta RY703 IP26 50ug,BDB-770234," $2,611 ", 7 ,,,
26619,BLS,BDB,Biosciences,BDB,Biosciences,2200800,Research Reagents,PH220070022900,Research Core Cobalt,PH220080035750,Cobalt YG OptiBuild,PH220080041055,RY703 OptiBuild,PH220080051195,Human RY703 OptiBuild,770238,Hu CD123 RY703 6H6 50ug,770238-Hu CD123 RY703 6H6 50ug,BDB-770238, $296 , 1 ,,,
26620,BLS,BDB,Biosciences,BDB,Biosciences,2200800,Research Reagents,PH220070022900,Research Core Cobalt,PH220080035750,Cobalt YG OptiBuild,PH220080041055,RY703 OptiBuild,PH220080051195,Human RY703 OptiBuild,770247,Hu CD133 RY703 W6B3C1 50ug,770247-Hu CD133 RY703 W6B3C1 50ug,BDB-770247, $711 , 2 ,,,
26621,BLS,BDB,Biosciences,BDB,Biosciences,2200800,Research Reagents,PH220070022900,Research Core Cobalt,PH220080035750,Cobalt YG OptiBuild,PH220080041055,RY703 OptiBuild,PH220080051195,Human RY703 OptiBuild,770266,Hu CD169 RY703 7-239 50ug,770266-Hu CD169 RY703 7-239 50ug,BDB-770266, $759 , 2 ,,,
26622,BLS,BDB,Biosciences,BDB,Biosciences,2200800,Research Reagents,PH220070022900,Research Core Cobalt,PH220080035750,Cobalt YG OptiBuild,PH220080041055,RY703 OptiBuild,PH220080051195,Human RY703 OptiBuild,770269,Hu CD137L RY703 C65-485 50ug,770269-Hu CD137L RY703 C65-485 50ug,BDB-770269," $2,133 ", 7 ,,,
26623,BLS,BDB,Biosciences,BDB,Biosciences,2200800,Research Reagents,PH220070022900,Research Core Cobalt,PH220080035750,Cobalt YG OptiBuild,PH220080041055,RY703 OptiBuild,PH220080051195,Human RY703 OptiBuild,770301,Hu CD304 RY703 U21-1283 50ug,770301-Hu CD304 RY703 U21-1283 50ug,BDB-770301, $358 , 1 ,,,
26624,BLS,BDB,Biosciences,BDB,Biosciences,2200800,Research Reagents,PH220070022900,Research Core Cobalt,PH220080035750,Cobalt YG OptiBuild,PH220080041055,RY703 OptiBuild,PH220080051195,Human RY703 OptiBuild,770304,Hu CD40 RY703 HB14 50ug,770304-Hu CD40 RY703 HB14 50ug,BDB-770304, $449 , 1 ,,,
26625,BLS,BDB,Biosciences,BDB,Biosciences,2200800,Research Reagents,PH220070022900,Research Core Cobalt,PH220080035750,Cobalt YG OptiBuild,PH220080041055,RY703 OptiBuild,PH220080051195,Human RY703 OptiBuild,770310,Hu CD49d RY703 9F10 50ug,770310-Hu CD49d RY703 9F10 50ug,BDB-770310, $209 , 1 ,,,
26626,BLS,BDB,Biosciences,BDB,Biosciences,2200800,Research Reagents,PH220070022900,Research Core Cobalt,PH220080035750,Cobalt YG OptiBuild,PH220080041055,RY703 OptiBuild,PH220080051195,Human RY703 OptiBuild,770319,Hu CD33 RY703 WM53 50ug,770319-Hu CD33 RY703 WM53 50ug,BDB-770319, $706 , 2 ,,,
26627,BLS,BDB,Biosciences,BDB,Biosciences,2200800,Research Reagents,PH220070022900,Research Core Cobalt,PH220080035750,Cobalt YG OptiBuild,PH220080041055,RY703 OptiBuild,PH220080051195,Human RY703 OptiBuild,770332,Hu HLA-DQ RY703 TU169 50ug,770332-Hu HLA-DQ RY703 TU169 50ug,BDB-770332, $263 , 1 ,,,
26628,BLS,BDB,Biosciences,BDB,Biosciences,2200800,Research Reagents,PH220070022900,Research Core Cobalt,PH220080035750,Cobalt YG OptiBuild,PH220080041055,RY703 OptiBuild,PH220080051195,Human RY703 OptiBuild,770373,Hu CD273 RY703 MIH18 50ug,770373-Hu CD273 RY703 MIH18 50ug,BDB-770373, $453 , 1 ,,,
26629,BLS,BDB,Biosciences,BDB,Biosciences,2200800,Research Reagents,PH220070022900,Research Core Cobalt,PH220080035750,Cobalt YG OptiBuild,PH220080041055,RY703 OptiBuild,PH220080051195,Human RY703 OptiBuild,770382,Hu CD263 RY703 B-D44 50ug,770382-Hu CD263 RY703 B-D44 50ug,BDB-770382, $275 , 1 ,,,
26630,BLS,BDB,Biosciences,BDB,Biosciences,2200800,Research Reagents,PH220070022900,Research Core Cobalt,PH220080035750,Cobalt YG OptiBuild,PH220080041055,RY703 OptiBuild,PH220080051195,Human RY703 OptiBuild,770391,Hu IgE RY703 G7-26 50ug,770391-Hu IgE RY703 G7-26 50ug,BDB-770391, $378 , 1 ,,,
26631,BLS,BDB,Biosciences,BDB,Biosciences,2200800,Research Reagents,PH220070022900,Research Core Cobalt,PH220080035750,Cobalt YG OptiBuild,PH220080041055,RY703 OptiBuild,PH220080051195,Human RY703 OptiBuild,770394,Hu CD39 RY703 TU66 50ug,770394-Hu CD39 RY703 TU66 50ug,BDB-770394," $1,952 ", 6 ,,,
26632,BLS,BDB,Biosciences,BDB,Biosciences,2200800,Research Reagents,PH220070022900,Research Core Cobalt,PH220080035750,Cobalt YG OptiBuild,PH220080041055,RY703 OptiBuild,PH220080051195,Human RY703 OptiBuild,770416,Hu CD34 RY703 8G12 50ug,770416-Hu CD34 RY703 8G12 50ug,BDB-770416, $983 , 3 ,,,
26633,BLS,BDB,Biosciences,BDB,Biosciences,2200800,Research Reagents,PH220070022900,Research Core Cobalt,PH220080035750,Cobalt YG OptiBuild,PH220080041055,RY703 OptiBuild,PH220080051195,Human RY703 OptiBuild,770424,Hu CD73 RY703 AD2 50ug,770424-Hu CD73 RY703 AD2 50ug,BDB-770424, $863 , 3 ,,,
26634,BLS,BDB,Biosciences,BDB,Biosciences,2200800,Research Reagents,PH220070022900,Research Core Cobalt,PH220080035750,Cobalt YG OptiBuild,PH220080041055,RY703 OptiBuild,PH220080051195,Human RY703 OptiBuild,770430,Hu CD201 RY703 RCR-252 50ug,770430-Hu CD201 RY703 RCR-252 50ug,BDB-770430, $430 , 1 ,,,
26635,BLS,BDB,Biosciences,BDB,Biosciences,2200800,Research Reagents,PH220070022900,Research Core Cobalt,PH220080035750,Cobalt YG OptiBuild,PH220080041055,RY703 OptiBuild,PH220080051195,Human RY703 OptiBuild,770439,Hu CD195 RY703 2D7/CCR5 50ug,770439-Hu CD195 RY703 2D7/CCR5 50ug,BDB-770439, $354 , 1 ,,,
26636,BLS,BDB,Biosciences,BDB,Biosciences,2200800,Research Reagents,PH220070022900,Research Core Cobalt,PH220080035750,Cobalt YG OptiBuild,PH220080041055,RY703 OptiBuild,PH220080051195,Human RY703 OptiBuild,770445,Hu CD49c RY703 P1B5 50ug,770445-Hu CD49c RY703 P1B5 50ug,BDB-770445, $791 , 2 ,,,
26637,BLS,BDB,Biosciences,BDB,Biosciences,2200800,Research Reagents,PH220070022900,Research Core Cobalt,PH220080035750,Cobalt YG OptiBuild,PH220080041055,RY703 OptiBuild,PH220080051195,Human RY703 OptiBuild,770454,Hu CD307e RY703 509F6 50ug,770454-Hu CD307e RY703 509F6 50ug,BDB-770454," $1,432 ", 4 ,,,
26638,BLS,BDB,Biosciences,BDB,Biosciences,2200800,Research Reagents,PH220070022900,Research Core Cobalt,PH220080035750,Cobalt YG OptiBuild,PH220080041055,RY703 OptiBuild,PH220080051195,Human RY703 OptiBuild,770460,Hu CD54 RY703 HA58 50ug,770460-Hu CD54 RY703 HA58 50ug,BDB-770460, $350 , 1 ,,,
26639,BLS,BDB,Biosciences,BDB,Biosciences,2200800,Research Reagents,PH220070022900,Research Core Cobalt,PH220080035750,Cobalt YG OptiBuild,PH220080041055,RY703 OptiBuild,PH220080051195,Human RY703 OptiBuild,770463,Hu CD1a RY703 SK9 50ug,770463-Hu CD1a RY703 SK9 50ug,BDB-770463," $3,513 ", 9 ,,,
26640,BLS,BDB,Biosciences,BDB,Biosciences,2200800,Research Reagents,PH220070022900,Research Core Cobalt,PH220080035750,Cobalt YG OptiBuild,PH220080041055,RY703 OptiBuild,PH220080051195,Human RY703 OptiBuild,770487,Hu CD23 RY703 M-L233 50ug,770487-Hu CD23 RY703 M-L233 50ug,BDB-770487, $393 , 1 ,,,
26641,BLS,BDB,Biosciences,BDB,Biosciences,2200800,Research Reagents,PH220070022900,Research Core Cobalt,PH220080035750,Cobalt YG OptiBuild,PH220080041055,RY703 OptiBuild,PH220080051195,Human RY703 OptiBuild,770496,Hu CD226 RY703 DX11 50ug,770496-Hu CD226 RY703 DX11 50ug,BDB-770496," $2,086 ", 6 ,,,
26642,BLS,BDB,Biosciences,BDB,Biosciences,2200800,Research Reagents,PH220070022900,Research Core Cobalt,PH220080035750,Cobalt YG OptiBuild,PH220080041055,RY703 OptiBuild,PH220080051195,Human RY703 OptiBuild,770508,Hu CD314 RY703 1D11 50ug,770508-Hu CD314 RY703 1D11 50ug,BDB-770508," $2,358 ", 7 ,,,
26643,BLS,BDB,Biosciences,BDB,Biosciences,2200800,Research Reagents,PH220070022900,Research Core Cobalt,PH220080035750,Cobalt YG OptiBuild,PH220080041055,RY703 OptiBuild,PH220080051195,Human RY703 OptiBuild,770518,Hu TCR Gma Dta RY703 11F2 50ug,770518-Hu TCR Gma Dta RY703 11F2 50ug,BDB-770518," $5,805 ", 19 ,,,
26644,BLS,BDB,Biosciences,BDB,Biosciences,2200800,Research Reagents,PH220070022900,Research Core Cobalt,PH220080035750,Cobalt YG OptiBuild,PH220080041055,RY703 OptiBuild,PH220080051195,Human RY703 OptiBuild,770536,Hu CD20 RY703 L27 50ug,770536-Hu CD20 RY703 L27 50ug,BDB-770536," $1,069 ", 3 ,,,
26645,BLS,BDB,Biosciences,BDB,Biosciences,2200800,Research Reagents,PH220070022900,Research Core Cobalt,PH220080035750,Cobalt YG OptiBuild,PH220080041055,RY703 OptiBuild,PH220080051195,Human RY703 OptiBuild,770539,Hu HLA-DR RY703 L243 50ug,770539-Hu HLA-DR RY703 L243 50ug,BDB-770539," $11,182 ", 28 ,,,
26646,BLS,BDB,Biosciences,BDB,Biosciences,2200800,Research Reagents,PH220070022900,Research Core Cobalt,PH220080035750,Cobalt YG OptiBuild,PH220080041055,RY703 OptiBuild,PH220080051195,Human RY703 OptiBuild,770545,Hu EGF Receptor RY703 EGFR.1 50ug,770545-Hu EGF Receptor RY703 EGFR.1 50ug,BDB-770545, $288 , 1 ,,,
26647,BLS,BDB,Biosciences,BDB,Biosciences,2200800,Research Reagents,PH220070022900,Research Core Cobalt,PH220080035750,Cobalt YG OptiBuild,PH220080041055,RY703 OptiBuild,PH220080051195,Human RY703 OptiBuild,770552,Ms CD26 RY703 H194-112 50ug,770552-Ms CD26 RY703 H194-112 50ug,BDB-770552, $323 , 1 ,,,
26648,BLS,BDB,Biosciences,BDB,Biosciences,2200800,Research Reagents,PH220070022900,Research Core Cobalt,PH220080035750,Cobalt YG OptiBuild,PH220080041055,RY703 OptiBuild,PH220080051195,Human RY703 OptiBuild,770561,Hu CD58 RY703 1C3 50ug,770561-Hu CD58 RY703 1C3 50ug,BDB-770561, $366 , 1 ,,,
26649,BLS,BDB,Biosciences,BDB,Biosciences,2200800,Research Reagents,PH220070022900,Research Core Cobalt,PH220080035750,Cobalt YG OptiBuild,PH220080041055,RY703 OptiBuild,PH220080051195,Human RY703 OptiBuild,770567,Hu CD14 RY703 M5E2 50ug,770567-Hu CD14 RY703 M5E2 50ug,BDB-770567," $3,109 ", 11 ,,,
26650,BLS,BDB,Biosciences,BDB,Biosciences,2200800,Research Reagents,PH220070022900,Research Core Cobalt,PH220080035750,Cobalt YG OptiBuild,PH220080041055,RY703 OptiBuild,PH220080051195,Human RY703 OptiBuild,770571,Hu CD71 RY703 L01.1 50ug,770571-Hu CD71 RY703 L01.1 50ug,BDB-770571," $1,326 ", 4 ,,,
26651,BLS,BDB,Biosciences,BDB,Biosciences,2200800,Research Reagents,PH220070022900,Research Core Cobalt,PH220080035750,Cobalt YG OptiBuild,PH220080041055,RY703 OptiBuild,PH220080051195,Human RY703 OptiBuild,770574,Hu CD1c RY703 F10/21A3 50ug,770574-Hu CD1c RY703 F10/21A3 50ug,BDB-770574," $4,805 ", 14 ,,,
26652,BLS,BDB,Biosciences,BDB,Biosciences,2200800,Research Reagents,PH220070022900,Research Core Cobalt,PH220080035750,Cobalt YG OptiBuild,PH220080041055,RY703 OptiBuild,PH220080051195,Human RY703 OptiBuild,770580,Hu CD43 RY703 L60 50ug,770580-Hu CD43 RY703 L60 50ug,BDB-770580, $421 , 1 ,,,
26653,BLS,BDB,Biosciences,BDB,Biosciences,2200800,Research Reagents,PH220070022900,Research Core Cobalt,PH220080035750,Cobalt YG OptiBuild,PH220080041055,RY703 OptiBuild,PH220080051195,Human RY703 OptiBuild,770598,Hu CD140b RY703 28D4 50ug,770598-Hu CD140b RY703 28D4 50ug,BDB-770598, $816 , 2 ,,,
26654,BLS,BDB,Biosciences,BDB,Biosciences,2200800,Research Reagents,PH220070022900,Research Core Cobalt,PH220080035750,Cobalt YG OptiBuild,PH220080041055,RY703 OptiBuild,PH220080051195,Human RY703 OptiBuild,770611,Hu CD16b RY703 CLB-GRAN11.5 50ug,770611-Hu CD16b RY703 CLB-GRAN11.5 50ug,BDB-770611, $387 , 1 ,,,
26655,BLS,BDB,Biosciences,BDB,Biosciences,2200800,Research Reagents,PH220070022900,Research Core Cobalt,PH220080035750,Cobalt YG OptiBuild,PH220080041055,RY703 OptiBuild,PH220080051195,Human RY703 OptiBuild,770614,Hu CD40 RY703 5C3 50ug,770614-Hu CD40 RY703 5C3 50ug,BDB-770614, $526 , 2 ,,,
26656,BLS,BDB,Biosciences,BDB,Biosciences,2200800,Research Reagents,PH220070022900,Research Core Cobalt,PH220080035750,Cobalt YG OptiBuild,PH220080041055,RY703 OptiBuild,PH220080051195,Human RY703 OptiBuild,770617,Hu CD158b1/b2/j RY703 DX27 50ug,770617-Hu CD158b1/b2/j RY703 DX27 50ug,BDB-770617," $1,193 ", 3 ,,,
26657,BLS,BDB,Biosciences,BDB,Biosciences,2200800,Research Reagents,PH220070022900,Research Core Cobalt,PH220080035750,Cobalt YG OptiBuild,PH220080041055,RY703 OptiBuild,PH220080051195,Human RY703 OptiBuild,770633,Hu CD212 RY703 2.4E6 50ug,770633-Hu CD212 RY703 2.4E6 50ug,BDB-770633, $563 , 1 ,,,
26658,BLS,BDB,Biosciences,BDB,Biosciences,2200800,Research Reagents,PH220070022900,Research Core Cobalt,PH220080035750,Cobalt YG OptiBuild,PH220080041055,RY703 OptiBuild,PH220080051195,Human RY703 OptiBuild,770637,Hu VISTA RY703 MIH65.RMAB 50ug,770637-Hu VISTA RY703 MIH65.RMAB 50ug,BDB-770637, $430 , 1 ,,,
26659,BLS,BDB,Biosciences,BDB,Biosciences,2200800,Research Reagents,PH220070022900,Research Core Cobalt,PH220080035750,Cobalt YG OptiBuild,PH220080041055,RY703 OptiBuild,PH220080051195,Human RY703 OptiBuild,770643,Hu CD36 RY703 CLB-IVC7 50ug,770643-Hu CD36 RY703 CLB-IVC7 50ug,BDB-770643, $410 , 1 ,,,
26660,BLS,BDB,Biosciences,BDB,Biosciences,2200800,Research Reagents,PH220070022900,Research Core Cobalt,PH220080035750,Cobalt YG OptiBuild,PH220080041055,RY703 OptiBuild,PH220080051195,Human RY703 OptiBuild,770649,Hu CD186 RY703 13B 1E5 50ug,770649-Hu CD186 RY703 13B 1E5 50ug,BDB-770649," $1,891 ", 5 ,,,
26661,BLS,BDB,Biosciences,BDB,Biosciences,2200800,Research Reagents,PH220070022900,Research Core Cobalt,PH220080035750,Cobalt YG OptiBuild,PH220080041055,RY703 OptiBuild,PH220080051195,Human RY703 OptiBuild,770655,Ms Ly-6A/E RY703 D7 50ug,770655-Ms Ly-6A/E RY703 D7 50ug,BDB-770655," $1,020 ", 4 ,,,
26662,BLS,BDB,Biosciences,BDB,Biosciences,2200800,Research Reagents,PH220070022900,Research Core Cobalt,PH220080035750,Cobalt YG OptiBuild,PH220080041055,RY703 OptiBuild,PH220080051195,Human RY703 OptiBuild,770682,Hu CD226 RY703 11A8 50ug,770682-Hu CD226 RY703 11A8 50ug,BDB-770682," $1,182 ", 3 ,,,
26663,BLS,BDB,Biosciences,BDB,Biosciences,2200800,Research Reagents,PH220070022900,Research Core Cobalt,PH220080035750,Cobalt YG OptiBuild,PH220080041055,RY703 OptiBuild,PH220080051195,Human RY703 OptiBuild,770688,Hu CD33 RY703 HIM3-4 50ug,770688-Hu CD33 RY703 HIM3-4 50ug,BDB-770688," $1,270 ", 3 ,,,
26664,BLS,BDB,Biosciences,BDB,Biosciences,2200800,Research Reagents,PH220070022900,Research Core Cobalt,PH220080035750,Cobalt YG OptiBuild,PH220080041055,RY703 OptiBuild,PH220080051195,Human RY703 OptiBuild,770700,Hu CD2 RY703 RPA-2.10 50ug,770700-Hu CD2 RY703 RPA-2.10 50ug,BDB-770700," $1,320 ", 4 ,,,
26665,BLS,BDB,Biosciences,BDB,Biosciences,2200800,Research Reagents,PH220070022900,Research Core Cobalt,PH220080035750,Cobalt YG OptiBuild,PH220080041055,RY703 OptiBuild,PH220080051195,Human RY703 OptiBuild,770722,Hu CD206 RY703 15-2 50ug,770722-Hu CD206 RY703 15-2 50ug,BDB-770722," $3,071 ", 8 ,,,
26666,BLS,BDB,Biosciences,BDB,Biosciences,2200800,Research Reagents,PH220070022900,Research Core Cobalt,PH220080035750,Cobalt YG OptiBuild,PH220080041055,RY703 OptiBuild,PH220080051195,Human RY703 OptiBuild,770725,Hu CD278 RY703 DX29 50ug,770725-Hu CD278 RY703 DX29 50ug,BDB-770725," $4,532 ", 12 ,,,
26667,BLS,BDB,Biosciences,BDB,Biosciences,2200800,Research Reagents,PH220070022900,Research Core Cobalt,PH220080035750,Cobalt YG OptiBuild,PH220080041055,RY703 OptiBuild,PH220080051195,Human RY703 OptiBuild,770737,Hu CD185 RY703 RF8B2 50ug,770737-Hu CD185 RY703 RF8B2 50ug,BDB-770737," $2,690 ", 7 ,,,
26668,BLS,BDB,Biosciences,BDB,Biosciences,2200800,Research Reagents,PH220070022900,Research Core Cobalt,PH220080035750,Cobalt YG OptiBuild,PH220080041055,RY703 OptiBuild,PH220080051195,Human RY703 OptiBuild,770794,Hu CD11a RY703 G25.2 50ug,770794-Hu CD11a RY703 G25.2 50ug,BDB-770794," $1,016 ", 3 ,,,
26669,BLS,BDB,Biosciences,BDB,Biosciences,2200800,Research Reagents,PH220070022900,Research Core Cobalt,PH220080035750,Cobalt YG OptiBuild,PH220080041055,RY703 OptiBuild,PH220080051195,Human RY703 OptiBuild,770803,Hu CD4 RY703 OKT4 50ug,770803-Hu CD4 RY703 OKT4 50ug,BDB-770803," $3,329 ", 9 ,,,
26670,BLS,BDB,Biosciences,BDB,Biosciences,2200800,Research Reagents,PH220070022900,Research Core Cobalt,PH220080035750,Cobalt YG OptiBuild,PH220080041055,RY703 OptiBuild,PH220080051195,Human RY703 OptiBuild,770818,Ms TCR Bta RY703 H57-597 50ug,770818-Ms TCR Bta RY703 H57-597 50ug,BDB-770818," $2,151 ", 7 ,,,
26671,BLS,BDB,Biosciences,BDB,Biosciences,2200800,Research Reagents,PH220070022900,Research Core Cobalt,PH220080035750,Cobalt YG OptiBuild,PH220080041055,RY703 OptiBuild,PH220080051195,Human RY703 OptiBuild,770821,Hu CD26 RY703 M-A261 50ug,770821-Hu CD26 RY703 M-A261 50ug,BDB-770821, $886 , 2 ,,,
26672,BLS,BDB,Biosciences,BDB,Biosciences,2200800,Research Reagents,PH220070022900,Research Core Cobalt,PH220080035750,Cobalt YG OptiBuild,PH220080041055,RY703 OptiBuild,PH220080051195,Human RY703 OptiBuild,770831,Hu CD197 RY703 2-L1-A 50ug,770831-Hu CD197 RY703 2-L1-A 50ug,BDB-770831," $2,298 ", 8 ,,,
26673,BLS,BDB,Biosciences,BDB,Biosciences,2200800,Research Reagents,PH220070022900,Research Core Cobalt,PH220080035750,Cobalt YG OptiBuild,PH220080041055,RY703 OptiBuild,PH220080051195,Human RY703 OptiBuild,770838,Ms CD140b RY703 APB5 50ug,770838-Ms CD140b RY703 APB5 50ug,BDB-770838, $563 , 2 ,,,
26674,BLS,BDB,Biosciences,BDB,Biosciences,2200800,Research Reagents,PH220070022900,Research Core Cobalt,PH220080035750,Cobalt YG OptiBuild,PH220080041055,RY703 OptiBuild,PH220080051195,Human RY703 OptiBuild,770841,Hu CD80 RY703 2D10.4 50ug,770841-Hu CD80 RY703 2D10.4 50ug,BDB-770841, $987 , 3 ,,,
26675,BLS,BDB,Biosciences,BDB,Biosciences,2200800,Research Reagents,PH220070022900,Research Core Cobalt,PH220080035750,Cobalt YG OptiBuild,PH220080041055,RY703 OptiBuild,PH220080051195,Human RY703 OptiBuild,770845,Hu CD14 RY703 63D3.RMAB 50ug,770845-Hu CD14 RY703 63D3.RMAB 50ug,BDB-770845, $423 , 1 ,,,
26676,BLS,BDB,Biosciences,BDB,Biosciences,2200800,Research Reagents,PH220070022900,Research Core Cobalt,PH220080035750,Cobalt YG OptiBuild,PH220080041055,RY703 OptiBuild,PH220080051195,Human RY703 OptiBuild,770872,Hu c-Met RY703 3D6 50ug,770872-Hu c-Met RY703 3D6 50ug,BDB-770872, $352 , 1 ,,,
26677,BLS,BDB,Biosciences,BDB,Biosciences,2200800,Research Reagents,PH220070022900,Research Core Cobalt,PH220080035750,Cobalt YG OptiBuild,PH220080041055,RY703 OptiBuild,PH220080051195,Human RY703 OptiBuild,770898,Hu CD194 RY703 1G1 50ug,770898-Hu CD194 RY703 1G1 50ug,BDB-770898, $828 , 2 ,,,
26678,BLS,BDB,Biosciences,BDB,Biosciences,2200800,Research Reagents,PH220070022900,Research Core Cobalt,PH220080035750,Cobalt YG OptiBuild,PH220080041055,RY703 OptiBuild,PH220080051195,Human RY703 OptiBuild,770907,Hu CD31 RY703 WM59 50ug,770907-Hu CD31 RY703 WM59 50ug,BDB-770907, $252 , 1 ,,,
26679,BLS,BDB,Biosciences,BDB,Biosciences,2200800,Research Reagents,PH220070022900,Research Core Cobalt,PH220080035750,Cobalt YG OptiBuild,PH220080041055,RY703 OptiBuild,PH220080051195,Human RY703 OptiBuild,770933,Hu AKP RY703 B4-78 50ug,770933-Hu AKP RY703 B4-78 50ug,BDB-770933, $877 , 2 ,,,
26680,BLS,BDB,Biosciences,BDB,Biosciences,2200800,Research Reagents,PH220070022900,Research Core Cobalt,PH220080035750,Cobalt YG OptiBuild,PH220080041055,RY703 OptiBuild,PH220080051195,Human RY703 OptiBuild,770936,Hu CD1d RY703 CD1D42 50ug,770936-Hu CD1d RY703 CD1D42 50ug,BDB-770936, $533 , 2 ,,,
26681,BLS,BDB,Biosciences,BDB,Biosciences,2200800,Research Reagents,PH220070022900,Research Core Cobalt,PH220080035750,Cobalt YG OptiBuild,PH220080041055,RY703 OptiBuild,PH220080051195,Human RY703 OptiBuild,770939,Hu CD275 RY703 2D3/B7-H2 50ug,770939-Hu CD275 RY703 2D3/B7-H2 50ug,BDB-770939," $1,413 ", 4 ,,,
26682,BLS,BDB,Biosciences,BDB,Biosciences,2200800,Research Reagents,PH220070022900,Research Core Cobalt,PH220080035750,Cobalt YG OptiBuild,PH220080041055,RY703 OptiBuild,PH220080051195,Human RY703 OptiBuild,770953,Hu CD27 RY703 L128 50ug,770953-Hu CD27 RY703 L128 50ug,BDB-770953, $642 , 2 ,,,
26683,BLS,BDB,Biosciences,BDB,Biosciences,2200800,Research Reagents,PH220070022900,Research Core Cobalt,PH220080035750,Cobalt YG OptiBuild,PH220080041055,RY703 OptiBuild,PH220080051195,Human RY703 OptiBuild,770958,Hu CD154 RY703 TRAP1 50ug,770958-Hu CD154 RY703 TRAP1 50ug,BDB-770958," $1,847 ", 6 ,,,
26684,BLS,BDB,Biosciences,BDB,Biosciences,2200800,Research Reagents,PH220070022900,Research Core Cobalt,PH220080035750,Cobalt YG OptiBuild,PH220080041055,RY703 OptiBuild,PH220080051195,Human RY703 OptiBuild,770988,Hu CD146 RY703 P1H12 50ug,770988-Hu CD146 RY703 P1H12 50ug,BDB-770988, $675 , 2 ,,,
26685,BLS,BDB,Biosciences,BDB,Biosciences,2200800,Research Reagents,PH220070022900,Research Core Cobalt,PH220080035750,Cobalt YG OptiBuild,PH220080041055,RY703 OptiBuild,PH220080051195,Human RY703 OptiBuild,770991,Hu CD116 RY703 HGMCSFR-M1 50ug,770991-Hu CD116 RY703 HGMCSFR-M1 50ug,BDB-770991, $325 , 1 ,,,
26686,BLS,BDB,Biosciences,BDB,Biosciences,2200800,Research Reagents,PH220070022900,Research Core Cobalt,PH220080035750,Cobalt YG OptiBuild,PH220080041055,RY703 OptiBuild,PH220080051195,Human RY703 OptiBuild,770994,Hu CD307a RY703 E3 50ug,770994-Hu CD307a RY703 E3 50ug,BDB-770994, $585 , 1 ,,,
26687,BLS,BDB,Biosciences,BDB,Biosciences,2200800,Research Reagents,PH220070022900,Research Core Cobalt,PH220080035750,Cobalt YG OptiBuild,PH220080041055,RY703 OptiBuild,PH220080051195,Human RY703 OptiBuild,770998,Hu CD161 RY703 HP-3G10 50ug,770998-Hu CD161 RY703 HP-3G10 50ug,BDB-770998, $425 , 1 ,,,
26688,BLS,BDB,Biosciences,BDB,Biosciences,2200800,Research Reagents,PH220070022900,Research Core Cobalt,PH220080035750,Cobalt YG OptiBuild,PH220080041055,RY703 OptiBuild,PH220080051195,Human RY703 OptiBuild,771012,Hu CD200 RY703 MRC OX-104 50ug,771012-Hu CD200 RY703 MRC OX-104 50ug,BDB-771012, $991 , 4 ,,,
26689,BLS,BDB,Biosciences,BDB,Biosciences,2200800,Research Reagents,PH220070022900,Research Core Cobalt,PH220080035750,Cobalt YG OptiBuild,PH220080041055,RY703 OptiBuild,PH220080051195,Human RY703 OptiBuild,771016,Hu CD243 RY703 UIC2 50ug,771016-Hu CD243 RY703 UIC2 50ug,BDB-771016, $871 , 2 ,,,
26690,BLS,BDB,Biosciences,BDB,Biosciences,2200800,Research Reagents,PH220070022900,Research Core Cobalt,PH220080035750,Cobalt YG OptiBuild,PH220080041055,RY703 OptiBuild,PH220080051195,Human RY703 OptiBuild,771019,Hu CD5 RY703 L17F12 50ug,771019-Hu CD5 RY703 L17F12 50ug,BDB-771019," $2,234 ", 6 ,,,
26691,BLS,BDB,Biosciences,BDB,Biosciences,2200800,Research Reagents,PH220070022900,Research Core Cobalt,PH220080035750,Cobalt YG OptiBuild,PH220080041055,RY703 OptiBuild,PH220080051195,Human RY703 OptiBuild,771026,Hu CD10 RY703 MEM-78 50ug,771026-Hu CD10 RY703 MEM-78 50ug,BDB-771026, $651 , 2 ,,,
26692,BLS,BDB,Biosciences,BDB,Biosciences,2200800,Research Reagents,PH220070022900,Research Core Cobalt,PH220080035750,Cobalt YG OptiBuild,PH220080041055,RY703 OptiBuild,PH220080051195,Human RY703 OptiBuild,771029,Hu IgM RY703 UCH-B1 50ug,771029-Hu IgM RY703 UCH-B1 50ug,BDB-771029," $1,897 ", 6 ,,,
26693,BLS,BDB,Biosciences,BDB,Biosciences,2200800,Research Reagents,PH220070022900,Research Core Cobalt,PH220080035750,Cobalt YG OptiBuild,PH220080041055,RY703 OptiBuild,PH220080051195,Human RY703 OptiBuild,771032,Hu CD272 RY703 J168-540 50ug,771032-Hu CD272 RY703 J168-540 50ug,BDB-771032, $330 , 1 ,,,
26694,BLS,BDB,Biosciences,BDB,Biosciences,2200800,Research Reagents,PH220070022900,Research Core Cobalt,PH220080035750,Cobalt YG OptiBuild,PH220080041055,RY703 OptiBuild,PH220080051195,Human RY703 OptiBuild,771041,Hu KLRG1 RY703 Z7-205.RMAB 50ug,771041-Hu KLRG1 RY703 Z7-205.RMAB 50ug,BDB-771041, $450 , 2 ,,,
26695,BLS,BDB,Biosciences,BDB,Biosciences,2200800,Research Reagents,PH220070022900,Research Core Cobalt,PH220080035750,Cobalt YG OptiBuild,PH220080041055,RY703 OptiBuild,PH220080051195,Human RY703 OptiBuild,771053,Hu CD49a RY703 TS2/7 50ug,771053-Hu CD49a RY703 TS2/7 50ug,BDB-771053," $1,334 ", 4 ,,,
26696,BLS,BDB,Biosciences,BDB,Biosciences,2200800,Research Reagents,PH220070022900,Research Core Cobalt,PH220080035750,Cobalt YG OptiBuild,PH220080041055,RY703 OptiBuild,PH220080051195,Human RY703 OptiBuild,771056,Hu CD140a RY703 16A1 50ug,771056-Hu CD140a RY703 16A1 50ug,BDB-771056, $409 , 1 ,,,
26697,BLS,BDB,Biosciences,BDB,Biosciences,2200800,Research Reagents,PH220070022900,Research Core Cobalt,PH220080035750,Cobalt YG OptiBuild,PH220080041055,RY703 OptiBuild,PH220080051195,Human RY703 OptiBuild,771136,Hu CD134 RY703 ACT35 50ug,771136-Hu CD134 RY703 ACT35 50ug,BDB-771136, $797 , 2 ,,,
26698,BLS,BDB,Biosciences,BDB,Biosciences,2200800,Research Reagents,PH220070022900,Research Core Cobalt,PH220080035750,Cobalt YG OptiBuild,PH220080041055,RY703 OptiBuild,PH220080051195,Human RY703 OptiBuild,771146,Hu D52 RY703 HI186 50ug,771146-Hu D52 RY703 HI186 50ug,BDB-771146, $449 , 2 ,,,
26699,BLS,BDB,Biosciences,BDB,Biosciences,2200800,Research Reagents,PH220070022900,Research Core Cobalt,PH220080035750,Cobalt YG OptiBuild,PH220080041055,RY703 OptiBuild,PH220080051195,Human RY703 OptiBuild,771149,Hu CD177 RY703 MEM-166 50ug,771149-Hu CD177 RY703 MEM-166 50ug,BDB-771149, $-   , 1 ,,,
26700,BLS,BDB,Biosciences,BDB,Biosciences,2200800,Research Reagents,PH220070022900,Research Core Cobalt,PH220080035750,Cobalt YG OptiBuild,PH220080041055,RY703 OptiBuild,PH220080051195,Human RY703 OptiBuild,771170,Hu CD80 RY703 L307.4 50ug,771170-Hu CD80 RY703 L307.4 50ug,BDB-771170, $825 , 2 ,,,
26701,BLS,BDB,Biosciences,BDB,Biosciences,2200800,Research Reagents,PH220070022900,Research Core Cobalt,PH220080035750,Cobalt YG OptiBuild,PH220080041055,RY703 OptiBuild,PH220080051195,Human RY703 OptiBuild,771182,Hu CD32 RY703 FLI8.26 50ug,771182-Hu CD32 RY703 FLI8.26 50ug,BDB-771182, $287 , 1 ,,,
26702,BLS,BDB,Biosciences,BDB,Biosciences,2200800,Research Reagents,PH220070022900,Research Core Cobalt,PH220080035750,Cobalt YG OptiBuild,PH220080041055,RY703 OptiBuild,PH220080051195,Human RY703 OptiBuild,771191,Hu CD198 RY703 433H 50ug,771191-Hu CD198 RY703 433H 50ug,BDB-771191, $433 , 1 ,,,
26703,BLS,BDB,Biosciences,BDB,Biosciences,2200800,Research Reagents,PH220070022900,Research Core Cobalt,PH220080035750,Cobalt YG OptiBuild,PH220080041055,RY703 OptiBuild,PH220080051195,Human RY703 OptiBuild,771204,Hu CD32 RY703 3D3 50ug,771204-Hu CD32 RY703 3D3 50ug,BDB-771204, $328 , 1 ,,,
26704,BLS,BDB,Biosciences,BDB,Biosciences,2200800,Research Reagents,PH220070022900,Research Core Cobalt,PH220080035750,Cobalt YG OptiBuild,PH220080041055,RY703 OptiBuild,PH220080051195,Human RY703 OptiBuild,771213,Hu CD38 RY703 HB7 50ug,771213-Hu CD38 RY703 HB7 50ug,BDB-771213," $1,997 ", 6 ,,,
26705,BLS,BDB,Biosciences,BDB,Biosciences,2200800,Research Reagents,PH220070022900,Research Core Cobalt,PH220080035750,Cobalt YG OptiBuild,PH220080041055,RY703 OptiBuild,PH220080051195,Human RY703 OptiBuild,771216,Hu CD49a RY703 SR84 50ug,771216-Hu CD49a RY703 SR84 50ug,BDB-771216, $205 , 1 ,,,
26706,BLS,BDB,Biosciences,BDB,Biosciences,2200800,Research Reagents,PH220070022900,Research Core Cobalt,PH220080035750,Cobalt YG OptiBuild,PH220080041055,RY703 OptiBuild,PH220080051195,Human RY703 OptiBuild,771220,Hu CD340 RY703 24D2 50ug,771220-Hu CD340 RY703 24D2 50ug,BDB-771220, $349 , 1 ,,,
26707,BLS,BDB,Biosciences,BDB,Biosciences,2200800,Research Reagents,PH220070022900,Research Core Cobalt,PH220080035750,Cobalt YG OptiBuild,PH220080041055,RY703 OptiBuild,PH220080051195,Human RY703 OptiBuild,771234,Hu CD158e1 RY703 DX9 50ug,771234-Hu CD158e1 RY703 DX9 50ug,BDB-771234, $459 , 1 ,,,
26708,BLS,BDB,Biosciences,BDB,Biosciences,2200800,Research Reagents,PH220070022900,Research Core Cobalt,PH220080035750,Cobalt YG OptiBuild,PH220080041055,RY703 OptiBuild,PH220080051195,Human RY703 OptiBuild,771299,Hu CAT1 (SLC7A1) RY703 CA2 50ug,771299-Hu CAT1 (SLC7A1) RY703 CA2 50ug,BDB-771299, $267 , 1 ,,,
26709,BLS,BDB,Biosciences,BDB,Biosciences,2200800,Research Reagents,PH220070022900,Research Core Cobalt,PH220080035750,Cobalt YG OptiBuild,PH220080041055,RY703 OptiBuild,PH220080051195,Human RY703 OptiBuild,771302,Hu CD34 RY703 563 50ug,771302-Hu CD34 RY703 563 50ug,BDB-771302," $1,251 ", 3 ,,,
26710,BLS,BDB,Biosciences,BDB,Biosciences,2200800,Research Reagents,PH220070022900,Research Core Cobalt,PH220080035750,Cobalt YG OptiBuild,PH220080041055,RY703 OptiBuild,PH220080051195,Human RY703 OptiBuild,771331,Hu CD18 RY703 MAB 24 50ug,771331-Hu CD18 RY703 MAB 24 50ug,BDB-771331, $351 , 1 ,,,
26711,BLS,BDB,Biosciences,BDB,Biosciences,2200800,Research Reagents,PH220070022900,Research Core Cobalt,PH220080035750,Cobalt YG OptiBuild,PH220080041055,RY703 OptiBuild,PH220080051195,Human RY703 OptiBuild,771343,Hu CD42b RY703 HIP1 50ug,771343-Hu CD42b RY703 HIP1 50ug,BDB-771343, $438 , 1 ,,,
26712,BLS,BDB,Biosciences,BDB,Biosciences,2200800,Research Reagents,PH220070022900,Research Core Cobalt,PH220080035750,Cobalt YG OptiBuild,PH220080041055,RY703 OptiBuild,PH220080051195,Human RY703 OptiBuild,771352,Hu CD64 RY703 MD22 50ug,771352-Hu CD64 RY703 MD22 50ug,BDB-771352, $358 , 1 ,,,
26713,BLS,BDB,Biosciences,BDB,Biosciences,2200800,Research Reagents,PH220070022900,Research Core Cobalt,PH220080035750,Cobalt YG OptiBuild,PH220080041055,RY703 OptiBuild,PH220080051195,Human RY703 OptiBuild,771403,Hu CD206 RY703 19.2 50ug,771403-Hu CD206 RY703 19.2 50ug,BDB-771403," $1,206 ", 4 ,,,
26714,BLS,BDB,Biosciences,BDB,Biosciences,2200800,Research Reagents,PH220070022900,Research Core Cobalt,PH220080035750,Cobalt YG OptiBuild,PH220080041055,RY703 OptiBuild,PH220080051195,Human RY703 OptiBuild,771418,Hu TIGIT RY703 TGMAB-2 50ug,771418-Hu TIGIT RY703 TGMAB-2 50ug,BDB-771418," $3,997 ", 11 ,,,
26715,BLS,BDB,Biosciences,BDB,Biosciences,2200800,Research Reagents,PH220070022900,Research Core Cobalt,PH220080035750,Cobalt YG OptiBuild,PH220080041055,RY703 OptiBuild,PH220080051195,Human RY703 OptiBuild,771461,Hu CD197 RY703 3D12 50ug,771461-Hu CD197 RY703 3D12 50ug,BDB-771461, $477 , 2 ,,,
26716,BLS,BDB,Biosciences,BDB,Biosciences,2200800,Research Reagents,PH220070022900,Research Core Cobalt,PH220080035750,Cobalt YG OptiBuild,PH220080041055,RY703 OptiBuild,PH220080051195,Human RY703 OptiBuild,771470,Hu CD163 RY703 MAC2-158 50ug,771470-Hu CD163 RY703 MAC2-158 50ug,BDB-771470," $1,003 ", 3 ,,,
26717,BLS,BDB,Biosciences,BDB,Biosciences,2200800,Research Reagents,PH220070022900,Research Core Cobalt,PH220080035750,Cobalt YG OptiBuild,PH220080041055,RY703 OptiBuild,PH220080051195,Human RY703 OptiBuild,771497,Hu HLA-ABC RY703 G46-2.6 50ug,771497-Hu HLA-ABC RY703 G46-2.6 50ug,BDB-771497, $358 , 1 ,,,
26718,BLS,BDB,Biosciences,BDB,Biosciences,2200800,Research Reagents,PH220070022900,Research Core Cobalt,PH220080035750,Cobalt YG OptiBuild,PH220080041055,RY703 OptiBuild,PH220080051195,Human RY703 OptiBuild,771531,Hu CD27 RY703 O323 50ug,771531-Hu CD27 RY703 O323 50ug,BDB-771531," $2,638 ", 7 ,,,
26719,BLS,BDB,Biosciences,BDB,Biosciences,2200800,Research Reagents,PH220070022900,Research Core Cobalt,PH220080035750,Cobalt YG OptiBuild,PH220080041055,RY703 OptiBuild,PH220080051195,Human RY703 OptiBuild,771554,Hu CD71 RY703 M-A712 50ug,771554-Hu CD71 RY703 M-A712 50ug,BDB-771554, $349 , 2 ,,,
26720,BLS,BDB,Biosciences,BDB,Biosciences,2200800,Research Reagents,PH220070022900,Research Core Cobalt,PH220080035750,Cobalt YG OptiBuild,PH220080041055,RY703 OptiBuild,PH220080051195,Human RY703 OptiBuild,771560,Hu CD49b RY703 AK-7 50ug,771560-Hu CD49b RY703 AK-7 50ug,BDB-771560, $808 , 2 ,,,
26721,BLS,BDB,Biosciences,BDB,Biosciences,2200800,Research Reagents,PH220070022900,Research Core Cobalt,PH220080035750,Cobalt YG OptiBuild,PH220080041055,RY703 OptiBuild,PH220080051195,Human RY703 OptiBuild,771566,Hu LGR5 RY703 8F2 50ug,771566-Hu LGR5 RY703 8F2 50ug,BDB-771566, $58 , 1 ,,,
26722,BLS,BDB,Biosciences,BDB,Biosciences,2200800,Research Reagents,PH220070022900,Research Core Cobalt,PH220080035750,Cobalt YG OptiBuild,PH220080041055,RY703 OptiBuild,PH220080051195,Human RY703 OptiBuild,771575,Hu CD24 RY703 ML5 50ug,771575-Hu CD24 RY703 ML5 50ug,BDB-771575, $228 , 1 ,,,
26723,BLS,BDB,Biosciences,BDB,Biosciences,2200800,Research Reagents,PH220070022900,Research Core Cobalt,PH220080035750,Cobalt YG OptiBuild,PH220080041055,RY703 OptiBuild,PH220080051195,Human RY703 OptiBuild,771582,Hu CD11c RY703 3.9 50ug,771582-Hu CD11c RY703 3.9 50ug,BDB-771582," $3,486 ", 9 ,,,
26724,BLS,BDB,Biosciences,BDB,Biosciences,2200800,Research Reagents,PH220070022900,Research Core Cobalt,PH220080035750,Cobalt YG OptiBuild,PH220080041055,RY703 OptiBuild,PH220080051195,Human RY703 OptiBuild,771603,Hu CD248 RY703 B1/35 50ug,771603-Hu CD248 RY703 B1/35 50ug,BDB-771603, $822 , 2 ,,,
26725,BLS,BDB,Biosciences,BDB,Biosciences,2200800,Research Reagents,PH220070022900,Research Core Cobalt,PH220080035750,Cobalt YG OptiBuild,PH220080041055,RY703 OptiBuild,PH220080051195,Human RY703 OptiBuild,771612,Hu IgG3 RY703 HP6050 50ug,771612-Hu IgG3 RY703 HP6050 50ug,BDB-771612, $270 , 1 ,,,
26726,BLS,BDB,Biosciences,BDB,Biosciences,2200800,Research Reagents,PH220070022900,Research Core Cobalt,PH220080035750,Cobalt YG OptiBuild,PH220080041055,RY703 OptiBuild,PH220080051195,Human RY703 OptiBuild,771615,Hu CD141 RY703 1A4 50ug,771615-Hu CD141 RY703 1A4 50ug,BDB-771615, $830 , 2 ,,,
26727,BLS,BDB,Biosciences,BDB,Biosciences,2200800,Research Reagents,PH220070022900,Research Core Cobalt,PH220080035750,Cobalt YG OptiBuild,PH220080041055,RY703 OptiBuild,PH220080051195,Human RY703 OptiBuild,771627,Hu CX3CR1 RY703 2A9-1 50ug,771627-Hu CX3CR1 RY703 2A9-1 50ug,BDB-771627," $1,416 ", 5 ,,,
26728,BLS,BDB,Biosciences,BDB,Biosciences,2200800,Research Reagents,PH220070022900,Research Core Cobalt,PH220080035750,Cobalt YG OptiBuild,PH220080041055,RY703 OptiBuild,PH220080051195,Human RY703 OptiBuild,771645,Hu GPR56 RY703 CG4.RMAB 50ug,771645-Hu GPR56 RY703 CG4.RMAB 50ug,BDB-771645, $267 , 1 ,,,
26729,BLS,BDB,Biosciences,BDB,Biosciences,2200800,Research Reagents,PH220070022900,Research Core Cobalt,PH220080035750,Cobalt YG OptiBuild,PH220080041055,RY703 OptiBuild,PH220080051195,Human RY703 OptiBuild,771667,Hu CD117 RY703 104D2 50ug,771667-Hu CD117 RY703 104D2 50ug,BDB-771667," $4,614 ", 13 ,,,
26730,BLS,BDB,Biosciences,BDB,Biosciences,2200800,Research Reagents,PH220070022900,Research Core Cobalt,PH220080035750,Cobalt YG OptiBuild,PH220080041055,RY703 OptiBuild,PH220080051195,Human RY703 OptiBuild,771673,Hu CD13 RY703 WM15 50ug,771673-Hu CD13 RY703 WM15 50ug,BDB-771673," $2,502 ", 6 ,,,
26731,BLS,BDB,Biosciences,BDB,Biosciences,2200800,Research Reagents,PH220070022900,Research Core Cobalt,PH220080035750,Cobalt YG OptiBuild,PH220080041055,RY703 OptiBuild,PH220080051195,Human RY703 OptiBuild,771676,Hu CD161 RY703 DX12 50ug,771676-Hu CD161 RY703 DX12 50ug,BDB-771676," $1,582 ", 5 ,,,
26732,BLS,BDB,Biosciences,BDB,Biosciences,2200800,Research Reagents,PH220070022900,Research Core Cobalt,PH220080035750,Cobalt YG OptiBuild,PH220080041055,RY703 OptiBuild,PH220080051195,Human RY703 OptiBuild,771690,Hu CD36 RY703 FA6-152 50ug,771690-Hu CD36 RY703 FA6-152 50ug,BDB-771690, $699 , 2 ,,,
26733,BLS,BDB,Biosciences,BDB,Biosciences,2200800,Research Reagents,PH220070022900,Research Core Cobalt,PH220080035750,Cobalt YG OptiBuild,PH220080041055,RY703 OptiBuild,PH220080051195,Human RY703 OptiBuild,771702,Hu CD62L RY703 SK11 50ug,771702-Hu CD62L RY703 SK11 50ug,BDB-771702, $949 , 3 ,,,
26734,BLS,BDB,Biosciences,BDB,Biosciences,2200800,Research Reagents,PH220070022900,Research Core Cobalt,PH220080035750,Cobalt YG OptiBuild,PH220080041055,RY703 OptiBuild,PH220080051195,Human RY703 OptiBuild,771745,Hu CD199 RY703 C9MAB-1 50ug,771745-Hu CD199 RY703 C9MAB-1 50ug,BDB-771745, $205 , 1 ,,,
26735,BLS,BDB,Biosciences,BDB,Biosciences,2200800,Research Reagents,PH220070022900,Research Core Cobalt,PH220080035750,Cobalt YG OptiBuild,PH220080041055,RY703 OptiBuild,PH220080051195,Human RY703 OptiBuild,771754,Hu CD223 RY703 T47-530 50ug,771754-Hu CD223 RY703 T47-530 50ug,BDB-771754," $4,273 ", 14 ,,,
26736,BLS,BDB,Biosciences,BDB,Biosciences,2200800,Research Reagents,PH220070022900,Research Core Cobalt,PH220080035750,Cobalt YG OptiBuild,PH220080041055,RY703 OptiBuild,PH220080051195,Human RY703 OptiBuild,771760,Hu CD132 RY703 TUGH4 50ug,771760-Hu CD132 RY703 TUGH4 50ug,BDB-771760, $492 , 1 ,,,
26737,BLS,BDB,Biosciences,BDB,Biosciences,2200800,Research Reagents,PH220070022900,Research Core Cobalt,PH220080035750,Cobalt YG OptiBuild,PH220080041055,RY703 OptiBuild,PH220080051195,Human RY703 OptiBuild,771771,Hu TCR VAlp7.2 RY703 OF-5A12 50ug,771771-Hu TCR VAlp7.2 RY703 OF-5A12 50ug,BDB-771771, $407 , 1 ,,,
26738,BLS,BDB,Biosciences,BDB,Biosciences,2200800,Research Reagents,PH220070022900,Research Core Cobalt,PH220080035750,Cobalt YG OptiBuild,PH220080041055,RY703 OptiBuild,PH220080051195,Human RY703 OptiBuild,771785,Hu CD33 RY703 P67.6 50ug,771785-Hu CD33 RY703 P67.6 50ug,BDB-771785, $430 , 1 ,,,
26739,BLS,BDB,Biosciences,BDB,Biosciences,2200800,Research Reagents,PH220070022900,Research Core Cobalt,PH220080035750,Cobalt YG OptiBuild,PH220080041055,RY703 OptiBuild,PH220080051195,Human RY703 OptiBuild,771807,Hu CD196 RY703 11A9 50ug,771807-Hu CD196 RY703 11A9 50ug,BDB-771807," $1,873 ", 6 ,,,
26740,BLS,BDB,Biosciences,BDB,Biosciences,2200800,Research Reagents,PH220070022900,Research Core Cobalt,PH220080035750,Cobalt YG OptiBuild,PH220080041055,RY703 OptiBuild,PH220080051195,Human RY703 OptiBuild,771816,Hu CD23 RY703 EBVCS-5 50ug,771816-Hu CD23 RY703 EBVCS-5 50ug,BDB-771816," $1,048 ", 3 ,,,
26741,BLS,BDB,Biosciences,BDB,Biosciences,2200800,Research Reagents,PH220070022900,Research Core Cobalt,PH220080035750,Cobalt YG OptiBuild,PH220080041055,RY703 OptiBuild,PH220080051195,Human RY703 OptiBuild,771837,Hu CD91 RY703 A2MR-A2 50ug,771837-Hu CD91 RY703 A2MR-A2 50ug,BDB-771837, $-   , 1 ,,,
26742,BLS,BDB,Biosciences,BDB,Biosciences,2200800,Research Reagents,PH220070022900,Research Core Cobalt,PH220080035750,Cobalt YG OptiBuild,PH220080041055,RY703 OptiBuild,PH220080051195,Human RY703 OptiBuild,771881,Hu CD338 RY703 5D3/CD338 50ug,771881-Hu CD338 RY703 5D3/CD338 50ug,BDB-771881, $421 , 1 ,,,
26743,BLS,BDB,Biosciences,BDB,Biosciences,2200800,Research Reagents,PH220070022900,Research Core Cobalt,PH220080035750,Cobalt YG OptiBuild,PH220080041055,RY703 OptiBuild,PH220080051195,Human RY703 OptiBuild,771884,Hu CD162 RY703 KPL-1 50ug,771884-Hu CD162 RY703 KPL-1 50ug,BDB-771884, $590 , 2 ,,,
26744,BLS,BDB,Biosciences,BDB,Biosciences,2200800,Research Reagents,PH220070022900,Research Core Cobalt,PH220080035750,Cobalt YG OptiBuild,PH220080041055,RY703 OptiBuild,PH220080051195,Human RY703 OptiBuild,771887,Hu CD85j RY703 GHI/75 50ug,771887-Hu CD85j RY703 GHI/75 50ug,BDB-771887, $750 , 2 ,,,
26745,BLS,BDB,Biosciences,BDB,Biosciences,2200800,Research Reagents,PH220070022900,Research Core Cobalt,PH220080035750,Cobalt YG OptiBuild,PH220080041055,RY703 OptiBuild,PH220080051195,Human RY703 OptiBuild,771899,Hu CD193 RY703 5E8 50ug,771899-Hu CD193 RY703 5E8 50ug,BDB-771899, $683 , 2 ,,,
26746,BLS,BDB,Biosciences,BDB,Biosciences,2200800,Research Reagents,PH220070022900,Research Core Cobalt,PH220080035750,Cobalt YG OptiBuild,PH220080041055,RY703 OptiBuild,PH220080051195,Human RY703 OptiBuild,771903,Hu CD137 RY703 4B4-1 50ug,771903-Hu CD137 RY703 4B4-1 50ug,BDB-771903," $2,735 ", 8 ,,,
26747,BLS,BDB,Biosciences,BDB,Biosciences,2200800,Research Reagents,PH220070022900,Research Core Cobalt,PH220080035750,Cobalt YG OptiBuild,PH220080041055,RY703 OptiBuild,PH220080051195,Human RY703 OptiBuild,771923,Ms CD9 RY703 KMC8 50ug,771923-Ms CD9 RY703 KMC8 50ug,BDB-771923, $355 , 1 ,,,
26748,BLS,BDB,Biosciences,BDB,Biosciences,2200800,Research Reagents,PH220070022900,Research Core Cobalt,PH220080035750,Cobalt YG OptiBuild,PH220080041055,RY703 OptiBuild,PH220080051195,Human RY703 OptiBuild,771944,Hu CD337 RY703 P30-15 50ug,771944-Hu CD337 RY703 P30-15 50ug,BDB-771944," $1,237 ", 4 ,,,
26749,BLS,BDB,Biosciences,BDB,Biosciences,2200800,Research Reagents,PH220070022900,Research Core Cobalt,PH220080035750,Cobalt YG OptiBuild,PH220080041055,RY703 OptiBuild,PH220080051195,Human RY703 OptiBuild,771962,Hu CD192 RY703 LS132.1D9 50ug,771962-Hu CD192 RY703 LS132.1D9 50ug,BDB-771962," $1,324 ", 4 ,,,
26750,BLS,BDB,Biosciences,BDB,Biosciences,2200800,Research Reagents,PH220070022900,Research Core Cobalt,PH220080035750,Cobalt YG OptiBuild,PH220080041055,RY703 OptiBuild,PH220080051195,Human RY703 OptiBuild,772003,Hu CD11b RY703 D12 50ug,772003-Hu CD11b RY703 D12 50ug,BDB-772003, $642 , 2 ,,,
26751,BLS,BDB,Biosciences,BDB,Biosciences,2200800,Research Reagents,PH220070022900,Research Core Cobalt,PH220080035750,Cobalt YG OptiBuild,PH220080041055,RY703 OptiBuild,PH220080051195,Human RY703 OptiBuild,772013,Hu CD86 RY703 BU63 50ug,772013-Hu CD86 RY703 BU63 50ug,BDB-772013," $6,420 ", 16 ,,,
26752,BLS,BDB,Biosciences,BDB,Biosciences,2200800,Research Reagents,PH220070022900,Research Core Cobalt,PH220080035750,Cobalt YG OptiBuild,PH220080041055,RY703 OptiBuild,PH220080051195,Human RY703 OptiBuild,772019,Hu CD135 RY703 4G8 50ug,772019-Hu CD135 RY703 4G8 50ug,BDB-772019, $724 , 2 ,,,
26753,BLS,BDB,Biosciences,BDB,Biosciences,2200800,Research Reagents,PH220070022900,Research Core Cobalt,PH220080035750,Cobalt YG OptiBuild,PH220080041055,RY703 OptiBuild,PH220080051195,Human RY703 OptiBuild,772025,Hu CD90 RY703 5E10 50ug,772025-Hu CD90 RY703 5E10 50ug,BDB-772025," $1,169 ", 3 ,,,
26754,BLS,BDB,Biosciences,BDB,Biosciences,2200800,Research Reagents,PH220070022900,Research Core Cobalt,PH220080035750,Cobalt YG OptiBuild,PH220080041055,RY703 OptiBuild,PH220080051195,Human RY703 OptiBuild,772030,Hu TCR VDta2 RY703 B6 50ug,772030-Hu TCR VDta2 RY703 B6 50ug,BDB-772030," $4,493 ", 13 ,,,
26755,BLS,BDB,Biosciences,BDB,Biosciences,2200800,Research Reagents,PH220070022900,Research Core Cobalt,PH220080035750,Cobalt YG OptiBuild,PH220080041055,RY703 OptiBuild,PH220080051195,Human RY703 OptiBuild,772055,Hu CD56 RY703 MY31 50ug,772055-Hu CD56 RY703 MY31 50ug,BDB-772055, $629 , 3 ,,,
26756,BLS,BDB,Biosciences,BDB,Biosciences,2200800,Research Reagents,PH220070022900,Research Core Cobalt,PH220080035750,Cobalt YG OptiBuild,PH220080041055,RY703 OptiBuild,PH220080051195,Human RY703 OptiBuild,772058,Hu ROR1 RY703 4A5 50ug,772058-Hu ROR1 RY703 4A5 50ug,BDB-772058, $358 , 1 ,,,
26757,BLS,BDB,Biosciences,BDB,Biosciences,2200800,Research Reagents,PH220070022900,Research Core Cobalt,PH220080035750,Cobalt YG OptiBuild,PH220080041055,RY703 OptiBuild,PH220080051195,Human RY703 OptiBuild,772063,Hu CD41a RY703 HIP8 50ug,772063-Hu CD41a RY703 HIP8 50ug,BDB-772063, $410 , 1 ,,,
26758,BLS,BDB,Biosciences,BDB,Biosciences,2200800,Research Reagents,PH220070022900,Research Core Cobalt,PH220080035750,Cobalt YG OptiBuild,PH220080041055,RY703 OptiBuild,PH220080051195,Human RY703 OptiBuild,772094,Hu CD274 RY703 MIH1 50ug,772094-Hu CD274 RY703 MIH1 50ug,BDB-772094," $1,846 ", 9 ,,,
26759,BLS,BDB,Biosciences,BDB,Biosciences,2200800,Research Reagents,PH220070022900,Research Core Cobalt,PH220080035750,Cobalt YG OptiBuild,PH220080041055,RY703 OptiBuild,PH220080051195,Human RY703 OptiBuild,772103,Hu CD21 RY703 B-LY4 50ug,772103-Hu CD21 RY703 B-LY4 50ug,BDB-772103," $1,584 ", 4 ,,,
26760,BLS,BDB,Biosciences,BDB,Biosciences,2200800,Research Reagents,PH220070022900,Research Core Cobalt,PH220080035750,Cobalt YG OptiBuild,PH220080041055,RY703 OptiBuild,PH220080051195,Human RY703 OptiBuild,772115,Hu CD96 RY703 NK92.39.RMAB 50ug,772115-Hu CD96 RY703 NK92.39.RMAB 50ug,BDB-772115, $778 , 3 ,,,
26761,BLS,BDB,Biosciences,BDB,Biosciences,2200800,Research Reagents,PH220070022900,Research Core Cobalt,PH220080035750,Cobalt YG OptiBuild,PH220080041055,RY703 OptiBuild,PH220080051195,Human RY703 OptiBuild,772120,Hu LDLR RY703 C7 50ug,772120-Hu LDLR RY703 C7 50ug,BDB-772120, $469 , 1 ,,,
26762,BLS,BDB,Biosciences,BDB,Biosciences,2200800,Research Reagents,PH220070022900,Research Core Cobalt,PH220080035750,Cobalt YG OptiBuild,PH220080041055,RY703 OptiBuild,PH220080051195,Human RY703 OptiBuild,772221,Hu LRRC15 RY703 CC6-469 50ug,772221-Hu LRRC15 RY703 CC6-469 50ug,BDB-772221, $557 , 1 ,,,
26763,BLS,BDB,Biosciences,BDB,Biosciences,2200800,Research Reagents,PH220070022900,Research Core Cobalt,PH220080035750,Cobalt YG OptiBuild,PH220080041055,RY703 OptiBuild,PH220080051195,Human RY703 OptiBuild,772223,Hu IgA1 RY703 B3506B4 50ug,772223-Hu IgA1 RY703 B3506B4 50ug,BDB-772223, $177 , 1 ,,,
27483,BLS,BDB,Biosciences,BDB,Biosciences,2200800,Research Reagents,PH220070022900,Research Core Cobalt,PH220080035750,Cobalt YG OptiBuild,PH220080041146,RY743 OptiBuild,PH220080051389,Human RY743 OptiBuild,772774,Rat Ig Lam Lgt Chn RY743 B46-5 50ug,772774-Rat Ig Lam Lgt Chn RY743 B46-5 50ug,BDB-772774, $540 , 2 ,,,
27484,BLS,BDB,Biosciences,BDB,Biosciences,2200800,Research Reagents,PH220070022900,Research Core Cobalt,PH220080035750,Cobalt YG OptiBuild,PH220080041147,RY655 OptiBuild,PH220080051390,Human RY655 OptiBuild,773237,Hu CD14 RY655 63D3.RMAB 50ug,773237-Hu CD14 RY655 63D3.RMAB 50ug,BDB-773237, $357 , 1 ,,,
27485,BLS,BDB,Biosciences,BDB,Biosciences,2200800,Research Reagents,PH220070022900,Research Core Cobalt,PH220080035750,Cobalt YG OptiBuild,PH220080041147,RY655 OptiBuild,PH220080051390,Human RY655 OptiBuild,773425,Hu KLRG1 RY655 Z7-205.RMAB 50ug,773425-Hu KLRG1 RY655 Z7-205.RMAB 50ug,BDB-773425, $788 , 2 ,,,
27486,BLS,BDB,Biosciences,BDB,Biosciences,2200800,Research Reagents,PH220070022900,Research Core Cobalt,PH220080035750,Cobalt YG OptiBuild,PH220080041147,RY655 OptiBuild,PH220080051390,Human RY655 OptiBuild,774199,Hu FceR1a RY655 AER-37 50ug,774199-Hu FceR1a RY655 AER-37 50ug,BDB-774199, $395 , 1 ,,,
27521,BLS,BDB,Biosciences,BDB,Biosciences,2200800,Research Reagents,PH220070022900,Research Core Cobalt,PH220080035850,Cobalt Blue MTS,PH220080041052,RB670 MTS,PH220080051183,Other RB670 MTS,571963,CD11b RB670 M1/70 100ug,571963-CD11b RB670 M1/70 100ug,BDB-571963," $2,451 ", 9 ,,,
27522,BLS,BDB,Biosciences,BDB,Biosciences,2200800,Research Reagents,PH220070022900,Research Core Cobalt,PH220080035850,Cobalt Blue MTS,PH220080041052,RB670 MTS,PH220080051183,Other RB670 MTS,571964,CD11b RB670 M1/70 25ug,571964-CD11b RB670 M1/70 25ug,BDB-571964, $477 , 7 ,,,
27523,BLS,BDB,Biosciences,BDB,Biosciences,2200800,Research Reagents,PH220070022900,Research Core Cobalt,PH220080035850,Cobalt Blue MTS,PH220080041052,RB670 MTS,PH220080051184,Mouse RB670 MTS,571947,Ms CD8a RB670 53-6.7 100ug,571947-Ms CD8a RB670 53-6.7 100ug,BDB-571947," $2,184 ", 11 ,,,
27524,BLS,BDB,Biosciences,BDB,Biosciences,2200800,Research Reagents,PH220070022900,Research Core Cobalt,PH220080035850,Cobalt Blue MTS,PH220080041052,RB670 MTS,PH220080051184,Mouse RB670 MTS,571949,Ms CD4 RB670 GK1.5 100ug,571949-Ms CD4 RB670 GK1.5 100ug,BDB-571949," $1,710 ", 7 ,,,
27525,BLS,BDB,Biosciences,BDB,Biosciences,2200800,Research Reagents,PH220070022900,Research Core Cobalt,PH220080035850,Cobalt Blue MTS,PH220080041052,RB670 MTS,PH220080051184,Mouse RB670 MTS,571950,Ms CD4 RB670 GK1.5 25ug,571950-Ms CD4 RB670 GK1.5 25ug,BDB-571950, $572 , 6 ,,,
27526,BLS,BDB,Biosciences,BDB,Biosciences,2200800,Research Reagents,PH220070022900,Research Core Cobalt,PH220080035850,Cobalt Blue MTS,PH220080041052,RB670 MTS,PH220080051184,Mouse RB670 MTS,571951,Ms ROR Gma T RB670 Q31-378 100ug,571951-Ms ROR Gma T RB670 Q31-378 100ug,BDB-571951," $1,406 ", 4 ,,,
27527,BLS,BDB,Biosciences,BDB,Biosciences,2200800,Research Reagents,PH220070022900,Research Core Cobalt,PH220080035850,Cobalt Blue MTS,PH220080041052,RB670 MTS,PH220080051184,Mouse RB670 MTS,571952,Ms ROR Gma T RB670 Q31-378 25ug,571952-Ms ROR Gma T RB670 Q31-378 25ug,BDB-571952, $767 , 5 ,,,
27528,BLS,BDB,Biosciences,BDB,Biosciences,2200800,Research Reagents,PH220070022900,Research Core Cobalt,PH220080035850,Cobalt Blue MTS,PH220080041052,RB670 MTS,PH220080051184,Mouse RB670 MTS,571955,Ms Ly-6C RB670 AL-21 100ug,571955-Ms Ly-6C RB670 AL-21 100ug,BDB-571955," $1,269 ", 4 ,,,
27529,BLS,BDB,Biosciences,BDB,Biosciences,2200800,Research Reagents,PH220070022900,Research Core Cobalt,PH220080035850,Cobalt Blue MTS,PH220080041052,RB670 MTS,PH220080051184,Mouse RB670 MTS,571956,Ms Ly-6C RB670 AL-21 25ug,571956-Ms Ly-6C RB670 AL-21 25ug,BDB-571956, $241 , 4 ,,,
27530,BLS,BDB,Biosciences,BDB,Biosciences,2200800,Research Reagents,PH220070022900,Research Core Cobalt,PH220080035850,Cobalt Blue MTS,PH220080041052,RB670 MTS,PH220080051184,Mouse RB670 MTS,571961,Ms CD45 RB670 30-F11 100ug,571961-Ms CD45 RB670 30-F11 100ug,BDB-571961," $3,368 ", 12 ,,,
27531,BLS,BDB,Biosciences,BDB,Biosciences,2200800,Research Reagents,PH220070022900,Research Core Cobalt,PH220080035850,Cobalt Blue MTS,PH220080041052,RB670 MTS,PH220080051184,Mouse RB670 MTS,571962,Ms CD45 RB670 30-F11 25ug,571962-Ms CD45 RB670 30-F11 25ug,BDB-571962, $251 , 2 ,,,
27532,BLS,BDB,Biosciences,BDB,Biosciences,2200800,Research Reagents,PH220070022900,Research Core Cobalt,PH220080035850,Cobalt Blue MTS,PH220080041052,RB670 MTS,PH220080051185,Human RB670 MTS,571785,Hu CD4 RB670 SK3 100Tst,571785-Hu CD4 RB670 SK3 100Tst,BDB-571785," $13,966 ", 56 ,,,
27533,BLS,BDB,Biosciences,BDB,Biosciences,2200800,Research Reagents,PH220070022900,Research Core Cobalt,PH220080035850,Cobalt Blue MTS,PH220080041052,RB670 MTS,PH220080051185,Human RB670 MTS,571786,Hu CD4 RB670 SK3 25Tst,571786-Hu CD4 RB670 SK3 25Tst,BDB-571786," $1,279 ", 11 ,,,
27534,BLS,BDB,Biosciences,BDB,Biosciences,2200800,Research Reagents,PH220070022900,Research Core Cobalt,PH220080035850,Cobalt Blue MTS,PH220080041052,RB670 MTS,PH220080051185,Human RB670 MTS,571897,Hu CD19 RB670 SJ25C1 100Tst,571897-Hu CD19 RB670 SJ25C1 100Tst,BDB-571897," $5,323 ", 23 ,,,
27535,BLS,BDB,Biosciences,BDB,Biosciences,2200800,Research Reagents,PH220070022900,Research Core Cobalt,PH220080035850,Cobalt Blue MTS,PH220080041052,RB670 MTS,PH220080051185,Human RB670 MTS,571898,Hu CD19 RB670 SJ25C1 25Tst,571898-Hu CD19 RB670 SJ25C1 25Tst,BDB-571898, $679 , 7 ,,,
27536,BLS,BDB,Biosciences,BDB,Biosciences,2200800,Research Reagents,PH220070022900,Research Core Cobalt,PH220080035850,Cobalt Blue MTS,PH220080041052,RB670 MTS,PH220080051185,Human RB670 MTS,571920,Hu Granzyme B RB670 GB11 25Tst,571920-Hu Granzyme B RB670 GB11 25Tst,BDB-571920," $1,709 ", 13 ,,,
27537,BLS,BDB,Biosciences,BDB,Biosciences,2200800,Research Reagents,PH220070022900,Research Core Cobalt,PH220080035850,Cobalt Blue MTS,PH220080041052,RB670 MTS,PH220080051185,Human RB670 MTS,571921,Hu CD45RO RB670 UCHL1 100Tst,571921-Hu CD45RO RB670 UCHL1 100Tst,BDB-571921," $2,157 ", 8 ,,,
27538,BLS,BDB,Biosciences,BDB,Biosciences,2200800,Research Reagents,PH220070022900,Research Core Cobalt,PH220080035850,Cobalt Blue MTS,PH220080041052,RB670 MTS,PH220080051185,Human RB670 MTS,571922,Hu CD45RO RB670 UCHL1 25Tst,571922-Hu CD45RO RB670 UCHL1 25Tst,BDB-571922, $472 , 4 ,,,
27539,BLS,BDB,Biosciences,BDB,Biosciences,2200800,Research Reagents,PH220070022900,Research Core Cobalt,PH220080035850,Cobalt Blue MTS,PH220080041052,RB670 MTS,PH220080051185,Human RB670 MTS,571923,Ki-67 RB670 B56 100Tst,571923-Ki-67 RB670 B56 100Tst,BDB-571923," $7,160 ", 22 ,,,
27540,BLS,BDB,Biosciences,BDB,Biosciences,2200800,Research Reagents,PH220070022900,Research Core Cobalt,PH220080035850,Cobalt Blue MTS,PH220080041052,RB670 MTS,PH220080051185,Human RB670 MTS,571924,Ki-67 RB670 B56 25Tst,571924-Ki-67 RB670 B56 25Tst,BDB-571924," $1,606 ", 9 ,,,
27541,BLS,BDB,Biosciences,BDB,Biosciences,2200800,Research Reagents,PH220070022900,Research Core Cobalt,PH220080035850,Cobalt Blue MTS,PH220080041052,RB670 MTS,PH220080051185,Human RB670 MTS,571925,Hu CD56 (NCAM-1) RB670 B159 100Tst,571925-Hu CD56 (NCAM-1) RB670 B159 100Tst,BDB-571925," $7,384 ", 30 ,,,
27542,BLS,BDB,Biosciences,BDB,Biosciences,2200800,Research Reagents,PH220070022900,Research Core Cobalt,PH220080035850,Cobalt Blue MTS,PH220080041052,RB670 MTS,PH220080051185,Human RB670 MTS,571926,Hu CD56 (NCAM-1) RB670 B159 25Tst,571926-Hu CD56 (NCAM-1) RB670 B159 25Tst,BDB-571926, $637 , 5 ,,,
27543,BLS,BDB,Biosciences,BDB,Biosciences,2200800,Research Reagents,PH220070022900,Research Core Cobalt,PH220080035850,Cobalt Blue MTS,PH220080041052,RB670 MTS,PH220080051185,Human RB670 MTS,571927,Hu CD107a RB670 H4A3 100Tst,571927-Hu CD107a RB670 H4A3 100Tst,BDB-571927," $2,811 ", 8 ,,,
27544,BLS,BDB,Biosciences,BDB,Biosciences,2200800,Research Reagents,PH220070022900,Research Core Cobalt,PH220080035850,Cobalt Blue MTS,PH220080041052,RB670 MTS,PH220080051185,Human RB670 MTS,571928,Hu CD3 RB670 UCHT1 100Tst,571928-Hu CD3 RB670 UCHT1 100Tst,BDB-571928," $4,095 ", 16 ,,,
27545,BLS,BDB,Biosciences,BDB,Biosciences,2200800,Research Reagents,PH220070022900,Research Core Cobalt,PH220080035850,Cobalt Blue MTS,PH220080041052,RB670 MTS,PH220080051185,Human RB670 MTS,571929,Hu CD3 RB670 UCHT1 25Tst,571929-Hu CD3 RB670 UCHT1 25Tst,BDB-571929, $275 , 2 ,,,
27546,BLS,BDB,Biosciences,BDB,Biosciences,2200800,Research Reagents,PH220070022900,Research Core Cobalt,PH220080035850,Cobalt Blue MTS,PH220080041052,RB670 MTS,PH220080051185,Human RB670 MTS,571930,Hu FoxP3 RB670 259D/C7 100Tst,571930-Hu FoxP3 RB670 259D/C7 100Tst,BDB-571930," $13,606 ", 37 ,,,
27547,BLS,BDB,Biosciences,BDB,Biosciences,2200800,Research Reagents,PH220070022900,Research Core Cobalt,PH220080035850,Cobalt Blue MTS,PH220080041052,RB670 MTS,PH220080051185,Human RB670 MTS,571931,Hu CD107a RB670 H4A3 25Tst,571931-Hu CD107a RB670 H4A3 25Tst,BDB-571931, $604 , 6 ,,,
27548,BLS,BDB,Biosciences,BDB,Biosciences,2200800,Research Reagents,PH220070022900,Research Core Cobalt,PH220080035850,Cobalt Blue MTS,PH220080041052,RB670 MTS,PH220080051185,Human RB670 MTS,571932,Hu FoxP3 RB670 259D/C7 25Tst,571932-Hu FoxP3 RB670 259D/C7 25Tst,BDB-571932," $2,126 ", 15 ,,,
27549,BLS,BDB,Biosciences,BDB,Biosciences,2200800,Research Reagents,PH220070022900,Research Core Cobalt,PH220080035850,Cobalt Blue MTS,PH220080041052,RB670 MTS,PH220080051185,Human RB670 MTS,571933,Hu CD8 RB670 RPA-T8 100Tst,571933-Hu CD8 RB670 RPA-T8 100Tst,BDB-571933," $3,399 ", 14 ,,,
27550,BLS,BDB,Biosciences,BDB,Biosciences,2200800,Research Reagents,PH220070022900,Research Core Cobalt,PH220080035850,Cobalt Blue MTS,PH220080041052,RB670 MTS,PH220080051185,Human RB670 MTS,571934,Hu CD27 RB670 M-T271 100Tst,571934-Hu CD27 RB670 M-T271 100Tst,BDB-571934," $7,519 ", 23 ,,,
27551,BLS,BDB,Biosciences,BDB,Biosciences,2200800,Research Reagents,PH220070022900,Research Core Cobalt,PH220080035850,Cobalt Blue MTS,PH220080041052,RB670 MTS,PH220080051185,Human RB670 MTS,571935,Hu CD8 RB670 RPA-T8 25Tst,571935-Hu CD8 RB670 RPA-T8 25Tst,BDB-571935, $430 , 4 ,,,
27552,BLS,BDB,Biosciences,BDB,Biosciences,2200800,Research Reagents,PH220070022900,Research Core Cobalt,PH220080035850,Cobalt Blue MTS,PH220080041052,RB670 MTS,PH220080051185,Human RB670 MTS,571936,Hu CD27 RB670 M-T271 25Tst,571936-Hu CD27 RB670 M-T271 25Tst,BDB-571936, $454 , 3 ,,,
27553,BLS,BDB,Biosciences,BDB,Biosciences,2200800,Research Reagents,PH220070022900,Research Core Cobalt,PH220080035850,Cobalt Blue MTS,PH220080041052,RB670 MTS,PH220080051185,Human RB670 MTS,571937,Hu CD16 RB670 3G8 100Tst,571937-Hu CD16 RB670 3G8 100Tst,BDB-571937," $4,200 ", 18 ,,,
27554,BLS,BDB,Biosciences,BDB,Biosciences,2200800,Research Reagents,PH220070022900,Research Core Cobalt,PH220080035850,Cobalt Blue MTS,PH220080041052,RB670 MTS,PH220080051185,Human RB670 MTS,571938,Hu CD16 RB670 3G8 25Tst,571938-Hu CD16 RB670 3G8 25Tst,BDB-571938, $412 , 5 ,,,
27555,BLS,BDB,Biosciences,BDB,Biosciences,2200800,Research Reagents,PH220070022900,Research Core Cobalt,PH220080035850,Cobalt Blue MTS,PH220080041052,RB670 MTS,PH220080051185,Human RB670 MTS,571939,Hu CD279 RB670 EH12.1 100Tst,571939-Hu CD279 RB670 EH12.1 100Tst,BDB-571939," $15,727 ", 45 ,,,
27556,BLS,BDB,Biosciences,BDB,Biosciences,2200800,Research Reagents,PH220070022900,Research Core Cobalt,PH220080035850,Cobalt Blue MTS,PH220080041052,RB670 MTS,PH220080051185,Human RB670 MTS,571940,Hu CD279 RB670 EH12.1 25Tst,571940-Hu CD279 RB670 EH12.1 25Tst,BDB-571940," $2,096 ", 13 ,,,
27557,BLS,BDB,Biosciences,BDB,Biosciences,2200800,Research Reagents,PH220070022900,Research Core Cobalt,PH220080035850,Cobalt Blue MTS,PH220080041052,RB670 MTS,PH220080051185,Human RB670 MTS,571941,Hu IFN-Gma RB670 B27 100Tst,571941-Hu IFN-Gma RB670 B27 100Tst,BDB-571941," $2,389 ", 7 ,,,
27558,BLS,BDB,Biosciences,BDB,Biosciences,2200800,Research Reagents,PH220070022900,Research Core Cobalt,PH220080035850,Cobalt Blue MTS,PH220080041052,RB670 MTS,PH220080051185,Human RB670 MTS,571942,Hu IFN-Gma RB670 B27 25Tst,571942-Hu IFN-Gma RB670 B27 25Tst,BDB-571942, $372 , 2 ,,,
27559,BLS,BDB,Biosciences,BDB,Biosciences,2200800,Research Reagents,PH220070022900,Research Core Cobalt,PH220080035850,Cobalt Blue MTS,PH220080041052,RB670 MTS,PH220080051185,Human RB670 MTS,571943,Hu CD25 RB670 2A3 100Tst,571943-Hu CD25 RB670 2A3 100Tst,BDB-571943," $4,673 ", 18 ,,,
27560,BLS,BDB,Biosciences,BDB,Biosciences,2200800,Research Reagents,PH220070022900,Research Core Cobalt,PH220080035850,Cobalt Blue MTS,PH220080041052,RB670 MTS,PH220080051185,Human RB670 MTS,571944,Hu CD25 RB670 2A3 25Tst,571944-Hu CD25 RB670 2A3 25Tst,BDB-571944," $1,044 ", 9 ,,,
27561,BLS,BDB,Biosciences,BDB,Biosciences,2200800,Research Reagents,PH220070022900,Research Core Cobalt,PH220080035850,Cobalt Blue MTS,PH220080041052,RB670 MTS,PH220080051185,Human RB670 MTS,571945,Hu CD123 (IL3RA) RB670 7G3 100Tst,571945-Hu CD123 (IL3RA) RB670 7G3 100Tst,BDB-571945," $5,359 ", 21 ,,,
27562,BLS,BDB,Biosciences,BDB,Biosciences,2200800,Research Reagents,PH220070022900,Research Core Cobalt,PH220080035850,Cobalt Blue MTS,PH220080041052,RB670 MTS,PH220080051185,Human RB670 MTS,571946,Hu CD123 (IL3RA) RB670 7G3 25Tst,571946-Hu CD123 (IL3RA) RB670 7G3 25Tst,BDB-571946, $326 , 2 ,,,
27563,BLS,BDB,Biosciences,BDB,Biosciences,2200800,Research Reagents,PH220070022900,Research Core Cobalt,PH220080035850,Cobalt Blue MTS,PH220080041052,RB670 MTS,PH220080051185,Human RB670 MTS,571959,Hu CD183 RB670 1C6/CXCR3 100Tst,571959-Hu CD183 RB670 1C6/CXCR3 100Tst,BDB-571959," $5,720 ", 19 ,,,
27564,BLS,BDB,Biosciences,BDB,Biosciences,2200800,Research Reagents,PH220070022900,Research Core Cobalt,PH220080035850,Cobalt Blue MTS,PH220080041052,RB670 MTS,PH220080051185,Human RB670 MTS,571960,Hu CD183 RB670 1C6/CXCR3 25Tst,571960-Hu CD183 RB670 1C6/CXCR3 25Tst,BDB-571960, $632 , 4 ,,,
27565,BLS,BDB,Biosciences,BDB,Biosciences,2200800,Research Reagents,PH220070022900,Research Core Cobalt,PH220080035850,Cobalt Blue MTS,PH220080041052,RB670 MTS,PH220080051185,Human RB670 MTS,571965,Hu CD45RA RB670 5H9 100Tst,571965-Hu CD45RA RB670 5H9 100Tst,BDB-571965," $4,674 ", 18 ,,,
27566,BLS,BDB,Biosciences,BDB,Biosciences,2200800,Research Reagents,PH220070022900,Research Core Cobalt,PH220080035850,Cobalt Blue MTS,PH220080041052,RB670 MTS,PH220080051185,Human RB670 MTS,571966,Hu CD45RA RB670 5H9 25Tst,571966-Hu CD45RA RB670 5H9 25Tst,BDB-571966, $975 , 6 ,,,
27567,BLS,BDB,Biosciences,BDB,Biosciences,2200800,Research Reagents,PH220070022900,Research Core Cobalt,PH220080035850,Cobalt Blue MTS,PH220080041052,RB670 MTS,PH220080051185,Human RB670 MTS,571967,T-bet RB670 O4-46 100Tst,571967-T-bet RB670 O4-46 100Tst,BDB-571967," $8,430 ", 26 ,,,
27568,BLS,BDB,Biosciences,BDB,Biosciences,2200800,Research Reagents,PH220070022900,Research Core Cobalt,PH220080035850,Cobalt Blue MTS,PH220080041052,RB670 MTS,PH220080051185,Human RB670 MTS,571968,T-bet RB670 O4-46 25Tst,571968-T-bet RB670 O4-46 25Tst,BDB-571968, $753 , 5 ,,,
27569,BLS,BDB,Biosciences,BDB,Biosciences,2200800,Research Reagents,PH220070022900,Research Core Cobalt,PH220080035850,Cobalt Blue MTS,PH220080041052,RB670 MTS,PH220080051185,Human RB670 MTS,572138,Hu CD45 RB670 HI30 100Tst,572138-Hu CD45 RB670 HI30 100Tst,BDB-572138, $905 , 4 ,,,
28305,BLS,BDB,Biosciences,BDB,Biosciences,2200800,Research Reagents,PH220070022900,Research Core Cobalt,PH220080035900,Cobalt Blue OptiBuild,PH220080041051,RB670 OptiBuild,PH220080051180,Other RB670 OptiBuild,759753,Rat/Ms CD49a RB670 HA31/8 50ug,759753-Rat/Ms CD49a RB670 HA31/8 50ug,BDB-759753, $701 , 3 ,,,
28306,BLS,BDB,Biosciences,BDB,Biosciences,2200800,Research Reagents,PH220070022900,Research Core Cobalt,PH220080035900,Cobalt Blue OptiBuild,PH220080041051,RB670 OptiBuild,PH220080051180,Other RB670 OptiBuild,759814,CD51/Bta5 RB670 ALULA 50ug,759814-CD51/Bta5 RB670 ALULA 50ug,BDB-759814, $800 , 2 ,,,
28307,BLS,BDB,Biosciences,BDB,Biosciences,2200800,Research Reagents,PH220070022900,Research Core Cobalt,PH220080035900,Cobalt Blue OptiBuild,PH220080041051,RB670 OptiBuild,PH220080051180,Other RB670 OptiBuild,770030,Rat CD86 RB670 24F 50ug,770030-Rat CD86 RB670 24F 50ug,BDB-770030, $386 , 2 ,,,
28308,BLS,BDB,Biosciences,BDB,Biosciences,2200800,Research Reagents,PH220070022900,Research Core Cobalt,PH220080035900,Cobalt Blue OptiBuild,PH220080041051,RB670 OptiBuild,PH220080051180,Other RB670 OptiBuild,770181,Rat CD80 (B7-1) RB670 3H5 50ug,770181-Rat CD80 (B7-1) RB670 3H5 50ug,BDB-770181, $96 , 1 ,,,
28309,BLS,BDB,Biosciences,BDB,Biosciences,2200800,Research Reagents,PH220070022900,Research Core Cobalt,PH220080035900,Cobalt Blue OptiBuild,PH220080041051,RB670 OptiBuild,PH220080051180,Other RB670 OptiBuild,770480,Hu ASGPR 1 RB670 8D7 50ug,770480-Hu ASGPR 1 RB670 8D7 50ug,BDB-770480, $342 , 1 ,,,
28310,BLS,BDB,Biosciences,BDB,Biosciences,2200800,Research Reagents,PH220070022900,Research Core Cobalt,PH220080035900,Cobalt Blue OptiBuild,PH220080041051,RB670 OptiBuild,PH220080051180,Other RB670 OptiBuild,770971,Rat CD54 RB670 1A29 50ug,770971-Rat CD54 RB670 1A29 50ug,BDB-770971, $438 , 2 ,,,
28311,BLS,BDB,Biosciences,BDB,Biosciences,2200800,Research Reagents,PH220070022900,Research Core Cobalt,PH220080035900,Cobalt Blue OptiBuild,PH220080041051,RB670 OptiBuild,PH220080051180,Other RB670 OptiBuild,771417,Rat CD161a RB670 10/78 50ug,771417-Rat CD161a RB670 10/78 50ug,BDB-771417, $226 , 1 ,,,
28312,BLS,BDB,Biosciences,BDB,Biosciences,2200800,Research Reagents,PH220070022900,Research Core Cobalt,PH220080035900,Cobalt Blue OptiBuild,PH220080041051,RB670 OptiBuild,PH220080051180,Other RB670 OptiBuild,771439,Rat CD45 RB670 OX-1 50ug,771439-Rat CD45 RB670 OX-1 50ug,BDB-771439, $255 , 1 ,,,
28313,BLS,BDB,Biosciences,BDB,Biosciences,2200800,Research Reagents,PH220070022900,Research Core Cobalt,PH220080035900,Cobalt Blue OptiBuild,PH220080041051,RB670 OptiBuild,PH220080051180,Other RB670 OptiBuild,771496,Rat RT1D RB670 OX-17 50ug,771496-Rat RT1D RB670 OX-17 50ug,BDB-771496, $792 , 3 ,,,
28314,BLS,BDB,Biosciences,BDB,Biosciences,2200800,Research Reagents,PH220070022900,Research Core Cobalt,PH220080035900,Cobalt Blue OptiBuild,PH220080041051,RB670 OptiBuild,PH220080051180,Other RB670 OptiBuild,771503,Rat CD45RA RB670 OX-33 50ug,771503-Rat CD45RA RB670 OX-33 50ug,BDB-771503, $522 , 5 ,,,
28315,BLS,BDB,Biosciences,BDB,Biosciences,2200800,Research Reagents,PH220070022900,Research Core Cobalt,PH220080035900,Cobalt Blue OptiBuild,PH220080041051,RB670 OptiBuild,PH220080051180,Other RB670 OptiBuild,771537,CD49d RB670 PS/2 50ug,771537-CD49d RB670 PS/2 50ug,BDB-771537, $296 , 1 ,,,
28316,BLS,BDB,Biosciences,BDB,Biosciences,2200800,Research Reagents,PH220070022900,Research Core Cobalt,PH220080035900,Cobalt Blue OptiBuild,PH220080041051,RB670 OptiBuild,PH220080051180,Other RB670 OptiBuild,771856,Rat Granulocytes RB670 RP-1 50ug,771856-Rat Granulocytes RB670 RP-1 50ug,BDB-771856," $1,643 ", 7 ,,,
28317,BLS,BDB,Biosciences,BDB,Biosciences,2200800,Research Reagents,PH220070022900,Research Core Cobalt,PH220080035900,Cobalt Blue OptiBuild,PH220080041051,RB670 OptiBuild,PH220080051180,Other RB670 OptiBuild,771868,Rat CD172 RB670 OX-41 50ug,771868-Rat CD172 RB670 OX-41 50ug,BDB-771868, $600 , 2 ,,,
28318,BLS,BDB,Biosciences,BDB,Biosciences,2200800,Research Reagents,PH220070022900,Research Core Cobalt,PH220080035900,Cobalt Blue OptiBuild,PH220080041051,RB670 OptiBuild,PH220080051181,Mouse RB670 OptiBuild,571948,Ms CD8a RB670 53-6.7 25ug,571948-Ms CD8a RB670 53-6.7 25ug,BDB-571948, $584 , 5 ,,,
28319,BLS,BDB,Biosciences,BDB,Biosciences,2200800,Research Reagents,PH220070022900,Research Core Cobalt,PH220080035900,Cobalt Blue OptiBuild,PH220080041051,RB670 OptiBuild,PH220080051181,Mouse RB670 OptiBuild,759759,Ms CD182 RB670 3F10-B3 50ug,759759-Ms CD182 RB670 3F10-B3 50ug,BDB-759759, $234 , 1 ,,,
28320,BLS,BDB,Biosciences,BDB,Biosciences,2200800,Research Reagents,PH220070022900,Research Core Cobalt,PH220080035900,Cobalt Blue OptiBuild,PH220080041051,RB670 OptiBuild,PH220080051181,Mouse RB670 OptiBuild,759777,Ms FceR1Alp RB670 MAR-1 50ug,759777-Ms FceR1Alp RB670 MAR-1 50ug,BDB-759777," $1,073 ", 4 ,,,
28321,BLS,BDB,Biosciences,BDB,Biosciences,2200800,Research Reagents,PH220070022900,Research Core Cobalt,PH220080035900,Cobalt Blue OptiBuild,PH220080041051,RB670 OptiBuild,PH220080051181,Mouse RB670 OptiBuild,759781,Ms IgDa RB670 AMS 9.1 50ug,759781-Ms IgDa RB670 AMS 9.1 50ug,BDB-759781, $258 , 1 ,,,
28322,BLS,BDB,Biosciences,BDB,Biosciences,2200800,Research Reagents,PH220070022900,Research Core Cobalt,PH220080035900,Cobalt Blue OptiBuild,PH220080041051,RB670 OptiBuild,PH220080051181,Mouse RB670 OptiBuild,759805,Ms IgG1 RB670 X56 50ug,759805-Ms IgG1 RB670 X56 50ug,BDB-759805, $426 , 2 ,,,
28323,BLS,BDB,Biosciences,BDB,Biosciences,2200800,Research Reagents,PH220070022900,Research Core Cobalt,PH220080035900,Cobalt Blue OptiBuild,PH220080041051,RB670 OptiBuild,PH220080051181,Mouse RB670 OptiBuild,770016,Ms CD366 RB670 25F.1D6 50ug,770016-Ms CD366 RB670 25F.1D6 50ug,BDB-770016," $1,052 ", 5 ,,,
28324,BLS,BDB,Biosciences,BDB,Biosciences,2200800,Research Reagents,PH220070022900,Research Core Cobalt,PH220080035900,Cobalt Blue OptiBuild,PH220080041051,RB670 OptiBuild,PH220080051181,Mouse RB670 OptiBuild,770019,Ms KLRG1 RB670 2F1 50ug,770019-Ms KLRG1 RB670 2F1 50ug,BDB-770019," $1,874 ", 11 ,,,
28325,BLS,BDB,Biosciences,BDB,Biosciences,2200800,Research Reagents,PH220070022900,Research Core Cobalt,PH220080035900,Cobalt Blue OptiBuild,PH220080041051,RB670 OptiBuild,PH220080051181,Mouse RB670 OptiBuild,770027,Ms CD278 RB670 7E.17G9 50ug,770027-Ms CD278 RB670 7E.17G9 50ug,BDB-770027, $967 , 4 ,,,
28326,BLS,BDB,Biosciences,BDB,Biosciences,2200800,Research Reagents,PH220070022900,Research Core Cobalt,PH220080035900,Cobalt Blue OptiBuild,PH220080041051,RB670 OptiBuild,PH220080051181,Mouse RB670 OptiBuild,770045,Ms CD326 RB670 G8.8 50ug,770045-Ms CD326 RB670 G8.8 50ug,BDB-770045, $137 , 1 ,,,
28327,BLS,BDB,Biosciences,BDB,Biosciences,2200800,Research Reagents,PH220070022900,Research Core Cobalt,PH220080035900,Cobalt Blue OptiBuild,PH220080041051,RB670 OptiBuild,PH220080051181,Mouse RB670 OptiBuild,770052,Ms MerTK (Mer) RB670 BB14-16 50ug,770052-Ms MerTK (Mer) RB670 BB14-16 50ug,BDB-770052, $770 , 4 ,,,
28328,BLS,BDB,Biosciences,BDB,Biosciences,2200800,Research Reagents,PH220070022900,Research Core Cobalt,PH220080035900,Cobalt Blue OptiBuild,PH220080041051,RB670 OptiBuild,PH220080051181,Mouse RB670 OptiBuild,770061,Ms CD172a RB670 P84 50ug,770061-Ms CD172a RB670 P84 50ug,BDB-770061, $920 , 4 ,,,
28329,BLS,BDB,Biosciences,BDB,Biosciences,2200800,Research Reagents,PH220070022900,Research Core Cobalt,PH220080035900,Cobalt Blue OptiBuild,PH220080041051,RB670 OptiBuild,PH220080051181,Mouse RB670 OptiBuild,770062,Ms P2X7 RB670 1F11 50ug,770062-Ms P2X7 RB670 1F11 50ug,BDB-770062," $1,345 ", 5 ,,,
28330,BLS,BDB,Biosciences,BDB,Biosciences,2200800,Research Reagents,PH220070022900,Research Core Cobalt,PH220080035900,Cobalt Blue OptiBuild,PH220080041051,RB670 OptiBuild,PH220080051181,Mouse RB670 OptiBuild,770063,Ms CD226 RB670 10E5 50ug,770063-Ms CD226 RB670 10E5 50ug,BDB-770063, $255 , 1 ,,,
28331,BLS,BDB,Biosciences,BDB,Biosciences,2200800,Research Reagents,PH220070022900,Research Core Cobalt,PH220080035900,Cobalt Blue OptiBuild,PH220080041051,RB670 OptiBuild,PH220080051181,Mouse RB670 OptiBuild,770064,Ms CD107b RB670 M3/84 50ug,770064-Ms CD107b RB670 M3/84 50ug,BDB-770064, $282 , 1 ,,,
28332,BLS,BDB,Biosciences,BDB,Biosciences,2200800,Research Reagents,PH220070022900,Research Core Cobalt,PH220080035900,Cobalt Blue OptiBuild,PH220080041051,RB670 OptiBuild,PH220080051181,Mouse RB670 OptiBuild,770087,Ms CD200 RB670 OX-90 50ug,770087-Ms CD200 RB670 OX-90 50ug,BDB-770087," $1,696 ", 9 ,,,
28333,BLS,BDB,Biosciences,BDB,Biosciences,2200800,Research Reagents,PH220070022900,Research Core Cobalt,PH220080035900,Cobalt Blue OptiBuild,PH220080041051,RB670 OptiBuild,PH220080051181,Mouse RB670 OptiBuild,770108,Ms TIM-4 RB670 RMT4-54 50ug,770108-Ms TIM-4 RB670 RMT4-54 50ug,BDB-770108, $280 , 1 ,,,
28334,BLS,BDB,Biosciences,BDB,Biosciences,2200800,Research Reagents,PH220070022900,Research Core Cobalt,PH220080035900,Cobalt Blue OptiBuild,PH220080041051,RB670 OptiBuild,PH220080051181,Mouse RB670 OptiBuild,770117,Ms CD54 RB670 YN1/1.7.4 50ug,770117-Ms CD54 RB670 YN1/1.7.4 50ug,BDB-770117," $1,091 ", 5 ,,,
28335,BLS,BDB,Biosciences,BDB,Biosciences,2200800,Research Reagents,PH220070022900,Research Core Cobalt,PH220080035900,Cobalt Blue OptiBuild,PH220080041051,RB670 OptiBuild,PH220080051181,Mouse RB670 OptiBuild,770132,Ms Ly-108 RB670 13G3 50ug,770132-Ms Ly-108 RB670 13G3 50ug,BDB-770132, $456 , 2 ,,,
28336,BLS,BDB,Biosciences,BDB,Biosciences,2200800,Research Reagents,PH220070022900,Research Core Cobalt,PH220080035900,Cobalt Blue OptiBuild,PH220080041051,RB670 OptiBuild,PH220080051181,Mouse RB670 OptiBuild,770141,Ms CD27 RB670 LG.3A10 50ug,770141-Ms CD27 RB670 LG.3A10 50ug,BDB-770141," $1,195 ", 5 ,,,
28337,BLS,BDB,Biosciences,BDB,Biosciences,2200800,Research Reagents,PH220070022900,Research Core Cobalt,PH220080035900,Cobalt Blue OptiBuild,PH220080041051,RB670 OptiBuild,PH220080051181,Mouse RB670 OptiBuild,770158,Ms CD29 RB670 HM BETA 1-1 50ug,770158-Ms CD29 RB670 HM BETA 1-1 50ug,BDB-770158, $366 , 2 ,,,
28338,BLS,BDB,Biosciences,BDB,Biosciences,2200800,Research Reagents,PH220070022900,Research Core Cobalt,PH220080035900,Cobalt Blue OptiBuild,PH220080041051,RB670 OptiBuild,PH220080051181,Mouse RB670 OptiBuild,770170,Ms F4/80 RB670 T45-2342 50ug,770170-Ms F4/80 RB670 T45-2342 50ug,BDB-770170," $2,902 ", 12 ,,,
28339,BLS,BDB,Biosciences,BDB,Biosciences,2200800,Research Reagents,PH220070022900,Research Core Cobalt,PH220080035900,Cobalt Blue OptiBuild,PH220080041051,RB670 OptiBuild,PH220080051181,Mouse RB670 OptiBuild,770184,Ms CD205 RB670 NLDC-145 50ug,770184-Ms CD205 RB670 NLDC-145 50ug,BDB-770184, $264 , 1 ,,,
28340,BLS,BDB,Biosciences,BDB,Biosciences,2200800,Research Reagents,PH220070022900,Research Core Cobalt,PH220080035900,Cobalt Blue OptiBuild,PH220080041051,RB670 OptiBuild,PH220080051181,Mouse RB670 OptiBuild,770208,Ms CD41 RB670 MWREG30 50ug,770208-Ms CD41 RB670 MWREG30 50ug,BDB-770208, $272 , 1 ,,,
28341,BLS,BDB,Biosciences,BDB,Biosciences,2200800,Research Reagents,PH220070022900,Research Core Cobalt,PH220080035900,Cobalt Blue OptiBuild,PH220080041051,RB670 OptiBuild,PH220080051181,Mouse RB670 OptiBuild,770237,Hu CD83 RB670 HB15E 50ug,770237-Hu CD83 RB670 HB15E 50ug,BDB-770237," $3,097 ", 8 ,,,
28342,BLS,BDB,Biosciences,BDB,Biosciences,2200800,Research Reagents,PH220070022900,Research Core Cobalt,PH220080035900,Cobalt Blue OptiBuild,PH220080041051,RB670 OptiBuild,PH220080051181,Mouse RB670 OptiBuild,770243,Ms CD45.2 RB670 104 50ug,770243-Ms CD45.2 RB670 104 50ug,BDB-770243, $490 , 4 ,,,
28343,BLS,BDB,Biosciences,BDB,Biosciences,2200800,Research Reagents,PH220070022900,Research Core Cobalt,PH220080035900,Cobalt Blue OptiBuild,PH220080041051,RB670 OptiBuild,PH220080051181,Mouse RB670 OptiBuild,770259,Ms CD117 RB670 2B8 50ug,770259-Ms CD117 RB670 2B8 50ug,BDB-770259," $2,291 ", 9 ,,,
28344,BLS,BDB,Biosciences,BDB,Biosciences,2200800,Research Reagents,PH220070022900,Research Core Cobalt,PH220080035900,Cobalt Blue OptiBuild,PH220080041051,RB670 OptiBuild,PH220080051181,Mouse RB670 OptiBuild,770315,Ms CD47 RB670 MIAP301 50ug,770315-Ms CD47 RB670 MIAP301 50ug,BDB-770315, $435 , 2 ,,,
28345,BLS,BDB,Biosciences,BDB,Biosciences,2200800,Research Reagents,PH220070022900,Research Core Cobalt,PH220080035900,Cobalt Blue OptiBuild,PH220080041051,RB670 OptiBuild,PH220080051181,Mouse RB670 OptiBuild,770325,Ms CD40 RB670 3/23 50ug,770325-Ms CD40 RB670 3/23 50ug,BDB-770325, $521 , 2 ,,,
28346,BLS,BDB,Biosciences,BDB,Biosciences,2200800,Research Reagents,PH220070022900,Research Core Cobalt,PH220080035900,Cobalt Blue OptiBuild,PH220080041051,RB670 OptiBuild,PH220080051181,Mouse RB670 OptiBuild,770337,Ms CD90.2 RB670 53-2.1 50ug,770337-Ms CD90.2 RB670 53-2.1 50ug,BDB-770337, $459 , 2 ,,,
28347,BLS,BDB,Biosciences,BDB,Biosciences,2200800,Research Reagents,PH220070022900,Research Core Cobalt,PH220080035900,Cobalt Blue OptiBuild,PH220080041051,RB670 OptiBuild,PH220080051181,Mouse RB670 OptiBuild,770409,Ms CD286 RB670 C1N2 50ug,770409-Ms CD286 RB670 C1N2 50ug,BDB-770409, $830 , 1 ,,,
28348,BLS,BDB,Biosciences,BDB,Biosciences,2200800,Research Reagents,PH220070022900,Research Core Cobalt,PH220080035900,Cobalt Blue OptiBuild,PH220080041051,RB670 OptiBuild,PH220080051181,Mouse RB670 OptiBuild,770412,Ms CD98 RB670 RL388 50ug,770412-Ms CD98 RB670 RL388 50ug,BDB-770412, $245 , 1 ,,,
28349,BLS,BDB,Biosciences,BDB,Biosciences,2200800,Research Reagents,PH220070022900,Research Core Cobalt,PH220080035900,Cobalt Blue OptiBuild,PH220080041051,RB670 OptiBuild,PH220080051181,Mouse RB670 OptiBuild,770423,Ms CD115 RB670 T38-320 50ug,770423-Ms CD115 RB670 T38-320 50ug,BDB-770423, $543 , 1 ,,,
28350,BLS,BDB,Biosciences,BDB,Biosciences,2200800,Research Reagents,PH220070022900,Research Core Cobalt,PH220080035900,Cobalt Blue OptiBuild,PH220080041051,RB670 OptiBuild,PH220080051181,Mouse RB670 OptiBuild,770459,Ms CD4 RB670 H129.19 50ug,770459-Ms CD4 RB670 H129.19 50ug,BDB-770459, $142 , 1 ,,,
28351,BLS,BDB,Biosciences,BDB,Biosciences,2200800,Research Reagents,PH220070022900,Research Core Cobalt,PH220080035900,Cobalt Blue OptiBuild,PH220080041051,RB670 OptiBuild,PH220080051181,Mouse RB670 OptiBuild,770477,Ms CD13 RB670 R3-242 50ug,770477-Ms CD13 RB670 R3-242 50ug,BDB-770477, $167 , 1 ,,,
28352,BLS,BDB,Biosciences,BDB,Biosciences,2200800,Research Reagents,PH220070022900,Research Core Cobalt,PH220080035900,Cobalt Blue OptiBuild,PH220080041051,RB670 OptiBuild,PH220080051181,Mouse RB670 OptiBuild,770492,Ms CD45RA RB670 14.8 50ug,770492-Ms CD45RA RB670 14.8 50ug,BDB-770492," $1,224 ", 5 ,,,
28353,BLS,BDB,Biosciences,BDB,Biosciences,2200800,Research Reagents,PH220070022900,Research Core Cobalt,PH220080035900,Cobalt Blue OptiBuild,PH220080041051,RB670 OptiBuild,PH220080051181,Mouse RB670 OptiBuild,770510,Hu CD314 RB670 1D11 50ug,770510-Hu CD314 RB670 1D11 50ug,BDB-770510," $3,291 ", 10 ,,,
28354,BLS,BDB,Biosciences,BDB,Biosciences,2200800,Research Reagents,PH220070022900,Research Core Cobalt,PH220080035900,Cobalt Blue OptiBuild,PH220080041051,RB670 OptiBuild,PH220080051181,Mouse RB670 OptiBuild,770514,Ms H-2Kq RB670 KH114 50ug,770514-Ms H-2Kq RB670 KH114 50ug,BDB-770514, $224 , 1 ,,,
28355,BLS,BDB,Biosciences,BDB,Biosciences,2200800,Research Reagents,PH220070022900,Research Core Cobalt,PH220080035900,Cobalt Blue OptiBuild,PH220080041051,RB670 OptiBuild,PH220080051181,Mouse RB670 OptiBuild,770517,Ms CD35 RB670 8C12 50ug,770517-Ms CD35 RB670 8C12 50ug,BDB-770517, $508 , 2 ,,,
28356,BLS,BDB,Biosciences,BDB,Biosciences,2200800,Research Reagents,PH220070022900,Research Core Cobalt,PH220080035900,Cobalt Blue OptiBuild,PH220080041051,RB670 OptiBuild,PH220080051181,Mouse RB670 OptiBuild,770551,Ms CD161b/c RB670 PK136 50ug,770551-Ms CD161b/c RB670 PK136 50ug,BDB-770551, $802 , 4 ,,,
28357,BLS,BDB,Biosciences,BDB,Biosciences,2200800,Research Reagents,PH220070022900,Research Core Cobalt,PH220080035900,Cobalt Blue OptiBuild,PH220080041051,RB670 OptiBuild,PH220080051181,Mouse RB670 OptiBuild,770557,Ms CD154 RB670 MR1 50ug,770557-Ms CD154 RB670 MR1 50ug,BDB-770557, $295 , 1 ,,,
28358,BLS,BDB,Biosciences,BDB,Biosciences,2200800,Research Reagents,PH220070022900,Research Core Cobalt,PH220080035900,Cobalt Blue OptiBuild,PH220080041051,RB670 OptiBuild,PH220080051181,Mouse RB670 OptiBuild,770565,Ms CD170 RB670 E50-2440 50ug,770565-Ms CD170 RB670 E50-2440 50ug,BDB-770565," $3,290 ", 14 ,,,
28359,BLS,BDB,Biosciences,BDB,Biosciences,2200800,Research Reagents,PH220070022900,Research Core Cobalt,PH220080035900,Cobalt Blue OptiBuild,PH220080041051,RB670 OptiBuild,PH220080051181,Mouse RB670 OptiBuild,770570,Ms CD103 RB670 M290 50ug,770570-Ms CD103 RB670 M290 50ug,BDB-770570, $524 , 2 ,,,
28360,BLS,BDB,Biosciences,BDB,Biosciences,2200800,Research Reagents,PH220070022900,Research Core Cobalt,PH220080035900,Cobalt Blue OptiBuild,PH220080041051,RB670 OptiBuild,PH220080051181,Mouse RB670 OptiBuild,770597,Ms CD44 RB670 IM7 50ug,770597-Ms CD44 RB670 IM7 50ug,BDB-770597," $1,908 ", 9 ,,,
28361,BLS,BDB,Biosciences,BDB,Biosciences,2200800,Research Reagents,PH220070022900,Research Core Cobalt,PH220080035900,Cobalt Blue OptiBuild,PH220080041051,RB670 OptiBuild,PH220080051181,Mouse RB670 OptiBuild,770610,Ms CD4 RB670 RM4-4 50ug,770610-Ms CD4 RB670 RM4-4 50ug,BDB-770610, $72 , 1 ,,,
28362,BLS,BDB,Biosciences,BDB,Biosciences,2200800,Research Reagents,PH220070022900,Research Core Cobalt,PH220080035900,Cobalt Blue OptiBuild,PH220080041051,RB670 OptiBuild,PH220080051181,Mouse RB670 OptiBuild,770623,Ms CD119 RB670 GR20 50ug,770623-Ms CD119 RB670 GR20 50ug,BDB-770623," $1,250 ", 5 ,,,
28363,BLS,BDB,Biosciences,BDB,Biosciences,2200800,Research Reagents,PH220070022900,Research Core Cobalt,PH220080035900,Cobalt Blue OptiBuild,PH220080041051,RB670 OptiBuild,PH220080051181,Mouse RB670 OptiBuild,770636,Ms CD94 RB670 18D3 50ug,770636-Ms CD94 RB670 18D3 50ug,BDB-770636, $176 , 1 ,,,
28364,BLS,BDB,Biosciences,BDB,Biosciences,2200800,Research Reagents,PH220070022900,Research Core Cobalt,PH220080035900,Cobalt Blue OptiBuild,PH220080041051,RB670 OptiBuild,PH220080051181,Mouse RB670 OptiBuild,770654,Ms CD317 RB670 927 50ug,770654-Ms CD317 RB670 927 50ug,BDB-770654, $982 , 4 ,,,
28365,BLS,BDB,Biosciences,BDB,Biosciences,2200800,Research Reagents,PH220070022900,Research Core Cobalt,PH220080035900,Cobalt Blue OptiBuild,PH220080041051,RB670 OptiBuild,PH220080051181,Mouse RB670 OptiBuild,770657,Ms Ly-6A/E RB670 D7 50ug,770657-Ms Ly-6A/E RB670 D7 50ug,BDB-770657, $521 , 2 ,,,
28366,BLS,BDB,Biosciences,BDB,Biosciences,2200800,Research Reagents,PH220070022900,Research Core Cobalt,PH220080035900,Cobalt Blue OptiBuild,PH220080041051,RB670 OptiBuild,PH220080051181,Mouse RB670 OptiBuild,770663,Ms CD126 RB670 D7715A7 50ug,770663-Ms CD126 RB670 D7715A7 50ug,BDB-770663," $1,042 ", 3 ,,,
28367,BLS,BDB,Biosciences,BDB,Biosciences,2200800,Research Reagents,PH220070022900,Research Core Cobalt,PH220080035900,Cobalt Blue OptiBuild,PH220080041051,RB670 OptiBuild,PH220080051181,Mouse RB670 OptiBuild,770678,Ms CD192 RB670 475301 50ug,770678-Ms CD192 RB670 475301 50ug,BDB-770678, $258 , 1 ,,,
28368,BLS,BDB,Biosciences,BDB,Biosciences,2200800,Research Reagents,PH220070022900,Research Core Cobalt,PH220080035900,Cobalt Blue OptiBuild,PH220080041051,RB670 OptiBuild,PH220080051181,Mouse RB670 OptiBuild,770693,Ms CD62L RB670 MEL-14 50ug,770693-Ms CD62L RB670 MEL-14 50ug,BDB-770693," $1,694 ", 9 ,,,
28369,BLS,BDB,Biosciences,BDB,Biosciences,2200800,Research Reagents,PH220070022900,Research Core Cobalt,PH220080035900,Cobalt Blue OptiBuild,PH220080041051,RB670 OptiBuild,PH220080051181,Mouse RB670 OptiBuild,770702,Hu CD2 RB670 RPA-2.10 50ug,770702-Hu CD2 RB670 RPA-2.10 50ug,BDB-770702," $1,280 ", 3 ,,,
28370,BLS,BDB,Biosciences,BDB,Biosciences,2200800,Research Reagents,PH220070022900,Research Core Cobalt,PH220080035900,Cobalt Blue OptiBuild,PH220080041051,RB670 OptiBuild,PH220080051181,Mouse RB670 OptiBuild,770714,Ms IL-33R RB670 U29-93 50ug,770714-Ms IL-33R RB670 U29-93 50ug,BDB-770714, $295 , 1 ,,,
28371,BLS,BDB,Biosciences,BDB,Biosciences,2200800,Research Reagents,PH220070022900,Research Core Cobalt,PH220080035900,Cobalt Blue OptiBuild,PH220080041051,RB670 OptiBuild,PH220080051181,Mouse RB670 OptiBuild,770727,Hu CD278 RB670 DX29 50ug,770727-Hu CD278 RB670 DX29 50ug,BDB-770727," $2,775 ", 9 ,,,
28372,BLS,BDB,Biosciences,BDB,Biosciences,2200800,Research Reagents,PH220070022900,Research Core Cobalt,PH220080035900,Cobalt Blue OptiBuild,PH220080041051,RB670 OptiBuild,PH220080051181,Mouse RB670 OptiBuild,770748,Ms CD45 RB670 I3/2.3 50ug,770748-Ms CD45 RB670 I3/2.3 50ug,BDB-770748, $142 , 1 ,,,
28373,BLS,BDB,Biosciences,BDB,Biosciences,2200800,Research Reagents,PH220070022900,Research Core Cobalt,PH220080035900,Cobalt Blue OptiBuild,PH220080041051,RB670 OptiBuild,PH220080051181,Mouse RB670 OptiBuild,770758,Ms CD370 RB670 10B4 50ug,770758-Ms CD370 RB670 10B4 50ug,BDB-770758, $195 , 1 ,,,
28374,BLS,BDB,Biosciences,BDB,Biosciences,2200800,Research Reagents,PH220070022900,Research Core Cobalt,PH220080035900,Cobalt Blue OptiBuild,PH220080041051,RB670 OptiBuild,PH220080051181,Mouse RB670 OptiBuild,770767,Ms CD192 RB670 C2MAB-6.RMAB 50ug,770767-Ms CD192 RB670 C2MAB-6.RMAB 50ug,BDB-770767, $214 , 1 ,,,
28375,BLS,BDB,Biosciences,BDB,Biosciences,2200800,Research Reagents,PH220070022900,Research Core Cobalt,PH220080035900,Cobalt Blue OptiBuild,PH220080041051,RB670 OptiBuild,PH220080051181,Mouse RB670 OptiBuild,770771,Ms TIGIT RB670 1G9 50ug,770771-Ms TIGIT RB670 1G9 50ug,BDB-770771," $3,449 ", 13 ,,,
28376,BLS,BDB,Biosciences,BDB,Biosciences,2200800,Research Reagents,PH220070022900,Research Core Cobalt,PH220080035900,Cobalt Blue OptiBuild,PH220080041051,RB670 OptiBuild,PH220080051181,Mouse RB670 OptiBuild,770777,Ms CD123 RB670 5B11 50ug,770777-Ms CD123 RB670 5B11 50ug,BDB-770777, $214 , 1 ,,,
28377,BLS,BDB,Biosciences,BDB,Biosciences,2200800,Research Reagents,PH220070022900,Research Core Cobalt,PH220080035900,Cobalt Blue OptiBuild,PH220080041051,RB670 OptiBuild,PH220080051181,Mouse RB670 OptiBuild,770787,Ms VISTA RB670 MIH64 50ug,770787-Ms VISTA RB670 MIH64 50ug,BDB-770787, $523 , 2 ,,,
28378,BLS,BDB,Biosciences,BDB,Biosciences,2200800,Research Reagents,PH220070022900,Research Core Cobalt,PH220080035900,Cobalt Blue OptiBuild,PH220080041051,RB670 OptiBuild,PH220080051181,Mouse RB670 OptiBuild,770814,Ms CD195 RB670 C34-3448 50ug,770814-Ms CD195 RB670 C34-3448 50ug,BDB-770814, $308 , 2 ,,,
28379,BLS,BDB,Biosciences,BDB,Biosciences,2200800,Research Reagents,PH220070022900,Research Core Cobalt,PH220080035900,Cobalt Blue OptiBuild,PH220080041051,RB670 OptiBuild,PH220080051181,Mouse RB670 OptiBuild,770817,Ms CD86 RB670 GL1 50ug,770817-Ms CD86 RB670 GL1 50ug,BDB-770817, $893 , 6 ,,,
28380,BLS,BDB,Biosciences,BDB,Biosciences,2200800,Research Reagents,PH220070022900,Research Core Cobalt,PH220080035900,Cobalt Blue OptiBuild,PH220080041051,RB670 OptiBuild,PH220080051181,Mouse RB670 OptiBuild,770820,Ms TCR Bta RB670 H57-597 50ug,770820-Ms TCR Bta RB670 H57-597 50ug,BDB-770820," $1,190 ", 5 ,,,
28381,BLS,BDB,Biosciences,BDB,Biosciences,2200800,Research Reagents,PH220070022900,Research Core Cobalt,PH220080035900,Cobalt Blue OptiBuild,PH220080041051,RB670 OptiBuild,PH220080051181,Mouse RB670 OptiBuild,770826,Ms CD273 RB670 TY25 50ug,770826-Ms CD273 RB670 TY25 50ug,BDB-770826, $232 , 2 ,,,
28382,BLS,BDB,Biosciences,BDB,Biosciences,2200800,Research Reagents,PH220070022900,Research Core Cobalt,PH220080035900,Cobalt Blue OptiBuild,PH220080041051,RB670 OptiBuild,PH220080051181,Mouse RB670 OptiBuild,770840,Ms CD140b RB670 APB5 50ug,770840-Ms CD140b RB670 APB5 50ug,BDB-770840, $746 , 3 ,,,
28383,BLS,BDB,Biosciences,BDB,Biosciences,2200800,Research Reagents,PH220070022900,Research Core Cobalt,PH220080035900,Cobalt Blue OptiBuild,PH220080041051,RB670 OptiBuild,PH220080051181,Mouse RB670 OptiBuild,770856,Ms Siglec-H RB670 551 50ug,770856-Ms Siglec-H RB670 551 50ug,BDB-770856, $255 , 1 ,,,
28384,BLS,BDB,Biosciences,BDB,Biosciences,2200800,Research Reagents,PH220070022900,Research Core Cobalt,PH220080035900,Cobalt Blue OptiBuild,PH220080041051,RB670 OptiBuild,PH220080051181,Mouse RB670 OptiBuild,770859,Biotin RB670 BK-1/39 50ug,770859-Biotin RB670 BK-1/39 50ug,BDB-770859, $227 , 1 ,,,
28385,BLS,BDB,Biosciences,BDB,Biosciences,2200800,Research Reagents,PH220070022900,Research Core Cobalt,PH220080035900,Cobalt Blue OptiBuild,PH220080041051,RB670 OptiBuild,PH220080051181,Mouse RB670 OptiBuild,770865,Ms CD21/CD35 RB670 7E9 50ug,770865-Ms CD21/CD35 RB670 7E9 50ug,BDB-770865," $1,180 ", 5 ,,,
28386,BLS,BDB,Biosciences,BDB,Biosciences,2200800,Research Reagents,PH220070022900,Research Core Cobalt,PH220080035900,Cobalt Blue OptiBuild,PH220080041051,RB670 OptiBuild,PH220080051181,Mouse RB670 OptiBuild,770868,Ms CD11a RB670 M17/4 50ug,770868-Ms CD11a RB670 M17/4 50ug,BDB-770868, $533 , 3 ,,,
28387,BLS,BDB,Biosciences,BDB,Biosciences,2200800,Research Reagents,PH220070022900,Research Core Cobalt,PH220080035900,Cobalt Blue OptiBuild,PH220080041051,RB670 OptiBuild,PH220080051181,Mouse RB670 OptiBuild,770888,Ms CD84 RB670 1D3/CD84 50ug,770888-Ms CD84 RB670 1D3/CD84 50ug,BDB-770888, $87 , 1 ,,,
28388,BLS,BDB,Biosciences,BDB,Biosciences,2200800,Research Reagents,PH220070022900,Research Core Cobalt,PH220080035900,Cobalt Blue OptiBuild,PH220080041051,RB670 OptiBuild,PH220080051181,Mouse RB670 OptiBuild,770894,Ms CD103 RB670 2E7 50ug,770894-Ms CD103 RB670 2E7 50ug,BDB-770894, $321 , 2 ,,,
28389,BLS,BDB,Biosciences,BDB,Biosciences,2200800,Research Reagents,PH220070022900,Research Core Cobalt,PH220080035900,Cobalt Blue OptiBuild,PH220080041051,RB670 OptiBuild,PH220080051181,Mouse RB670 OptiBuild,770900,Hu CD194 RB670 1G1 50ug,770900-Hu CD194 RB670 1G1 50ug,BDB-770900," $2,317 ", 8 ,,,
28390,BLS,BDB,Biosciences,BDB,Biosciences,2200800,Research Reagents,PH220070022900,Research Core Cobalt,PH220080035900,Cobalt Blue OptiBuild,PH220080041051,RB670 OptiBuild,PH220080051181,Mouse RB670 OptiBuild,770926,Ms CD3 RB670 17A2 50ug,770926-Ms CD3 RB670 17A2 50ug,BDB-770926," $2,506 ", 11 ,,,
28391,BLS,BDB,Biosciences,BDB,Biosciences,2200800,Research Reagents,PH220070022900,Research Core Cobalt,PH220080035900,Cobalt Blue OptiBuild,PH220080041051,RB670 OptiBuild,PH220080051181,Mouse RB670 OptiBuild,770943,Ms CD137 RB670 1AH2 50ug,770943-Ms CD137 RB670 1AH2 50ug,BDB-770943, $965 , 4 ,,,
28392,BLS,BDB,Biosciences,BDB,Biosciences,2200800,Research Reagents,PH220070022900,Research Core Cobalt,PH220080035900,Cobalt Blue OptiBuild,PH220080041051,RB670 OptiBuild,PH220080051181,Mouse RB670 OptiBuild,771003,Ms CD14 RB670 SA14-2 50ug,771003-Ms CD14 RB670 SA14-2 50ug,BDB-771003, $228 , 1 ,,,
28393,BLS,BDB,Biosciences,BDB,Biosciences,2200800,Research Reagents,PH220070022900,Research Core Cobalt,PH220080035900,Cobalt Blue OptiBuild,PH220080041051,RB670 OptiBuild,PH220080051181,Mouse RB670 OptiBuild,771004,Ms CD137 RB670 17B5 50ug,771004-Ms CD137 RB670 17B5 50ug,BDB-771004," $2,604 ", 11 ,,,
28394,BLS,BDB,Biosciences,BDB,Biosciences,2200800,Research Reagents,PH220070022900,Research Core Cobalt,PH220080035900,Cobalt Blue OptiBuild,PH220080041051,RB670 OptiBuild,PH220080051181,Mouse RB670 OptiBuild,771007,Ms CD140a RB670 APA5 50ug,771007-Ms CD140a RB670 APA5 50ug,BDB-771007," $1,045 ", 5 ,,,
28395,BLS,BDB,Biosciences,BDB,Biosciences,2200800,Research Reagents,PH220070022900,Research Core Cobalt,PH220080035900,Cobalt Blue OptiBuild,PH220080041051,RB670 OptiBuild,PH220080051181,Mouse RB670 OptiBuild,771015,Hu CD110 RB670 1.78.1 50ug,771015-Hu CD110 RB670 1.78.1 50ug,BDB-771015, $430 , 1 ,,,
28396,BLS,BDB,Biosciences,BDB,Biosciences,2200800,Research Reagents,PH220070022900,Research Core Cobalt,PH220080035900,Cobalt Blue OptiBuild,PH220080041051,RB670 OptiBuild,PH220080051181,Mouse RB670 OptiBuild,771028,Hu CD10 RB670 MEM-78 50ug,771028-Hu CD10 RB670 MEM-78 50ug,BDB-771028, $765 , 2 ,,,
28397,BLS,BDB,Biosciences,BDB,Biosciences,2200800,Research Reagents,PH220070022900,Research Core Cobalt,PH220080035900,Cobalt Blue OptiBuild,PH220080041051,RB670 OptiBuild,PH220080051181,Mouse RB670 OptiBuild,771044,Ms CD319 RB670 4G2 50ug,771044-Ms CD319 RB670 4G2 50ug,BDB-771044, $878 , 4 ,,,
28398,BLS,BDB,Biosciences,BDB,Biosciences,2200800,Research Reagents,PH220070022900,Research Core Cobalt,PH220080035900,Cobalt Blue OptiBuild,PH220080041051,RB670 OptiBuild,PH220080051181,Mouse RB670 OptiBuild,771050,Ms CD11c RB670 HL3 50ug,771050-Ms CD11c RB670 HL3 50ug,BDB-771050, $431 , 2 ,,,
28399,BLS,BDB,Biosciences,BDB,Biosciences,2200800,Research Reagents,PH220070022900,Research Core Cobalt,PH220080035900,Cobalt Blue OptiBuild,PH220080041051,RB670 OptiBuild,PH220080051181,Mouse RB670 OptiBuild,771051,Ms CD74 RB670 IN-1 50ug,771051-Ms CD74 RB670 IN-1 50ug,BDB-771051, $703 , 3 ,,,
28400,BLS,BDB,Biosciences,BDB,Biosciences,2200800,Research Reagents,PH220070022900,Research Core Cobalt,PH220080035900,Cobalt Blue OptiBuild,PH220080041051,RB670 OptiBuild,PH220080051181,Mouse RB670 OptiBuild,771076,Ms Siglec-H RB670 440C 50ug,771076-Ms Siglec-H RB670 440C 50ug,BDB-771076, $217 , 1 ,,,
28401,BLS,BDB,Biosciences,BDB,Biosciences,2200800,Research Reagents,PH220070022900,Research Core Cobalt,PH220080035900,Cobalt Blue OptiBuild,PH220080041051,RB670 OptiBuild,PH220080051181,Mouse RB670 OptiBuild,771108,Ms CD93 RB670 AA4.1 50ug,771108-Ms CD93 RB670 AA4.1 50ug,BDB-771108, $521 , 2 ,,,
28402,BLS,BDB,Biosciences,BDB,Biosciences,2200800,Research Reagents,PH220070022900,Research Core Cobalt,PH220080035900,Cobalt Blue OptiBuild,PH220080041051,RB670 OptiBuild,PH220080051181,Mouse RB670 OptiBuild,771109,Ms CD134 RB670 OX-86 50ug,771109-Ms CD134 RB670 OX-86 50ug,BDB-771109," $1,963 ", 9 ,,,
28403,BLS,BDB,Biosciences,BDB,Biosciences,2200800,Research Reagents,PH220070022900,Research Core Cobalt,PH220080035900,Cobalt Blue OptiBuild,PH220080041051,RB670 OptiBuild,PH220080051181,Mouse RB670 OptiBuild,771116,Ms CD244.2 RB670 2B4 50ug,771116-Ms CD244.2 RB670 2B4 50ug,BDB-771116, $645 , 3 ,,,
28404,BLS,BDB,Biosciences,BDB,Biosciences,2200800,Research Reagents,PH220070022900,Research Core Cobalt,PH220080035900,Cobalt Blue OptiBuild,PH220080041051,RB670 OptiBuild,PH220080051181,Mouse RB670 OptiBuild,771128,Ms CD184 RB670 2B11/CXCR4 50ug,771128-Ms CD184 RB670 2B11/CXCR4 50ug,BDB-771128, $476 , 2 ,,,
28405,BLS,BDB,Biosciences,BDB,Biosciences,2200800,Research Reagents,PH220070022900,Research Core Cobalt,PH220080035900,Cobalt Blue OptiBuild,PH220080041051,RB670 OptiBuild,PH220080051181,Mouse RB670 OptiBuild,771134,Ms CD279 RB670 RMP1-30 50ug,771134-Ms CD279 RB670 RMP1-30 50ug,BDB-771134," $1,915 ", 6 ,,,
28406,BLS,BDB,Biosciences,BDB,Biosciences,2200800,Research Reagents,PH220070022900,Research Core Cobalt,PH220080035900,Cobalt Blue OptiBuild,PH220080041051,RB670 OptiBuild,PH220080051181,Mouse RB670 OptiBuild,771142,Ms CD215 RB670 W11-873 50ug,771142-Ms CD215 RB670 W11-873 50ug,BDB-771142, $235 , 1 ,,,
28407,BLS,BDB,Biosciences,BDB,Biosciences,2200800,Research Reagents,PH220070022900,Research Core Cobalt,PH220080035900,Cobalt Blue OptiBuild,PH220080041051,RB670 OptiBuild,PH220080051181,Mouse RB670 OptiBuild,771169,Ms Ly-6C RB670 HK1.4.RMAB 50ug,771169-Ms Ly-6C RB670 HK1.4.RMAB 50ug,BDB-771169, $577 , 3 ,,,
28408,BLS,BDB,Biosciences,BDB,Biosciences,2200800,Research Reagents,PH220070022900,Research Core Cobalt,PH220080035900,Cobalt Blue OptiBuild,PH220080041051,RB670 OptiBuild,PH220080051181,Mouse RB670 OptiBuild,771178,Ms TCR VBta 5.1 5.2 RB670 MR9-4 50ug,771178-Ms TCR VBta 5.1 5.2 RB670 MR9-4 50ug,BDB-771178, $337 , 1 ,,,
28409,BLS,BDB,Biosciences,BDB,Biosciences,2200800,Research Reagents,PH220070022900,Research Core Cobalt,PH220080035900,Cobalt Blue OptiBuild,PH220080041051,RB670 OptiBuild,PH220080051181,Mouse RB670 OptiBuild,771184,Hu CD32 RB670 FLI8.26 50ug,771184-Hu CD32 RB670 FLI8.26 50ug,BDB-771184, $450 , 1 ,,,
28410,BLS,BDB,Biosciences,BDB,Biosciences,2200800,Research Reagents,PH220070022900,Research Core Cobalt,PH220080035900,Cobalt Blue OptiBuild,PH220080041051,RB670 OptiBuild,PH220080051181,Mouse RB670 OptiBuild,771190,Ms CD95 RB670 JO2 50ug,771190-Ms CD95 RB670 JO2 50ug,BDB-771190, $343 , 1 ,,,
28411,BLS,BDB,Biosciences,BDB,Biosciences,2200800,Research Reagents,PH220070022900,Research Core Cobalt,PH220080035900,Cobalt Blue OptiBuild,PH220080041051,RB670 OptiBuild,PH220080051181,Mouse RB670 OptiBuild,771219,Ms CD117 RB670 ACK2 50ug,771219-Ms CD117 RB670 ACK2 50ug,BDB-771219, $982 , 4 ,,,
28412,BLS,BDB,Biosciences,BDB,Biosciences,2200800,Research Reagents,PH220070022900,Research Core Cobalt,PH220080035900,Cobalt Blue OptiBuild,PH220080041051,RB670 OptiBuild,PH220080051181,Mouse RB670 OptiBuild,771253,Ms CD86 RB670 PO3 50ug,771253-Ms CD86 RB670 PO3 50ug,BDB-771253, $255 , 1 ,,,
28413,BLS,BDB,Biosciences,BDB,Biosciences,2200800,Research Reagents,PH220070022900,Research Core Cobalt,PH220080035900,Cobalt Blue OptiBuild,PH220080041051,RB670 OptiBuild,PH220080051181,Mouse RB670 OptiBuild,771274,Ms I-A/I-E RB670 M5/114.15.2 50ug,771274-Ms I-A/I-E RB670 M5/114.15.2 50ug,BDB-771274, $477 , 2 ,,,
28414,BLS,BDB,Biosciences,BDB,Biosciences,2200800,Research Reagents,PH220070022900,Research Core Cobalt,PH220080035900,Cobalt Blue OptiBuild,PH220080041051,RB670 OptiBuild,PH220080051181,Mouse RB670 OptiBuild,771283,Ms H-2 Class I RB670 M1/42 50ug,771283-Ms H-2 Class I RB670 M1/42 50ug,BDB-771283, $437 , 2 ,,,
28415,BLS,BDB,Biosciences,BDB,Biosciences,2200800,Research Reagents,PH220070022900,Research Core Cobalt,PH220080035900,Cobalt Blue OptiBuild,PH220080041051,RB670 OptiBuild,PH220080051181,Mouse RB670 OptiBuild,771286,Ms TCR VBta13 RB670 MR12-3 50ug,771286-Ms TCR VBta13 RB670 MR12-3 50ug,BDB-771286, $-   , 1 ,,,
28416,BLS,BDB,Biosciences,BDB,Biosciences,2200800,Research Reagents,PH220070022900,Research Core Cobalt,PH220080035900,Cobalt Blue OptiBuild,PH220080041051,RB670 OptiBuild,PH220080051181,Mouse RB670 OptiBuild,771315,Ms CD30 RB670 MCD30.1 50ug,771315-Ms CD30 RB670 MCD30.1 50ug,BDB-771315, $488 , 2 ,,,
28417,BLS,BDB,Biosciences,BDB,Biosciences,2200800,Research Reagents,PH220070022900,Research Core Cobalt,PH220080035900,Cobalt Blue OptiBuild,PH220080041051,RB670 OptiBuild,PH220080051181,Mouse RB670 OptiBuild,771330,Ms CD159a RB670 16A11 50ug,771330-Ms CD159a RB670 16A11 50ug,BDB-771330, $640 , 3 ,,,
28418,BLS,BDB,Biosciences,BDB,Biosciences,2200800,Research Reagents,PH220070022900,Research Core Cobalt,PH220080035900,Cobalt Blue OptiBuild,PH220080041051,RB670 OptiBuild,PH220080051181,Mouse RB670 OptiBuild,771336,Ms TIM-4 RB670 21H12 50ug,771336-Ms TIM-4 RB670 21H12 50ug,BDB-771336, $285 , 1 ,,,
28419,BLS,BDB,Biosciences,BDB,Biosciences,2200800,Research Reagents,PH220070022900,Research Core Cobalt,PH220080035900,Cobalt Blue OptiBuild,PH220080041051,RB670 OptiBuild,PH220080051181,Mouse RB670 OptiBuild,771342,Ms CD106 RB670 429 (MVCAM.A) 50ug,771342-Ms CD106 RB670 429 (MVCAM.A) 50ug,BDB-771342, $351 , 1 ,,,
28420,BLS,BDB,Biosciences,BDB,Biosciences,2200800,Research Reagents,PH220070022900,Research Core Cobalt,PH220080035900,Cobalt Blue OptiBuild,PH220080041051,RB670 OptiBuild,PH220080051181,Mouse RB670 OptiBuild,771351,Ms TCR GmaDta RB670 GL3 50ug,771351-Ms TCR GmaDta RB670 GL3 50ug,BDB-771351, $739 , 6 ,,,
28421,BLS,BDB,Biosciences,BDB,Biosciences,2200800,Research Reagents,PH220070022900,Research Core Cobalt,PH220080035900,Cobalt Blue OptiBuild,PH220080041051,RB670 OptiBuild,PH220080051181,Mouse RB670 OptiBuild,771366,Ms CD185 RB670 2G8 50ug,771366-Ms CD185 RB670 2G8 50ug,BDB-771366, $446 , 2 ,,,
28422,BLS,BDB,Biosciences,BDB,Biosciences,2200800,Research Reagents,PH220070022900,Research Core Cobalt,PH220080035900,Cobalt Blue OptiBuild,PH220080041051,RB670 OptiBuild,PH220080051181,Mouse RB670 OptiBuild,771377,Ms IL-23 Receptor RB670 O78-1208 50ug,771377-Ms IL-23 Receptor RB670 O78-1208 50ug,BDB-771377, $528 , 2 ,,,
28423,BLS,BDB,Biosciences,BDB,Biosciences,2200800,Research Reagents,PH220070022900,Research Core Cobalt,PH220080035900,Cobalt Blue OptiBuild,PH220080041051,RB670 OptiBuild,PH220080051181,Mouse RB670 OptiBuild,771429,Ms CD122 RB670 5H4 50ug,771429-Ms CD122 RB670 5H4 50ug,BDB-771429, $171 , 1 ,,,
28424,BLS,BDB,Biosciences,BDB,Biosciences,2200800,Research Reagents,PH220070022900,Research Core Cobalt,PH220080035900,Cobalt Blue OptiBuild,PH220080041051,RB670 OptiBuild,PH220080051181,Mouse RB670 OptiBuild,771430,Ms CD25 RB670 PC61 50ug,771430-Ms CD25 RB670 PC61 50ug,BDB-771430," $1,657 ", 7 ,,,
28425,BLS,BDB,Biosciences,BDB,Biosciences,2200800,Research Reagents,PH220070022900,Research Core Cobalt,PH220080035900,Cobalt Blue OptiBuild,PH220080041051,RB670 OptiBuild,PH220080051181,Mouse RB670 OptiBuild,771445,Ms Treml4 RB670 16E5 50ug,771445-Ms Treml4 RB670 16E5 50ug,BDB-771445, $340 , 1 ,,,
28426,BLS,BDB,Biosciences,BDB,Biosciences,2200800,Research Reagents,PH220070022900,Research Core Cobalt,PH220080035900,Cobalt Blue OptiBuild,PH220080041051,RB670 OptiBuild,PH220080051181,Mouse RB670 OptiBuild,771457,Ms I-A/I-E RB670 2G9 50ug,771457-Ms I-A/I-E RB670 2G9 50ug,BDB-771457," $1,454 ", 5 ,,,
28427,BLS,BDB,Biosciences,BDB,Biosciences,2200800,Research Reagents,PH220070022900,Research Core Cobalt,PH220080035900,Cobalt Blue OptiBuild,PH220080041051,RB670 OptiBuild,PH220080051181,Mouse RB670 OptiBuild,771460,Ms ESAM RB670 1G8/ESAM 50ug,771460-Ms ESAM RB670 1G8/ESAM 50ug,BDB-771460, $179 , 1 ,,,
28428,BLS,BDB,Biosciences,BDB,Biosciences,2200800,Research Reagents,PH220070022900,Research Core Cobalt,PH220080035900,Cobalt Blue OptiBuild,PH220080041051,RB670 OptiBuild,PH220080051181,Mouse RB670 OptiBuild,771466,Ms CD54 RB670 3E2 50ug,771466-Ms CD54 RB670 3E2 50ug,BDB-771466, $228 , 1 ,,,
28429,BLS,BDB,Biosciences,BDB,Biosciences,2200800,Research Reagents,PH220070022900,Research Core Cobalt,PH220080035900,Cobalt Blue OptiBuild,PH220080041051,RB670 OptiBuild,PH220080051181,Mouse RB670 OptiBuild,771481,Ms CD5 RB670 53-7.3 50ug,771481-Ms CD5 RB670 53-7.3 50ug,BDB-771481, $234 , 1 ,,,
28430,BLS,BDB,Biosciences,BDB,Biosciences,2200800,Research Reagents,PH220070022900,Research Core Cobalt,PH220080035900,Cobalt Blue OptiBuild,PH220080041051,RB670 OptiBuild,PH220080051181,Mouse RB670 OptiBuild,771487,Hu CD303 RB670 V24-785 50ug,771487-Hu CD303 RB670 V24-785 50ug,BDB-771487," $1,757 ", 5 ,,,
28431,BLS,BDB,Biosciences,BDB,Biosciences,2200800,Research Reagents,PH220070022900,Research Core Cobalt,PH220080035900,Cobalt Blue OptiBuild,PH220080041051,RB670 OptiBuild,PH220080051181,Mouse RB670 OptiBuild,771500,Ms CD209a RB670 5H10 50ug,771500-Ms CD209a RB670 5H10 50ug,BDB-771500, $267 , 1 ,,,
28432,BLS,BDB,Biosciences,BDB,Biosciences,2200800,Research Reagents,PH220070022900,Research Core Cobalt,PH220080035900,Cobalt Blue OptiBuild,PH220080041051,RB670 OptiBuild,PH220080051181,Mouse RB670 OptiBuild,771506,Rat CD11b/c RB670 OX-42 50ug,771506-Rat CD11b/c RB670 OX-42 50ug,BDB-771506, $177 , 1 ,,,
28433,BLS,BDB,Biosciences,BDB,Biosciences,2200800,Research Reagents,PH220070022900,Research Core Cobalt,PH220080035900,Cobalt Blue OptiBuild,PH220080041051,RB670 OptiBuild,PH220080051181,Mouse RB670 OptiBuild,771524,Ms CD115 RB670 AFS98 50ug,771524-Ms CD115 RB670 AFS98 50ug,BDB-771524, $468 , 3 ,,,
28434,BLS,BDB,Biosciences,BDB,Biosciences,2200800,Research Reagents,PH220070022900,Research Core Cobalt,PH220080035900,Cobalt Blue OptiBuild,PH220080041051,RB670 OptiBuild,PH220080051181,Mouse RB670 OptiBuild,771553,Ms CD335 RB670 29A1.4 50ug,771553-Ms CD335 RB670 29A1.4 50ug,BDB-771553, $396 , 22 ,,,
28435,BLS,BDB,Biosciences,BDB,Biosciences,2200800,Research Reagents,PH220070022900,Research Core Cobalt,PH220080035900,Cobalt Blue OptiBuild,PH220080041051,RB670 OptiBuild,PH220080051181,Mouse RB670 OptiBuild,771559,Ms TCR VGma4 RB670 49.2/TCR VG4 50ug,771559-Ms TCR VGma4 RB670 49.2/TCR VG4 50ug,BDB-771559, $401 , 2 ,,,
28436,BLS,BDB,Biosciences,BDB,Biosciences,2200800,Research Reagents,PH220070022900,Research Core Cobalt,PH220080035900,Cobalt Blue OptiBuild,PH220080041051,RB670 OptiBuild,PH220080051181,Mouse RB670 OptiBuild,771611,Ms CD357 RB670 DTA-1 50ug,771611-Ms CD357 RB670 DTA-1 50ug,BDB-771611, $630 , 3 ,,,
28437,BLS,BDB,Biosciences,BDB,Biosciences,2200800,Research Reagents,PH220070022900,Research Core Cobalt,PH220080035900,Cobalt Blue OptiBuild,PH220080041051,RB670 OptiBuild,PH220080051181,Mouse RB670 OptiBuild,771630,Ms CD199 RB670 9B1 50ug,771630-Ms CD199 RB670 9B1 50ug,BDB-771630," $1,770 ", 8 ,,,
28438,BLS,BDB,Biosciences,BDB,Biosciences,2200800,Research Reagents,PH220070022900,Research Core Cobalt,PH220080035900,Cobalt Blue OptiBuild,PH220080041051,RB670 OptiBuild,PH220080051181,Mouse RB670 OptiBuild,771636,Ms CRIg RB670 17C9 50ug,771636-Ms CRIg RB670 17C9 50ug,BDB-771636, $610 , 3 ,,,
28439,BLS,BDB,Biosciences,BDB,Biosciences,2200800,Research Reagents,PH220070022900,Research Core Cobalt,PH220080035900,Cobalt Blue OptiBuild,PH220080041051,RB670 OptiBuild,PH220080051181,Mouse RB670 OptiBuild,771638,Ms CD25 RB670 3C7 50ug,771638-Ms CD25 RB670 3C7 50ug,BDB-771638," $1,023 ", 4 ,,,
28440,BLS,BDB,Biosciences,BDB,Biosciences,2200800,Research Reagents,PH220070022900,Research Core Cobalt,PH220080035900,Cobalt Blue OptiBuild,PH220080041051,RB670 OptiBuild,PH220080051181,Mouse RB670 OptiBuild,771653,Ms CD38 RB670 90/CD38 50ug,771653-Ms CD38 RB670 90/CD38 50ug,BDB-771653," $1,462 ", 6 ,,,
28441,BLS,BDB,Biosciences,BDB,Biosciences,2200800,Research Reagents,PH220070022900,Research Core Cobalt,PH220080035900,Cobalt Blue OptiBuild,PH220080041051,RB670 OptiBuild,PH220080051181,Mouse RB670 OptiBuild,771685,Ms F4/80-Like R RB670 6F12 50ug,771685-Ms F4/80-Like R RB670 6F12 50ug,BDB-771685, $210 , 1 ,,,
28442,BLS,BDB,Biosciences,BDB,Biosciences,2200800,Research Reagents,PH220070022900,Research Core Cobalt,PH220080035900,Cobalt Blue OptiBuild,PH220080041051,RB670 OptiBuild,PH220080051181,Mouse RB670 OptiBuild,771710,Ms CD162 RB670 2PH1 50ug,771710-Ms CD162 RB670 2PH1 50ug,BDB-771710, $510 , 2 ,,,
28443,BLS,BDB,Biosciences,BDB,Biosciences,2200800,Research Reagents,PH220070022900,Research Core Cobalt,PH220080035900,Cobalt Blue OptiBuild,PH220080041051,RB670 OptiBuild,PH220080051181,Mouse RB670 OptiBuild,771717,Ms CD31 RB670 MEC 13.3 50ug,771717-Ms CD31 RB670 MEC 13.3 50ug,BDB-771717, $238 , 1 ,,,
28444,BLS,BDB,Biosciences,BDB,Biosciences,2200800,Research Reagents,PH220070022900,Research Core Cobalt,PH220080035900,Cobalt Blue OptiBuild,PH220080041051,RB670 OptiBuild,PH220080051181,Mouse RB670 OptiBuild,771790,Ms Ly-6G/Ly-6C RB670 RB6-8C5 50ug,771790-Ms Ly-6G/Ly-6C RB670 RB6-8C5 50ug,BDB-771790, $145 , 1 ,,,
28445,BLS,BDB,Biosciences,BDB,Biosciences,2200800,Research Reagents,PH220070022900,Research Core Cobalt,PH220080035900,Cobalt Blue OptiBuild,PH220080041051,RB670 OptiBuild,PH220080051181,Mouse RB670 OptiBuild,771806,Ms CD124 RB670 MIL4R-M1 50ug,771806-Ms CD124 RB670 MIL4R-M1 50ug,BDB-771806, $226 , 1 ,,,
28446,BLS,BDB,Biosciences,BDB,Biosciences,2200800,Research Reagents,PH220070022900,Research Core Cobalt,PH220080035900,Cobalt Blue OptiBuild,PH220080041051,RB670 OptiBuild,PH220080051181,Mouse RB670 OptiBuild,771812,Ms IgM RB670 R6-60.2 50ug,771812-Ms IgM RB670 R6-60.2 50ug,BDB-771812, $380 , 3 ,,,
28447,BLS,BDB,Biosciences,BDB,Biosciences,2200800,Research Reagents,PH220070022900,Research Core Cobalt,PH220080035900,Cobalt Blue OptiBuild,PH220080041051,RB670 OptiBuild,PH220080051181,Mouse RB670 OptiBuild,771815,Ms Ly-6G RB670 1A8 50ug,771815-Ms Ly-6G RB670 1A8 50ug,BDB-771815," $5,167 ", 18 ,,,
28448,BLS,BDB,Biosciences,BDB,Biosciences,2200800,Research Reagents,PH220070022900,Research Core Cobalt,PH220080035900,Cobalt Blue OptiBuild,PH220080041051,RB670 OptiBuild,PH220080051181,Mouse RB670 OptiBuild,771832,Ms TCR VGma1.1 RB670 2.11 50ug,771832-Ms TCR VGma1.1 RB670 2.11 50ug,BDB-771832, $203 , 1 ,,,
28449,BLS,BDB,Biosciences,BDB,Biosciences,2200800,Research Reagents,PH220070022900,Research Core Cobalt,PH220080035900,Cobalt Blue OptiBuild,PH220080041051,RB670 OptiBuild,PH220080051181,Mouse RB670 OptiBuild,771833,Ms CD254 RB670 IK22-5 50ug,771833-Ms CD254 RB670 IK22-5 50ug,BDB-771833, $216 , 1 ,,,
28450,BLS,BDB,Biosciences,BDB,Biosciences,2200800,Research Reagents,PH220070022900,Research Core Cobalt,PH220080035900,Cobalt Blue OptiBuild,PH220080041051,RB670 OptiBuild,PH220080051181,Mouse RB670 OptiBuild,771846,Ms Panen Cell Atg RB670 MECA-32 50ug,771846-Ms Panen Cell Atg RB670 MECA-32 50ug,BDB-771846, $257 , 1 ,,,
28451,BLS,BDB,Biosciences,BDB,Biosciences,2200800,Research Reagents,PH220070022900,Research Core Cobalt,PH220080035900,Cobalt Blue OptiBuild,PH220080041051,RB670 OptiBuild,PH220080051181,Mouse RB670 OptiBuild,771853,Ms CD49d RB670 R1-2 50ug,771853-Ms CD49d RB670 R1-2 50ug,BDB-771853, $352 , 2 ,,,
28452,BLS,BDB,Biosciences,BDB,Biosciences,2200800,Research Reagents,PH220070022900,Research Core Cobalt,PH220080035900,Cobalt Blue OptiBuild,PH220080041051,RB670 OptiBuild,PH220080051181,Mouse RB670 OptiBuild,771855,Ms CD73 RB670 TY/11.8 50ug,771855-Ms CD73 RB670 TY/11.8 50ug,BDB-771855," $1,281 ", 5 ,,,
28453,BLS,BDB,Biosciences,BDB,Biosciences,2200800,Research Reagents,PH220070022900,Research Core Cobalt,PH220080035900,Cobalt Blue OptiBuild,PH220080041051,RB670 OptiBuild,PH220080051181,Mouse RB670 OptiBuild,771857,Ms CD62E RB670 10E9.6 50ug,771857-Ms CD62E RB670 10E9.6 50ug,BDB-771857, $865 , 4 ,,,
28454,BLS,BDB,Biosciences,BDB,Biosciences,2200800,Research Reagents,PH220070022900,Research Core Cobalt,PH220080035900,Cobalt Blue OptiBuild,PH220080041051,RB670 OptiBuild,PH220080051181,Mouse RB670 OptiBuild,771898,Ms CD34 RB670 RAM34 50ug,771898-Ms CD34 RB670 RAM34 50ug,BDB-771898," $2,872 ", 12 ,,,
28455,BLS,BDB,Biosciences,BDB,Biosciences,2200800,Research Reagents,PH220070022900,Research Core Cobalt,PH220080035900,Cobalt Blue OptiBuild,PH220080041051,RB670 OptiBuild,PH220080051181,Mouse RB670 OptiBuild,771902,Ms CD366 RB670 5D12/TIM-3 50ug,771902-Ms CD366 RB670 5D12/TIM-3 50ug,BDB-771902," $1,270 ", 4 ,,,
28456,BLS,BDB,Biosciences,BDB,Biosciences,2200800,Research Reagents,PH220070022900,Research Core Cobalt,PH220080035900,Cobalt Blue OptiBuild,PH220080041051,RB670 OptiBuild,PH220080051181,Mouse RB670 OptiBuild,771925,Ms CD9 RB670 KMC8 50ug,771925-Ms CD9 RB670 KMC8 50ug,BDB-771925, $275 , 2 ,,,
28457,BLS,BDB,Biosciences,BDB,Biosciences,2200800,Research Reagents,PH220070022900,Research Core Cobalt,PH220080035900,Cobalt Blue OptiBuild,PH220080041051,RB670 OptiBuild,PH220080051181,Mouse RB670 OptiBuild,771967,Ms CD366 RB670 RMT3-23 50ug,771967-Ms CD366 RB670 RMT3-23 50ug,BDB-771967," $1,290 ", 7 ,,,
28458,BLS,BDB,Biosciences,BDB,Biosciences,2200800,Research Reagents,PH220070022900,Research Core Cobalt,PH220080035900,Cobalt Blue OptiBuild,PH220080041051,RB670 OptiBuild,PH220080051181,Mouse RB670 OptiBuild,771974,Ms CD179a RB670 R3/VPREB 50ug,771974-Ms CD179a RB670 R3/VPREB 50ug,BDB-771974, $455 , 2 ,,,
28459,BLS,BDB,Biosciences,BDB,Biosciences,2200800,Research Reagents,PH220070022900,Research Core Cobalt,PH220080035900,Cobalt Blue OptiBuild,PH220080041051,RB670 OptiBuild,PH220080051181,Mouse RB670 OptiBuild,771996,Ms Notch2 RB670 16F11 50ug,771996-Ms Notch2 RB670 16F11 50ug,BDB-771996, $107 , 1 ,,,
28460,BLS,BDB,Biosciences,BDB,Biosciences,2200800,Research Reagents,PH220070022900,Research Core Cobalt,PH220080035900,Cobalt Blue OptiBuild,PH220080041051,RB670 OptiBuild,PH220080051181,Mouse RB670 OptiBuild,771999,Ms H-2Kb RB670 25-D1.16.RMAB 50ug,771999-Ms H-2Kb RB670 25-D1.16.RMAB 50ug,BDB-771999, $158 , 1 ,,,
28461,BLS,BDB,Biosciences,BDB,Biosciences,2200800,Research Reagents,PH220070022900,Research Core Cobalt,PH220080035900,Cobalt Blue OptiBuild,PH220080041051,RB670 OptiBuild,PH220080051181,Mouse RB670 OptiBuild,772002,Ms CD274 RB670 MIH5 50ug,772002-Ms CD274 RB670 MIH5 50ug,BDB-772002, $703 , 4 ,,,
28462,BLS,BDB,Biosciences,BDB,Biosciences,2200800,Research Reagents,PH220070022900,Research Core Cobalt,PH220080035900,Cobalt Blue OptiBuild,PH220080041051,RB670 OptiBuild,PH220080051181,Mouse RB670 OptiBuild,772029,Ms CD28 RB670 37.51 50ug,772029-Ms CD28 RB670 37.51 50ug,BDB-772029, $355 , 2 ,,,
28463,BLS,BDB,Biosciences,BDB,Biosciences,2200800,Research Reagents,PH220070022900,Research Core Cobalt,PH220080035900,Cobalt Blue OptiBuild,PH220080041051,RB670 OptiBuild,PH220080051181,Mouse RB670 OptiBuild,772035,Ms CD279 RB670 J43 50ug,772035-Ms CD279 RB670 J43 50ug,BDB-772035, $490 , 3 ,,,
28464,BLS,BDB,Biosciences,BDB,Biosciences,2200800,Research Reagents,PH220070022900,Research Core Cobalt,PH220080035900,Cobalt Blue OptiBuild,PH220080041051,RB670 OptiBuild,PH220080051181,Mouse RB670 OptiBuild,772042,Ms H-2Dq/H-2Lq RB670 KH117 50ug,772042-Ms H-2Dq/H-2Lq RB670 KH117 50ug,BDB-772042, $224 , 1 ,,,
28465,BLS,BDB,Biosciences,BDB,Biosciences,2200800,Research Reagents,PH220070022900,Research Core Cobalt,PH220080035900,Cobalt Blue OptiBuild,PH220080041051,RB670 OptiBuild,PH220080051181,Mouse RB670 OptiBuild,772062,Ms IgA RB670 C10-1 50ug,772062-Ms IgA RB670 C10-1 50ug,BDB-772062," $1,654 ", 8 ,,,
28466,BLS,BDB,Biosciences,BDB,Biosciences,2200800,Research Reagents,PH220070022900,Research Core Cobalt,PH220080035900,Cobalt Blue OptiBuild,PH220080041051,RB670 OptiBuild,PH220080051181,Mouse RB670 OptiBuild,772077,Ms CD183 RB670 CXCR3-173 50ug,772077-Ms CD183 RB670 CXCR3-173 50ug,BDB-772077, $397 , 2 ,,,
28467,BLS,BDB,Biosciences,BDB,Biosciences,2200800,Research Reagents,PH220070022900,Research Core Cobalt,PH220080035900,Cobalt Blue OptiBuild,PH220080041051,RB670 OptiBuild,PH220080051181,Mouse RB670 OptiBuild,772099,Ms IgG3 RB670 R40-82 50ug,772099-Ms IgG3 RB670 R40-82 50ug,BDB-772099, $453 , 2 ,,,
28468,BLS,BDB,Biosciences,BDB,Biosciences,2200800,Research Reagents,PH220070022900,Research Core Cobalt,PH220080035900,Cobalt Blue OptiBuild,PH220080041051,RB670 OptiBuild,PH220080051181,Mouse RB670 OptiBuild,772102,Ms CD49e RB670 HM ALPHA 5-1 50ug,772102-Ms CD49e RB670 HM ALPHA 5-1 50ug,BDB-772102, $261 , 1 ,,,
28469,BLS,BDB,Biosciences,BDB,Biosciences,2200800,Research Reagents,PH220070022900,Research Core Cobalt,PH220080035900,Cobalt Blue OptiBuild,PH220080041051,RB670 OptiBuild,PH220080051181,Mouse RB670 OptiBuild,772126,Ms CD45R (B220) RB670 RA3-6B2 50ug,772126-Ms CD45R (B220) RB670 RA3-6B2 50ug,BDB-772126," $2,395 ", 7 ,,,
28470,BLS,BDB,Biosciences,BDB,Biosciences,2200800,Research Reagents,PH220070022900,Research Core Cobalt,PH220080035900,Cobalt Blue OptiBuild,PH220080041051,RB670 OptiBuild,PH220080051182,Human RB670 OptiBuild,759787,Hu CD28 RB670 L293 50ug,759787-Hu CD28 RB670 L293 50ug,BDB-759787," $1,420 ", 4 ,,,
28471,BLS,BDB,Biosciences,BDB,Biosciences,2200800,Research Reagents,PH220070022900,Research Core Cobalt,PH220080035900,Cobalt Blue OptiBuild,PH220080041051,RB670 OptiBuild,PH220080051182,Human RB670 OptiBuild,770036,Hu HLA-DR RB670 L203.RMAB 50ug,770036-Hu HLA-DR RB670 L203.RMAB 50ug,BDB-770036, $410 , 2 ,,,
28472,BLS,BDB,Biosciences,BDB,Biosciences,2200800,Research Reagents,PH220070022900,Research Core Cobalt,PH220080035900,Cobalt Blue OptiBuild,PH220080041051,RB670 OptiBuild,PH220080051182,Human RB670 OptiBuild,770048,Hu CD336 RB670 P44-8 50ug,770048-Hu CD336 RB670 P44-8 50ug,BDB-770048," $2,174 ", 7 ,,,
28473,BLS,BDB,Biosciences,BDB,Biosciences,2200800,Research Reagents,PH220070022900,Research Core Cobalt,PH220080035900,Cobalt Blue OptiBuild,PH220080041051,RB670 OptiBuild,PH220080051182,Human RB670 OptiBuild,770073,Hu CD163 RB670 GHI/61 50ug,770073-Hu CD163 RB670 GHI/61 50ug,BDB-770073," $1,070 ", 3 ,,,
28474,BLS,BDB,Biosciences,BDB,Biosciences,2200800,Research Reagents,PH220070022900,Research Core Cobalt,PH220080035900,Cobalt Blue OptiBuild,PH220080041051,RB670 OptiBuild,PH220080051182,Human RB670 OptiBuild,770091,Hu CD166 RB670 3A6 50ug,770091-Hu CD166 RB670 3A6 50ug,BDB-770091, $-   , 1 ,,,
28475,BLS,BDB,Biosciences,BDB,Biosciences,2200800,Research Reagents,PH220070022900,Research Core Cobalt,PH220080035900,Cobalt Blue OptiBuild,PH220080041051,RB670 OptiBuild,PH220080051182,Human RB670 OptiBuild,770097,Hu CD178 RB670 NOK-1 50ug,770097-Hu CD178 RB670 NOK-1 50ug,BDB-770097, $269 , 1 ,,,
28476,BLS,BDB,Biosciences,BDB,Biosciences,2200800,Research Reagents,PH220070022900,Research Core Cobalt,PH220080035900,Cobalt Blue OptiBuild,PH220080041051,RB670 OptiBuild,PH220080051182,Human RB670 OptiBuild,770105,Hu TCR Gma Dta RB670 B1 50ug,770105-Hu TCR Gma Dta RB670 B1 50ug,BDB-770105," $2,266 ", 6 ,,,
28477,BLS,BDB,Biosciences,BDB,Biosciences,2200800,Research Reagents,PH220070022900,Research Core Cobalt,PH220080035900,Cobalt Blue OptiBuild,PH220080041051,RB670 OptiBuild,PH220080051182,Human RB670 OptiBuild,770120,Hu CD103 RB670 BER-ACT8 50ug,770120-Hu CD103 RB670 BER-ACT8 50ug,BDB-770120, $409 , 2 ,,,
28478,BLS,BDB,Biosciences,BDB,Biosciences,2200800,Research Reagents,PH220070022900,Research Core Cobalt,PH220080035900,Cobalt Blue OptiBuild,PH220080041051,RB670 OptiBuild,PH220080051182,Human RB670 OptiBuild,770129,Hu CD47 RB670 CC2C6 50ug,770129-Hu CD47 RB670 CC2C6 50ug,BDB-770129, $645 , 2 ,,,
28479,BLS,BDB,Biosciences,BDB,Biosciences,2200800,Research Reagents,PH220070022900,Research Core Cobalt,PH220080035900,Cobalt Blue OptiBuild,PH220080041051,RB670 OptiBuild,PH220080051182,Human RB670 OptiBuild,770150,Hu CD11a RB670 HI111 50ug,770150-Hu CD11a RB670 HI111 50ug,BDB-770150, $615 , 2 ,,,
28480,BLS,BDB,Biosciences,BDB,Biosciences,2200800,Research Reagents,PH220070022900,Research Core Cobalt,PH220080035900,Cobalt Blue OptiBuild,PH220080041051,RB670 OptiBuild,PH220080051182,Human RB670 OptiBuild,770151,Hu CD155 RB670 TX24 50ug,770151-Hu CD155 RB670 TX24 50ug,BDB-770151, $637 , 2 ,,,
28481,BLS,BDB,Biosciences,BDB,Biosciences,2200800,Research Reagents,PH220070022900,Research Core Cobalt,PH220080035900,Cobalt Blue OptiBuild,PH220080041051,RB670 OptiBuild,PH220080051182,Human RB670 OptiBuild,770154,Hu CD61 RB670 VI-PL2 50ug,770154-Hu CD61 RB670 VI-PL2 50ug,BDB-770154, $699 , 2 ,,,
28482,BLS,BDB,Biosciences,BDB,Biosciences,2200800,Research Reagents,PH220070022900,Research Core Cobalt,PH220080035900,Cobalt Blue OptiBuild,PH220080041051,RB670 OptiBuild,PH220080051182,Human RB670 OptiBuild,770164,Hu LGR5 RB670 4D11F8 50ug,770164-Hu LGR5 RB670 4D11F8 50ug,BDB-770164," $2,114 ", 6 ,,,
28483,BLS,BDB,Biosciences,BDB,Biosciences,2200800,Research Reagents,PH220070022900,Research Core Cobalt,PH220080035900,Cobalt Blue OptiBuild,PH220080041051,RB670 OptiBuild,PH220080051182,Human RB670 OptiBuild,770193,Hu CD62L RB670 DREG-56 50ug,770193-Hu CD62L RB670 DREG-56 50ug,BDB-770193, $688 , 2 ,,,
28484,BLS,BDB,Biosciences,BDB,Biosciences,2200800,Research Reagents,PH220070022900,Research Core Cobalt,PH220080035900,Cobalt Blue OptiBuild,PH220080041051,RB670 OptiBuild,PH220080051182,Human RB670 OptiBuild,770211,Hu CD205 RB670 MMRI-7 50ug,770211-Hu CD205 RB670 MMRI-7 50ug,BDB-770211, $377 , 1 ,,,
28485,BLS,BDB,Biosciences,BDB,Biosciences,2200800,Research Reagents,PH220070022900,Research Core Cobalt,PH220080035900,Cobalt Blue OptiBuild,PH220080041051,RB670 OptiBuild,PH220080051182,Human RB670 OptiBuild,770215,Hu CD329 RB670 E10-286 50ug,770215-Hu CD329 RB670 E10-286 50ug,BDB-770215," $1,174 ", 3 ,,,
28486,BLS,BDB,Biosciences,BDB,Biosciences,2200800,Research Reagents,PH220070022900,Research Core Cobalt,PH220080035900,Cobalt Blue OptiBuild,PH220080041051,RB670 OptiBuild,PH220080051182,Human RB670 OptiBuild,770221,Hu Ig Kpa Lgt Chn RB670 G20-193 50ug,770221-Hu Ig Kpa Lgt Chn RB670 G20-193 50ug,BDB-770221, $410 , 1 ,,,
28487,BLS,BDB,Biosciences,BDB,Biosciences,2200800,Research Reagents,PH220070022900,Research Core Cobalt,PH220080035900,Cobalt Blue OptiBuild,PH220080041051,RB670 OptiBuild,PH220080051182,Human RB670 OptiBuild,770224,Hu CD134 RB670 L106 50ug,770224-Hu CD134 RB670 L106 50ug,BDB-770224," $2,164 ", 6 ,,,
28488,BLS,BDB,Biosciences,BDB,Biosciences,2200800,Research Reagents,PH220070022900,Research Core Cobalt,PH220080035900,Cobalt Blue OptiBuild,PH220080041051,RB670 OptiBuild,PH220080051182,Human RB670 OptiBuild,770233,Hu CD54 RB670 LB-2 50ug,770233-Hu CD54 RB670 LB-2 50ug,BDB-770233," $1,050 ", 3 ,,,
28489,BLS,BDB,Biosciences,BDB,Biosciences,2200800,Research Reagents,PH220070022900,Research Core Cobalt,PH220080035900,Cobalt Blue OptiBuild,PH220080041051,RB670 OptiBuild,PH220080051182,Human RB670 OptiBuild,770236,Hu TCR AlpBta RB670 IP26 50ug,770236-Hu TCR AlpBta RB670 IP26 50ug,BDB-770236," $2,463 ", 8 ,,,
28490,BLS,BDB,Biosciences,BDB,Biosciences,2200800,Research Reagents,PH220070022900,Research Core Cobalt,PH220080035900,Cobalt Blue OptiBuild,PH220080041051,RB670 OptiBuild,PH220080051182,Human RB670 OptiBuild,770240,Hu CD123 RB670 6H6 50ug,770240-Hu CD123 RB670 6H6 50ug,BDB-770240, $615 , 2 ,,,
28491,BLS,BDB,Biosciences,BDB,Biosciences,2200800,Research Reagents,PH220070022900,Research Core Cobalt,PH220080035900,Cobalt Blue OptiBuild,PH220080041051,RB670 OptiBuild,PH220080051182,Human RB670 OptiBuild,770268,Hu CD169 RB670 7-239 50ug,770268-Hu CD169 RB670 7-239 50ug,BDB-770268, $990 , 3 ,,,
28492,BLS,BDB,Biosciences,BDB,Biosciences,2200800,Research Reagents,PH220070022900,Research Core Cobalt,PH220080035900,Cobalt Blue OptiBuild,PH220080041051,RB670 OptiBuild,PH220080051182,Human RB670 OptiBuild,770271,Hu CD137L RB670 C65-485 50ug,770271-Hu CD137L RB670 C65-485 50ug,BDB-770271," $2,407 ", 6 ,,,
28493,BLS,BDB,Biosciences,BDB,Biosciences,2200800,Research Reagents,PH220070022900,Research Core Cobalt,PH220080035900,Cobalt Blue OptiBuild,PH220080041051,RB670 OptiBuild,PH220080051182,Human RB670 OptiBuild,770274,Hu CD222 RB670 MEM-238 50ug,770274-Hu CD222 RB670 MEM-238 50ug,BDB-770274, $-   , 1 ,,,
28494,BLS,BDB,Biosciences,BDB,Biosciences,2200800,Research Reagents,PH220070022900,Research Core Cobalt,PH220080035900,Cobalt Blue OptiBuild,PH220080041051,RB670 OptiBuild,PH220080051182,Human RB670 OptiBuild,770283,Hu CD158 RB670 HP-MA4 50ug,770283-Hu CD158 RB670 HP-MA4 50ug,BDB-770283, $844 , 2 ,,,
28495,BLS,BDB,Biosciences,BDB,Biosciences,2200800,Research Reagents,PH220070022900,Research Core Cobalt,PH220080035900,Cobalt Blue OptiBuild,PH220080041051,RB670 OptiBuild,PH220080051182,Human RB670 OptiBuild,770287,Hu CD184 RB670 12G5 50ug,770287-Hu CD184 RB670 12G5 50ug,BDB-770287," $2,988 ", 9 ,,,
28496,BLS,BDB,Biosciences,BDB,Biosciences,2200800,Research Reagents,PH220070022900,Research Core Cobalt,PH220080035900,Cobalt Blue OptiBuild,PH220080041051,RB670 OptiBuild,PH220080051182,Human RB670 OptiBuild,770297,Hu CD4 RB670 M-T477 50ug,770297-Hu CD4 RB670 M-T477 50ug,BDB-770297, $70 , 1 ,,,
28497,BLS,BDB,Biosciences,BDB,Biosciences,2200800,Research Reagents,PH220070022900,Research Core Cobalt,PH220080035900,Cobalt Blue OptiBuild,PH220080041051,RB670 OptiBuild,PH220080051182,Human RB670 OptiBuild,770300,Hu CD20 RB670 RITUMUT.RMAB 50ug,770300-Hu CD20 RB670 RITUMUT.RMAB 50ug,BDB-770300," $1,030 ", 3 ,,,
28498,BLS,BDB,Biosciences,BDB,Biosciences,2200800,Research Reagents,PH220070022900,Research Core Cobalt,PH220080035900,Cobalt Blue OptiBuild,PH220080041051,RB670 OptiBuild,PH220080051182,Human RB670 OptiBuild,770303,Hu CD304 RB670 U21-1283 50ug,770303-Hu CD304 RB670 U21-1283 50ug,BDB-770303, $450 , 2 ,,,
28499,BLS,BDB,Biosciences,BDB,Biosciences,2200800,Research Reagents,PH220070022900,Research Core Cobalt,PH220080035900,Cobalt Blue OptiBuild,PH220080041051,RB670 OptiBuild,PH220080051182,Human RB670 OptiBuild,770306,Hu CD40 RB670 HB14 50ug,770306-Hu CD40 RB670 HB14 50ug,BDB-770306, $301 , 1 ,,,
28500,BLS,BDB,Biosciences,BDB,Biosciences,2200800,Research Reagents,PH220070022900,Research Core Cobalt,PH220080035900,Cobalt Blue OptiBuild,PH220080041051,RB670 OptiBuild,PH220080051182,Human RB670 OptiBuild,770321,Hu CD33 RB670 WM53 50ug,770321-Hu CD33 RB670 WM53 50ug,BDB-770321," $1,620 ", 4 ,,,
28501,BLS,BDB,Biosciences,BDB,Biosciences,2200800,Research Reagents,PH220070022900,Research Core Cobalt,PH220080035900,Cobalt Blue OptiBuild,PH220080041051,RB670 OptiBuild,PH220080051182,Human RB670 OptiBuild,770331,Hu CD11a RB670 G43-25B 50ug,770331-Hu CD11a RB670 G43-25B 50ug,BDB-770331, $(3), -   ,,,
28502,BLS,BDB,Biosciences,BDB,Biosciences,2200800,Research Reagents,PH220070022900,Research Core Cobalt,PH220080035900,Cobalt Blue OptiBuild,PH220080041051,RB670 OptiBuild,PH220080051182,Human RB670 OptiBuild,770342,Hu CD279 (PD-1) RB670 MIH4 50ug,770342-Hu CD279 (PD-1) RB670 MIH4 50ug,BDB-770342, $383 , 2 ,,,
28503,BLS,BDB,Biosciences,BDB,Biosciences,2200800,Research Reagents,PH220070022900,Research Core Cobalt,PH220080035900,Cobalt Blue OptiBuild,PH220080041051,RB670 OptiBuild,PH220080051182,Human RB670 OptiBuild,770351,Hu TCR Bta5.1 RB670 LC4 50ug,770351-Hu TCR Bta5.1 RB670 LC4 50ug,BDB-770351, $419 , 1 ,,,
28504,BLS,BDB,Biosciences,BDB,Biosciences,2200800,Research Reagents,PH220070022900,Research Core Cobalt,PH220080035900,Cobalt Blue OptiBuild,PH220080041051,RB670 OptiBuild,PH220080051182,Human RB670 OptiBuild,770363,Hu ERBB3 RB670 SGP1 50ug,770363-Hu ERBB3 RB670 SGP1 50ug,BDB-770363, $315 , 1 ,,,
28505,BLS,BDB,Biosciences,BDB,Biosciences,2200800,Research Reagents,PH220070022900,Research Core Cobalt,PH220080035900,Cobalt Blue OptiBuild,PH220080041051,RB670 OptiBuild,PH220080051182,Human RB670 OptiBuild,770372,Hu CD89 RB670 A59 50ug,770372-Hu CD89 RB670 A59 50ug,BDB-770372, $167 , 1 ,,,
28506,BLS,BDB,Biosciences,BDB,Biosciences,2200800,Research Reagents,PH220070022900,Research Core Cobalt,PH220080035900,Cobalt Blue OptiBuild,PH220080041051,RB670 OptiBuild,PH220080051182,Human RB670 OptiBuild,770378,Hu HLA-DR DP DQ RB670 TU39 50ug,770378-Hu HLA-DR DP DQ RB670 TU39 50ug,BDB-770378, $341 , 1 ,,,
28507,BLS,BDB,Biosciences,BDB,Biosciences,2200800,Research Reagents,PH220070022900,Research Core Cobalt,PH220080035900,Cobalt Blue OptiBuild,PH220080041051,RB670 OptiBuild,PH220080051182,Human RB670 OptiBuild,770381,Hu CD66 RB670 B1.1/CD66 50ug,770381-Hu CD66 RB670 B1.1/CD66 50ug,BDB-770381, $341 , 1 ,,,
28508,BLS,BDB,Biosciences,BDB,Biosciences,2200800,Research Reagents,PH220070022900,Research Core Cobalt,PH220080035900,Cobalt Blue OptiBuild,PH220080041051,RB670 OptiBuild,PH220080051182,Human RB670 OptiBuild,770384,Hu CD263 RB670 B-D44 50ug,770384-Hu CD263 RB670 B-D44 50ug,BDB-770384, $358 , 1 ,,,
28509,BLS,BDB,Biosciences,BDB,Biosciences,2200800,Research Reagents,PH220070022900,Research Core Cobalt,PH220080035900,Cobalt Blue OptiBuild,PH220080041051,RB670 OptiBuild,PH220080051182,Human RB670 OptiBuild,770390,Hu CD276 RB670 7-517 50ug,770390-Hu CD276 RB670 7-517 50ug,BDB-770390, $287 , 1 ,,,
28510,BLS,BDB,Biosciences,BDB,Biosciences,2200800,Research Reagents,PH220070022900,Research Core Cobalt,PH220080035900,Cobalt Blue OptiBuild,PH220080041051,RB670 OptiBuild,PH220080051182,Human RB670 OptiBuild,770393,Hu IgE RB670 G7-26 50ug,770393-Hu IgE RB670 G7-26 50ug,BDB-770393, $450 , 1 ,,,
28511,BLS,BDB,Biosciences,BDB,Biosciences,2200800,Research Reagents,PH220070022900,Research Core Cobalt,PH220080035900,Cobalt Blue OptiBuild,PH220080041051,RB670 OptiBuild,PH220080051182,Human RB670 OptiBuild,770396,Hu CD39 RB670 TU66 50ug,770396-Hu CD39 RB670 TU66 50ug,BDB-770396," $1,396 ", 4 ,,,
28513,BLS,BDB,Biosciences,BDB,Biosciences,2200800,Research Reagents,PH220070022900,Research Core Cobalt,PH220080035900,Cobalt Blue OptiBuild,PH220080041051,RB670 OptiBuild,PH220080051182,Human RB670 OptiBuild,770426,Hu CD73 RB670 AD2 50ug,770426-Hu CD73 RB670 AD2 50ug,BDB-770426," $1,442 ", 3 ,,,
28514,BLS,BDB,Biosciences,BDB,Biosciences,2200800,Research Reagents,PH220070022900,Research Core Cobalt,PH220080035900,Cobalt Blue OptiBuild,PH220080041051,RB670 OptiBuild,PH220080051182,Human RB670 OptiBuild,770438,Hu CD58 RB670 L306.4 50ug,770438-Hu CD58 RB670 L306.4 50ug,BDB-770438, $203 , 1 ,,,
28515,BLS,BDB,Biosciences,BDB,Biosciences,2200800,Research Reagents,PH220070022900,Research Core Cobalt,PH220080035900,Cobalt Blue OptiBuild,PH220080041051,RB670 OptiBuild,PH220080051182,Human RB670 OptiBuild,770441,Hu CD195 RB670 2D7/CCR5 50ug,770441-Hu CD195 RB670 2D7/CCR5 50ug,BDB-770441, $390 , 1 ,,,
28516,BLS,BDB,Biosciences,BDB,Biosciences,2200800,Research Reagents,PH220070022900,Research Core Cobalt,PH220080035900,Cobalt Blue OptiBuild,PH220080041051,RB670 OptiBuild,PH220080051182,Human RB670 OptiBuild,770456,Hu CD307e RB670 509F6 50ug,770456-Hu CD307e RB670 509F6 50ug,BDB-770456," $1,134 ", 3 ,,,
28517,BLS,BDB,Biosciences,BDB,Biosciences,2200800,Research Reagents,PH220070022900,Research Core Cobalt,PH220080035900,Cobalt Blue OptiBuild,PH220080041051,RB670 OptiBuild,PH220080051182,Human RB670 OptiBuild,770472,Hu CD203c RB670 NP4D6 50ug,770472-Hu CD203c RB670 NP4D6 50ug,BDB-770472, $440 , 1 ,,,
28518,BLS,BDB,Biosciences,BDB,Biosciences,2200800,Research Reagents,PH220070022900,Research Core Cobalt,PH220080035900,Cobalt Blue OptiBuild,PH220080041051,RB670 OptiBuild,PH220080051182,Human RB670 OptiBuild,770474,Hu CD210b RB670 90220 50ug,770474-Hu CD210b RB670 90220 50ug,BDB-770474, $424 , 1 ,,,
28519,BLS,BDB,Biosciences,BDB,Biosciences,2200800,Research Reagents,PH220070022900,Research Core Cobalt,PH220080035900,Cobalt Blue OptiBuild,PH220080041051,RB670 OptiBuild,PH220080051182,Human RB670 OptiBuild,770489,Hu CD23 RB670 M-L233 50ug,770489-Hu CD23 RB670 M-L233 50ug,BDB-770489," $1,254 ", 3 ,,,
28520,BLS,BDB,Biosciences,BDB,Biosciences,2200800,Research Reagents,PH220070022900,Research Core Cobalt,PH220080035900,Cobalt Blue OptiBuild,PH220080041051,RB670 OptiBuild,PH220080051182,Human RB670 OptiBuild,770498,Hu CD226 RB670 DX11 50ug,770498-Hu CD226 RB670 DX11 50ug,BDB-770498, $353 , 1 ,,,
28521,BLS,BDB,Biosciences,BDB,Biosciences,2200800,Research Reagents,PH220070022900,Research Core Cobalt,PH220080035900,Cobalt Blue OptiBuild,PH220080041051,RB670 OptiBuild,PH220080051182,Human RB670 OptiBuild,770520,Hu TCR Gma Dta RB670 11F2 50ug,770520-Hu TCR Gma Dta RB670 11F2 50ug,BDB-770520," $5,633 ", 18 ,,,
28522,BLS,BDB,Biosciences,BDB,Biosciences,2200800,Research Reagents,PH220070022900,Research Core Cobalt,PH220080035900,Cobalt Blue OptiBuild,PH220080041051,RB670 OptiBuild,PH220080051182,Human RB670 OptiBuild,770523,Hu CD8b RB670 2ST8.5H7 50ug,770523-Hu CD8b RB670 2ST8.5H7 50ug,BDB-770523," $2,975 ", 7 ,,,
28523,BLS,BDB,Biosciences,BDB,Biosciences,2200800,Research Reagents,PH220070022900,Research Core Cobalt,PH220080035900,Cobalt Blue OptiBuild,PH220080041051,RB670 OptiBuild,PH220080051182,Human RB670 OptiBuild,770538,Hu CD20 RB670 L27 50ug,770538-Hu CD20 RB670 L27 50ug,BDB-770538," $2,175 ", 8 ,,,
28524,BLS,BDB,Biosciences,BDB,Biosciences,2200800,Research Reagents,PH220070022900,Research Core Cobalt,PH220080035900,Cobalt Blue OptiBuild,PH220080041051,RB670 OptiBuild,PH220080051182,Human RB670 OptiBuild,770541,Hu HLA-DR RB670 L243 50ug,770541-Hu HLA-DR RB670 L243 50ug,BDB-770541," $2,674 ", 7 ,,,
28525,BLS,BDB,Biosciences,BDB,Biosciences,2200800,Research Reagents,PH220070022900,Research Core Cobalt,PH220080035900,Cobalt Blue OptiBuild,PH220080041051,RB670 OptiBuild,PH220080051182,Human RB670 OptiBuild,770564,Hu CD253 RB670 RIK-2 50ug,770564-Hu CD253 RB670 RIK-2 50ug,BDB-770564," $1,151 ", 3 ,,,
28526,BLS,BDB,Biosciences,BDB,Biosciences,2200800,Research Reagents,PH220070022900,Research Core Cobalt,PH220080035900,Cobalt Blue OptiBuild,PH220080041051,RB670 OptiBuild,PH220080051182,Human RB670 OptiBuild,770566,Hu Jagged2 RB670 MHJ2-523 50ug,770566-Hu Jagged2 RB670 MHJ2-523 50ug,BDB-770566, $426 , 1 ,,,
28527,BLS,BDB,Biosciences,BDB,Biosciences,2200800,Research Reagents,PH220070022900,Research Core Cobalt,PH220080035900,Cobalt Blue OptiBuild,PH220080041051,RB670 OptiBuild,PH220080051182,Human RB670 OptiBuild,770573,Hu CD71 RB670 L01.1 50ug,770573-Hu CD71 RB670 L01.1 50ug,BDB-770573, $458 , 1 ,,,
28528,BLS,BDB,Biosciences,BDB,Biosciences,2200800,Research Reagents,PH220070022900,Research Core Cobalt,PH220080035900,Cobalt Blue OptiBuild,PH220080041051,RB670 OptiBuild,PH220080051182,Human RB670 OptiBuild,770576,Hu CD1c RB670 F10/21A3 50ug,770576-Hu CD1c RB670 F10/21A3 50ug,BDB-770576, $-   , 1 ,,,
28529,BLS,BDB,Biosciences,BDB,Biosciences,2200800,Research Reagents,PH220070022900,Research Core Cobalt,PH220080035900,Cobalt Blue OptiBuild,PH220080041051,RB670 OptiBuild,PH220080051182,Human RB670 OptiBuild,770588,Hu CD8 RB670 HIT8A 50ug,770588-Hu CD8 RB670 HIT8A 50ug,BDB-770588, $967 , 4 ,,,
28530,BLS,BDB,Biosciences,BDB,Biosciences,2200800,Research Reagents,PH220070022900,Research Core Cobalt,PH220080035900,Cobalt Blue OptiBuild,PH220080041051,RB670 OptiBuild,PH220080051182,Human RB670 OptiBuild,770600,Hu CD140b RB670 28D4 50ug,770600-Hu CD140b RB670 28D4 50ug,BDB-770600, $390 , 1 ,,,
28531,BLS,BDB,Biosciences,BDB,Biosciences,2200800,Research Reagents,PH220070022900,Research Core Cobalt,PH220080035900,Cobalt Blue OptiBuild,PH220080041051,RB670 OptiBuild,PH220080051182,Human RB670 OptiBuild,770601,Hu CD37 RB670 M-B371 50ug,770601-Hu CD37 RB670 M-B371 50ug,BDB-770601, $700 , 3 ,,,
28532,BLS,BDB,Biosciences,BDB,Biosciences,2200800,Research Reagents,PH220070022900,Research Core Cobalt,PH220080035900,Cobalt Blue OptiBuild,PH220080041051,RB670 OptiBuild,PH220080051182,Human RB670 OptiBuild,770613,Hu CD16b RB670 CLB-GRAN11.5 50ug,770613-Hu CD16b RB670 CLB-GRAN11.5 50ug,BDB-770613, $-   , 1 ,,,
28533,BLS,BDB,Biosciences,BDB,Biosciences,2200800,Research Reagents,PH220070022900,Research Core Cobalt,PH220080035900,Cobalt Blue OptiBuild,PH220080041051,RB670 OptiBuild,PH220080051182,Human RB670 OptiBuild,770616,Hu CD40 RB670 5C3 50ug,770616-Hu CD40 RB670 5C3 50ug,BDB-770616, $319 , 1 ,,,
28534,BLS,BDB,Biosciences,BDB,Biosciences,2200800,Research Reagents,PH220070022900,Research Core Cobalt,PH220080035900,Cobalt Blue OptiBuild,PH220080041051,RB670 OptiBuild,PH220080051182,Human RB670 OptiBuild,770619,Hu CD158b1/b2/j RB670 DX27 50ug,770619-Hu CD158b1/b2/j RB670 DX27 50ug,BDB-770619, $396 , 1 ,,,
28535,BLS,BDB,Biosciences,BDB,Biosciences,2200800,Research Reagents,PH220070022900,Research Core Cobalt,PH220080035900,Cobalt Blue OptiBuild,PH220080041051,RB670 OptiBuild,PH220080051182,Human RB670 OptiBuild,770639,Hu VISTA RB670 MIH65.RMAB 50ug,770639-Hu VISTA RB670 MIH65.RMAB 50ug,BDB-770639, $750 , 2 ,,,
28536,BLS,BDB,Biosciences,BDB,Biosciences,2200800,Research Reagents,PH220070022900,Research Core Cobalt,PH220080035900,Cobalt Blue OptiBuild,PH220080041051,RB670 OptiBuild,PH220080051182,Human RB670 OptiBuild,770645,Hu CD36 RB670 CLB-IVC7 50ug,770645-Hu CD36 RB670 CLB-IVC7 50ug,BDB-770645, $367 , 1 ,,,
28537,BLS,BDB,Biosciences,BDB,Biosciences,2200800,Research Reagents,PH220070022900,Research Core Cobalt,PH220080035900,Cobalt Blue OptiBuild,PH220080041051,RB670 OptiBuild,PH220080051182,Human RB670 OptiBuild,770651,Hu CD186 RB670 13B 1E5 50ug,770651-Hu CD186 RB670 13B 1E5 50ug,BDB-770651," $1,830 ", 4 ,,,
28538,BLS,BDB,Biosciences,BDB,Biosciences,2200800,Research Reagents,PH220070022900,Research Core Cobalt,PH220080035900,Cobalt Blue OptiBuild,PH220080041051,RB670 OptiBuild,PH220080051182,Human RB670 OptiBuild,770684,Hu CD226 RB670 11A8 50ug,770684-Hu CD226 RB670 11A8 50ug,BDB-770684, $356 , 1 ,,,
28539,BLS,BDB,Biosciences,BDB,Biosciences,2200800,Research Reagents,PH220070022900,Research Core Cobalt,PH220080035900,Cobalt Blue OptiBuild,PH220080041051,RB670 OptiBuild,PH220080051182,Human RB670 OptiBuild,770690,Hu CD33 RB670 HIM3-4 50ug,770690-Hu CD33 RB670 HIM3-4 50ug,BDB-770690, $319 , 1 ,,,
28540,BLS,BDB,Biosciences,BDB,Biosciences,2200800,Research Reagents,PH220070022900,Research Core Cobalt,PH220080035900,Cobalt Blue OptiBuild,PH220080041051,RB670 OptiBuild,PH220080051182,Human RB670 OptiBuild,770718,Hu Carbonic Anhydrase IX RB670 M75 50ug,770718-Hu Carbonic Anhydrase IX RB670 M75 50ug,BDB-770718, $267 , 1 ,,,
28541,BLS,BDB,Biosciences,BDB,Biosciences,2200800,Research Reagents,PH220070022900,Research Core Cobalt,PH220080035900,Cobalt Blue OptiBuild,PH220080041051,RB670 OptiBuild,PH220080051182,Human RB670 OptiBuild,770724,Hu CD206 RB670 15-2 50ug,770724-Hu CD206 RB670 15-2 50ug,BDB-770724, $410 , 1 ,,,
28542,BLS,BDB,Biosciences,BDB,Biosciences,2200800,Research Reagents,PH220070022900,Research Core Cobalt,PH220080035900,Cobalt Blue OptiBuild,PH220080041051,RB670 OptiBuild,PH220080051182,Human RB670 OptiBuild,770736,Hu CD144 RB670 55-7H1 50ug,770736-Hu CD144 RB670 55-7H1 50ug,BDB-770736, $325 , 1 ,,,
28543,BLS,BDB,Biosciences,BDB,Biosciences,2200800,Research Reagents,PH220070022900,Research Core Cobalt,PH220080035900,Cobalt Blue OptiBuild,PH220080041051,RB670 OptiBuild,PH220080051182,Human RB670 OptiBuild,770739,Hu CD185 RB670 RF8B2 50ug,770739-Hu CD185 RB670 RF8B2 50ug,BDB-770739, $927 , 4 ,,,
28544,BLS,BDB,Biosciences,BDB,Biosciences,2200800,Research Reagents,PH220070022900,Research Core Cobalt,PH220080035900,Cobalt Blue OptiBuild,PH220080041051,RB670 OptiBuild,PH220080051182,Human RB670 OptiBuild,770799,Hu CD81 RB670 JS-81 50ug,770799-Hu CD81 RB670 JS-81 50ug,BDB-770799, $786 , 2 ,,,
28545,BLS,BDB,Biosciences,BDB,Biosciences,2200800,Research Reagents,PH220070022900,Research Core Cobalt,PH220080035900,Cobalt Blue OptiBuild,PH220080041051,RB670 OptiBuild,PH220080051182,Human RB670 OptiBuild,770805,Hu CD4 RB670 OKT4 50ug,770805-Hu CD4 RB670 OKT4 50ug,BDB-770805," $1,704 ", 5 ,,,
28546,BLS,BDB,Biosciences,BDB,Biosciences,2200800,Research Reagents,PH220070022900,Research Core Cobalt,PH220080035900,Cobalt Blue OptiBuild,PH220080041051,RB670 OptiBuild,PH220080051182,Human RB670 OptiBuild,770811,Hu TCR VGma9 RB670 B3 50ug,770811-Hu TCR VGma9 RB670 B3 50ug,BDB-770811, $-   , -   ,,,
28547,BLS,BDB,Biosciences,BDB,Biosciences,2200800,Research Reagents,PH220070022900,Research Core Cobalt,PH220080035900,Cobalt Blue OptiBuild,PH220080041051,RB670 OptiBuild,PH220080051182,Human RB670 OptiBuild,770823,Hu CD26 RB670 M-A261 50ug,770823-Hu CD26 RB670 M-A261 50ug,BDB-770823, $321 , 2 ,,,
28548,BLS,BDB,Biosciences,BDB,Biosciences,2200800,Research Reagents,PH220070022900,Research Core Cobalt,PH220080035900,Cobalt Blue OptiBuild,PH220080041051,RB670 OptiBuild,PH220080051182,Human RB670 OptiBuild,770827,Hu CD210a RB670 3F9 50ug,770827-Hu CD210a RB670 3F9 50ug,BDB-770827, $205 , 1 ,,,
28549,BLS,BDB,Biosciences,BDB,Biosciences,2200800,Research Reagents,PH220070022900,Research Core Cobalt,PH220080035900,Cobalt Blue OptiBuild,PH220080041051,RB670 OptiBuild,PH220080051182,Human RB670 OptiBuild,770833,Hu CD197 RB670 2-L1-A 50ug,770833-Hu CD197 RB670 2-L1-A 50ug,BDB-770833," $2,695 ", 8 ,,,
28550,BLS,BDB,Biosciences,BDB,Biosciences,2200800,Research Reagents,PH220070022900,Research Core Cobalt,PH220080035900,Cobalt Blue OptiBuild,PH220080041051,RB670 OptiBuild,PH220080051182,Human RB670 OptiBuild,770843,Hu CD80 RB670 2D10.4 50ug,770843-Hu CD80 RB670 2D10.4 50ug,BDB-770843, $989 , 3 ,,,
28551,BLS,BDB,Biosciences,BDB,Biosciences,2200800,Research Reagents,PH220070022900,Research Core Cobalt,PH220080035900,Cobalt Blue OptiBuild,PH220080041051,RB670 OptiBuild,PH220080051182,Human RB670 OptiBuild,770847,Hu CD14 RB670 63D3.RMAB 50ug,770847-Hu CD14 RB670 63D3.RMAB 50ug,BDB-770847," $10,685 ", 30 ,,,
28552,BLS,BDB,Biosciences,BDB,Biosciences,2200800,Research Reagents,PH220070022900,Research Core Cobalt,PH220080035900,Cobalt Blue OptiBuild,PH220080041051,RB670 OptiBuild,PH220080051182,Human RB670 OptiBuild,770874,Hu c-Met RB670 3D6 50ug,770874-Hu c-Met RB670 3D6 50ug,BDB-770874, $389 , 1 ,,,
28553,BLS,BDB,Biosciences,BDB,Biosciences,2200800,Research Reagents,PH220070022900,Research Core Cobalt,PH220080035900,Cobalt Blue OptiBuild,PH220080041051,RB670 OptiBuild,PH220080051182,Human RB670 OptiBuild,770885,Hu HLA-A2 RB670 BB7.2 50ug,770885-Hu HLA-A2 RB670 BB7.2 50ug,BDB-770885, $369 , 1 ,,,
28554,BLS,BDB,Biosciences,BDB,Biosciences,2200800,Research Reagents,PH220070022900,Research Core Cobalt,PH220080035900,Cobalt Blue OptiBuild,PH220080041051,RB670 OptiBuild,PH220080051182,Human RB670 OptiBuild,770908,Hu CD31 RB670 WM59 50ug,770908-Hu CD31 RB670 WM59 50ug,BDB-770908, $205 , 1 ,,,
28555,BLS,BDB,Biosciences,BDB,Biosciences,2200800,Research Reagents,PH220070022900,Research Core Cobalt,PH220080035900,Cobalt Blue OptiBuild,PH220080041051,RB670 OptiBuild,PH220080051182,Human RB670 OptiBuild,770923,Hu CD85k RB670 ZM3.8 50ug,770923-Hu CD85k RB670 ZM3.8 50ug,BDB-770923," $1,208 ", 3 ,,,
28556,BLS,BDB,Biosciences,BDB,Biosciences,2200800,Research Reagents,PH220070022900,Research Core Cobalt,PH220080035900,Cobalt Blue OptiBuild,PH220080041051,RB670 OptiBuild,PH220080051182,Human RB670 OptiBuild,770942,Hu CD279 RB670 NAT105 50ug,770942-Hu CD279 RB670 NAT105 50ug,BDB-770942," $1,003 ", 3 ,,,
28557,BLS,BDB,Biosciences,BDB,Biosciences,2200800,Research Reagents,PH220070022900,Research Core Cobalt,PH220080035900,Cobalt Blue OptiBuild,PH220080041051,RB670 OptiBuild,PH220080051182,Human RB670 OptiBuild,770960,Hu CD154 RB670 TRAP1 50ug,770960-Hu CD154 RB670 TRAP1 50ug,BDB-770960," $2,397 ", 6 ,,,
28558,BLS,BDB,Biosciences,BDB,Biosciences,2200800,Research Reagents,PH220070022900,Research Core Cobalt,PH220080035900,Cobalt Blue OptiBuild,PH220080041051,RB670 OptiBuild,PH220080051182,Human RB670 OptiBuild,770984,Hu CD307d RB670 A1/CD307D 50ug,770984-Hu CD307d RB670 A1/CD307D 50ug,BDB-770984," $2,942 ", 7 ,,,
28559,BLS,BDB,Biosciences,BDB,Biosciences,2200800,Research Reagents,PH220070022900,Research Core Cobalt,PH220080035900,Cobalt Blue OptiBuild,PH220080041051,RB670 OptiBuild,PH220080051182,Human RB670 OptiBuild,770997,CD215 RB670 JM7A4 50ug,770997-CD215 RB670 JM7A4 50ug,BDB-770997, $807 , 2 ,,,
28560,BLS,BDB,Biosciences,BDB,Biosciences,2200800,Research Reagents,PH220070022900,Research Core Cobalt,PH220080035900,Cobalt Blue OptiBuild,PH220080041051,RB670 OptiBuild,PH220080051182,Human RB670 OptiBuild,771000,Hu CD161 RB670 HP-3G10 50ug,771000-Hu CD161 RB670 HP-3G10 50ug,BDB-771000," $2,745 ", 8 ,,,
28561,BLS,BDB,Biosciences,BDB,Biosciences,2200800,Research Reagents,PH220070022900,Research Core Cobalt,PH220080035900,Cobalt Blue OptiBuild,PH220080041051,RB670 OptiBuild,PH220080051182,Human RB670 OptiBuild,771008,Hu CD366 RB670 7D3 50ug,771008-Hu CD366 RB670 7D3 50ug,BDB-771008," $3,040 ", 11 ,,,
28562,BLS,BDB,Biosciences,BDB,Biosciences,2200800,Research Reagents,PH220070022900,Research Core Cobalt,PH220080035900,Cobalt Blue OptiBuild,PH220080041051,RB670 OptiBuild,PH220080051182,Human RB670 OptiBuild,771021,Hu CD5 RB670 L17F12 50ug,771021-Hu CD5 RB670 L17F12 50ug,BDB-771021," $2,487 ", 6 ,,,
28563,BLS,BDB,Biosciences,BDB,Biosciences,2200800,Research Reagents,PH220070022900,Research Core Cobalt,PH220080035900,Cobalt Blue OptiBuild,PH220080041051,RB670 OptiBuild,PH220080051182,Human RB670 OptiBuild,771031,Hu IgM RB670 UCH-B1 50ug,771031-Hu IgM RB670 UCH-B1 50ug,BDB-771031, $533 , 2 ,,,
28564,BLS,BDB,Biosciences,BDB,Biosciences,2200800,Research Reagents,PH220070022900,Research Core Cobalt,PH220080035900,Cobalt Blue OptiBuild,PH220080041051,RB670 OptiBuild,PH220080051182,Human RB670 OptiBuild,771043,Hu KLRG1 RB670 Z7-205.RMAB 50ug,771043-Hu KLRG1 RB670 Z7-205.RMAB 50ug,BDB-771043, $169 , 1 ,,,
28565,BLS,BDB,Biosciences,BDB,Biosciences,2200800,Research Reagents,PH220070022900,Research Core Cobalt,PH220080035900,Cobalt Blue OptiBuild,PH220080041051,RB670 OptiBuild,PH220080051182,Human RB670 OptiBuild,771047,Hu CD32 RB670 IV.3 50ug,771047-Hu CD32 RB670 IV.3 50ug,BDB-771047, $710 , 2 ,,,
28566,BLS,BDB,Biosciences,BDB,Biosciences,2200800,Research Reagents,PH220070022900,Research Core Cobalt,PH220080035900,Cobalt Blue OptiBuild,PH220080041051,RB670 OptiBuild,PH220080051182,Human RB670 OptiBuild,771052,Hu Notch3 RB670 MHN3-21 50ug,771052-Hu Notch3 RB670 MHN3-21 50ug,BDB-771052, $450 , 1 ,,,
28567,BLS,BDB,Biosciences,BDB,Biosciences,2200800,Research Reagents,PH220070022900,Research Core Cobalt,PH220080035900,Cobalt Blue OptiBuild,PH220080041051,RB670 OptiBuild,PH220080051182,Human RB670 OptiBuild,771058,Hu CD140a RB670 16A1 50ug,771058-Hu CD140a RB670 16A1 50ug,BDB-771058, $810 , 2 ,,,
28568,BLS,BDB,Biosciences,BDB,Biosciences,2200800,Research Reagents,PH220070022900,Research Core Cobalt,PH220080035900,Cobalt Blue OptiBuild,PH220080041051,RB670 OptiBuild,PH220080051182,Human RB670 OptiBuild,771095,Hu CD154 RB670 24-31 50ug,771095-Hu CD154 RB670 24-31 50ug,BDB-771095, $810 , 2 ,,,
28569,BLS,BDB,Biosciences,BDB,Biosciences,2200800,Research Reagents,PH220070022900,Research Core Cobalt,PH220080035900,Cobalt Blue OptiBuild,PH220080041051,RB670 OptiBuild,PH220080051182,Human RB670 OptiBuild,771096,Hu CD15 RB670 7C3.RMAB 50ug,771096-Hu CD15 RB670 7C3.RMAB 50ug,BDB-771096," $5,103 ", 14 ,,,
28570,BLS,BDB,Biosciences,BDB,Biosciences,2200800,Research Reagents,PH220070022900,Research Core Cobalt,PH220080035900,Cobalt Blue OptiBuild,PH220080041051,RB670 OptiBuild,PH220080051182,Human RB670 OptiBuild,771099,Hu CD147 RB670 HIM6 50ug,771099-Hu CD147 RB670 HIM6 50ug,BDB-771099, $-   , 1 ,,,
28571,BLS,BDB,Biosciences,BDB,Biosciences,2200800,Research Reagents,PH220070022900,Research Core Cobalt,PH220080035900,Cobalt Blue OptiBuild,PH220080041051,RB670 OptiBuild,PH220080051182,Human RB670 OptiBuild,771135,Hu CD74 RB670 LN2 50ug,771135-Hu CD74 RB670 LN2 50ug,BDB-771135," $2,066 ", 8 ,,,
28572,BLS,BDB,Biosciences,BDB,Biosciences,2200800,Research Reagents,PH220070022900,Research Core Cobalt,PH220080035900,Cobalt Blue OptiBuild,PH220080041051,RB670 OptiBuild,PH220080051182,Human RB670 OptiBuild,771138,Hu CD134 RB670 ACT35 50ug,771138-Hu CD134 RB670 ACT35 50ug,BDB-771138," $3,756 ", 11 ,,,
28573,BLS,BDB,Biosciences,BDB,Biosciences,2200800,Research Reagents,PH220070022900,Research Core Cobalt,PH220080035900,Cobalt Blue OptiBuild,PH220080041051,RB670 OptiBuild,PH220080051182,Human RB670 OptiBuild,771151,Hu CD177 RB670 MEM-166 50ug,771151-Hu CD177 RB670 MEM-166 50ug,BDB-771151, $229 , 1 ,,,
28574,BLS,BDB,Biosciences,BDB,Biosciences,2200800,Research Reagents,PH220070022900,Research Core Cobalt,PH220080035900,Cobalt Blue OptiBuild,PH220080041051,RB670 OptiBuild,PH220080051182,Human RB670 OptiBuild,771160,Hu CD117 RB670 YB5.B8 50ug,771160-Hu CD117 RB670 YB5.B8 50ug,BDB-771160, $729 , 2 ,,,
28575,BLS,BDB,Biosciences,BDB,Biosciences,2200800,Research Reagents,PH220070022900,Research Core Cobalt,PH220080035900,Cobalt Blue OptiBuild,PH220080041051,RB670 OptiBuild,PH220080051182,Human RB670 OptiBuild,771172,Hu CD80 RB670 L307.4 50ug,771172-Hu CD80 RB670 L307.4 50ug,BDB-771172," $1,905 ", 5 ,,,
28576,BLS,BDB,Biosciences,BDB,Biosciences,2200800,Research Reagents,PH220070022900,Research Core Cobalt,PH220080035900,Cobalt Blue OptiBuild,PH220080041051,RB670 OptiBuild,PH220080051182,Human RB670 OptiBuild,771193,Hu CD198 RB670 433H 50ug,771193-Hu CD198 RB670 433H 50ug,BDB-771193, $358 , 1 ,,,
28577,BLS,BDB,Biosciences,BDB,Biosciences,2200800,Research Reagents,PH220070022900,Research Core Cobalt,PH220080035900,Cobalt Blue OptiBuild,PH220080041051,RB670 OptiBuild,PH220080051182,Human RB670 OptiBuild,771200,Hu TCR CBta2 RB670 SAM.2.RMAB 50ug,771200-Hu TCR CBta2 RB670 SAM.2.RMAB 50ug,BDB-771200, $221 , 2 ,,,
28578,BLS,BDB,Biosciences,BDB,Biosciences,2200800,Research Reagents,PH220070022900,Research Core Cobalt,PH220080035900,Cobalt Blue OptiBuild,PH220080041051,RB670 OptiBuild,PH220080051182,Human RB670 OptiBuild,771229,Hu Siglec-10 RB670 5G6 50ug,771229-Hu Siglec-10 RB670 5G6 50ug,BDB-771229," $1,100 ", 3 ,,,
28579,BLS,BDB,Biosciences,BDB,Biosciences,2200800,Research Reagents,PH220070022900,Research Core Cobalt,PH220080035900,Cobalt Blue OptiBuild,PH220080041051,RB670 OptiBuild,PH220080051182,Human RB670 OptiBuild,771230,Hu CD267 RB670 1A1-K21-M22 50ug,771230-Hu CD267 RB670 1A1-K21-M22 50ug,BDB-771230," $1,856 ", 5 ,,,
28580,BLS,BDB,Biosciences,BDB,Biosciences,2200800,Research Reagents,PH220070022900,Research Core Cobalt,PH220080035900,Cobalt Blue OptiBuild,PH220080041051,RB670 OptiBuild,PH220080051182,Human RB670 OptiBuild,771236,Hu CD158e1 RB670 DX9 50ug,771236-Hu CD158e1 RB670 DX9 50ug,BDB-771236, $396 , 1 ,,,
28581,BLS,BDB,Biosciences,BDB,Biosciences,2200800,Research Reagents,PH220070022900,Research Core Cobalt,PH220080035900,Cobalt Blue OptiBuild,PH220080041051,RB670 OptiBuild,PH220080051182,Human RB670 OptiBuild,771265,Hu CD172a/b RB670 SE5A5 50ug,771265-Hu CD172a/b RB670 SE5A5 50ug,BDB-771265, $229 , 1 ,,,
28582,BLS,BDB,Biosciences,BDB,Biosciences,2200800,Research Reagents,PH220070022900,Research Core Cobalt,PH220080035900,Cobalt Blue OptiBuild,PH220080041051,RB670 OptiBuild,PH220080051182,Human RB670 OptiBuild,771280,Hu C3a Receptor RB670 HC3ARZ8 50ug,771280-Hu C3a Receptor RB670 HC3ARZ8 50ug,BDB-771280, $199 , 1 ,,,
28583,BLS,BDB,Biosciences,BDB,Biosciences,2200800,Research Reagents,PH220070022900,Research Core Cobalt,PH220080035900,Cobalt Blue OptiBuild,PH220080041051,RB670 OptiBuild,PH220080051182,Human RB670 OptiBuild,771304,Hu CD34 RB670 563 50ug,771304-Hu CD34 RB670 563 50ug,BDB-771304, $750 , 2 ,,,
28584,BLS,BDB,Biosciences,BDB,Biosciences,2200800,Research Reagents,PH220070022900,Research Core Cobalt,PH220080035900,Cobalt Blue OptiBuild,PH220080041051,RB670 OptiBuild,PH220080051182,Human RB670 OptiBuild,771310,Hu CD106 RB670 51-10C9 50ug,771310-Hu CD106 RB670 51-10C9 50ug,BDB-771310, $733 , 2 ,,,
28585,BLS,BDB,Biosciences,BDB,Biosciences,2200800,Research Reagents,PH220070022900,Research Core Cobalt,PH220080035900,Cobalt Blue OptiBuild,PH220080041051,RB670 OptiBuild,PH220080051182,Human RB670 OptiBuild,771314,Hu CD110 RB670 1.6.1 50ug,771314-Hu CD110 RB670 1.6.1 50ug,BDB-771314, $331 , 1 ,,,
28586,BLS,BDB,Biosciences,BDB,Biosciences,2200800,Research Reagents,PH220070022900,Research Core Cobalt,PH220080035900,Cobalt Blue OptiBuild,PH220080041051,RB670 OptiBuild,PH220080051182,Human RB670 OptiBuild,771354,Hu CD64 RB670 MD22 50ug,771354-Hu CD64 RB670 MD22 50ug,BDB-771354," $1,582 ", 4 ,,,
28587,BLS,BDB,Biosciences,BDB,Biosciences,2200800,Research Reagents,PH220070022900,Research Core Cobalt,PH220080035900,Cobalt Blue OptiBuild,PH220080041051,RB670 OptiBuild,PH220080051182,Human RB670 OptiBuild,771373,Hu CD42a RB670 ALMA.16 50ug,771373-Hu CD42a RB670 ALMA.16 50ug,BDB-771373, $417 , 1 ,,,
28588,BLS,BDB,Biosciences,BDB,Biosciences,2200800,Research Reagents,PH220070022900,Research Core Cobalt,PH220080035900,Cobalt Blue OptiBuild,PH220080041051,RB670 OptiBuild,PH220080051182,Human RB670 OptiBuild,771378,Hu OX40 Ligand (CD252) RB670 IK-1 50ug,771378-Hu OX40 Ligand (CD252) RB670 IK-1 50ug,BDB-771378," $6,006 ", 18 ,,,
28589,BLS,BDB,Biosciences,BDB,Biosciences,2200800,Research Reagents,PH220070022900,Research Core Cobalt,PH220080035900,Cobalt Blue OptiBuild,PH220080041051,RB670 OptiBuild,PH220080051182,Human RB670 OptiBuild,771393,Hu MIC A/B RB670 6D4 50ug,771393-Hu MIC A/B RB670 6D4 50ug,BDB-771393, $225 , 1 ,,,
28590,BLS,BDB,Biosciences,BDB,Biosciences,2200800,Research Reagents,PH220070022900,Research Core Cobalt,PH220080035900,Cobalt Blue OptiBuild,PH220080041051,RB670 OptiBuild,PH220080051182,Human RB670 OptiBuild,771420,Hu TIGIT RB670 TGMAB-2 50ug,771420-Hu TIGIT RB670 TGMAB-2 50ug,BDB-771420," $4,807 ", 14 ,,,
28591,BLS,BDB,Biosciences,BDB,Biosciences,2200800,Research Reagents,PH220070022900,Research Core Cobalt,PH220080035900,Cobalt Blue OptiBuild,PH220080041051,RB670 OptiBuild,PH220080051182,Human RB670 OptiBuild,771463,Hu CD197 RB670 3D12 50ug,771463-Hu CD197 RB670 3D12 50ug,BDB-771463," $1,480 ", 6 ,,,
28592,BLS,BDB,Biosciences,BDB,Biosciences,2200800,Research Reagents,PH220070022900,Research Core Cobalt,PH220080035900,Cobalt Blue OptiBuild,PH220080041051,RB670 OptiBuild,PH220080051182,Human RB670 OptiBuild,771472,Hu CD163 RB670 MAC2-158 50ug,771472-Hu CD163 RB670 MAC2-158 50ug,BDB-771472, $671 , 2 ,,,
28593,BLS,BDB,Biosciences,BDB,Biosciences,2200800,Research Reagents,PH220070022900,Research Core Cobalt,PH220080035900,Cobalt Blue OptiBuild,PH220080041051,RB670 OptiBuild,PH220080051182,Human RB670 OptiBuild,771490,Hu GARP RB670 7B11 50ug,771490-Hu GARP RB670 7B11 50ug,BDB-771490, $364 , 1 ,,,
28594,BLS,BDB,Biosciences,BDB,Biosciences,2200800,Research Reagents,PH220070022900,Research Core Cobalt,PH220080035900,Cobalt Blue OptiBuild,PH220080041051,RB670 OptiBuild,PH220080051182,Human RB670 OptiBuild,771536,Hu CD26 RB670 L272 50ug,771536-Hu CD26 RB670 L272 50ug,BDB-771536, $852 , 2 ,,,
28595,BLS,BDB,Biosciences,BDB,Biosciences,2200800,Research Reagents,PH220070022900,Research Core Cobalt,PH220080035900,Cobalt Blue OptiBuild,PH220080041051,RB670 OptiBuild,PH220080051182,Human RB670 OptiBuild,771540,Hu CD181 RB670 5A12 50ug,771540-Hu CD181 RB670 5A12 50ug,BDB-771540, $358 , 1 ,,,
28596,BLS,BDB,Biosciences,BDB,Biosciences,2200800,Research Reagents,PH220070022900,Research Core Cobalt,PH220080035900,Cobalt Blue OptiBuild,PH220080041051,RB670 OptiBuild,PH220080051182,Human RB670 OptiBuild,771547,Hu CD335 RB670 9E2/NKP46 50ug,771547-Hu CD335 RB670 9E2/NKP46 50ug,BDB-771547," $2,133 ", 7 ,,,
28597,BLS,BDB,Biosciences,BDB,Biosciences,2200800,Research Reagents,PH220070022900,Research Core Cobalt,PH220080035900,Cobalt Blue OptiBuild,PH220080041051,RB670 OptiBuild,PH220080051182,Human RB670 OptiBuild,771562,Hu CD49b RB670 AK-7 50ug,771562-Hu CD49b RB670 AK-7 50ug,BDB-771562, $410 , 1 ,,,
28598,BLS,BDB,Biosciences,BDB,Biosciences,2200800,Research Reagents,PH220070022900,Research Core Cobalt,PH220080035900,Cobalt Blue OptiBuild,PH220080041051,RB670 OptiBuild,PH220080051182,Human RB670 OptiBuild,771571,Hu CD9 RB670 M-L13 50ug,771571-Hu CD9 RB670 M-L13 50ug,BDB-771571, $901 , 2 ,,,
28599,BLS,BDB,Biosciences,BDB,Biosciences,2200800,Research Reagents,PH220070022900,Research Core Cobalt,PH220080035900,Cobalt Blue OptiBuild,PH220080041051,RB670 OptiBuild,PH220080051182,Human RB670 OptiBuild,771584,Hu CD11c RB670 3.9 50ug,771584-Hu CD11c RB670 3.9 50ug,BDB-771584," $1,283 ", 3 ,,,
28600,BLS,BDB,Biosciences,BDB,Biosciences,2200800,Research Reagents,PH220070022900,Research Core Cobalt,PH220080035900,Cobalt Blue OptiBuild,PH220080041051,RB670 OptiBuild,PH220080051182,Human RB670 OptiBuild,771596,Hu CD16 RB670 B73.1 50ug,771596-Hu CD16 RB670 B73.1 50ug,BDB-771596, $227 , 1 ,,,
28601,BLS,BDB,Biosciences,BDB,Biosciences,2200800,Research Reagents,PH220070022900,Research Core Cobalt,PH220080035900,Cobalt Blue OptiBuild,PH220080041051,RB670 OptiBuild,PH220080051182,Human RB670 OptiBuild,771617,Hu CD141 RB670 1A4 50ug,771617-Hu CD141 RB670 1A4 50ug,BDB-771617," $3,187 ", 9 ,,,
28602,BLS,BDB,Biosciences,BDB,Biosciences,2200800,Research Reagents,PH220070022900,Research Core Cobalt,PH220080035900,Cobalt Blue OptiBuild,PH220080041051,RB670 OptiBuild,PH220080051182,Human RB670 OptiBuild,771629,Hu CX3CR1 RB670 2A9-1 50ug,771629-Hu CX3CR1 RB670 2A9-1 50ug,BDB-771629," $1,003 ", 3 ,,,
28603,BLS,BDB,Biosciences,BDB,Biosciences,2200800,Research Reagents,PH220070022900,Research Core Cobalt,PH220080035900,Cobalt Blue OptiBuild,PH220080041051,RB670 OptiBuild,PH220080051182,Human RB670 OptiBuild,771647,Hu GPR56 RB670 CG4.RMAB 50ug,771647-Hu GPR56 RB670 CG4.RMAB 50ug,BDB-771647, $426 , 1 ,,,
28604,BLS,BDB,Biosciences,BDB,Biosciences,2200800,Research Reagents,PH220070022900,Research Core Cobalt,PH220080035900,Cobalt Blue OptiBuild,PH220080041051,RB670 OptiBuild,PH220080051182,Human RB670 OptiBuild,771656,Hu CD294 RB670 BM16 50ug,771656-Hu CD294 RB670 BM16 50ug,BDB-771656, $642 , 2 ,,,
28605,BLS,BDB,Biosciences,BDB,Biosciences,2200800,Research Reagents,PH220070022900,Research Core Cobalt,PH220080035900,Cobalt Blue OptiBuild,PH220080041051,RB670 OptiBuild,PH220080051182,Human RB670 OptiBuild,771666,Hu CD79b RB670 3A2-2E7 50ug,771666-Hu CD79b RB670 3A2-2E7 50ug,BDB-771666, $421 , 1 ,,,
28606,BLS,BDB,Biosciences,BDB,Biosciences,2200800,Research Reagents,PH220070022900,Research Core Cobalt,PH220080035900,Cobalt Blue OptiBuild,PH220080041051,RB670 OptiBuild,PH220080051182,Human RB670 OptiBuild,771669,Hu CD117 RB670 104D2 50ug,771669-Hu CD117 RB670 104D2 50ug,BDB-771669," $1,133 ", 3 ,,,
28607,BLS,BDB,Biosciences,BDB,Biosciences,2200800,Research Reagents,PH220070022900,Research Core Cobalt,PH220080035900,Cobalt Blue OptiBuild,PH220080041051,RB670 OptiBuild,PH220080051182,Human RB670 OptiBuild,771675,Hu CD13 RB670 WM15 50ug,771675-Hu CD13 RB670 WM15 50ug,BDB-771675, $336 , 1 ,,,
28608,BLS,BDB,Biosciences,BDB,Biosciences,2200800,Research Reagents,PH220070022900,Research Core Cobalt,PH220080035900,Cobalt Blue OptiBuild,PH220080041051,RB670 OptiBuild,PH220080051182,Human RB670 OptiBuild,771684,Hu CD195 RB670 3A9 50ug,771684-Hu CD195 RB670 3A9 50ug,BDB-771684," $1,230 ", 3 ,,,
28609,BLS,BDB,Biosciences,BDB,Biosciences,2200800,Research Reagents,PH220070022900,Research Core Cobalt,PH220080035900,Cobalt Blue OptiBuild,PH220080041051,RB670 OptiBuild,PH220080051182,Human RB670 OptiBuild,771704,Hu CD62L RB670 SK11 50ug,771704-Hu CD62L RB670 SK11 50ug,BDB-771704, $668 , 2 ,,,
28610,BLS,BDB,Biosciences,BDB,Biosciences,2200800,Research Reagents,PH220070022900,Research Core Cobalt,PH220080035900,Cobalt Blue OptiBuild,PH220080041051,RB670 OptiBuild,PH220080051182,Human RB670 OptiBuild,771714,Hu CD357 RB670 V27-580 50ug,771714-Hu CD357 RB670 V27-580 50ug,BDB-771714, $495 , 2 ,,,
28611,BLS,BDB,Biosciences,BDB,Biosciences,2200800,Research Reagents,PH220070022900,Research Core Cobalt,PH220080035900,Cobalt Blue OptiBuild,PH220080041051,RB670 OptiBuild,PH220080051182,Human RB670 OptiBuild,771756,Hu CD223 RB670 T47-530 50ug,771756-Hu CD223 RB670 T47-530 50ug,BDB-771756," $2,494 ", 9 ,,,
28612,BLS,BDB,Biosciences,BDB,Biosciences,2200800,Research Reagents,PH220070022900,Research Core Cobalt,PH220080035900,Cobalt Blue OptiBuild,PH220080041051,RB670 OptiBuild,PH220080051182,Human RB670 OptiBuild,771762,Hu CD132 RB670 TUGH4 50ug,771762-Hu CD132 RB670 TUGH4 50ug,BDB-771762, $410 , 1 ,,,
28613,BLS,BDB,Biosciences,BDB,Biosciences,2200800,Research Reagents,PH220070022900,Research Core Cobalt,PH220080035900,Cobalt Blue OptiBuild,PH220080041051,RB670 OptiBuild,PH220080051182,Human RB670 OptiBuild,771766,Hu CD170 RB670 1A5/CD170 50ug,771766-Hu CD170 RB670 1A5/CD170 50ug,BDB-771766, $747 , 2 ,,,
28614,BLS,BDB,Biosciences,BDB,Biosciences,2200800,Research Reagents,PH220070022900,Research Core Cobalt,PH220080035900,Cobalt Blue OptiBuild,PH220080041051,RB670 OptiBuild,PH220080051182,Human RB670 OptiBuild,771767,Hu CD88 RB670 D53-1473 50ug,771767-Hu CD88 RB670 D53-1473 50ug,BDB-771767," $1,005 ", 4 ,,,
28615,BLS,BDB,Biosciences,BDB,Biosciences,2200800,Research Reagents,PH220070022900,Research Core Cobalt,PH220080035900,Cobalt Blue OptiBuild,PH220080041051,RB670 OptiBuild,PH220080051182,Human RB670 OptiBuild,771773,Hu TCR VAlp7.2 RB670 OF-5A12 50ug,771773-Hu TCR VAlp7.2 RB670 OF-5A12 50ug,BDB-771773, $302 , 2 ,,,
28616,BLS,BDB,Biosciences,BDB,Biosciences,2200800,Research Reagents,PH220070022900,Research Core Cobalt,PH220080035900,Cobalt Blue OptiBuild,PH220080041051,RB670 OptiBuild,PH220080051182,Human RB670 OptiBuild,771778,Hu CD11c RB670 SHCL-3 50ug,771778-Hu CD11c RB670 SHCL-3 50ug,BDB-771778, $476 , 2 ,,,
28617,BLS,BDB,Biosciences,BDB,Biosciences,2200800,Research Reagents,PH220070022900,Research Core Cobalt,PH220080035900,Cobalt Blue OptiBuild,PH220080041051,RB670 OptiBuild,PH220080051182,Human RB670 OptiBuild,771784,Hu CD3 RB670 OKT3 50ug,771784-Hu CD3 RB670 OKT3 50ug,BDB-771784, $693 , 2 ,,,
28618,BLS,BDB,Biosciences,BDB,Biosciences,2200800,Research Reagents,PH220070022900,Research Core Cobalt,PH220080035900,Cobalt Blue OptiBuild,PH220080041051,RB670 OptiBuild,PH220080051182,Human RB670 OptiBuild,771803,Hu IgM RB670 G20-127 50ug,771803-Hu IgM RB670 G20-127 50ug,BDB-771803, $624 , 2 ,,,
28619,BLS,BDB,Biosciences,BDB,Biosciences,2200800,Research Reagents,PH220070022900,Research Core Cobalt,PH220080035900,Cobalt Blue OptiBuild,PH220080041051,RB670 OptiBuild,PH220080051182,Human RB670 OptiBuild,771809,Hu CD196 RB670 11A9 50ug,771809-Hu CD196 RB670 11A9 50ug,BDB-771809," $6,325 ", 17 ,,,
28620,BLS,BDB,Biosciences,BDB,Biosciences,2200800,Research Reagents,PH220070022900,Research Core Cobalt,PH220080035900,Cobalt Blue OptiBuild,PH220080041051,RB670 OptiBuild,PH220080051182,Human RB670 OptiBuild,771821,Hu Fc Epsl R1 Alp RB670 AER-37 50ug,771821-Hu Fc Epsl R1 Alp RB670 AER-37 50ug,BDB-771821, $730 , 2 ,,,
28621,BLS,BDB,Biosciences,BDB,Biosciences,2200800,Research Reagents,PH220070022900,Research Core Cobalt,PH220080035900,Cobalt Blue OptiBuild,PH220080041051,RB670 OptiBuild,PH220080051182,Human RB670 OptiBuild,771836,Hu CD354 RB670 6B1 50ug,771836-Hu CD354 RB670 6B1 50ug,BDB-771836, $779 , 3 ,,,
28622,BLS,BDB,Biosciences,BDB,Biosciences,2200800,Research Reagents,PH220070022900,Research Core Cobalt,PH220080035900,Cobalt Blue OptiBuild,PH220080041051,RB670 OptiBuild,PH220080051182,Human RB670 OptiBuild,771842,Hu CD309 RB670 BB13-1044 50ug,771842-Hu CD309 RB670 BB13-1044 50ug,BDB-771842, $321 , 2 ,,,
28623,BLS,BDB,Biosciences,BDB,Biosciences,2200800,Research Reagents,PH220070022900,Research Core Cobalt,PH220080035900,Cobalt Blue OptiBuild,PH220080041051,RB670 OptiBuild,PH220080051182,Human RB670 OptiBuild,771850,Hu CXCL16 RB670 22-19-12 50ug,771850-Hu CXCL16 RB670 22-19-12 50ug,BDB-771850," $1,956 ", 5 ,,,
28624,BLS,BDB,Biosciences,BDB,Biosciences,2200800,Research Reagents,PH220070022900,Research Core Cobalt,PH220080035900,Cobalt Blue OptiBuild,PH220080041051,RB670 OptiBuild,PH220080051182,Human RB670 OptiBuild,771886,Hu CD162 RB670 KPL-1 50ug,771886-Hu CD162 RB670 KPL-1 50ug,BDB-771886, $658 , 2 ,,,
28625,BLS,BDB,Biosciences,BDB,Biosciences,2200800,Research Reagents,PH220070022900,Research Core Cobalt,PH220080035900,Cobalt Blue OptiBuild,PH220080041051,RB670 OptiBuild,PH220080051182,Human RB670 OptiBuild,771889,Hu CD85j RB670 GHI/75 50ug,771889-Hu CD85j RB670 GHI/75 50ug,BDB-771889," $1,876 ", 5 ,,,
28626,BLS,BDB,Biosciences,BDB,Biosciences,2200800,Research Reagents,PH220070022900,Research Core Cobalt,PH220080035900,Cobalt Blue OptiBuild,PH220080041051,RB670 OptiBuild,PH220080051182,Human RB670 OptiBuild,771892,Hu CD2 RB670 L303.1 50ug,771892-Hu CD2 RB670 L303.1 50ug,BDB-771892," $1,018 ", 3 ,,,
28627,BLS,BDB,Biosciences,BDB,Biosciences,2200800,Research Reagents,PH220070022900,Research Core Cobalt,PH220080035900,Cobalt Blue OptiBuild,PH220080041051,RB670 OptiBuild,PH220080051182,Human RB670 OptiBuild,771893,Hu HLA-E RB670 3D12/HLA-E 50ug,771893-Hu HLA-E RB670 3D12/HLA-E 50ug,BDB-771893, $992 , 3 ,,,
28628,BLS,BDB,Biosciences,BDB,Biosciences,2200800,Research Reagents,PH220070022900,Research Core Cobalt,PH220080035900,Cobalt Blue OptiBuild,PH220080041051,RB670 OptiBuild,PH220080051182,Human RB670 OptiBuild,771894,Hu HER4 (ErbB4) RB670 P6-1 50ug,771894-Hu HER4 (ErbB4) RB670 P6-1 50ug,BDB-771894, $349 , 1 ,,,
28629,BLS,BDB,Biosciences,BDB,Biosciences,2200800,Research Reagents,PH220070022900,Research Core Cobalt,PH220080035900,Cobalt Blue OptiBuild,PH220080041051,RB670 OptiBuild,PH220080051182,Human RB670 OptiBuild,771901,Hu CD193 RB670 5E8 50ug,771901-Hu CD193 RB670 5E8 50ug,BDB-771901," $1,019 ", 4 ,,,
28630,BLS,BDB,Biosciences,BDB,Biosciences,2200800,Research Reagents,PH220070022900,Research Core Cobalt,PH220080035900,Cobalt Blue OptiBuild,PH220080041051,RB670 OptiBuild,PH220080051182,Human RB670 OptiBuild,771910,Hu CD268 RB670 11C1 50ug,771910-Hu CD268 RB670 11C1 50ug,BDB-771910, $358 , 1 ,,,
28631,BLS,BDB,Biosciences,BDB,Biosciences,2200800,Research Reagents,PH220070022900,Research Core Cobalt,PH220080035900,Cobalt Blue OptiBuild,PH220080041051,RB670 OptiBuild,PH220080051182,Human RB670 OptiBuild,771914,Hu CD122 RB670 MIK-BETA3 50ug,771914-Hu CD122 RB670 MIK-BETA3 50ug,BDB-771914," $21,278 ", 56 ,,,
28632,BLS,BDB,Biosciences,BDB,Biosciences,2200800,Research Reagents,PH220070022900,Research Core Cobalt,PH220080035900,Cobalt Blue OptiBuild,PH220080041051,RB670 OptiBuild,PH220080051182,Human RB670 OptiBuild,771922,Hu LTBtaR RB670 HTNFR-RP-M12 50ug,771922-Hu LTBtaR RB670 HTNFR-RP-M12 50ug,BDB-771922, $900 , 2 ,,,
28633,BLS,BDB,Biosciences,BDB,Biosciences,2200800,Research Reagents,PH220070022900,Research Core Cobalt,PH220080035900,Cobalt Blue OptiBuild,PH220080041051,RB670 OptiBuild,PH220080051182,Human RB670 OptiBuild,771937,Hu CD326 RB670 EBA-1 50ug,771937-Hu CD326 RB670 EBA-1 50ug,BDB-771937, $601 , 2 ,,,
28634,BLS,BDB,Biosciences,BDB,Biosciences,2200800,Research Reagents,PH220070022900,Research Core Cobalt,PH220080035900,Cobalt Blue OptiBuild,PH220080041051,RB670 OptiBuild,PH220080051182,Human RB670 OptiBuild,771946,Hu CD337 RB670 P30-15 50ug,771946-Hu CD337 RB670 P30-15 50ug,BDB-771946, $408 , 2 ,,,
28635,BLS,BDB,Biosciences,BDB,Biosciences,2200800,Research Reagents,PH220070022900,Research Core Cobalt,PH220080035900,Cobalt Blue OptiBuild,PH220080041051,RB670 OptiBuild,PH220080051182,Human RB670 OptiBuild,771964,Hu CD192 RB670 LS132.1D9 50ug,771964-Hu CD192 RB670 LS132.1D9 50ug,BDB-771964, $457 , 2 ,,,
28636,BLS,BDB,Biosciences,BDB,Biosciences,2200800,Research Reagents,PH220070022900,Research Core Cobalt,PH220080035900,Cobalt Blue OptiBuild,PH220080041051,RB670 OptiBuild,PH220080051182,Human RB670 OptiBuild,771971,Hu CD63 RB670 H5C6 50ug,771971-Hu CD63 RB670 H5C6 50ug,BDB-771971," $1,870 ", 5 ,,,
28637,BLS,BDB,Biosciences,BDB,Biosciences,2200800,Research Reagents,PH220070022900,Research Core Cobalt,PH220080035900,Cobalt Blue OptiBuild,PH220080041051,RB670 OptiBuild,PH220080051182,Human RB670 OptiBuild,771980,Hu CD307c RB670 H5 50ug,771980-Hu CD307c RB670 H5 50ug,BDB-771980, $449 , 1 ,,,
28638,BLS,BDB,Biosciences,BDB,Biosciences,2200800,Research Reagents,PH220070022900,Research Core Cobalt,PH220080035900,Cobalt Blue OptiBuild,PH220080041051,RB670 OptiBuild,PH220080051182,Human RB670 OptiBuild,772006,Hu CD360 RB670 17A12 50ug,772006-Hu CD360 RB670 17A12 50ug,BDB-772006, $349 , 2 ,,,
28639,BLS,BDB,Biosciences,BDB,Biosciences,2200800,Research Reagents,PH220070022900,Research Core Cobalt,PH220080035900,Cobalt Blue OptiBuild,PH220080041051,RB670 OptiBuild,PH220080051182,Human RB670 OptiBuild,772015,Hu CD86 RB670 BU63 50ug,772015-Hu CD86 RB670 BU63 50ug,BDB-772015," $2,458 ", 6 ,,,
28640,BLS,BDB,Biosciences,BDB,Biosciences,2200800,Research Reagents,PH220070022900,Research Core Cobalt,PH220080035900,Cobalt Blue OptiBuild,PH220080041051,RB670 OptiBuild,PH220080051182,Human RB670 OptiBuild,772021,Hu CD135 RB670 4G8 50ug,772021-Hu CD135 RB670 4G8 50ug,BDB-772021," $1,036 ", 3 ,,,
28641,BLS,BDB,Biosciences,BDB,Biosciences,2200800,Research Reagents,PH220070022900,Research Core Cobalt,PH220080035900,Cobalt Blue OptiBuild,PH220080041051,RB670 OptiBuild,PH220080051182,Human RB670 OptiBuild,772027,Hu CD90 RB670 5E10 50ug,772027-Hu CD90 RB670 5E10 50ug,BDB-772027," $4,360 ", 12 ,,,
28642,BLS,BDB,Biosciences,BDB,Biosciences,2200800,Research Reagents,PH220070022900,Research Core Cobalt,PH220080035900,Cobalt Blue OptiBuild,PH220080041051,RB670 OptiBuild,PH220080051182,Human RB670 OptiBuild,772032,Hu TCR VDta2 RB670 B6 50ug,772032-Hu TCR VDta2 RB670 B6 50ug,BDB-772032, $327 , 1 ,,,
28643,BLS,BDB,Biosciences,BDB,Biosciences,2200800,Research Reagents,PH220070022900,Research Core Cobalt,PH220080035900,Cobalt Blue OptiBuild,PH220080041051,RB670 OptiBuild,PH220080051182,Human RB670 OptiBuild,772060,Hu ROR1 RB670 4A5 50ug,772060-Hu ROR1 RB670 4A5 50ug,BDB-772060, $450 , 1 ,,,
28644,BLS,BDB,Biosciences,BDB,Biosciences,2200800,Research Reagents,PH220070022900,Research Core Cobalt,PH220080035900,Cobalt Blue OptiBuild,PH220080041051,RB670 OptiBuild,PH220080051182,Human RB670 OptiBuild,772065,Hu CD41a RB670 HIP8 50ug,772065-Hu CD41a RB670 HIP8 50ug,BDB-772065, $634 , 2 ,,,
28645,BLS,BDB,Biosciences,BDB,Biosciences,2200800,Research Reagents,PH220070022900,Research Core Cobalt,PH220080035900,Cobalt Blue OptiBuild,PH220080041051,RB670 OptiBuild,PH220080051182,Human RB670 OptiBuild,772081,Hu CD49f RB670 GOH3 50ug,772081-Hu CD49f RB670 GOH3 50ug,BDB-772081, $786 , 2 ,,,
28646,BLS,BDB,Biosciences,BDB,Biosciences,2200800,Research Reagents,PH220070022900,Research Core Cobalt,PH220080035900,Cobalt Blue OptiBuild,PH220080041051,RB670 OptiBuild,PH220080051182,Human RB670 OptiBuild,772084,Hu CD94 RB670 HP-3D9 50ug,772084-Hu CD94 RB670 HP-3D9 50ug,BDB-772084, $836 , 2 ,,,
28647,BLS,BDB,Biosciences,BDB,Biosciences,2200800,Research Reagents,PH220070022900,Research Core Cobalt,PH220080035900,Cobalt Blue OptiBuild,PH220080041051,RB670 OptiBuild,PH220080051182,Human RB670 OptiBuild,772096,Hu CD274 RB670 MIH1 50ug,772096-Hu CD274 RB670 MIH1 50ug,BDB-772096," $2,354 ", 7 ,,,
28648,BLS,BDB,Biosciences,BDB,Biosciences,2200800,Research Reagents,PH220070022900,Research Core Cobalt,PH220080035900,Cobalt Blue OptiBuild,PH220080041051,RB670 OptiBuild,PH220080051182,Human RB670 OptiBuild,772105,Hu CD21 RB670 B-LY4 50ug,772105-Hu CD21 RB670 B-LY4 50ug,BDB-772105," $2,885 ", 7 ,,,
28649,BLS,BDB,Biosciences,BDB,Biosciences,2200800,Research Reagents,PH220070022900,Research Core Cobalt,PH220080035900,Cobalt Blue OptiBuild,PH220080041051,RB670 OptiBuild,PH220080051182,Human RB670 OptiBuild,772111,Hu CD282 RB670 11G7 50ug,772111-Hu CD282 RB670 11G7 50ug,BDB-772111, $487 , 1 ,,,
28650,BLS,BDB,Biosciences,BDB,Biosciences,2200800,Research Reagents,PH220070022900,Research Core Cobalt,PH220080035900,Cobalt Blue OptiBuild,PH220080041051,RB670 OptiBuild,PH220080051182,Human RB670 OptiBuild,772114,Hu CD271 RB670 C40-1457 50ug,772114-Hu CD271 RB670 C40-1457 50ug,BDB-772114, $415 , 1 ,,,
28651,BLS,BDB,Biosciences,BDB,Biosciences,2200800,Research Reagents,PH220070022900,Research Core Cobalt,PH220080035900,Cobalt Blue OptiBuild,PH220080041051,RB670 OptiBuild,PH220080051182,Human RB670 OptiBuild,772128,Hu CD38 RB670 HB7 50ug,772128-Hu CD38 RB670 HB7 50ug,BDB-772128," $2,152 ", 7 ,,,
28652,BLS,BDB,Biosciences,BDB,Biosciences,2200800,Research Reagents,PH220070022900,Research Core Cobalt,PH220080035900,Cobalt Blue OptiBuild,PH220080041051,RB670 OptiBuild,PH220080051182,Human RB670 OptiBuild,772228,Hu MPO RB670 1B10 50ug,772228-Hu MPO RB670 1B10 50ug,BDB-772228, $353 , 1 ,,,
28653,BLS,BDB,Biosciences,BDB,Biosciences,2200800,Research Reagents,PH220070022900,Research Core Cobalt,PH220080035900,Cobalt Blue OptiBuild,PH220080041051,RB670 OptiBuild,PH220080051182,Human RB670 OptiBuild,772229,Hu CD11b RB670 ICRF44 50ug,772229-Hu CD11b RB670 ICRF44 50ug,BDB-772229, $222 , 1 ,,,
28654,BLS,BDB,Biosciences,BDB,Biosciences,2200800,Research Reagents,PH220070022900,Research Core Cobalt,PH220080035900,Cobalt Blue OptiBuild,PH220080041051,RB670 OptiBuild,PH220080051182,Human RB670 OptiBuild,772230,Hu CD11c RB670 B-LY6 50ug,772230-Hu CD11c RB670 B-LY6 50ug,BDB-772230," $1,064 ", 4 ,,,
30585,BLS,BDB,Biosciences,BDB,Biosciences,2200800,Research Reagents,PH220070022900,Research Core Cobalt,PH220080036200,Cobalt Red MTS,PH220080041136,RR688 MTS,PH220080051359,Human RR688 MTS,572319,Hu CD4 RR688 SK3 100Tst,572319-Hu CD4 RR688 SK3 100Tst,BDB-572319," $1,141 ", 3 ,,,
30586,BLS,BDB,Biosciences,BDB,Biosciences,2200800,Research Reagents,PH220070022900,Research Core Cobalt,PH220080036200,Cobalt Red MTS,PH220080041136,RR688 MTS,PH220080051359,Human RR688 MTS,572375,Hu CD19 RR688 SJ25C1 100Tst,572375-Hu CD19 RR688 SJ25C1 100Tst,BDB-572375, $381 , 1 ,,,
30587,BLS,BDB,Biosciences,BDB,Biosciences,2200800,Research Reagents,PH220070022900,Research Core Cobalt,PH220080036200,Cobalt Red MTS,PH220080041136,RR688 MTS,PH220080051359,Human RR688 MTS,572376,Hu CD4 RR688 SK3 25Tst,572376-Hu CD4 RR688 SK3 25Tst,BDB-572376, $517 , 4 ,,,
30588,BLS,BDB,Biosciences,BDB,Biosciences,2200800,Research Reagents,PH220070022900,Research Core Cobalt,PH220080036200,Cobalt Red MTS,PH220080041136,RR688 MTS,PH220080051359,Human RR688 MTS,572377,Hu CD19 RR688 SJ25C1 25Tst,572377-Hu CD19 RR688 SJ25C1 25Tst,BDB-572377, $176 , 1 ,,,
30589,BLS,BDB,Biosciences,BDB,Biosciences,2200800,Research Reagents,PH220070022900,Research Core Cobalt,PH220080036200,Cobalt Red MTS,PH220080041136,RR688 MTS,PH220080051359,Human RR688 MTS,572379,Hu CD3 RR688 UCHT1 25Tst,572379-Hu CD3 RR688 UCHT1 25Tst,BDB-572379, $176 , 1 ,,,
30590,BLS,BDB,Biosciences,BDB,Biosciences,2200800,Research Reagents,PH220070022900,Research Core Cobalt,PH220080036200,Cobalt Red MTS,PH220080041136,RR688 MTS,PH220080051359,Human RR688 MTS,572380,Hu CD8 RR688 RPA-T8 100Tst,572380-Hu CD8 RR688 RPA-T8 100Tst,BDB-572380, $714 , 2 ,,,
30591,BLS,BDB,Biosciences,BDB,Biosciences,2200800,Research Reagents,PH220070022900,Research Core Cobalt,PH220080036200,Cobalt Red MTS,PH220080041136,RR688 MTS,PH220080051359,Human RR688 MTS,572382,Hu FoxP3 RR688 259D/C7 100Tst,572382-Hu FoxP3 RR688 259D/C7 100Tst,BDB-572382, $196 , 1 ,,,
30592,BLS,BDB,Biosciences,BDB,Biosciences,2200800,Research Reagents,PH220070022900,Research Core Cobalt,PH220080036200,Cobalt Red MTS,PH220080041136,RR688 MTS,PH220080051359,Human RR688 MTS,572384,Hu CD16 RR688 3G8 100Tst,572384-Hu CD16 RR688 3G8 100Tst,BDB-572384," $1,356 ", 5 ,,,
30593,BLS,BDB,Biosciences,BDB,Biosciences,2200800,Research Reagents,PH220070022900,Research Core Cobalt,PH220080036200,Cobalt Red MTS,PH220080041136,RR688 MTS,PH220080051359,Human RR688 MTS,572385,Hu CD16 RR688 3G8 25Tst,572385-Hu CD16 RR688 3G8 25Tst,BDB-572385, $265 , 2 ,,,
30594,BLS,BDB,Biosciences,BDB,Biosciences,2200800,Research Reagents,PH220070022900,Research Core Cobalt,PH220080036200,Cobalt Red MTS,PH220080041136,RR688 MTS,PH220080051359,Human RR688 MTS,572390,Hu CD25 RR688 2A3 100Tst,572390-Hu CD25 RR688 2A3 100Tst,BDB-572390, $233 , 1 ,,,
30595,BLS,BDB,Biosciences,BDB,Biosciences,2200800,Research Reagents,PH220070022900,Research Core Cobalt,PH220080036200,Cobalt Red MTS,PH220080041136,RR688 MTS,PH220080051359,Human RR688 MTS,572391,Hu CD25 RR688 2A3 25Tst,572391-Hu CD25 RR688 2A3 25Tst,BDB-572391, $116 , 1 ,,,
30596,BLS,BDB,Biosciences,BDB,Biosciences,2200800,Research Reagents,PH220070022900,Research Core Cobalt,PH220080036200,Cobalt Red MTS,PH220080041136,RR688 MTS,PH220080051359,Human RR688 MTS,572416,Ki-67 RR688 B56 25Tst,572416-Ki-67 RR688 B56 25Tst,BDB-572416, $81 , 1 ,,,
30597,BLS,BDB,Biosciences,BDB,Biosciences,2200800,Research Reagents,PH220070022900,Research Core Cobalt,PH220080036200,Cobalt Red MTS,PH220080041136,RR688 MTS,PH220080051359,Human RR688 MTS,572417,Hu CD20 RR688 2H7 100Tst,572417-Hu CD20 RR688 2H7 100Tst,BDB-572417, $595 , 2 ,,,
30598,BLS,BDB,Biosciences,BDB,Biosciences,2200800,Research Reagents,PH220070022900,Research Core Cobalt,PH220080036200,Cobalt Red MTS,PH220080041136,RR688 MTS,PH220080051359,Human RR688 MTS,572429,Hu CD223 RR688 T47-530 100Tst,572429-Hu CD223 RR688 T47-530 100Tst,BDB-572429," $1,319 ", 5 ,,,
30599,BLS,BDB,Biosciences,BDB,Biosciences,2200800,Research Reagents,PH220070022900,Research Core Cobalt,PH220080036200,Cobalt Red MTS,PH220080041136,RR688 MTS,PH220080051359,Human RR688 MTS,572430,Hu CD223 RR688 T47-530 25Tst,572430-Hu CD223 RR688 T47-530 25Tst,BDB-572430, $227 , 2 ,,,
30600,BLS,BDB,Biosciences,BDB,Biosciences,2200800,Research Reagents,PH220070022900,Research Core Cobalt,PH220080036200,Cobalt Red MTS,PH220080041136,RR688 MTS,PH220080051360,Mouse RR688 MTS,572396,Ms CD4 RR688 GK1.5 100ug,572396-Ms CD4 RR688 GK1.5 100ug,BDB-572396, $337 , 1 ,,,
30601,BLS,BDB,Biosciences,BDB,Biosciences,2200800,Research Reagents,PH220070022900,Research Core Cobalt,PH220080036200,Cobalt Red MTS,PH220080041136,RR688 MTS,PH220080051360,Mouse RR688 MTS,572404,Ms Ly-6C RR688 AL-21 25ug,572404-Ms Ly-6C RR688 AL-21 25ug,BDB-572404, $102 , 1 ,,,
30602,BLS,BDB,Biosciences,BDB,Biosciences,2200800,Research Reagents,PH220070022900,Research Core Cobalt,PH220080036200,Cobalt Red MTS,PH220080041136,RR688 MTS,PH220080051360,Mouse RR688 MTS,572415,Ki-67 RR688 B56 100Tst,572415-Ki-67 RR688 B56 100Tst,BDB-572415, $-   , 1 ,,,
30603,BLS,BDB,Biosciences,BDB,Biosciences,2200800,Research Reagents,PH220070022900,Research Core Cobalt,PH220080036200,Cobalt Red MTS,PH220080041136,RR688 MTS,PH220080051360,Mouse RR688 MTS,572424,CD11b RR688 M1/70 25ug,572424-CD11b RR688 M1/70 25ug,BDB-572424, $77 , 1 ,,,
30604,BLS,BDB,Biosciences,BDB,Biosciences,2200800,Research Reagents,PH220070022900,Research Core Cobalt,PH220080036200,Cobalt Red MTS,PH220080041136,RR688 MTS,PH220080051360,Mouse RR688 MTS,572425,Ms F4/80 RR688 T45-2342 100ug,572425-Ms F4/80 RR688 T45-2342 100ug,BDB-572425, $273 , 1 ,,,
30605,BLS,BDB,Biosciences,BDB,Biosciences,2200800,Research Reagents,PH220070022900,Research Core Cobalt,PH220080036200,Cobalt Red MTS,PH220080041136,RR688 MTS,PH220080051360,Mouse RR688 MTS,572426,Ms F4/80 RR688 T45-2342 25ug,572426-Ms F4/80 RR688 T45-2342 25ug,BDB-572426, $111 , 1 ,,,
30606,BLS,BDB,Biosciences,BDB,Biosciences,2200800,Research Reagents,PH220070022900,Research Core Cobalt,PH220080036200,Cobalt Red MTS,PH220080041136,RR688 MTS,PH220080051361,Other RR688 MTS,572420,SAV RR688 100ug,572420-SAV RR688 100ug,BDB-572420, $132 , 2 ,,,
30607,BLS,BDB,Biosciences,BDB,Biosciences,2200800,Research Reagents,PH220070022900,Research Core Cobalt,PH220080036200,Cobalt Red MTS,PH220080041136,RR688 MTS,PH220080051361,Other RR688 MTS,572423,CD11b RR688 M1/70 100ug,572423-CD11b RR688 M1/70 100ug,BDB-572423, $658 , 4 ,,,
30608,BLS,BDB,Biosciences,BDB,Biosciences,2200800,Research Reagents,PH220070022900,Research Core Cobalt,PH220080036250,Cobalt Red OptiBuild,PH220080041137,RR688 OptiBuld,PH220080051391,Human RR688 OptiBuild,773691,Hu CD4 RR688 L120 50ug,773691-Hu CD4 RR688 L120 50ug,BDB-773691, $-   , 1 ,,,
30997,BLS,BDB,Biosciences,BDB,Biosciences,2200800,Research Reagents,PH220080022650,Custom Research Reagents,PH220080036000,Cobalt - Customs,PH220080041053,Cobalt - Customs,PH220080051186,Customs (Core Cobalt),627596,Custom RY586 Conjugate 0.5-0.9MG,627596-Custom RY586 Conjugate 0.5-0.9MG,BDB-627596," $7,961 ", 1 ,,,
30999,BLS,BDB,Biosciences,BDB,Biosciences,2200800,Research Reagents,PH220080022650,Custom Research Reagents,PH220080036000,Cobalt - Customs,PH220080041053,Cobalt - Customs,PH220080051186,Customs (Core Cobalt),627784,Customer RY586 Custom,627784-Customer RY586 Custom,BDB-627784," $15,804 ", 8 ,,,
31006,BLS,BDB,Biosciences,BDB,Biosciences,2200800,Research Reagents,PH220080022650,Custom Research Reagents,PH220080036000,Cobalt - Customs,PH220080041053,Cobalt - Customs,PH220080051186,Customs (Core Cobalt),628387,Customer RY743 Custom,628387-Customer RY743 Custom,BDB-628387," $6,520 ", 1 ,,,
31009,BLS,BDB,Biosciences,BDB,Biosciences,2200800,Research Reagents,PH220080022650,Custom Research Reagents,PH220080036000,Cobalt - Customs,PH220080041053,Cobalt - Customs,PH220080051186,Customs (Core Cobalt),630054,Custom RB780 Conjugate 1-1.9MG,630054-Custom RB780 Conjugate 1-1.9MG,BDB-630054," $12,735 ", 2 ,,,
31011,BLS,BDB,Biosciences,BDB,Biosciences,2200800,Research Reagents,PH220080022650,Custom Research Reagents,PH220080036000,Cobalt - Customs,PH220080041053,Cobalt - Customs,PH220080051186,Customs (Core Cobalt),630061,Custom RB545 Conjugate 0.5-0.9MG,630061-Custom RB545 Conjugate 0.5-0.9MG,BDB-630061," $3,689 ", 1 ,,,
31012,BLS,BDB,Biosciences,BDB,Biosciences,2200800,Research Reagents,PH220080022650,Custom Research Reagents,PH220080036000,Cobalt - Customs,PH220080041053,Cobalt - Customs,PH220080051186,Customs (Core Cobalt),630068,Custom RB545 Conjugate 0.05-0.49MG,630068-Custom RB545 Conjugate 0.05-0.49MG,BDB-630068, $813 , 1 ,,,
31019,BLS,BDB,Biosciences,BDB,Biosciences,2200800,Research Reagents,PH220080022650,Custom Research Reagents,PH220080036000,Cobalt - Customs,PH220080041053,Cobalt - Customs,PH220080051186,Customs (Core Cobalt),630111,Customer RB744 Custom,630111-Customer RB744 Custom,BDB-630111," $3,020 ", 0 ,,,
31020,BLS,BDB,Biosciences,BDB,Biosciences,2200800,Research Reagents,PH220080022650,Custom Research Reagents,PH220080036000,Cobalt - Customs,PH220080041053,Cobalt - Customs,PH220080051186,Customs (Core Cobalt),630112,Customer RB613 Custom,630112-Customer RB613 Custom,BDB-630112," $3,020 ", 0 ,,,
31021,BLS,BDB,Biosciences,BDB,Biosciences,2200800,Research Reagents,PH220080022650,Custom Research Reagents,PH220080036000,Cobalt - Customs,PH220080041053,Cobalt - Customs,PH220080051186,Customs (Core Cobalt),630116,Custom RY775 Conjugate 0.05-0.49MG,630116-Custom RY775 Conjugate 0.05-0.49MG,BDB-630116," $5,032 ", 2 ,,,
31023,BLS,BDB,Biosciences,BDB,Biosciences,2200800,Research Reagents,PH220080022650,Custom Research Reagents,PH220080036000,Cobalt - Customs,PH220080041053,Cobalt - Customs,PH220080051186,Customs (Core Cobalt),630127,Custom RY703 Conjugate 2-2.9MG,630127-Custom RY703 Conjugate 2-2.9MG,BDB-630127," $16,400 ", 2 ,,,
31024,BLS,BDB,Biosciences,BDB,Biosciences,2200800,Research Reagents,PH220080022650,Custom Research Reagents,PH220080036000,Cobalt - Customs,PH220080041053,Cobalt - Customs,PH220080051186,Customs (Core Cobalt),630134,Custom RB670 Conjugate 0.05-0.49MG,630134-Custom RB670 Conjugate 0.05-0.49MG,BDB-630134," $8,157 ", 2 ,,,
31025,BLS,BDB,Biosciences,BDB,Biosciences,2200800,Research Reagents,PH220080022650,Custom Research Reagents,PH220080036000,Cobalt - Customs,PH220080041053,Cobalt - Customs,PH220080051186,Customs (Core Cobalt),PC_11178,Cobalt - Customs,PC_11178-Cobalt - Customs,BDB-PC_11178, $(150), -   ,,,
35739,BLS,BDB,Biosciences,BDB,Biosciences,2200800,Research Reagents,PH220080022850,Research Core Non-Sirigen,PH220080034800,Non Sirigen - Immune Function (Flow Cytometry),PH220080041088,Non Sirigen - Immune Function (Flow Cytometry),PH220080051248,Non Sirigen - Immune Function (Flow Cytometry),568012,MR1 PE 8F2.F9 100ug,568012-MR1 PE 8F2.F9 100ug,BDB-568012, $469 , 2 ,,,
35740,BLS,BDB,Biosciences,BDB,Biosciences,2200800,Research Reagents,PH220080022850,Research Core Non-Sirigen,PH220080034800,Non Sirigen - Immune Function (Flow Cytometry),PH220080041088,Non Sirigen - Immune Function (Flow Cytometry),PH220080051248,Non Sirigen - Immune Function (Flow Cytometry),568013,MR1 PE 8F2.F9 25ug,568013-MR1 PE 8F2.F9 25ug,BDB-568013, $117 , 1 ,,,
49561,BLS,BDB,Biosciences,BDB,Biosciences,2200900,FlowJo,PH220090021000,FlowJo Software,PH220090031001,BD Research Cloud,PH220090041009,BD Research Cloud - PC Adjustment,PH220090051009,BD Research Cloud - PC Adjustment,PC_10945,BD Research Cloud,PC_10945-BD Research Cloud,BDB-PC_10945, $-   , -   ,,,
49574,BLS,BDB,Biosciences,BDB,Biosciences,2400009,Corporate Initiatives BDB,PH240000921000,Corp InitiativesBDB - PC Adjustment,PH240000931000,Corp InitiativesBDB - PC Adjustment NONCATALOG,PH240000941000,Corp InitiativesBDB - PC Adjustment,PH240000951000,Corp InitiativesBDB - PC Adjustment,DUMMYSKU100_BDB,PC Adjustment - 2400009 Corp Initiatives BDB,DUMMYSKU100_BDB-PC Adjustment - 2400009 Corp Initiatives BDB,BDB-DUMMYSKU100_BDB," $134,913 ", -   ,,,
49575,BLS,DS,Diagnostic Solutions,DS,Diagnostic Solutions,2111000,DS Direct Non-Allocated,PH211100021500,DO NOT USE - DS Placeholder for data entry error,DS_UNKNOWN_PRODUCT,DS Unknown Products,DS_UNKNOWN_PRODUCT_PS,DS Unknown Products,DS_UNKNOWN_PRODUCT_PSS,DS Unknown Products,DSUNKNOWNPRODUCT,Unknown Product in BPC,DSUNKNOWNPRODUCT-Unknown Product in BPC,DS-DSUNKNOWNPRODUCT," $7,227 ", -   ,,,
49644,BLS,DS,Diagnostic Solutions,DS,Diagnostic Solutions,2111001,Molecular Diagnostics,PH211100121100,ProbeTec/Viper,PH211100132350,All Other BD Viper,PH211100141076,Viper Ancillary Equipment,PH211100151134,Viper Ancillary Equipment,440487,Pipettor Cordless F/G,440487-Pipettor Cordless F/G,DS-440487, $-   , 15 ,,,
49645,BLS,DS,Diagnostic Solutions,DS,Diagnostic Solutions,2111001,Molecular Diagnostics,PH211100121100,ProbeTec/Viper,PH211100132350,All Other BD Viper,PH211100141076,Viper Ancillary Equipment,PH211100151134,Viper Ancillary Equipment,440487R,PROBETEC PIPETTOR,440487R-PROBETEC PIPETTOR,DS-440487R, $-   , 1 ,,,
49646,BLS,DS,Diagnostic Solutions,DS,Diagnostic Solutions,2111001,Molecular Diagnostics,PH211100121100,ProbeTec/Viper,PH211100132350,All Other BD Viper,PH211100141076,Viper Ancillary Equipment,PH211100151134,Viper Ancillary Equipment,440488,PIPETTOR CHARGER 240V 50HZ,440488-PIPETTOR CHARGER 240V 50HZ,DS-440488, $-   , 1 ,,,
49647,BLS,DS,Diagnostic Solutions,DS,Diagnostic Solutions,2111001,Molecular Diagnostics,PH211100121100,ProbeTec/Viper,PH211100132350,All Other BD Viper,PH211100141076,Viper Ancillary Equipment,PH211100151134,Viper Ancillary Equipment,440491,Pipettor Charger 220V 50Hz,440491-Pipettor Charger 220V 50Hz,DS-440491, $-   , 3 ,,,
49648,BLS,DS,Diagnostic Solutions,DS,Diagnostic Solutions,2111001,Molecular Diagnostics,PH211100121100,ProbeTec/Viper,PH211100132350,All Other BD Viper,PH211100141076,Viper Ancillary Equipment,PH211100151134,Viper Ancillary Equipment,440494,Instrument Plate Stage,440494-Instrument Plate Stage,DS-440494, $-   , 5 ,,,
49649,BLS,DS,Diagnostic Solutions,DS,Diagnostic Solutions,2111001,Molecular Diagnostics,PH211100121100,ProbeTec/Viper,PH211100132350,All Other BD Viper,PH211100141076,Viper Ancillary Equipment,PH211100151134,Viper Ancillary Equipment,440684,EPPENDORF CENTRIFUGE 180-264VA,440684-EPPENDORF CENTRIFUGE 180-264VA,DS-440684, $-   , 1 ,,,
49650,BLS,DS,Diagnostic Solutions,DS,Diagnostic Solutions,2111001,Molecular Diagnostics,PH211100121100,ProbeTec/Viper,PH211100132350,All Other BD Viper,PH211100141076,Viper Ancillary Equipment,PH211100151134,Viper Ancillary Equipment,440974,Lyse Cover Sample Processor Viper Sp,440974-Lyse Cover Sample Processor Viper Sp,DS-440974, $-   , 1 ,,,
49651,BLS,DS,Diagnostic Solutions,DS,Diagnostic Solutions,2111001,Molecular Diagnostics,PH211100121100,ProbeTec/Viper,PH211100132350,All Other BD Viper,PH211100141076,Viper Ancillary Equipment,PH211100151134,Viper Ancillary Equipment,441108,LINE CORD EUROPEAN VPRSP PKGD,441108-LINE CORD EUROPEAN VPRSP PKGD,DS-441108, $-   , 1 ,,,
49660,BLS,DS,Diagnostic Solutions,DS,Diagnostic Solutions,2111001,Molecular Diagnostics,PH211100121100,ProbeTec/Viper,PH211100132350,All Other BD Viper,PH211100141076,Viper Ancillary Equipment,PH211100151134,Viper Ancillary Equipment,444044,UPS Viper LT System,444044-UPS Viper LT System,DS-444044," $4,401 ", 2 ,,,
49662,BLS,DS,Diagnostic Solutions,DS,Diagnostic Solutions,2111001,Molecular Diagnostics,PH211100121100,ProbeTec/Viper,PH211100132350,All Other BD Viper,PH211100141076,Viper Ancillary Equipment,PH211100151134,Viper Ancillary Equipment,444407,ROLL HOLDER SET GX SPARE,444407-ROLL HOLDER SET GX SPARE,DS-444407, $-   , 1 ,,,
49663,BLS,DS,Diagnostic Solutions,DS,Diagnostic Solutions,2111001,Molecular Diagnostics,PH211100121100,ProbeTec/Viper,PH211100132350,All Other BD Viper,PH211100141076,Viper Ancillary Equipment,PH211100151134,Viper Ancillary Equipment,444418,CABLE CAT5E HI-FLEX RDS-CONVEY GX SPARE,444418-CABLE CAT5E HI-FLEX RDS-CONVEY GX SPARE,DS-444418, $-   , 1 ,,,
49664,BLS,DS,Diagnostic Solutions,DS,Diagnostic Solutions,2111001,Molecular Diagnostics,PH211100121100,ProbeTec/Viper,PH211100132350,All Other BD Viper,PH211100141076,Viper Ancillary Equipment,PH211100151134,Viper Ancillary Equipment,444691,BD BARCODE READER HTPX SPARE,444691-BD BARCODE READER HTPX SPARE,DS-444691, $514 , 1 ,,,
49666,BLS,DS,Diagnostic Solutions,DS,Diagnostic Solutions,2111001,Molecular Diagnostics,PH211100121100,ProbeTec/Viper,PH211100132350,All Other BD Viper,PH211100141076,Viper Ancillary Equipment,PH211100151134,Viper Ancillary Equipment,445291,RACK ROBOT Z-AXIS I4CM PX SPARE,445291-RACK ROBOT Z-AXIS I4CM PX SPARE,DS-445291, $(281), -   ,,,
49670,BLS,DS,Diagnostic Solutions,DS,Diagnostic Solutions,2111001,Molecular Diagnostics,PH211100121100,ProbeTec/Viper,PH211100132350,All Other BD Viper,PH211100141076,Viper Ancillary Equipment,PH211100151134,Viper Ancillary Equipment,VPPRT-ZTJ,HP LaserJet M506,VPPRT-ZTJ-HP LaserJet M506,DS-VPPRT-ZTJ, $-   , 1 ,,,
49865,BLS,DS,Diagnostic Solutions,DS,Diagnostic Solutions,2111001,Molecular Diagnostics,PH211100121250,BD COR,PH211100133950,All Other BD COR,PH211100141152,BD COR Instrument Other,PH211100151253,BD COR Instrument Other,444853,BD COR TIP RACK,444853-BD COR TIP RACK,DS-444853," $5,401 ", 5 ,,,
49866,BLS,DS,Diagnostic Solutions,DS,Diagnostic Solutions,2111001,Molecular Diagnostics,PH211100121250,BD COR,PH211100133950,All Other BD COR,PH211100141152,BD COR Instrument Other,PH211100151253,BD COR Instrument Other,444884,BD COR MX MOCK KIT,444884-BD COR MX MOCK KIT,DS-444884, $-   , 1 ,,,
49867,BLS,DS,Diagnostic Solutions,DS,Diagnostic Solutions,2111001,Molecular Diagnostics,PH211100121250,BD COR,PH211100133950,All Other BD COR,PH211100141152,BD COR Instrument Other,PH211100151253,BD COR Instrument Other,445147,LADDER W/ CABLE & LOCK ASSY MX SPARE,445147-LADDER W/ CABLE & LOCK ASSY MX SPARE,DS-445147, $-   , 1 ,,,
49868,BLS,DS,Diagnostic Solutions,DS,Diagnostic Solutions,2111001,Molecular Diagnostics,PH211100121250,BD COR,PH211100133950,All Other BD COR,PH211100141152,BD COR Instrument Other,PH211100151253,BD COR Instrument Other,51300-03R,UPM 3KVA 230V IN/OUT,51300-03R-UPM 3KVA 230V IN/OUT,DS-51300-03R, $-   , 27 ,,,
49939,BLS,DS,Diagnostic Solutions,DS,Diagnostic Solutions,2111004,Microbiology,PH211100421000,Microbiology - PC Adjustment,PH211100437650,Microbiology - PC Adjustment,PH211100441379,Microbiology - PC Adjustment,PH211100451675,Microbiology - PC Adjustment,*01SM0520,Windows OS upgrade,*01SM0520-Windows OS upgrade,DS-*01SM0520," $3,199 ", -   ,,,
49940,BLS,DS,Diagnostic Solutions,DS,Diagnostic Solutions,2111004,Microbiology,PH211100421000,Microbiology - PC Adjustment,PH211100437650,Microbiology - PC Adjustment,PH211100441379,Microbiology - PC Adjustment,PH211100451675,Microbiology - PC Adjustment,*500302,URITEST 2 (CLED Agar/MacConkey Agar),*500302-URITEST 2 (CLED Agar/MacConkey Agar),DS-*500302, $12 , -   ,,,
49941,BLS,DS,Diagnostic Solutions,DS,Diagnostic Solutions,2111004,Microbiology,PH211100421000,Microbiology - PC Adjustment,PH211100437650,Microbiology - PC Adjustment,PH211100441379,Microbiology - PC Adjustment,PH211100451675,Microbiology - PC Adjustment,*501883,mycology,*501883-mycology,DS-*501883," $1,354 ", -   ,,,
49943,BLS,DS,Diagnostic Solutions,DS,Diagnostic Solutions,2111004,Microbiology,PH211100421000,Microbiology - PC Adjustment,PH211100437650,Microbiology - PC Adjustment,PH211100441379,Microbiology - PC Adjustment,PH211100451675,Microbiology - PC Adjustment,*549995,Legionella selective aga,*549995-Legionella selective aga,DS-*549995, $170 , -   ,,,
49944,BLS,DS,Diagnostic Solutions,DS,Diagnostic Solutions,2111004,Microbiology,PH211100421000,Microbiology - PC Adjustment,PH211100437650,Microbiology - PC Adjustment,PH211100441379,Microbiology - PC Adjustment,PH211100451675,Microbiology - PC Adjustment,*920741,Meropenem-vaborbactam,*920741-Meropenem-vaborbactam,DS-*920741, $58 , -   ,,,
49945,BLS,DS,Diagnostic Solutions,DS,Diagnostic Solutions,2111004,Microbiology,PH211100421000,Microbiology - PC Adjustment,PH211100437650,Microbiology - PC Adjustment,PH211100441379,Microbiology - PC Adjustment,PH211100451675,Microbiology - PC Adjustment,*97802,ONE STEP ROTA-ADENOVIRUS COMBO - 20 card,*97802-ONE STEP ROTA-ADENOVIRUS COMBO - 20 card,DS-*97802," $2,070 ", -   ,,,
49947,BLS,DS,Diagnostic Solutions,DS,Diagnostic Solutions,2111004,Microbiology,PH211100421000,Microbiology - PC Adjustment,PH211100437650,Microbiology - PC Adjustment,PH211100441379,Microbiology - PC Adjustment,PH211100451675,Microbiology - PC Adjustment,*MALDI_SERV,*MALDI_SERV,*MALDI_SERV-*MALDI_SERV,DS-*MALDI_SERV," $150,214 ", -   ,,,
49948,BLS,DS,Diagnostic Solutions,DS,Diagnostic Solutions,2111004,Microbiology,PH211100421000,Microbiology - PC Adjustment,PH211100437650,Microbiology - PC Adjustment,PH211100441379,Microbiology - PC Adjustment,PH211100451675,Microbiology - PC Adjustment,*MALDI_SP,*MALDI_SP,*MALDI_SP-*MALDI_SP,DS-*MALDI_SP," $34,329 ", -   ,,,
49950,BLS,DS,Diagnostic Solutions,DS,Diagnostic Solutions,2111004,Microbiology,PH211100421000,Microbiology - PC Adjustment,PH211100437650,Microbiology - PC Adjustment,PH211100441379,Microbiology - PC Adjustment,PH211100451675,Microbiology - PC Adjustment,*MWMM,Sigma MMTM 1.5ml Liquid,*MWMM-Sigma MMTM 1.5ml Liquid,DS-*MWMM," $3,502 ", -   ,,,
49952,BLS,DS,Diagnostic Solutions,DS,Diagnostic Solutions,2111004,Microbiology,PH211100421000,Microbiology - PC Adjustment,PH211100437650,Microbiology - PC Adjustment,PH211100441379,Microbiology - PC Adjustment,PH211100451675,Microbiology - PC Adjustment,1889166,MBT Mycobacteria IVD Kit,1889166-MBT Mycobacteria IVD Kit,DS-1889166," $11,231 ", 21 ,,,
49954,BLS,DS,Diagnostic Solutions,DS,Diagnostic Solutions,2111004,Microbiology,PH211100421000,Microbiology - PC Adjustment,PH211100437650,Microbiology - PC Adjustment,PH211100441379,Microbiology - PC Adjustment,PH211100451675,Microbiology - PC Adjustment,253142,AC ADAPTER FOR FX40 STARTER KIT JAPAN,253142-AC ADAPTER FOR FX40 STARTER KIT JAPAN,DS-253142, $-   , (100),,,
49955,BLS,DS,Diagnostic Solutions,DS,Diagnostic Solutions,2111004,Microbiology,PH211100421000,Microbiology - PC Adjustment,PH211100437650,Microbiology - PC Adjustment,PH211100441379,Microbiology - PC Adjustment,PH211100451675,Microbiology - PC Adjustment,257847,FLASK EUGONLT100 BROTH 10X250ML,257847-FLASK EUGONLT100 BROTH 10X250ML,DS-257847, $308 , 90 ,,,
49956,BLS,DS,Diagnostic Solutions,DS,Diagnostic Solutions,2111004,Microbiology,PH211100421000,Microbiology - PC Adjustment,PH211100437650,Microbiology - PC Adjustment,PH211100441379,Microbiology - PC Adjustment,PH211100451675,Microbiology - PC Adjustment,257913,ICB270 SNA ICXT Media 90mm,257913-ICB270 SNA ICXT Media 90mm,DS-257913," $36,566 ", 35 ,,,
49957,BLS,DS,Diagnostic Solutions,DS,Diagnostic Solutions,2111004,Microbiology,PH211100421000,Microbiology - PC Adjustment,PH211100437650,Microbiology - PC Adjustment,PH211100441379,Microbiology - PC Adjustment,PH211100451675,Microbiology - PC Adjustment,400041903,BACTEC MGIT 960 Instr - Rental,400041903-BACTEC MGIT 960 Instr - Rental,DS-400041903," $63,943 ", 31 ,,,
49962,BLS,DS,Diagnostic Solutions,DS,Diagnostic Solutions,2111004,Microbiology,PH211100421000,Microbiology - PC Adjustment,PH211100437650,Microbiology - PC Adjustment,PH211100441379,Microbiology - PC Adjustment,PH211100451675,Microbiology - PC Adjustment,430368,UPM 802Va 230V In/Out,430368-UPM 802Va 230V In/Out,DS-430368," $2,438 ", 9 ,,,
49963,BLS,DS,Diagnostic Solutions,DS,Diagnostic Solutions,2111004,Microbiology,PH211100421000,Microbiology - PC Adjustment,PH211100437650,Microbiology - PC Adjustment,PH211100441379,Microbiology - PC Adjustment,PH211100451675,Microbiology - PC Adjustment,430379,MGIT 960 Essent Srvc Contr w/o PM 1st Yr,430379-MGIT 960 Essent Srvc Contr w/o PM 1st Yr,DS-430379," $6,002 ", -   ,,,
49964,BLS,DS,Diagnostic Solutions,DS,Diagnostic Solutions,2111004,Microbiology,PH211100421000,Microbiology - PC Adjustment,PH211100437650,Microbiology - PC Adjustment,PH211100441379,Microbiology - PC Adjustment,PH211100451675,Microbiology - PC Adjustment,430397,NUC/Epi Essential Service Contr - 1st Yr,430397-NUC/Epi Essential Service Contr - 1st Yr,DS-430397, $562 , -   ,,,
49965,BLS,DS,Diagnostic Solutions,DS,Diagnostic Solutions,2111004,Microbiology,PH211100421000,Microbiology - PC Adjustment,PH211100437650,Microbiology - PC Adjustment,PH211100441379,Microbiology - PC Adjustment,PH211100451675,Microbiology - PC Adjustment,4421072,PRINTER HP LASERJET 6L,4421072-PRINTER HP LASERJET 6L,DS-4421072, $-   , 1 ,,,
49966,BLS,DS,Diagnostic Solutions,DS,Diagnostic Solutions,2111004,Microbiology,PH211100421000,Microbiology - PC Adjustment,PH211100437650,Microbiology - PC Adjustment,PH211100441379,Microbiology - PC Adjustment,PH211100451675,Microbiology - PC Adjustment,4421073,CABLE HP PRINTER LASERJET 6L,4421073-CABLE HP PRINTER LASERJET 6L,DS-4421073, $-   , 1 ,,,
49967,BLS,DS,Diagnostic Solutions,DS,Diagnostic Solutions,2111004,Microbiology,PH211100421000,Microbiology - PC Adjustment,PH211100437650,Microbiology - PC Adjustment,PH211100441379,Microbiology - PC Adjustment,PH211100451675,Microbiology - PC Adjustment,444554,DRAWER SLIDES GEN2 MGIT SPARE,444554-DRAWER SLIDES GEN2 MGIT SPARE,DS-444554, $800 , 2 ,,,
49968,BLS,DS,Diagnostic Solutions,DS,Diagnostic Solutions,2111004,Microbiology,PH211100421000,Microbiology - PC Adjustment,PH211100437650,Microbiology - PC Adjustment,PH211100441379,Microbiology - PC Adjustment,PH211100451675,Microbiology - PC Adjustment,444563,FRONT DISPLAY BOARD MOD GEN2 MGIT SPARE,444563-FRONT DISPLAY BOARD MOD GEN2 MGIT SPARE,DS-444563, $914 , 1 ,,,
49969,BLS,DS,Diagnostic Solutions,DS,Diagnostic Solutions,2111004,Microbiology,PH211100421000,Microbiology - PC Adjustment,PH211100437650,Microbiology - PC Adjustment,PH211100441379,Microbiology - PC Adjustment,PH211100451675,Microbiology - PC Adjustment,444880,ALIGNMENT TOOL BFX SPARE,444880-ALIGNMENT TOOL BFX SPARE,DS-444880," $6,490 ", 2 ,,,
49971,BLS,DS,Diagnostic Solutions,DS,Diagnostic Solutions,2111004,Microbiology,PH211100421000,Microbiology - PC Adjustment,PH211100437650,Microbiology - PC Adjustment,PH211100441379,Microbiology - PC Adjustment,PH211100451675,Microbiology - PC Adjustment,445331,POWER SUPPLY FX40 SPARE,445331-POWER SUPPLY FX40 SPARE,DS-445331," $7,932 ", 10 ,,,
49974,BLS,DS,Diagnostic Solutions,DS,Diagnostic Solutions,2111004,Microbiology,PH211100421000,Microbiology - PC Adjustment,PH211100437650,Microbiology - PC Adjustment,PH211100441379,Microbiology - PC Adjustment,PH211100451675,Microbiology - PC Adjustment,930-1162-01,WELDMENT BRKT DTL -01 CTRWT,930-1162-01-WELDMENT BRKT DTL -01 CTRWT,DS-930-1162-01, $137 , 3 ,,,
49975,BLS,DS,Diagnostic Solutions,DS,Diagnostic Solutions,2111004,Microbiology,PH211100421000,Microbiology - PC Adjustment,PH211100437650,Microbiology - PC Adjustment,PH211100441379,Microbiology - PC Adjustment,PH211100451675,Microbiology - PC Adjustment,930-1162-02,WELDMENT BRKT DTL -02 CTRWT,930-1162-02-WELDMENT BRKT DTL -02 CTRWT,DS-930-1162-02, $137 , 1 ,,,
49977,BLS,DS,Diagnostic Solutions,DS,Diagnostic Solutions,2111004,Microbiology,PH211100421000,Microbiology - PC Adjustment,PH211100437650,Microbiology - PC Adjustment,PH211100441379,Microbiology - PC Adjustment,PH211100451675,Microbiology - PC Adjustment,KS-QXJ,CLEANING FLUID,KS-QXJ-CLEANING FLUID,DS-KS-QXJ, $481 , 3 ,,,
50513,BLS,DS,Diagnostic Solutions,DS,Diagnostic Solutions,2111004,Microbiology,PH211100421400,Other Core Micro,PH211100434800,Transport,PH211100441155,UVT,PH211100451270,OEM Swabs,220221,Kit Universal Viral Transport Std Swab,220221-Kit Universal Viral Transport Std Swab,DS-220221," $342,002 "," 249,550 ",,,
51047,BLS,DS,Diagnostic Solutions,DS,Diagnostic Solutions,2111004,Microbiology,PH211100421500,Blood Culture,PH211100437700,BACTEC FXI Incubation Module Instr - Sale,PH211100441380,BACTEC FXI Incubation Module Instr - Sale,PH211100451678,BACTEC FXI Incubation Module Instr - Sale,445350,BACTEC FXI Analyzer Module - Sale,445350-BACTEC FXI Analyzer Module - Sale,DS-445350, $-   , -   ,,,
51048,BLS,DS,Diagnostic Solutions,DS,Diagnostic Solutions,2111004,Microbiology,PH211100421500,Blood Culture,PH211100437800,BACTEC FXI Workflow Module Inst - Sale,PH211100441164,BACTEC FXI Workflow Module Inst - Sale,PH211100451281,BACTEC FXI Workflow Module Inst - Sale,445349,BACTEC FXI Workflow module - Sale,445349-BACTEC FXI Workflow module - Sale,DS-445349, $-   , -   ,,,
51522,BLS,DS,Diagnostic Solutions,DS,Diagnostic Solutions,2111004,Microbiology,PH211100421550,ID/AST,PH211100436100,Misc ID and AST,PH211100441273,Crystal,PH211100451486,Computer/Misc Hdwr,245032,Panel Viewer Europe,245032-Panel Viewer Europe,DS-245032, $-   , 1 ,,,
51523,BLS,DS,Diagnostic Solutions,DS,Diagnostic Solutions,2111004,Microbiology,PH211100421550,ID/AST,PH211100436100,Misc ID and AST,PH211100441273,Crystal,PH211100451488,Crystal Auto Readr-S,245300,Crystal Auto Reader,245300-Crystal Auto Reader,DS-245300, $-   , 1 ,,,
51597,BLS,DS,Diagnostic Solutions,DS,Diagnostic Solutions,2111004,Microbiology,PH211100421550,ID/AST,PH211100436200,BioTyper Reagents/Accessories,PH211100441282,BioTyper Reagents/Accessories,PH211100451508,LT MALDI-TOF Reagents/Access,*89449.230,Organic solvent - conf 250 ml,*89449.230-Organic solvent - conf 250 ml,DS-*89449.230, $186 , -   ,,,
51604,BLS,DS,Diagnostic Solutions,DS,Diagnostic Solutions,2111004,Microbiology,PH211100421550,ID/AST,PH211100436200,BioTyper Reagents/Accessories,PH211100441282,BioTyper Reagents/Accessories,PH211100451508,LT MALDI-TOF Reagents/Access,1836006,IVD MBT Pilot System,1836006-IVD MBT Pilot System,DS-1836006, $-   , 1 ,,,
51619,BLS,DS,Diagnostic Solutions,DS,Diagnostic Solutions,2111004,Microbiology,PH211100421550,ID/AST,PH211100436200,BioTyper Reagents/Accessories,PH211100441282,BioTyper Reagents/Accessories,PH211100451508,LT MALDI-TOF Reagents/Access,1872847,MBT FAST Shuttle,1872847-MBT FAST Shuttle,DS-1872847," $3,081 ", 2 ,,,
51620,BLS,DS,Diagnostic Solutions,DS,Diagnostic Solutions,2111004,Microbiology,PH211100421550,ID/AST,PH211100436200,BioTyper Reagents/Accessories,PH211100441282,BioTyper Reagents/Accessories,PH211100451508,LT MALDI-TOF Reagents/Access,1877017,MBT Compass HT IVD,1877017-MBT Compass HT IVD,DS-1877017, $(576), -   ,,,
51641,BLS,DS,Diagnostic Solutions,DS,Diagnostic Solutions,2111004,Microbiology,PH211100421550,ID/AST,PH211100436200,BioTyper Reagents/Accessories,PH211100441282,BioTyper Reagents/Accessories,PH211100451508,LT MALDI-TOF Reagents/Access,8604532,Us Ivd 48 Spot Target,8604532-Us Ivd 48 Spot Target,DS-8604532," $2,638 ", 4 ,,,
51644,BLS,DS,Diagnostic Solutions,DS,Diagnostic Solutions,2111004,Microbiology,PH211100421550,ID/AST,PH211100436200,BioTyper Reagents/Accessories,PH211100441282,BioTyper Reagents/Accessories,PH211100451508,LT MALDI-TOF Reagents/Access,R4-506-050,2-channel Reservoirs,R4-506-050-2-channel Reservoirs,DS-R4-506-050, $125 , 6 ,,,
51645,BLS,DS,Diagnostic Solutions,DS,Diagnostic Solutions,2111004,Microbiology,PH211100421550,ID/AST,PH211100436200,BioTyper Reagents/Accessories,PH211100441282,BioTyper Reagents/Accessories,PH211100451508,LT MALDI-TOF Reagents/Access,UM-BOX-COL,UMIC Box Colistin,UM-BOX-COL-UMIC Box Colistin,DS-UM-BOX-COL, $53 , 1 ,,,
51646,BLS,DS,Diagnostic Solutions,DS,Diagnostic Solutions,2111004,Microbiology,PH211100421550,ID/AST,PH211100436200,BioTyper Reagents/Accessories,PH211100441282,BioTyper Reagents/Accessories,PH211100451508,LT MALDI-TOF Reagents/Access,UM-COL-040,UMIC Colistin,UM-COL-040-UMIC Colistin,DS-UM-COL-040," $6,357 ", 25 ,,,
51647,BLS,DS,Diagnostic Solutions,DS,Diagnostic Solutions,2111004,Microbiology,PH211100421550,ID/AST,PH211100436200,BioTyper Reagents/Accessories,PH211100441282,BioTyper Reagents/Accessories,PH211100451508,LT MALDI-TOF Reagents/Access,UM-MH-020,Mueller Hinton II,UM-MH-020-Mueller Hinton II,DS-UM-MH-020," $1,906 ", 140 ,,,
51737,BLS,DS,Diagnostic Solutions,DS,Diagnostic Solutions,2111004,Microbiology,PH211100421650,Other Microbiology,PH211100436700,All Other Microbiology,PH211100441304,Lactinex,PH211100451547,Lactinex,236712,Envelope Lactinex Granules 12 Ea,236712-Envelope Lactinex Granules 12 Ea,DS-236712," $(4,311)"," (3,456)",,,
51738,BLS,DS,Diagnostic Solutions,DS,Diagnostic Solutions,2111004,Microbiology,PH211100421650,Other Microbiology,PH211100436700,All Other Microbiology,PH211100441304,Lactinex,PH211100451547,Lactinex,236850,Bottle Lactinex Tabletss 50 Ea,236850-Bottle Lactinex Tabletss 50 Ea,DS-236850," $(7,223)", (576),,,
51805,BLS,DS,Diagnostic Solutions,DS,Diagnostic Solutions,2111004,Microbiology,PH211100421700,Industrial Microbiology,PH211100436800,Plated Media - Industrial,PH211100441160,IC-XT,PH211100451276,ISOLATOR PACK,215451,Transporter ICXT TSA 100mmLL 30ml,215451-Transporter ICXT TSA 100mmLL 30ml,DS-215451," $8,607 ", 500 ,,,
52762,BLS,DS,Diagnostic Solutions,DS,Diagnostic Solutions,2111004,Microbiology,PH211100421700,Industrial Microbiology,PH211100437000,Misc Industrial Microbiology,PH211100441343,Ind Service/Training,PH211100451618,IND SERVICE/TRAINING,*INDUSTSERV,INDUSTRIAL SERVICES,*INDUSTSERV-INDUSTRIAL SERVICES,DS-*INDUSTSERV," $25,464 ", -   ,,,
53011,BLS,DS,Diagnostic Solutions,DS,Diagnostic Solutions,2111005,Service,PH211100521000,Service excl. Lab Automation,PH211100531150,Service Time & Materials,PH211100541007,Service Spare Parts,PH211100551018,BD COR Service,444069,CONTROLLER UPC SPARE,444069-CONTROLLER UPC SPARE,DS-444069, $-   , 2 ,,,
53513,BLS,DS,Diagnostic Solutions,DS,Diagnostic Solutions,2111005,Service,PH211100521000,Service excl. Lab Automation,PH211100531450,Professional Technical Services,PH211100541014,Service Labor,PH211100551053,Informatics Services,430268,Informatics Network Reconfiguration,430268-Informatics Network Reconfiguration,DS-430268," $16,344 ", 3 ,,,
53661,BLS,DS,Diagnostic Solutions,DS,Diagnostic Solutions,2111006,Informatics,PH211100621000,Informatics,PH211100436600,Epicenter,PH211100441290,Epicenter Hardware,PH211100451521,Epicenter Hardware,256628,STARTERGROUP EUROPEAN EPICENTER,256628-STARTERGROUP EUROPEAN EPICENTER,DS-256628, $-   , 31 ,,,
53662,BLS,DS,Diagnostic Solutions,DS,Diagnostic Solutions,2111006,Informatics,PH211100621000,Informatics,PH211100436600,Epicenter,PH211100441290,Epicenter Hardware,PH211100451521,Epicenter Hardware,256642,256642,256642-256642,DS-256642, $-   , 1 ,,,
53663,BLS,DS,Diagnostic Solutions,DS,Diagnostic Solutions,2111006,Informatics,PH211100621000,Informatics,PH211100436600,Epicenter,PH211100441290,Epicenter Hardware,PH211100451521,Epicenter Hardware,256644,Epicenter Workstation Europe,256644-Epicenter Workstation Europe,DS-256644, $-   , 56 ,,,
53664,BLS,DS,Diagnostic Solutions,DS,Diagnostic Solutions,2111006,Informatics,PH211100621000,Informatics,PH211100436600,Epicenter,PH211100441290,Epicenter Hardware,PH211100451521,Epicenter Hardware,257287,EPICENTER V4 UPGRADE KIT FOR DELL 220,257287-EPICENTER V4 UPGRADE KIT FOR DELL 220,DS-257287, $-   , 1 ,,,
53665,BLS,DS,Diagnostic Solutions,DS,Diagnostic Solutions,2111006,Informatics,PH211100621000,Informatics,PH211100436600,Epicenter,PH211100441290,Epicenter Hardware,PH211100451521,Epicenter Hardware,257334,STARTER GROUP EPICENTER CLIENT EUROPE,257334-STARTER GROUP EPICENTER CLIENT EUROPE,DS-257334, $-   , 6 ,,,
53671,BLS,DS,Diagnostic Solutions,DS,Diagnostic Solutions,2111006,Informatics,PH211100621000,Informatics,PH211100436600,Epicenter,PH211100441290,Epicenter Hardware,PH211100451521,Epicenter Hardware,257742,INSTALL KIT RSS EU,257742-INSTALL KIT RSS EU,DS-257742, $-   , 8 ,,,
53673,BLS,DS,Diagnostic Solutions,DS,Diagnostic Solutions,2111006,Informatics,PH211100621000,Informatics,PH211100436600,Epicenter,PH211100441290,Epicenter Hardware,PH211100451521,Epicenter Hardware,430085,Patch cord NXT Cat6 3.0m/10 Ft UTP RJ45,430085-Patch cord NXT Cat6 3.0m/10 Ft UTP RJ45,DS-430085, $0 , -   ,,,
53674,BLS,DS,Diagnostic Solutions,DS,Diagnostic Solutions,2111006,Informatics,PH211100621000,Informatics,PH211100436600,Epicenter,PH211100441290,Epicenter Hardware,PH211100451521,Epicenter Hardware,430086,Switch Negear de 8 puertos,430086-Switch Negear de 8 puertos,DS-430086, $6 , -   ,,,
53675,BLS,DS,Diagnostic Solutions,DS,Diagnostic Solutions,2111006,Informatics,PH211100621000,Informatics,PH211100436600,Epicenter,PH211100441290,Epicenter Hardware,PH211100451521,Epicenter Hardware,430087,DVD-R 16x Ver Camp 50pz 97176 verbatim,430087-DVD-R 16x Ver Camp 50pz 97176 verbatim,DS-430087, $1 , -   ,,,
53676,BLS,DS,Diagnostic Solutions,DS,Diagnostic Solutions,2111006,Informatics,PH211100621000,Informatics,PH211100436600,Epicenter,PH211100441290,Epicenter Hardware,PH211100451521,Epicenter Hardware,430088,Lect cod barra ecl ec-ls 9620-usb 25 mm,430088-Lect cod barra ecl ec-ls 9620-usb 25 mm,DS-430088, $4 , -   ,,,
53677,BLS,DS,Diagnostic Solutions,DS,Diagnostic Solutions,2111006,Informatics,PH211100621000,Informatics,PH211100436600,Epicenter,PH211100441290,Epicenter Hardware,PH211100451521,Epicenter Hardware,430089,Belkin - Supresor de picos con 12 salida,430089-Belkin - Supresor de picos con 12 salida,DS-430089, $5 , -   ,,,
53678,BLS,DS,Diagnostic Solutions,DS,Diagnostic Solutions,2111006,Informatics,PH211100621000,Informatics,PH211100436600,Epicenter,PH211100441290,Epicenter Hardware,PH211100451521,Epicenter Hardware,430090,Bolsa de 100 cinchos sujetacables cortos,430090-Bolsa de 100 cinchos sujetacables cortos,DS-430090, $0 , -   ,,,
53680,BLS,DS,Diagnostic Solutions,DS,Diagnostic Solutions,2111006,Informatics,PH211100621000,Informatics,PH211100436600,Epicenter,PH211100441290,Epicenter Hardware,PH211100451521,Epicenter Hardware,440046,SWITCH MICRO 8 PORT SPARE,440046-SWITCH MICRO 8 PORT SPARE,DS-440046, $260 , 2 ,,,
53681,BLS,DS,Diagnostic Solutions,DS,Diagnostic Solutions,2111006,Informatics,PH211100621000,Informatics,PH211100436600,Epicenter,PH211100441290,Epicenter Hardware,PH211100451521,Epicenter Hardware,440250,BD EPICENTER CLIENT,440250-BD EPICENTER CLIENT,DS-440250, $(89), -   ,,,
53683,BLS,DS,Diagnostic Solutions,DS,Diagnostic Solutions,2111006,Informatics,PH211100621000,Informatics,PH211100436600,Epicenter,PH211100441290,Epicenter Hardware,PH211100451521,Epicenter Hardware,441014,Printer Color,441014-Printer Color,DS-441014, $-   , 2 ,,,
53685,BLS,DS,Diagnostic Solutions,DS,Diagnostic Solutions,2111006,Informatics,PH211100621000,Informatics,PH211100436600,Epicenter,PH211100441290,Epicenter Hardware,PH211100451521,Epicenter Hardware,441116,KEY SECURITY USB EPICENTER,441116-KEY SECURITY USB EPICENTER,DS-441116, $379 , 1 ,,,
53689,BLS,DS,Diagnostic Solutions,DS,Diagnostic Solutions,2111006,Informatics,PH211100621000,Informatics,PH211100436600,Epicenter,PH211100441290,Epicenter Hardware,PH211100451521,Epicenter Hardware,441407,Printer Laser With Cable,441407-Printer Laser With Cable,DS-441407, $-   , 3 ,,,
53706,BLS,DS,Diagnostic Solutions,DS,Diagnostic Solutions,2111006,Informatics,PH211100621000,Informatics,PH211100436600,Epicenter,PH211100441290,Epicenter Hardware,PH211100451521,Epicenter Hardware,445410,NUC Generic Config,445410-NUC Generic Config,DS-445410," $21,257 ", 18 ,,,
53714,BLS,DS,Diagnostic Solutions,DS,Diagnostic Solutions,2111006,Informatics,PH211100621000,Informatics,PH211100436600,Epicenter,PH211100441290,Epicenter Hardware,PH211100451521,Epicenter Hardware,XSQ-ZTJ,Epicenter monitor,XSQ-ZTJ-Epicenter monitor,DS-XSQ-ZTJ," $6,087 ", 41 ,,,
53746,BLS,DS,Diagnostic Solutions,DS,Diagnostic Solutions,2111006,Informatics,PH211100621000,Informatics,PH211100436650,Other Informatics,PH211100441296,DMS (Japan),PH211100451534,DMS (Japan),252062,SET DMS PC MEASURE 2 JAPAN,252062-SET DMS PC MEASURE 2 JAPAN,DS-252062, $484 , 2 ,,,
53747,BLS,DS,Diagnostic Solutions,DS,Diagnostic Solutions,2111006,Informatics,PH211100621000,Informatics,PH211100436650,Other Informatics,PH211100441296,DMS (Japan),PH211100451534,DMS (Japan),252065,PRINTER COLOR LASER DMS JAPAN,252065-PRINTER COLOR LASER DMS JAPAN,DS-252065," $14,014 ", 6 ,,,
53752,BLS,DS,Diagnostic Solutions,DS,Diagnostic Solutions,2111006,Informatics,PH211100621000,Informatics,PH211100436650,Other Informatics,PH211100441296,DMS (Japan),PH211100451534,DMS (Japan),440183,MDMS Plan A,440183-MDMS Plan A,DS-440183, $182 , -   ,,,
53753,BLS,DS,Diagnostic Solutions,DS,Diagnostic Solutions,2111006,Informatics,PH211100621000,Informatics,PH211100436650,Other Informatics,PH211100441296,DMS (Japan),PH211100451534,DMS (Japan),440184,MDMS Plan B,440184-MDMS Plan B,DS-440184, $(239), -   ,,,
53774,BLS,DS,Diagnostic Solutions,DS,Diagnostic Solutions,2111006,Informatics,PH211100621000,Informatics,PH211100631000,Synapsys,PH211100641003,Synapsys Hardware,PH211100651003,Synapsys Hardware,444879,NUC GENERIC COMPUTER OP SYSTEM,444879-NUC GENERIC COMPUTER OP SYSTEM,DS-444879, $-   , 1 ,,,
53809,BLS,DS,Diagnostic Solutions,DS,Diagnostic Solutions,2111009,Corporate Initiatives DS,PH211100921000,Corp InitiativesDS - PC Adjustment,PH211100931000,Corp InitiativesDS - PC Adjustment NONCATALOG,PH211100941000,Corp InitiativesDS - PC Adjustment,PH211100951000,Corp InitiativesDS - PC Adjustment,DUMMYSKU016_DS,PC Adjustment - 2111009 Corp Initiatives DS,DUMMYSKU016_DS-PC Adjustment - 2111009 Corp Initiatives DS,DS-DUMMYSKU016_DS," $45,880 ", -   ,,,
53827,BLS,DS,Diagnostic Solutions,DS,Diagnostic Solutions,2111460,Lab Automation,PH211146021100,Lab Automation,PH211146031100,All Other Lab Automation Instruments,PH211146041007,Other Instr- Sale,PH211146051014,Other Instr- Sale,250063,READING WORKSTATION,250063-READING WORKSTATION,DS-250063," $1,079 ", 1 ,,,
53828,BLS,DS,Diagnostic Solutions,DS,Diagnostic Solutions,2111460,Lab Automation,PH211146021100,Lab Automation,PH211146031100,All Other Lab Automation Instruments,PH211146041007,Other Instr- Sale,PH211146051014,Other Instr- Sale,250064,DISPLAY FOR READING WORKSTATION,250064-DISPLAY FOR READING WORKSTATION,DS-250064, $406 , 1 ,,,
53829,BLS,DS,Diagnostic Solutions,DS,Diagnostic Solutions,2111460,Lab Automation,PH211146021100,Lab Automation,PH211146031100,All Other Lab Automation Instruments,PH211146041007,Other Instr- Sale,PH211146051014,Other Instr- Sale,250065,KIESTRA LABEL PRINTER,250065-KIESTRA LABEL PRINTER,DS-250065, $602 , 1 ,,,
53830,BLS,DS,Diagnostic Solutions,DS,Diagnostic Solutions,2111460,Lab Automation,PH211146021100,Lab Automation,PH211146031100,All Other Lab Automation Instruments,PH211146041007,Other Instr- Sale,PH211146051014,Other Instr- Sale,250066,2D BARCODE SCANNER,250066-2D BARCODE SCANNER,DS-250066, $170 , 1 ,,,
53831,BLS,DS,Diagnostic Solutions,DS,Diagnostic Solutions,2111460,Lab Automation,PH211146021100,Lab Automation,PH211146031100,All Other Lab Automation Instruments,PH211146041007,Other Instr- Sale,PH211146051014,Other Instr- Sale,252430,TRNSFORMER AK6K KIESTRA,252430-TRNSFORMER AK6K KIESTRA,DS-252430, $883 , 1 ,,,
53832,BLS,DS,Diagnostic Solutions,DS,Diagnostic Solutions,2111460,Lab Automation,PH211146021100,Lab Automation,PH211146031100,All Other Lab Automation Instruments,PH211146041007,Other Instr- Sale,PH211146051014,Other Instr- Sale,252982,Kiestra AIR COMPRESSOR TANK,252982-Kiestra AIR COMPRESSOR TANK,DS-252982," $1,331 ", 1 ,,,
53833,BLS,DS,Diagnostic Solutions,DS,Diagnostic Solutions,2111460,Lab Automation,PH211146021100,Lab Automation,PH211146031100,All Other Lab Automation Instruments,PH211146041007,Other Instr- Sale,PH211146051014,Other Instr- Sale,252983,Kiestra Compressor for 50hz,252983-Kiestra Compressor for 50hz,DS-252983," $6,655 ", 1 ,,,
53837,BLS,DS,Diagnostic Solutions,DS,Diagnostic Solutions,2111460,Lab Automation,PH211146021100,Lab Automation,PH211146031100,All Other Lab Automation Instruments,PH211146041007,Other Instr- Sale,PH211146051014,Other Instr- Sale,446006,MAIN CABINET FAN FILTER,446006-MAIN CABINET FAN FILTER,DS-446006, $33 , 1 ,,,
53843,BLS,DS,Diagnostic Solutions,DS,Diagnostic Solutions,2111460,Lab Automation,PH211146021100,Lab Automation,PH211146031100,All Other Lab Automation Instruments,PH211146041007,Other Instr- Sale,PH211146051014,Other Instr- Sale,446111,ZEBRA PRINTER,446111-ZEBRA PRINTER,DS-446111, $-   , 1 ,,,
53847,BLS,DS,Diagnostic Solutions,DS,Diagnostic Solutions,2111460,Lab Automation,PH211146021100,Lab Automation,PH211146031100,All Other Lab Automation Instruments,PH211146041007,Other Instr- Sale,PH211146051014,Other Instr- Sale,446778,Bd Kiestra System Control Unit,446778-Bd Kiestra System Control Unit,DS-446778," $5,483 ", -   ,,,
53870,BLS,DS,Diagnostic Solutions,DS,Diagnostic Solutions,2111460,Lab Automation,PH211146021100,Lab Automation,PH211146031100,All Other Lab Automation Instruments,PH211146041007,Other Instr- Sale,PH211146051014,Other Instr- Sale,447204,Instrument BD Kiestra InoqulA WCA,447204-Instrument BD Kiestra InoqulA WCA,DS-447204," $4,589 ", -   ,,,
53873,BLS,DS,Diagnostic Solutions,DS,Diagnostic Solutions,2111460,Lab Automation,PH211146021100,Lab Automation,PH211146031100,All Other Lab Automation Instruments,PH211146041007,Other Instr- Sale,PH211146051014,Other Instr- Sale,447211,TLA SorterA TLA 24-6,447211-TLA SorterA TLA 24-6,DS-447211, $298 , -   ,,,
53885,BLS,DS,Diagnostic Solutions,DS,Diagnostic Solutions,2111460,Lab Automation,PH211146021100,Lab Automation,PH211146031100,All Other Lab Automation Instruments,PH211146041007,Other Instr- Sale,PH211146051014,Other Instr- Sale,447290,EnsurA Cabinet InoqulA,447290-EnsurA Cabinet InoqulA,DS-447290, $-   , 2 ,,,
53893,BLS,DS,Diagnostic Solutions,DS,Diagnostic Solutions,2111460,Lab Automation,PH211146021100,Lab Automation,PH211146031100,All Other Lab Automation Instruments,PH211146041007,Other Instr- Sale,PH211146051014,Other Instr- Sale,447306,Vision Toolbox Package,447306-Vision Toolbox Package,DS-447306, $199 , -   ,,,
53958,BLS,DS,Diagnostic Solutions,DS,Diagnostic Solutions,2111460,Lab Automation,PH211146021100,Lab Automation,PH211146031500,TLA Instr - Plcmt,PH211146041024,TLA Instrument - Plcmt,PH211146051047,TLA Instrument - Plcmt,*RENTLA,LA RENT,*RENTLA-LA RENT,DS-*RENTLA," $(2,811,625)", -   ,,,
54080,BLS,DS,Diagnostic Solutions,DS,Diagnostic Solutions,2118000,Cancer,PH211800021000,Cytology,PH211800031150,All Other Instruments,PH211800041009,FocalPoint Instrument Accessories,PH211800051017,FocalPoint Instrument Accessories Adjustment,NIKON-CI-L,NIKON CI-L Microscope,NIKON-CI-L-NIKON CI-L Microscope,DS-NIKON-CI-L, $-   , 1 ,,,
54200,BLS,DS,Diagnostic Solutions,DS,Diagnostic Solutions,2118000,Cancer,PH211800021000,Cytology,PH211800031250,SurePath LBC Reagents,PH211800041027,Liquid Based Cytology Other Adjustment,PH211800051048,Liquid Based Cytology Other Adjustment,PL_667_118,ProEx C Reagents Adjustment,PL_667_118-ProEx C Reagents Adjustment,DS-PL_667_118," $1,019 ", -   ,,,
54269,BLS,DS,Diagnostic Solutions,DS,Diagnostic Solutions,2211005,Diagnostic Solutions Other,PH221100521750,Diagnostic Systems Other,PH221100537200,Diagnostic Systems Other,PH221100541358,BD Professional Services,PH221100551642,Implementation Services,*IDSPROFS01,BD Professional Services - Project management services,*IDSPROFS01-BD Professional Services - Project management services,DS-*IDSPROFS01," $93,247 ", -   ,,,
54279,BLS,DS,Diagnostic Solutions,DS,Diagnostic Solutions,2211005,Diagnostic Solutions Other,PH221100521800,Diagnostic Systems Other - PC Adjustment,PH221100537250,Diagnostic Systems Other - PC Adjustment,PH221100541356,Diagnostic Systems Other - PC Adjustment,PH221100551639,Diagnostic Systems Other - PC Adjustment,DUMMYSKU042_IDS,PC Adjustment - 2211005 Diagnostic Systems Other,DUMMYSKU042_IDS-PC Adjustment - 2211005 Diagnostic Systems Other,DS-DUMMYSKU042_IDS," $153,149 ", -   ,,,
54284,BLS,SM,Specimen Management,SM,Specimen Management,2109000,SM Direct Non-Allocated,PH210900021000,DO NOT USE - SM Placeholder for data entry error,SM_UNKNOWN_PRODUCT,SM Unknown Products,SM_UNKNOWN_PRODUCT_PS,SM Unknown Products,SM_UNKNOWN_PRODUCT_PSS,SM Unknown Products,SMUNKNOWNPRODUCT,Unknown Product in BPC,SMUNKNOWNPRODUCT-Unknown Product in BPC,SM-SMUNKNOWNPRODUCT," $(61,715)", -   ,,,
54293,BLS,SM,Specimen Management,SM,Specimen Management,2109001,Lab Specimen Management,PH210900121000,Microtainer,PH210900131150,Capillary Microtainer,PH210900141006,MICROTAINER MBT,PH210900151006,MICROTAINER MBT,365958,TUBE MICROTAINER PST MTGN,365958-TUBE MICROTAINER PST MTGN,SM-365958," $7,096 ", -   ,,,
54340,BLS,SM,Specimen Management,SM,Specimen Management,2109001,Lab Specimen Management,PH210900121150,Tubes - Chemistry,PH210900131750,GT SST,PH210900141056,GT SST - Adjustment,PH210900151056,GT SST - Adjustment,PC_10406,GT SST Profit Center,PC_10406-GT SST Profit Center,SM-PC_10406," $(25,387)", -   ,,,
54341,BLS,SM,Specimen Management,SM,Specimen Management,2109001,Lab Specimen Management,PH210900121150,Tubes - Chemistry,PH210900131750,GT SST,PH210900141056,GT SST - Adjustment,PH210900151056,GT SST - Adjustment,PL_406_206,GT SST Adjustment,PL_406_206-GT SST Adjustment,SM-PL_406_206," $25,387 ", -   ,,,
54573,BLS,SM,Specimen Management,SM,Specimen Management,2109001,Lab Specimen Management,PH210900121300,Tubes - Coagulation,PH210900131400,GT Citrate,PH210900141026,CITRATE GLASS CONV,PH210900151026,CITRATE GLASS CONV,366392,TUBE CIT GC 10.25X47 1.8 PLBL L/BL .105,366392-TUBE CIT GC 10.25X47 1.8 PLBL L/BL .105,SM-366392, $122 , -   ,,,
55878,BLS,SM,Specimen Management,SM,Specimen Management,2109003,Specimen Management Other,PH210900321400,Specimen Management Other,PH210900333300,Specimen Management Other,PH210900341162,All Other PAS,PH210900351175,All Other PAS,*HAPC SM,Misc Sales HAPC SM,*HAPC SM-Misc Sales HAPC SM,SM-*HAPC SM," $(8,212)", -   ,,,
55882,BLS,SM,Specimen Management,SM,Specimen Management,2109003,Specimen Management Other,PH210900321400,Specimen Management Other,PH210900333300,Specimen Management Other,PH210900341162,All Other PAS,PH210900351175,All Other PAS,400002221,DAMAGED PRODUCT PAS,400002221-DAMAGED PRODUCT PAS,SM-400002221, $-   , -   ,,,
55885,BLS,SM,Specimen Management,SM,Specimen Management,2109003,Specimen Management Other,PH210900321400,Specimen Management Other,PH210900333300,Specimen Management Other,PH210900341162,All Other PAS,PH210900351175,All Other PAS,400005061,Temperature Loggers PAS,400005061-Temperature Loggers PAS,SM-400005061," $2,160 ", 33 ,,,
55886,BLS,SM,Specimen Management,SM,Specimen Management,2109003,Specimen Management Other,PH210900321400,Specimen Management Other,PH210900333300,Specimen Management Other,PH210900341162,All Other PAS,PH210900351175,All Other PAS,400005062,HANDLING AND FORWARDING VACUTAINER,400005062-HANDLING AND FORWARDING VACUTAINER,SM-400005062, $500 , 2 ,,,
55892,BLS,SM,Specimen Management,SM,Specimen Management,2109003,Specimen Management Other,PH210900321400,Specimen Management Other,PH210900333300,Specimen Management Other,PH210900341162,All Other PAS,PH210900351175,All Other PAS,400026583,HENM LABELER MACHINE 140,400026583-HENM LABELER MACHINE 140,SM-400026583," $11,232 ", 1 ,,,
55949,BLS,SM,Specimen Management,SM,Specimen Management,2109003,Specimen Management Other,PH210900321400,Specimen Management Other,PH210900333300,Specimen Management Other,PH210900341206,BD Professional Services,PH210900351221,Education Services,*LCS_SV0014,BD Best Practices Training - Lite,*LCS_SV0014-BD Best Practices Training - Lite,SM-*LCS_SV0014, $603 , -   ,,,
55966,BLS,SM,Specimen Management,SM,Specimen Management,2109003,Specimen Management Other,PH210900321600,Specimen Management Other - PC Adjustment,PH210900333600,Specimen Management Other - PC Adjustment  NONCATALOG,PH210900341205,Specimen Management Other - PC Adjustment  NONCATALOG,PH210900351218,Specimen Management Other - PC Adjustment  NONCATALOG,DUMMYSKU045_IDS,PC Adjustment  NONCATALOG - 2109003 Specimen Management Othe,DUMMYSKU045_IDS-PC Adjustment  NONCATALOG - 2109003 Specimen Management Othe,SM-DUMMYSKU045_IDS," $114,862 ", -   ,,,
55992,BLS,SM,Specimen Management,SM,Specimen Management,2109004,Specimen Acquisition,PH210900421650,Devices,PH210900433650,Multi Sample Luer Adaptor,PH210900441211,INTERLINK BCA,PH210900451224,INTERLINK BCA,303380,Specimen Coll Assy Blunt Plst Cannula,303380-Specimen Coll Assy Blunt Plst Cannula,SM-303380, $608 , -   ,,,
56061,BLS,SM,Specimen Management,SM,Specimen Management,2109004,Specimen Acquisition,PH210900421950,Wingsets,PH210900434700,Conventional Wingsets,PH210900441263,Conventional Wingsets - Adjustment,PH210900451281,Conventional Wingsets - Adjustment,PL_424_208,Conventional Wingsets Adjustment,PL_424_208-Conventional Wingsets Adjustment,SM-PL_424_208," $(125,003)", -   ,,,
56138,BLS,SM,Specimen Management,SM,Specimen Management,2109005,Emerging Specimen Management,PH210900521050,MiniDraw,PH210900531050,MiniDraw,PH210900541003,MiniDraw,PH210900551003,MiniDraw,366618,"TOOL, CAP REMOVAL","366618-TOOL, CAP REMOVAL",SM-366618, $-   , 1 ,,,
56142,BLS,SM,Specimen Management,SM,Specimen Management,2400010,Corporate Initiatives SM,PH240001021000,Corp InitiativesSM - PC Adjustment,PH240001031000,Corp InitiativesSM - PC Adjustment NONCATALOG,PH240001041000,Corp InitiativesSM - PC Adjustment,PH240001051000,Corp InitiativesSM - PC Adjustment,DUMMYSKU001_SM,PC Adjustment - 2400010 Corp Initiatives SM,DUMMYSKU001_SM-PC Adjustment - 2400010 Corp Initiatives SM,SM-DUMMYSKU001_SM," $4,936 ", -   ,,,
56147,NBU,NBU,Total Non Business,NBU,Total Non Business,2632003,Berra - NonBusiness,PH263200321000,Berra NonBusiness - PC Adjustment,PH263200331000,Berra NonBusiness - PC Adjustment,PH263200341000,Berra NonBusiness - PC Adjustment,PH263200351000,Berra NonBusiness - PC Adjustment,PL_090_926,Berra - NonBusiness Adjustment,PL_090_926-Berra - NonBusiness Adjustment,NBU-PL_090_926," $(27,770)", -   ,,,
56162,,,,,,,,,,,,,,,,nan,,,,,,,,
56163,,,,,,,,,,,,,,,,nan,,,," $21,736,360,613 "," 34,962,691,732 ",,,
